Date,Current_Close,Future_Date,Actual_Return,Predicted_Return,Actual_Future_Price,Predicted_Future_Price
2022-03-17,133.356,2022-04-18,-0.0460496715558353,0.007437464098553267,127.215,134.34783046232667
2022-03-18,135.635,2022-04-18,-0.062078372101596,0.007938764657221898,127.215,136.7117743442823
2022-03-21,135.611,2022-04-20,-0.0592356077309361,0.007495038051610029,127.578,136.62740960521688
2022-03-22,139.363,2022-04-21,-0.1076325854064564,0.011056254581666647,124.363,140.9038328072648
2022-03-23,137.776,2022-04-22,-0.1347985135292069,0.00737120818532898,119.204,138.7915755789419
2022-03-24,141.061,2022-04-25,-0.1306668746145285,0.009760818055229712,122.629,142.43787075568878
2022-03-25,141.161,2022-04-25,-0.1312827197313705,0.012070789613803068,122.629,142.86492473267404
2022-03-28,140.945,2022-04-27,-0.1920181631132711,0.010959992122213191,113.881,142.48975608966532
2022-03-29,141.991,2022-04-28,-0.1682993992576995,0.011097363263698734,118.094,143.56672570717586
2022-03-30,141.425,2022-04-29,-0.1960544458193389,0.00897223308503861,113.698,142.69389806405158
2022-03-31,138.566,2022-05-02,-0.1616846845546526,0.007785785462197049,116.162,139.6448451483548
2022-04-01,139.644,2022-05-02,-0.168156168542866,0.007443210860980423,116.162,140.68339973747075
2022-04-04,142.456,2022-05-04,-0.1448657831189981,0.01377132379688207,121.819,144.41780770280863
2022-04-05,140.083,2022-05-05,-0.1713127217435378,0.011981719718120025,116.085,141.7614352432734
2022-04-06,136.054,2022-05-06,-0.1523365722433739,0.009985439414722323,115.328,137.41255897413063
2022-04-07,135.397,2022-05-09,-0.172027445216659,0.010551600446067738,112.105,136.82565504559622
2022-04-08,132.807,2022-05-09,-0.1558803376328054,0.008511459484048772,112.105,133.93738139969804
2022-04-11,128.358,2022-05-11,-0.1181539132738124,0.009758701818475955,113.192,129.61060744801594
2022-04-12,127.253,2022-05-12,-0.1164294751400752,0.009423716895828655,112.437,128.4521962461449
2022-04-13,129.425,2022-05-13,-0.1065790998647866,0.029630784850007627,115.631,133.25996432921227
2022-04-14,126.272,2022-05-16,-0.0969336036492651,0.0203012362295817,114.032,128.83547770118176
2022-04-18,127.215,2022-05-18,-0.1235703336870651,0.022837972381611824,111.495,130.12033265652676
2022-04-19,129.54,2022-05-19,-0.1509572332870155,0.01885747878294426,109.985,131.9827978015426
2022-04-20,127.578,2022-05-20,-0.149422314192102,0.03030661120355598,108.515,131.44445684412727
2022-04-21,124.363,2022-05-23,-0.106768090187596,0.02213247589315286,111.085,127.11546109950018
2022-04-22,119.204,2022-05-23,-0.0681101305325324,0.010972344107918319,111.085,120.51194730704029
2022-04-25,122.629,2022-05-25,-0.1403093884807019,0.007318965725466168,105.423,123.5265174479482
2022-04-26,118.222,2022-05-26,-0.0915227284261811,-0.008612926308407478,107.402,117.20376262596744
2022-04-27,113.881,2022-05-27,-0.0173075403271836,-0.041153740725958995,111.91,109.19437085238707
2022-04-28,118.094,2022-05-31,-0.0401629210628821,-0.006280234871326771,113.351,117.35234194310553
2022-04-29,113.698,2022-05-31,-0.0030519446252351,-0.057225483472543553,113.351,107.19157698013873
2022-05-02,116.162,2022-06-01,-0.0230884454468759,-0.051382569842150345,113.48,110.19329792199613
2022-05-03,116.91,2022-06-02,0.0024548798220853,-0.0453881082484144,117.197,111.60367626467786
2022-05-04,121.819,2022-06-03,-0.0631428594882572,0.005067253933634669,114.127,122.43628780694145
2022-05-05,116.085,2022-06-06,0.0026963001249085,-0.014165166176751768,116.398,114.44063668437177
2022-05-06,115.328,2022-06-06,0.0092778856825748,-0.0351538135179037,116.398,111.27378099460721
2022-05-09,112.105,2022-06-08,0.0416216939476383,-0.04654125684430484,116.771,106.8874924014692
2022-05-10,113.982,2022-06-09,0.0038514853222439,0.0004896496256277826,114.421,114.0378112436283
2022-05-11,113.192,2022-06-10,-0.0214767828115061,0.00046155411313392495,110.761,113.24424423317384
2022-05-12,112.437,2022-06-13,-0.0571786867312361,-0.007398945837880215,106.008,111.60508472682625
2022-05-13,115.631,2022-06-13,-0.0832216274182529,0.007105657545545913,106.008,116.45263428764902
2022-05-16,114.032,2022-06-15,-0.0409007997755016,0.009132139004183259,109.368,115.07335607492502
2022-05-17,116.052,2022-06-16,-0.0896236169992762,0.009703054126848439,105.651,117.17805883752901
2022-05-18,111.495,2022-06-17,-0.0425041481680793,-0.004689748476906949,106.756,110.97211649356727
2022-05-19,109.985,2022-06-21,0.0105105241623857,0.009353650667582642,111.141,111.01376126867407
2022-05-20,108.515,2022-06-21,0.0241994194351011,0.006277066416959083,111.141,109.19615586223632
2022-05-23,111.085,2022-06-22,0.0,0.005307305481492356,111.085,111.67456202941156
2022-05-24,105.588,2022-06-23,0.0591733909156344,0.013710345617396475,111.836,107.03564797304963
2022-05-25,105.423,2022-06-24,0.115022338578868,0.07037322202648474,117.549,112.84195618569811
2022-05-26,107.402,2022-06-27,0.0746168600212286,0.08238526618412823,115.416,116.25034235870774
2022-05-27,111.91,2022-06-27,0.0313287463140024,0.014745552720853412,115.416,113.5601748049907
2022-05-31,113.351,2022-06-30,-0.0421787191996542,0.011484116246959712,108.57,114.65273606070912
2022-06-01,113.48,2022-07-01,-0.0452502643637645,0.012440357920907212,108.345,114.89173181686455
2022-06-02,117.197,2022-07-05,-0.0370572625579153,0.011580838480184014,112.854,118.55423952736214
2022-06-03,114.127,2022-07-05,-0.0111542404514268,0.005513475665462412,112.854,114.75623643727224
2022-06-06,116.398,2022-07-06,-0.0192443169126617,0.007018921473429288,114.158,117.21498842166422
2022-06-07,116.726,2022-07-07,0.0139471925706355,0.007786432689389569,118.354,117.63487914210168
2022-06-08,116.771,2022-07-08,0.0184292332856617,0.007423678577492066,118.923,117.63787037117234
2022-06-09,114.421,2022-07-11,0.007315090761311,0.007320451958026071,115.258,115.25861343348932
2022-06-10,110.761,2022-07-11,0.0406009335415895,0.0063553206616648586,115.258,111.46492167180666
2022-06-13,106.008,2022-07-13,0.0466379895856916,0.08547633695975722,110.952,115.06917552842995
2022-06-14,106.33,2022-07-14,0.0342142386908681,0.11371131101936403,109.968,118.42092370068896
2022-06-15,109.368,2022-07-15,0.0183417453002705,0.08787641928428398,111.374,118.97886822428357
2022-06-16,105.651,2022-07-18,0.0282534003464236,0.11454126895887375,108.636,117.75239960677398
2022-06-17,106.756,2022-07-18,0.0176102514144402,0.1317617300639871,108.636,120.822355254711
2022-06-21,111.141,2022-07-21,0.0250672569078918,0.14082172654320746,113.927,126.79206750973863
2022-06-22,111.085,2022-07-22,-0.0321825629022819,0.14701370480114742,107.51,127.41601739783546
2022-06-23,111.836,2022-07-25,-0.0421510068314316,0.11185333661320414,107.122,124.3452297534743
2022-06-24,117.549,2022-07-25,-0.0887034343124995,0.012395759881799149,107.122,119.00610917834562
2022-06-27,115.416,2022-07-27,-0.0239568170790878,-0.00028773493562609927,112.651,115.38279078466978
2022-06-28,111.604,2022-07-28,0.0197483961148345,0.09843258414760517,113.808,122.58947012120933
2022-06-29,111.298,2022-07-29,0.0413484519038975,0.1297695196059068,115.9,125.74108799309822
2022-06-30,108.57,2022-08-01,0.0541125541125542,0.15729199105837752,114.445,125.64719146920802
2022-07-01,108.345,2022-08-01,0.0563016290553324,0.11963577620442334,114.445,121.30693817286824
2022-07-05,112.854,2022-08-04,0.0435075407163236,0.014818157721564763,117.764,114.52628837150947
2022-07-06,114.158,2022-08-05,0.0252982708176388,0.01608959005465556,117.046,115.99475542145937
2022-07-07,118.354,2022-08-08,-0.0124795106206803,0.01742389802202848,116.877,120.41618802649916
2022-07-08,118.923,2022-08-08,-0.0172044095759441,0.01773639146322628,116.877,121.03226488198126
2022-07-11,115.258,2022-08-10,0.0347915112183103,0.015089252775980251,119.268,116.99715709645393
2022-07-12,113.608,2022-08-11,0.0422769523273007,0.01325686770982229,118.411,115.1140862267775
2022-07-13,110.952,2022-08-12,0.0927337947941453,0.009950065064550397,121.241,112.05597961904199
2022-07-14,109.968,2022-08-15,0.1061308744361995,0.012433814077300747,121.639,111.33532166645261
2022-07-15,111.374,2022-08-15,0.0921669330364358,0.01245091434719331,121.639,112.76070813450431
2022-07-18,108.636,2022-08-17,0.0964873522589198,0.010359911481584737,119.118,109.76145934371343
2022-07-19,113.399,2022-08-18,0.0558823270046473,0.012952349051135086,119.736,114.86778343004968
2022-07-20,113.488,2022-08-19,0.0290691526857465,0.008008266698795258,116.787,114.39684217111288
2022-07-21,113.927,2022-08-22,-0.0008689775031379,0.007823631486870233,113.828,114.81832286440468
2022-07-22,107.51,2022-08-22,0.0587666263603385,0.013858290998234612,113.828,108.9999048652202
2022-07-25,107.122,2022-08-24,0.0574858572468774,0.008487072106053492,113.28,108.03115213814466
2022-07-26,104.641,2022-08-25,0.110740531913877,0.010798974621436922,116.229,105.7710155033618
2022-07-27,112.651,2022-08-26,-0.0240477226123159,0.005172786731935144,109.942,113.23371959813922
2022-07-28,113.808,2022-08-29,-0.0420269225362013,0.004174809001407393,109.025,114.28312666283217
2022-07-29,115.9,2022-08-29,-0.0593183779119931,0.01252679791769741,109.025,117.35185587866114
2022-08-01,114.445,2022-08-31,-0.0578094281095722,0.004724457574551199,107.829,114.98569054711949
2022-08-02,114.715,2022-09-01,-0.0468203809440789,0.011558442205986445,109.344,116.04092669765974
2022-08-03,117.654,2022-09-02,-0.0866438880106074,0.012463324250247343,107.46,119.12035995133861
2022-08-04,117.764,2022-09-06,-0.0962857919228287,0.01164773988124532,106.425,119.13568443937497
2022-08-05,117.046,2022-09-06,-0.0907421013960324,0.011016501789002306,106.425,118.33543746839557
2022-08-08,116.877,2022-09-07,-0.0669250579669223,0.01098131735647381,109.055,118.1604634286726
2022-08-09,116.209,2022-09-08,-0.070734624684835,0.011266218160322868,107.989,117.51823594619297
2022-08-10,119.268,2022-09-09,-0.0756028440151591,0.013888888592779572,110.251,120.92449996468362
2022-08-11,118.411,2022-09-12,-0.0671559230139091,0.011625737138594917,110.459,119.78761516031815
2022-08-12,121.241,2022-09-12,-0.0889303123530818,0.01266691978515217,110.459,122.77675002167163
2022-08-15,121.639,2022-09-14,-0.1399057867953534,0.014246285208061066,104.621,123.37190388642334
2022-08-16,121.26,2022-09-15,-0.15439551377206,0.013734213745000761,102.538,122.9254107587188
2022-08-17,119.118,2022-09-16,-0.1401047700599405,0.011797508208876215,102.429,120.5232955828249
2022-08-18,119.736,2022-09-19,-0.1422963853811719,0.008325760495138564,102.698,120.73289325864592
2022-08-19,116.787,2022-09-19,-0.120638427222208,0.013534791904493344,102.698,118.36768774215005
2022-08-22,113.828,2022-09-21,-0.1309572337210528,0.006863222379096784,98.9214,114.60922687696782
2022-08-23,113.448,2022-09-22,-0.1204957337282278,0.004255826227971386,99.778,113.9308149739109
2022-08-24,113.28,2022-09-23,-0.131503354519774,0.03498457573263321,98.3833,117.2430527389927
2022-08-25,116.229,2022-09-26,-0.1584243175111203,0.034652101715868064,97.8155,120.25657913033363
2022-08-26,109.942,2022-09-26,-0.1102990667806661,0.004358237375167136,97.8155,110.42115333350063
2022-08-29,109.025,2022-09-28,-0.0856344875028664,0.006335534442874896,99.6887,109.71573164263444
2022-08-30,108.547,2022-09-29,-0.1057505043898034,0.005710069477389094,97.0681,109.16681091156215
2022-08-31,107.829,2022-09-30,-0.1161514991328862,0.017999417711009283,95.3045,109.7698592123604
2022-09-01,109.344,2022-10-03,-0.1011514120573602,0.005064077281481159,98.2837,109.89772646626628
2022-09-02,107.46,2022-10-03,-0.085392704262051,0.007417081512037062,98.2837,108.2570395792835
2022-09-06,106.425,2022-10-06,-0.0504674653511862,0.007045422162983006,101.054,107.17480905369545
2022-09-07,109.055,2022-10-07,-0.0984035578377883,0.007340023443119844,98.3236,109.85546625658944
2022-09-08,107.989,2022-10-10,-0.09706914593153,0.00535803103875645,97.5066,108.56760841384427
2022-09-09,110.251,2022-10-10,-0.1155944163771757,0.0054140413776034065,97.5066,110.84790347592215
2022-09-12,110.459,2022-10-12,-0.1199657791578775,0.00926384820993324,97.2077,111.48227540942102
2022-09-13,103.943,2022-10-13,-0.0504199416988155,0.014604468558323097,98.7022,105.46103227535778
2022-09-14,104.621,2022-10-14,-0.0803834794161783,0.013304046918162647,96.2112,106.0128826926251
2022-09-15,102.538,2022-10-17,-0.028565995045739,0.013102960159243577,99.6089,103.88155132880851
2022-09-16,102.429,2022-10-17,-0.027532241845571,0.011357898659367677,99.6089,103.59237820178038
2022-09-19,102.698,2022-10-19,-0.0333784494342634,0.01169119499757343,99.2701,103.8986623438608
2022-09-20,100.775,2022-10-20,-0.0115713222525427,0.006008675291529494,99.6089,101.3805242525039
2022-09-21,98.9214,2022-10-21,0.018637018885701,0.0014185620350217498,100.765,99.06172614249121
2022-09-22,99.778,2022-10-24,0.0237627533123534,0.006561663280190485,102.149,100.43270963877086
2022-09-23,98.3833,2022-10-24,0.0382758049384397,0.0011205800510720636,102.149,98.49354636333864
2022-09-26,97.8155,2022-10-26,-0.0330049940960276,0.022843674514069493,94.5871,100.04996544443095
2022-09-27,97.1478,2022-10-27,-0.0541535680684484,0.02509090424339542,91.8869,99.58532614725652
2022-09-28,99.6887,2022-10-28,-0.0375829958661312,0.00656476100666793,95.9421,100.34313249056541
2022-09-29,97.0681,2022-10-31,-0.029869751236503,0.002352287287445847,94.1687,97.29643205764651
2022-09-30,95.3045,2022-10-31,-0.0119175904600518,-0.006623312124117437,94.1687,94.67326854966704
2022-10-03,98.2837,2022-11-02,-0.1183085292881728,-0.004660672017061387,86.6559,97.82563190967673
2022-10-04,101.272,2022-11-03,-0.1791541590962951,0.007704186123224956,83.1287,102.05221833707125
2022-10-05,101.064,2022-11-04,-0.1464101955196706,0.009506784411845135,86.2672,102.0247936597987
2022-10-06,101.054,2022-11-07,-0.1274912423060937,0.008995200496224197,88.1705,101.96300099094543
2022-10-07,98.3236,2022-11-07,-0.1032620856030495,0.008057837092722004,88.1705,99.11587555116996
2022-10-10,97.5066,2022-11-09,-0.1077055296769655,0.007739078104204212,87.0046,98.2612111930754
2022-10-11,96.829,2022-11-10,-0.0333402183230229,0.029554552211246397,93.6007,99.69073773606277
2022-10-12,97.2077,2022-11-11,-0.011788160814421,0.023375496478351496,96.0618,99.47997824901864
2022-10-13,98.7022,2022-11-14,-0.0339192034220109,0.030860508251588512,95.3543,101.74820005754994
2022-10-14,96.2112,2022-11-14,-0.0089064474822059,0.01810732969933043,95.3543,97.95332791916822
2022-10-17,99.6089,2022-11-16,-0.0112028142063611,0.007842778406536917,98.493,100.3901105300189
2022-10-18,100.406,2022-11-17,-0.0239159014401529,0.008377213334928595,98.0047,101.24712248210686
2022-10-19,99.2701,2022-11-18,-0.022082177815878,0.008237190631820608,97.078,100.0878067377399
2022-10-20,99.6089,2022-11-21,-0.0437129613920042,0.007948226542420925,95.2547,100.40061410284136
2022-10-21,100.765,2022-11-21,-0.0546846623331513,0.010042885666857876,95.2547,101.77697137422095
2022-10-24,102.149,2022-11-23,-0.0395951012736297,0.009071045431964003,98.1044,103.0755982198297
2022-10-25,104.103,2022-11-25,-0.0671930684034081,0.010968637868253988,97.108,105.24486810799885
2022-10-26,94.5871,2022-11-25,0.026651625855957,0.010589834801772769,97.108,95.58876176337877
2022-10-27,91.8869,2022-11-28,0.041531491431314,0.12509569418252942,95.7031,103.38155554178066
2022-10-28,95.9421,2022-11-28,-0.0024910857694379,-0.011002233115092104,95.7031,94.88652265024852
2022-10-31,94.1687,2022-11-30,0.0685609974439489,0.09440085013945289,100.625,103.0583053365271
2022-11-01,90.1432,2022-12-01,0.1162794309498664,0.0436742156284724,100.625,94.0801335542405
2022-11-02,86.6559,2022-12-02,0.1548780867777035,-0.07958493199852353,100.077,79.75939609122915
2022-11-03,83.1287,2022-12-05,0.1923763994865792,-0.08437341058772518,99.1207,76.11484806327617
2022-11-04,86.2672,2022-12-05,0.1489963740564199,-0.0641768362466326,99.1207,80.7308440321445
2022-11-07,88.1705,2022-12-07,0.0728883243261635,0.07016865650351395,94.5971,94.35730552824309
2022-11-08,88.5789,2022-12-08,0.0541065648817042,0.10316396140075212,93.3716,97.7170502205211
2022-11-09,87.0046,2022-12-09,0.0631012613126202,0.042604500753671073,92.4947,90.71138754627285
2022-11-10,93.6007,2022-12-12,-0.0067072147964706,0.068996851885014,92.9729,100.05885363423363
2022-11-11,96.0618,2022-12-12,-0.0321553416654696,0.0531780616776008,92.9729,101.17018032526136
2022-11-14,95.3543,2022-12-14,-0.0065828179746481,-0.0033048859277322656,94.7266,95.03916491578123
2022-11-15,98.0844,2022-12-15,-0.0770020512945993,0.026847085763009013,90.5317,100.71768029881328
2022-11-16,98.493,2022-12-16,-0.086900591920238,0.0249872163320563,89.9339,100.95406589819322
2022-11-17,98.0047,2022-12-19,-0.1008543467813277,0.02405514630353478,88.1205,100.36221739693403
2022-11-18,97.078,2022-12-19,-0.0922711633943839,0.02502310953127731,88.1205,99.50719342707735
2022-11-21,95.2547,2022-12-21,-0.0629711709763403,0.020157839657489653,89.2564,97.17482896922229
2022-11-22,96.6994,2022-12-22,-0.0957234481289439,0.019668986026690895,87.443,98.6013791473894
2022-11-23,98.1044,2022-12-23,-0.093744011481646,0.02425323001166714,88.9077,100.4837485783566
2022-11-25,97.108,2022-12-27,-0.1033251637352227,0.006671445008232395,87.0743,97.75585068185943
2022-11-28,95.7031,2022-12-28,-0.1044250395232757,0.013641316424186494,85.7093,97.00861626987556
2022-11-29,94.8462,2022-12-29,-0.0708062104754855,0.012805065902261718,88.1305,96.0607118415791
2022-11-30,100.625,2022-12-30,-0.1263473291925466,0.017387792038633013,87.9113,102.37464657388745
2022-12-01,100.625,2023-01-03,-0.117535403726708,0.016621585856527392,88.798,102.29754707681306
2022-12-02,100.077,2023-01-03,-0.1127032185217382,0.008445013238222844,88.798,100.92215158984162
2022-12-05,99.1207,2023-01-04,-0.1145966483287548,0.007184253974426359,87.7618,99.83280828292293
2022-12-06,96.6297,2023-01-05,-0.1111563008060668,0.011103426515734345,85.8887,97.70262077318746
2022-12-07,94.5971,2023-01-06,-0.0800500226751136,0.01291240438384884,87.0246,95.81857600873938
2022-12-08,93.3716,2023-01-09,-0.0607197477605609,0.012549043006742356,87.7021,94.54332422400834
2022-12-09,92.4947,2023-01-09,-0.0518148607433722,0.009541623671144408,87.7021,93.37724961897538
2022-12-12,92.9729,2023-01-11,-0.0191819336602386,0.005733279093672499,91.1895,93.5059395838481
2022-12-13,95.2846,2023-01-12,-0.0470569221049361,0.009377443518963826,90.8008,96.17812595472705
2022-12-14,94.7266,2023-01-13,-0.0310292990564424,0.0077613553985716845,91.7873,95.46180680829833
2022-12-15,90.5317,2023-01-17,0.0047342533057481,0.010524114088899975,90.9603,91.48446593946208
2022-12-16,89.9339,2023-01-17,0.0114128265314861,0.009877002681140157,90.9603,90.82217737142538
2022-12-19,88.1205,2023-01-18,0.0303028239739902,0.010682897025470721,90.7908,89.06188222733299
2022-12-20,88.6984,2023-01-19,0.0452702641761293,0.009142873411821306,92.7138,89.5093582430311
2022-12-21,89.2564,2023-01-20,0.0942184538027524,0.009392981974677524,97.666,90.0947837563246
2022-12-22,87.443,2023-01-23,0.1370778678682114,0.01155404190832634,99.4295,88.45332008658978
2022-12-23,88.9077,2023-01-23,0.1183452051959503,0.007285861141570737,99.4295,89.55546915661643
2022-12-27,87.0743,2023-01-26,0.1159170960892019,0.010049351433443307,97.1677,87.94934024152106
2022-12-28,85.7093,2023-01-27,0.1551966939410309,0.008724566882923003,99.0111,86.45707652033852
2022-12-29,88.1305,2023-01-30,0.0959872007988154,0.01954076978383203,96.5899,89.85263781143402
2022-12-30,87.9113,2023-01-30,0.0987199597776395,0.019927620554191606,96.5899,89.6631630288257
2023-01-03,88.798,2023-02-02,0.2089236244059549,0.019652459816126976,107.35,90.54309912675244
2023-01-04,87.7618,2023-02-03,0.1895950174221585,0.023498518498965962,104.401,89.82407228080255
2023-01-05,85.8887,2023-02-06,0.1937309564587659,0.022886343474033274,102.528,87.85437828873819
2023-01-06,87.0246,2023-02-06,0.1781496266572899,0.024058486172096046,102.528,89.11828013573219
2023-01-09,87.7021,2023-02-08,0.1289478815216511,0.024652992694135473,99.0111,89.86421923056034
2023-01-10,88.1006,2023-02-09,0.0745307069418368,0.025464340257599527,94.6668,90.34402365529868
2023-01-11,91.1895,2023-02-10,0.0333251087022079,0.008047940170639438,94.2284,91.92338764019053
2023-01-12,90.8008,2023-02-13,0.0381879895331318,0.010282127312530646,94.2683,91.73442538567963
2023-01-13,91.7873,2023-02-13,0.027029883219138,0.009900624076258923,94.2683,92.6960515522748
2023-01-17,90.9603,2023-02-16,0.0462256610851108,0.0353338750371984,95.165,94.17427987354607
2023-01-18,90.7908,2023-02-17,0.0354485256215386,0.03562468914068557,94.0092,94.02519402683416
2023-01-19,92.7138,2023-02-21,-0.0135395162316721,0.04291267990193251,91.4585,96.6923976218918
2023-01-20,97.666,2023-02-21,-0.0635584543239202,0.02276883655685845,91.4585,99.88974119116213
2023-01-23,99.4295,2023-02-22,-0.0815713646352441,0.026483162444941345,91.3189,102.0627076003193
2023-01-24,97.3471,2023-02-23,-0.0697031549989676,0.021168558877721334,90.5617,99.40779781792541
2023-01-25,94.8761,2023-02-24,-0.063958151736844,0.011373621679887213,88.808,95.95518486786314
2023-01-26,97.1677,2023-02-27,-0.0784447918392634,0.0214401914324833,89.5454,99.2509940890541
2023-01-27,99.0111,2023-02-27,-0.0956024122547876,0.022438816656041624,89.5454,101.232791919813
2023-01-30,96.5899,2023-03-01,-0.0678776973575912,0.012504529955703227,90.0336,97.79771129796838
2023-01-31,98.483,2023-03-02,-0.0692038219794279,0.02719429341232035,91.6676,101.16117559812555
2023-02-01,100.067,2023-03-03,-0.0675077697942377,0.03239957316842558,93.3117,103.30912808824485
2023-02-02,107.35,2023-03-06,-0.1170340009315322,0.004682860393364158,94.7864,107.85270506322765
2023-02-03,104.401,2023-03-06,-0.0920929876150611,0.024126331887075126,94.7864,106.91981317534251
2023-02-06,102.528,2023-03-08,-0.084058988764045,0.022976130699289107,93.9096,104.88369672833672
2023-02-07,107.252,2023-03-09,-0.1423320777234923,0.005282886661480878,91.9866,107.81860016021714
2023-02-08,99.0111,2023-03-10,-0.0879547848675552,-0.009056302984788156,90.3026,98.11442547954285
2023-02-09,94.6668,2023-03-13,-0.0410471252857389,0.007622154096531913,90.781,95.38836493742556
2023-02-10,94.2284,2023-03-13,-0.036585572927058,0.004651683107705728,90.781,94.66672065654613
2023-02-13,94.2683,2023-03-15,0.0158536857034654,0.0066715172072769405,95.7628,94.89721258555073
2023-02-14,94.3381,2023-03-16,0.0595655413878382,0.009791674678108304,99.9574,95.26182798495086
2023-02-15,96.5899,2023-03-17,0.0482773043558384,0.0036574431021763054,101.253,96.9431720634949
2023-02-16,95.165,2023-03-20,0.0597803814427573,0.004885525568906995,100.854,95.62993104076504
2023-02-17,94.0092,2023-03-20,0.0728098952017461,0.00740672752897777,100.854,94.70550052961718
2023-02-21,91.4585,2023-03-23,0.1504452839265897,0.007497360519297415,105.218,92.14419734705416
2023-02-22,91.3189,2023-03-24,0.150462828614887,0.00952070546131844,105.059,92.1883203499516
2023-02-23,90.5617,2023-03-27,0.1272977428648092,0.01236243606582503,102.09,91.68126322626243
2023-02-24,88.808,2023-03-27,0.1495585983244751,0.012703349941586867,102.09,89.93615910161246
2023-02-27,89.5454,2023-03-29,0.1281874892512624,0.012824476548289181,101.024,90.69377288230717
2023-02-28,89.7348,2023-03-30,0.1202454343242531,0.017668432671967712,100.525,91.32027327213248
2023-03-01,90.0336,2023-03-31,0.1479714240017058,0.016481954503524028,103.356,91.51752969898848
2023-03-02,91.6676,2023-04-03,0.1343484502703247,0.01446602164204951,103.983,92.99366548547474
2023-03-03,93.3117,2023-04-03,0.114361864589328,0.01248562792703688,103.983,94.4767551674393
2023-03-06,94.7864,2023-04-05,0.0981849716837015,0.007360479232031111,104.093,95.484073328679
2023-03-07,93.521,2023-04-06,0.1551202403738198,0.00804294093011946,108.028,94.2731838787257
2023-03-08,93.9096,2023-04-10,0.1293307606464089,0.011330458697689791,106.055,94.97363884411658
2023-03-09,91.9866,2023-04-10,0.1529396672993677,0.030416984616035182,106.055,94.78455499708137
2023-03-10,90.3026,2023-04-10,0.1744401600839844,0.038950854129098406,106.055,93.81996340007832
2023-03-13,90.781,2023-04-12,0.1485002368336985,0.041359502451931936,104.262,94.53565699208885
2023-03-14,93.6306,2023-04-13,0.1432373604355841,0.037298498722131576,107.042,97.12288081445242
2023-03-15,95.7628,2023-04-14,0.1327676300191724,0.030074369553445824,108.477,98.64280583667272
2023-03-16,99.9574,2023-04-17,0.0563299965785424,0.026889471184301718,105.588,102.64520162695773
2023-03-17,101.253,2023-04-17,0.0428135462652958,0.03674045663871342,105.588,104.97308145603967
2023-03-20,100.854,2023-04-19,0.0292502032641244,0.03267624606404108,103.804,104.14953012054279
2023-03-21,104.541,2023-04-20,0.0035297156139695,0.046932496943459946,104.91,109.44737016296624
2023-03-22,102.996,2023-04-21,0.0197386306264319,0.04055783032291459,105.029,107.1732942919389
2023-03-23,105.218,2023-04-24,0.0035165085821815,0.046741887723119165,105.588,110.13608794245116
2023-03-24,105.059,2023-04-24,0.0050352658982095,0.05285737894931818,105.588,110.61214337503641
2023-03-27,102.09,2023-04-26,0.0122049172298952,0.029909644566172365,103.336,105.14347561376054
2023-03-28,100.665,2023-04-27,0.0649381612278348,0.02262686822380434,107.202,102.94273368974928
2023-03-29,101.024,2023-04-28,0.0586791257522965,0.023950109082315294,106.952,103.44353581993182
2023-03-30,100.525,2023-05-01,0.0625516040785874,0.018047951925818474,106.813,102.33927036734292
2023-03-31,103.356,2023-05-01,0.0334475018383064,0.02499126448874472,106.813,105.93899713249868
2023-04-03,103.983,2023-05-03,0.0100593366223324,0.015349337131400355,105.029,105.57907012293441
2023-04-04,104.341,2023-05-04,-0.0002875188085219,0.020037526322506338,104.311,106.43173553401662
2023-04-05,104.093,2023-05-05,0.0105194393475065,0.022334258808022082,105.188,106.41784000210343
2023-04-06,108.028,2023-05-08,-0.0059984448476322,0.02734075073847675,107.38,110.98156662077618
2023-04-10,106.055,2023-05-10,0.0498892084295883,0.04969968538831587,111.346,111.32590013385784
2023-04-11,104.97,2023-05-11,0.1064970944079259,0.028637474750317093,116.149,107.97607572454078
2023-04-12,104.262,2023-05-12,0.1229882411616887,0.021336109987511172,117.085,106.48654549951789
2023-04-13,107.042,2023-05-15,0.0845182264905364,0.023997515777651027,116.089,109.61074208387133
2023-04-14,108.477,2023-05-15,0.0701715571042709,0.018787524909742562,116.089,110.51501433963416
2023-04-17,105.588,2023-05-17,0.1403095048679774,0.016038233306657882,120.403,107.28144497838339
2023-04-18,104.123,2023-05-18,0.1753983269786694,0.00819553099114431,122.386,104.97634327339092
2023-04-19,103.804,2023-05-19,0.1783457284883047,0.01897550949487052,122.317,105.77373378760554
2023-04-20,104.91,2023-05-22,0.1876656181488896,0.022863128609129316,124.598,107.30857082238377
2023-04-21,105.029,2023-05-22,0.1863199687705301,0.027240746154370186,124.598,107.89006832784735
2023-04-24,105.588,2023-05-24,0.1408777512596128,0.024955723558455684,120.463,108.22302493909021
2023-04-25,103.475,2023-05-25,0.1890215027784489,0.02806610969998254,123.034,106.37914070120569
2023-04-26,103.336,2023-05-26,0.2015173801966401,0.02915857181804859,124.16,106.34913017738985
2023-04-27,107.202,2023-05-30,0.1494468386783829,0.02047363583694891,123.223,109.3968147089926
2023-04-28,106.952,2023-05-30,0.152133667439599,0.01909872506540288,123.223,108.99464684319497
2023-05-01,106.813,2023-05-31,0.1461713461844531,0.029833921927718374,122.426,109.99965070286538
2023-05-02,104.94,2023-06-01,0.1746998284734133,0.023775382483483713,123.273,107.43498863781677
2023-05-03,105.029,2023-06-02,0.1827209627817079,0.021373706369843436,124.22,107.27385900631828
2023-05-04,104.311,2023-06-05,0.2036602084152199,0.026298895785359124,125.555,107.0542641182666
2023-05-05,105.188,2023-06-05,0.1936247480701221,0.03511117793381392,125.555,108.88127458450204
2023-05-08,107.38,2023-06-07,0.1366921214378842,0.01602219427450333,122.058,109.10046322119616
2023-05-09,106.962,2023-06-08,0.1377779024326395,0.014157608183399457,121.699,108.47632608651277
2023-05-10,111.346,2023-06-09,0.0937797496093257,0.021343624307810862,121.788,113.72252719217751
2023-05-11,116.149,2023-06-12,0.0606462388828143,0.006367447064980106,123.193,116.88857260915039
2023-05-12,117.085,2023-06-12,0.0521672289362429,0.02337086647170368,123.193,119.82137790083941
2023-05-15,116.089,2023-06-14,0.0614528508299667,0.010148834166965687,123.223,117.2671680096089
2023-05-16,119.079,2023-06-15,0.0466832942836268,0.011820804682834552,124.638,120.48660960082725
2023-05-17,120.403,2023-06-16,0.0222585815968039,0.0004671431857946944,123.083,120.45924544099925
2023-05-18,122.386,2023-06-20,0.0021979638193911,0.011376405804704483,122.655,123.77831280081456
2023-05-19,122.317,2023-06-20,0.0027633117228187,0.00544086108911662,122.655,122.98250980583747
2023-05-22,124.598,2023-06-21,-0.0359877365607794,0.027220877034937013,120.114,127.98966683679907
2023-05-23,122.117,2023-06-22,0.004815054415028,0.006269183855074318,122.705,122.88257392483013
2023-05-24,120.463,2023-06-23,0.0119123714335522,0.00021434225554863956,121.898,120.48882031113016
2023-05-25,123.034,2023-06-26,-0.0416307687305947,-0.007137469443344272,117.912,122.1558485845076
2023-05-26,124.16,2023-06-26,-0.0503221649484535,-0.007929953932849829,117.912,123.17541691969737
2023-05-30,123.223,2023-06-29,-0.0369573862022512,-0.006323859491732133,118.669,122.4437550618503
2023-05-31,122.426,2023-06-30,-0.0257951742276967,-0.006121933968784506,119.268,121.6765161119376
2023-06-01,123.273,2023-07-03,-0.0308745629618812,-0.0006716067965567589,119.467,123.19020901536805
2023-06-02,124.22,2023-07-03,-0.038262759620029,-0.008899568382898676,119.467,123.11449561547633
2023-06-05,125.555,2023-07-05,-0.0338098841145315,-0.009587340877332018,121.31,124.35126141614658
2023-06-06,126.85,2023-07-06,-0.056554986204178,-0.014257246324262418,119.676,125.0414683037673
2023-06-07,122.058,2023-07-07,-0.0246522145209654,0.004023139375841456,119.049,122.54905634593646
2023-06-08,121.699,2023-07-10,-0.0465821411843975,0.0034167772887535217,116.03,122.11481837926401
2023-06-09,121.788,2023-07-10,-0.0472788780503825,0.005780099341592516,116.03,122.49194673861388
2023-06-12,123.193,2023-07-12,-0.0380865795946198,0.00756482154242514,118.501,124.12493306027598
2023-06-13,123.383,2023-07-13,0.0057301248956502,0.010138891204278766,124.09,124.63396681345753
2023-06-14,123.223,2023-07-14,0.0141532019184729,0.00877840133909141,124.967,124.30470094820687
2023-06-15,124.638,2023-07-17,-0.0035141770567563,0.01416961301384283,124.2,126.40407222681935
2023-06-16,123.083,2023-07-17,0.0090751769131398,0.01424282497185281,124.2,124.83604962601058
2023-06-20,122.655,2023-07-20,-0.0316823610941258,0.0140577981685226,118.769,124.37925923436013
2023-06-21,120.114,2023-07-21,-0.0043958239672311,0.022747096986805056,119.586,122.84624480747311
2023-06-22,122.705,2023-07-24,-0.0131534982274561,0.012321448704095461,121.091,124.21690336323603
2023-06-23,121.898,2023-07-24,-0.0066202890941606,0.010524727655455948,121.091,123.18094325174475
2023-06-26,117.912,2023-07-26,0.0923654929099666,0.02624950287015176,128.803,121.00713138242533
2023-06-27,117.902,2023-07-27,0.0935607538464147,0.02800647416370794,128.933,121.20401931684948
2023-06-28,119.746,2023-07-28,0.1031850750755767,0.021120539709966954,132.102,122.2751001481097
2023-06-29,118.669,2023-07-31,0.114360110896696,0.022517970834374856,132.24,121.34118508094441
2023-06-30,119.268,2023-07-31,0.1087634570882383,0.022781451015978737,132.24,121.98509809977375
2023-07-03,119.467,2023-08-02,0.0707224589217105,0.023431012957127656,127.916,122.26623282494916
2023-07-05,121.31,2023-08-04,0.0522380677602836,0.02044872199068262,127.647,123.7906344646897
2023-07-06,119.676,2023-08-07,0.0950817206457435,0.022148523395435108,131.055,122.32664668587209
2023-07-07,119.049,2023-08-07,0.1008492301489303,0.02381331491344369,131.055,121.88395132713056
2023-07-10,116.03,2023-08-09,0.1134275618374558,0.03342578062596449,129.191,119.90839332603068
2023-07-11,116.717,2023-08-10,0.1071309235158546,0.03195326271191995,129.221,120.44648896394715
2023-07-12,118.501,2023-08-11,0.0893747732086649,0.033268862820217786,129.092,122.44339351305864
2023-07-13,124.09,2023-08-14,0.054516882907567,0.017377916784443295,130.855,126.24642569378156
2023-07-14,124.967,2023-08-14,0.0471164387398272,0.012299329583624563,130.855,126.5040103200768
2023-07-17,124.2,2023-08-16,0.032487922705314,0.018969236076395567,128.235,126.55597912068833
2023-07-18,123.313,2023-08-17,0.0497757738437958,0.01893657336729292,129.451,125.64812567164098
2023-07-19,121.589,2023-08-18,0.0444941565437662,0.019131345580850858,126.999,123.91516117783007
2023-07-20,118.769,2023-08-21,0.0769308489589033,0.02004058050443035,127.906,121.1491997059307
2023-07-21,119.586,2023-08-21,0.0695733614302678,0.024778326303544585,127.906,122.54914092933568
2023-07-24,121.091,2023-08-23,0.089197380482447,0.02141535193180003,131.892,123.6842063807736
2023-07-25,121.768,2023-08-24,0.0619456671703568,0.01562983409542182,129.311,123.67121363813132
2023-07-26,128.803,2023-08-25,0.0047203869475089,0.021571272336711883,129.411,131.58144459078548
2023-07-27,128.933,2023-08-28,0.012440569908402,0.02091599295568854,130.537,131.62976171975578
2023-07-28,132.102,2023-08-28,-0.0118469061785589,0.010384695344451328,130.537,133.4738390243927
2023-07-31,132.24,2023-08-30,0.0238127646702963,0.010186066356779459,135.389,133.5870054150205
2023-08-01,131.075,2023-08-31,0.0351249284760635,0.00881776655061654,135.679,132.23078875062205
2023-08-02,127.916,2023-09-01,0.0567012727102163,0.0013878208930619576,135.169,128.09352449735692
2023-08-03,127.986,2023-09-05,0.0569827949932022,0.017037303182805566,135.279,130.16653628515454
2023-08-04,127.647,2023-09-05,0.0597898893040964,0.017712008605948612,135.279,129.90788476252354
2023-08-07,131.055,2023-09-06,0.0222730914501543,0.027607372074052842,133.974,134.673084147165
2023-08-08,130.925,2023-09-07,0.0293832346763411,0.021460954319178015,134.772,133.73477544423838
2023-08-09,129.191,2023-09-08,0.0518302358523425,0.01657471906786779,135.887,131.3323045310969
2023-08-10,129.221,2023-09-11,0.0557571911686178,0.021926021801923212,136.426,132.05430246326634
2023-08-11,129.092,2023-09-11,0.0568121959532734,0.01909033176369086,136.426,131.5564091080384
2023-08-14,130.855,2023-09-13,0.0409690115012801,0.019689751602038997,136.216,133.4315024458848
2023-08-15,129.311,2023-09-14,0.0641090085143567,0.010173445576896875,137.601,130.62653842099414
2023-08-16,128.235,2023-09-15,0.0675946504464457,0.018694289169593672,136.903,130.63226217166286
2023-08-17,129.451,2023-09-18,0.0638079273238523,0.02554368960263766,137.711,132.75765616275106
2023-08-18,126.999,2023-09-18,0.0843471208434714,0.018767822974316044,137.711,129.38249474991517
2023-08-21,127.906,2023-09-20,0.0418354103794973,0.01973499118767992,133.257,130.43022378285139
2023-08-22,128.614,2023-09-21,0.0105276252974013,0.018521339581355625,129.968,130.99610356891648
2023-08-23,131.892,2023-09-22,-0.0160131016286051,0.03532436222420665,129.78,136.55100078247509
2023-08-24,129.311,2023-09-25,0.0102466147504851,0.034327986768376645,130.636,133.74998629700553
2023-08-25,129.411,2023-09-25,0.0094659650261568,0.03771749179246496,130.636,134.29205833035468
2023-08-28,130.537,2023-09-27,-0.0035928510690454,0.03705068854121698,130.068,135.37348573010485
2023-08-29,134.084,2023-09-28,-0.0167954416634349,0.0337964549472167,131.832,138.6155638651426
2023-08-30,135.389,2023-09-29,-0.0369380082576871,0.0353906221151948,130.388,140.18050093755411
2023-08-31,135.679,2023-10-02,-0.0146964526566381,0.03520263134464216,133.685,140.4552578182097
2023-09-01,135.169,2023-10-02,-0.0109788487005156,0.03175474385974701,133.685,139.46125697277816
2023-09-05,135.279,2023-10-05,-0.0051523148456154,0.021289369637250803,134.582,138.15900463515763
2023-09-06,133.974,2023-10-06,0.0232059951930971,0.025465395038796974,137.083,137.3857008349278
2023-09-07,134.772,2023-10-09,0.0233579675303474,0.02232534355220451,137.92,137.78083120121772
2023-09-08,135.887,2023-10-09,0.0149609602095857,0.02208785837227041,137.92,138.8884528106327
2023-09-11,136.426,2023-10-11,0.0265125415976428,0.02220471221418248,140.043,139.45530006853204
2023-09-12,134.851,2023-10-12,0.0268221963500454,0.02164141170614824,138.468,137.76936600998582
2023-09-13,136.216,2023-10-13,0.0047571504081751,0.02131118466109666,136.864,139.11892432979596
2023-09-14,137.601,2023-10-16,0.0072092499327764,0.01592341233195833,138.593,139.7920774602898
2023-09-15,136.903,2023-10-16,0.0123445066945209,0.015321268885770548,138.593,139.00052767426862
2023-09-18,137.711,2023-10-18,-0.0018153960104857,0.015774286128493145,137.461,139.88329271704092
2023-09-19,137.541,2023-10-19,-0.0020939210853492,0.015320279630307198,137.253,139.64816658063208
2023-09-20,133.257,2023-10-20,0.0139129651725611,0.017626041320792464,135.111,135.60579338828484
2023-09-21,129.968,2023-10-23,0.0464652837621568,0.03166092959635992,136.007,134.0829076977797
2023-09-22,129.78,2023-10-23,0.0479811989520728,0.02577800910755147,136.007,133.12547002197803
2023-09-25,130.636,2023-10-25,-0.0419409657368565,0.028880968864441615,125.157,134.4088942485752
2023-09-26,128.101,2023-10-26,-0.0488911093590214,0.027288080807886795,121.838,131.5966304395711
2023-09-27,130.068,2023-10-27,-0.0641203063013194,0.02305799324073287,121.728,133.06710706483565
2023-09-28,131.832,2023-10-30,-0.0593330906001576,0.022645359175819658,124.01,134.81738299086663
2023-09-29,130.388,2023-10-30,-0.0489155443752492,0.02568906515151105,124.01,133.73754582697524
2023-10-02,133.685,2023-11-01,-0.0575307626136066,0.020652457819053786,125.994,136.44592382354023
2023-10-03,131.952,2023-11-02,-0.0373090214623499,0.02188429230564787,127.029,134.83967613831484
2023-10-04,134.752,2023-11-03,-0.0454019235336026,0.014421855530657952,128.634,136.69537387646722
2023-10-05,134.582,2023-11-06,-0.0356808488505149,0.01456636341952387,129.78,136.54237032172637
2023-10-06,137.083,2023-11-06,-0.053274293676094,0.029933286531877722,129.78,141.1863447176494
2023-10-09,137.92,2023-11-08,-0.047542053364269,0.02913947437667393,131.363,141.93891630603085
2023-10-10,137.561,2023-11-09,-0.0566366920856928,0.02873631157319971,129.77,141.51399575632095
2023-10-11,140.043,2023-11-10,-0.056639746363617,0.01394511995893805,132.111,141.99591643440957
2023-10-12,138.468,2023-11-13,-0.0495060230522574,0.014261780326734487,131.613,140.44280019828224
2023-10-13,136.864,2023-11-13,-0.0383665536591069,0.014350506521166621,131.613,138.82806772451295
2023-10-16,138.593,2023-11-15,-0.0321733420879842,0.014566492037288438,134.134,140.61181383092392
2023-10-17,139.215,2023-11-16,-0.0199619293897926,0.014729948563091906,136.436,141.26562978921083
2023-10-18,137.461,2023-11-17,-0.0192054473632522,0.01666320285405549,134.821,139.7515405275213
2023-10-19,137.253,2023-11-20,-0.0108922937932137,0.036204136690887394,135.758,142.22212637323435
2023-10-20,135.111,2023-11-20,0.0047886552538285,0.035316518540306284,135.758,139.88265013649934
2023-10-23,136.007,2023-11-22,0.0145801319049754,0.03698963497247331,137.99,141.03784928370118
2023-10-24,138.308,2023-11-24,-0.0152702663620325,0.03620371550010081,136.196,143.31526348338792
2023-10-25,125.157,2023-11-24,0.0882012192685985,0.013457158635641802,136.196,126.84125760336102
2023-10-26,121.838,2023-11-27,0.1155550813375139,0.013686736127120274,135.917,123.50556455625608
2023-10-27,121.728,2023-11-27,0.1165631572029444,0.00997238133958607,135.917,122.94191803570511
2023-10-30,124.01,2023-11-29,0.0846060801548262,0.009449603361433717,134.502,125.18184531285141
2023-10-31,123.632,2023-11-30,0.0681053448945256,0.013022926246653006,132.052,125.2420504177262
2023-11-01,125.994,2023-12-01,0.0427718780259378,0.008213530002444262,131.383,127.02885549912796
2023-11-02,127.029,2023-12-04,0.0139653150068095,0.008732959581137565,128.803,128.13833912263232
2023-11-03,128.634,2023-12-04,0.0013138050593155,0.0067507901850437264,128.803,129.5023811446629
2023-11-06,129.78,2023-12-06,-0.0017645245800587,0.007321830000132959,129.551,130.73022709741727
2023-11-07,130.497,2023-12-07,0.0455106247653203,0.00774446351757054,136.436,131.5076292556524
2023-11-08,131.363,2023-12-08,0.0238956174874205,0.008113835569373187,134.502,132.42885778189958
2023-11-09,129.77,2023-12-11,0.0234183555521305,0.008123135426067882,132.809,130.82413928424083
2023-11-10,132.111,2023-12-11,0.0052834358986004,0.007892852526789451,132.809,133.15373264016665
2023-11-13,131.613,2023-12-13,0.0036394581082417,0.007809093233455041,132.092,132.64077818773472
2023-11-14,133.137,2023-12-14,-0.0125735145001014,0.008328118928066978,131.463,134.24578076972605
2023-11-15,134.134,2023-12-15,-0.0150073806790222,0.007534776635389142,132.121,135.14466972921127
2023-11-16,136.436,2023-12-18,-0.00826028320971,0.010910283060401833,135.309,137.92455537962897
2023-11-17,134.821,2023-12-18,0.0036196141550648,0.007801958693908809,135.309,135.8728678730715
2023-11-20,135.758,2023-12-20,0.015336112788933,0.009019470254776235,137.84,136.98246524284792
2023-11-21,136.476,2023-12-21,0.0251839151206074,0.00973251394759709,139.913,137.80425457351225
2023-11-22,137.99,2023-12-22,0.0216609899268063,0.04093096586681997,140.979,143.6380639799625
2023-11-24,136.196,2023-12-26,0.0353387764692061,0.036702468437039976,141.009,141.19472939125112
2023-11-27,135.917,2023-12-27,0.0290324242000632,0.03548744784675419,139.863,140.74034744898728
2023-11-28,136.704,2023-12-28,0.022084211142322,0.02897636330487528,139.723,140.66518476922965
2023-11-29,134.502,2023-12-29,0.0348173261364141,0.02681614716991028,139.185,138.1088254266473
2023-11-30,132.052,2024-01-02,0.0425514191379152,0.025202866697977045,137.671,135.38008895320127
2023-12-01,131.383,2024-01-02,0.0478600732210405,0.024557518632953013,137.671,134.60944047055327
2023-12-04,128.803,2024-01-03,0.0746488824018074,0.021526235646084045,138.418,131.57564372992258
2023-12-05,130.517,2024-01-04,0.0412206838955844,0.023454094686603574,135.897,133.57815807621142
2023-12-06,129.551,2024-01-05,0.0439054889580166,0.02166371956287718,135.239,132.3575565330903
2023-12-07,136.436,2024-01-08,0.013940602187106,0.03757601006147443,138.338,141.56272050874733
2023-12-08,134.502,2024-01-08,0.0285200220071075,0.03218279126669646,138.338,138.83064979095323
2023-12-11,132.809,2024-01-10,0.0674502481006558,0.0351003153068945,141.767,137.47063777559336
2023-12-12,132.042,2024-01-11,0.0721361385013859,0.0341275062469385,141.567,136.54826417985825
2023-12-13,132.092,2024-01-12,0.0760227720073885,0.037064654963918586,142.134,136.98794440349394
2023-12-14,131.463,2024-01-16,0.0799616622167453,0.03233133111858657,141.975,135.71337378284275
2023-12-15,132.121,2024-01-16,0.0745831472665208,0.030040476063584988,141.975,136.08997773799692
2023-12-18,135.309,2024-01-17,0.0417562763748162,0.031534710455558064,140.959,139.57593013703112
2023-12-19,136.156,2024-01-18,0.0499867798701487,0.02732637946613059,142.962,139.87665052259047
2023-12-20,137.84,2024-01-19,0.0581181079512478,0.029533708405095394,145.851,141.91092636655833
2023-12-21,139.913,2024-01-22,0.0396675076654777,0.026102623421805166,145.463,143.56509635081503
2023-12-22,140.979,2024-01-22,0.0318061555267095,0.02830579048545444,145.463,144.9695220368489
2023-12-26,141.009,2024-01-25,0.0731371756412713,0.02700842042773068,151.322,144.81743035609387
2023-12-27,139.863,2024-01-26,0.0841752286165746,0.02638202566400055,151.636,143.5528692554441
2023-12-28,139.723,2024-01-29,0.0947088167302445,0.028665208796369683,152.956,143.7281889686552
2023-12-29,139.185,2024-01-29,0.0989402593670294,0.031858356259704575,152.956,143.61920531600697
2024-01-02,137.671,2024-02-01,0.0216385440651989,0.03125127408754875,140.65,141.9733941549069
2024-01-03,138.418,2024-02-02,0.0249100550506438,0.0430238904357287,141.866,144.37328086633272
2024-01-04,135.897,2024-02-05,0.0534522469223015,0.038810331425721385,143.161,141.17120760976124
2024-01-05,135.239,2024-02-05,0.0585777771205051,0.0409115481503326,143.161,140.77183686030284
2024-01-08,138.338,2024-02-07,0.0482586129624544,0.027167533054876774,145.014,142.09630218774555
2024-01-09,140.44,2024-02-08,0.0351965252064938,0.022321876657422433,145.383,143.5748843577684
2024-01-10,141.767,2024-02-09,0.047225376850748,0.021081534656625614,148.462,144.75566592366582
2024-01-11,141.567,2024-02-12,0.0383634604109712,0.02222797829012777,146.998,144.71374820259854
2024-01-12,142.134,2024-02-12,0.0342212278554041,0.022609913990646116,146.998,145.3476375151465
2024-01-16,141.975,2024-02-15,0.0019651347068145,0.02173507658967133,142.254,145.0608374988186
2024-01-17,140.959,2024-02-16,-0.0067111713335082,0.02131884006006123,140.013,143.96408237602617
2024-01-18,142.962,2024-02-20,-0.0164519242875728,0.02279441465765142,140.61,146.22073510828716
2024-01-19,145.851,2024-02-20,-0.035933932575025,0.02317542677036569,140.61,149.2311591698846
2024-01-22,145.463,2024-02-21,-0.023566130218681,0.021228812949985458,142.035,148.55100681814372
2024-01-23,146.508,2024-02-22,-0.0200603380020205,0.014612840817979889,143.569,148.6488980825606
2024-01-24,148.163,2024-02-23,-0.0318770543253039,0.0041242470782490055,143.44,148.7740608198546
2024-01-25,151.322,2024-02-26,-0.0941634395527417,0.004844252216402662,137.073,152.0550419338905
2024-01-26,151.636,2024-02-26,-0.0960391991347699,0.006006377538217309,137.073,152.54678306438512
2024-01-29,152.956,2024-02-28,-0.1115941839483249,0.005805101242430242,135.887,153.84392506563717
2024-01-30,150.913,2024-02-29,-0.08583090919934,0.017081155962833876,137.96,153.49076848981917
2024-01-31,139.594,2024-03-01,-0.0211327134404056,0.009249424908692528,136.644,140.885164220704
2024-02-01,140.65,2024-03-04,-0.0553288304301458,0.006212857277070562,132.868,141.52383837601997
2024-02-02,141.866,2024-03-04,-0.0634260499344453,0.010281470743923458,132.868,143.32459112855744
2024-02-05,143.161,2024-03-06,-0.0854702048742324,0.009906242694434797,130.925,144.57918761037797
2024-02-06,143.579,2024-03-07,-0.0674471893522032,0.011246574487294204,133.895,145.19377191831123
2024-02-07,145.014,2024-03-08,-0.0696001765346795,0.017705246917167506,134.921,147.58150867644613
2024-02-08,145.383,2024-03-11,-0.0564715269323098,0.013484456050435786,137.173,147.34341067398051
2024-02-09,148.462,2024-03-11,-0.0760396599803315,0.016119117436007066,137.173,150.85507641278448
2024-02-12,146.998,2024-03-13,-0.0524701016340357,0.014876852111062648,139.285,149.184867506622
2024-02-13,144.616,2024-03-14,-0.0140510040382807,0.010800757919432706,142.584,146.17796240727668
2024-02-14,145.413,2024-03-15,-0.0326174413566876,0.010483992926467702,140.67,146.93750886341647
2024-02-15,142.254,2024-03-18,0.034396220844405,0.008423424484287938,147.147,143.4522658265879
2024-02-16,140.013,2024-03-18,0.0509524115617834,0.005802821493311055,147.147,140.82547044574295
2024-02-20,140.61,2024-03-21,0.0459213427210012,0.007804691295285407,147.067,141.70741764303008
2024-02-21,142.035,2024-03-22,0.0576618439117118,0.008761060710640712,150.225,143.27937725803585
2024-02-22,143.569,2024-03-25,0.0415061747313139,0.011337017164416003,149.528,145.19664421727805
2024-02-23,143.44,2024-03-25,0.0424428332403792,0.009289951437440056,149.528,144.7725506341864
2024-02-26,137.073,2024-03-27,0.0966784122328976,0.008553663026575408,150.325,138.24547625204178
2024-02-27,138.378,2024-03-28,0.0867695731980517,0.007110353210129506,150.385,139.3619164565113
2024-02-28,135.887,2024-04-01,0.1401237793166381,0.008434177085299982,154.928,137.03309502159016
2024-02-29,137.96,2024-04-01,0.1229921716439546,0.03269415802066189,154.928,142.47048604053052
2024-03-01,136.644,2024-04-01,0.1338075583267468,0.03416433719471268,154.928,141.31235169163432
2024-03-04,132.868,2024-04-03,0.1617545232862691,0.02601468514916781,154.36,136.3245191863996
2024-03-05,132.191,2024-04-04,0.1346158210468184,0.026016828344303137,149.986,135.63019055566178
2024-03-06,130.925,2024-04-05,0.1605804850105021,0.03291113576284883,151.949,135.233890449751
2024-03-07,133.895,2024-04-08,0.1523208484260052,0.024610381784400604,154.29,137.19020706902234
2024-03-08,134.921,2024-04-08,0.1435580821369542,0.028401771736396502,154.29,138.75299544444633
2024-03-11,137.173,2024-04-10,0.1341590546244522,0.028517628357545306,155.576,141.08484863468956
2024-03-12,138.0,2024-04-11,0.1509710144927536,0.02561596505475624,158.834,141.53500317755638
2024-03-13,139.285,2024-04-12,0.1283339914563663,0.02916740277326434,157.16,143.3475816952741
2024-03-14,142.584,2024-04-15,0.0821691073332211,0.022943216519698835,154.3,145.85533558424473
2024-03-15,140.67,2024-04-15,0.0968934385441104,0.025219880393086844,154.3,144.2176805748955
2024-03-18,147.147,2024-04-17,0.0527431751921547,0.018155460228823864,154.908,149.81852150629072
2024-03-19,146.498,2024-04-18,0.0610793321410532,0.015698572712002645,155.446,148.79780950516297
2024-03-20,148.202,2024-04-19,0.0361061254234085,0.016624510652827527,153.553,150.66578572777036
2024-03-21,147.067,2024-04-22,0.0588099301678826,0.015517282639064349,155.716,149.3490802058793
2024-03-22,150.225,2024-04-22,0.0365518389083043,0.022893660825557608,155.716,153.6642001975194
2024-03-25,149.528,2024-04-24,0.0603699641538708,0.03135408035008719,158.555,154.21631292658782
2024-03-26,150.126,2024-04-25,0.0353769500286427,0.03136389839485897,155.437,154.8345366104266
2024-03-27,150.325,2024-04-26,0.1397239314817895,0.03760102628059265,171.329,155.97737427563007
2024-03-28,150.385,2024-04-29,0.1008411743192474,0.031429033503353514,165.55,155.11145520340182
2024-04-01,154.928,2024-05-01,0.0538314571930187,0.0339596204963934,163.268,160.18929608426524
2024-04-02,154.002,2024-05-02,0.0780249607147958,0.030265006953281024,166.018,158.6628716008192
2024-04-03,154.36,2024-05-03,0.0795283752267426,0.03436299635030467,166.636,159.66427211663304
2024-04-04,149.986,2024-05-06,0.1167175603056285,0.035477892041097775,167.492,155.3071871156761
2024-04-05,151.949,2024-05-06,0.1022909002362633,0.03271518006730493,167.492,156.92003889604692
2024-04-08,154.29,2024-05-08,0.0938427636269363,0.03600220261097384,168.769,159.84477984084714
2024-04-09,156.034,2024-05-09,0.0853147390953255,0.032340762760730966,169.346,161.0802585766079
2024-04-10,155.576,2024-05-10,0.0801216125880599,0.03231923440720486,168.041,160.60409721213531
2024-04-11,158.834,2024-05-13,0.0610385685684424,0.031077826061619067,168.529,163.77021542467122
2024-04-12,157.16,2024-05-13,0.0723402901501655,0.03027931045620999,168.529,161.91869643129797
2024-04-15,154.3,2024-05-15,0.1139792611795202,0.02557716571760831,171.887,158.24655667022697
2024-04-16,153.843,2024-05-16,0.1280981260115834,0.033910194451653185,173.55,159.05984604502567
2024-04-17,154.908,2024-05-17,0.132439899811501,0.038149425043001894,175.424,160.81765113456132
2024-04-18,155.446,2024-05-20,0.1340336837229649,0.03426109321903794,176.281,160.77174989652656
2024-04-19,153.553,2024-05-20,0.1480140407546579,0.03223885257233071,176.281,158.5033725290391
2024-04-22,155.716,2024-05-22,0.1286187674998073,0.03590722186271122,175.744,161.30732895957394
2024-04-23,157.689,2024-05-23,0.0966078800677283,0.03632785626548782,172.923,163.4175033266485
2024-04-24,158.555,2024-05-24,0.0996625776544415,0.03563746717952594,174.357,164.20549860864972
2024-04-25,155.437,2024-05-28,0.1307732393188236,0.034583535527386404,175.764,160.81256101177038
2024-04-26,171.329,2024-05-28,0.0258858687087417,0.0027741210286620945,175.764,171.80428738171963
2024-04-29,165.55,2024-05-29,0.0586771368166716,0.01716837699165368,175.264,168.3922248109683
2024-04-30,162.192,2024-05-30,0.0573147874124493,0.01736868327138549,171.488,165.00906147715256
2024-05-01,163.268,2024-05-31,0.052729254967293,0.016314580975958476,171.877,165.93164900678278
2024-05-02,166.018,2024-06-03,0.0393089905913817,0.023205447635145367,172.544,169.87052200549155
2024-05-03,166.636,2024-06-03,0.0354545236323484,0.01783092427230259,172.544,169.6072738970394
2024-05-06,167.492,2024-06-05,0.0434946146681631,0.017515644226302307,174.777,170.4257302827518
2024-05-07,170.631,2024-06-06,0.0319988747648434,0.019053441575376574,176.091,173.88210778944807
2024-05-08,168.769,2024-06-07,0.0299877347143135,0.017516639031445694,173.83,171.72526565269806
2024-05-09,169.346,2024-06-10,0.0308953267275282,0.016773135882399294,174.578,172.1864634691408
2024-05-10,168.041,2024-06-10,0.0389012205354646,0.017354318802762128,174.578,170.95723708593493
2024-05-13,168.529,2024-06-12,0.0523470737973879,0.017237053052533927,177.351,171.43394331389047
2024-05-14,169.725,2024-06-13,0.0294770953012226,0.01228336164810196,174.728,171.8097935557241
2024-05-15,171.887,2024-06-14,0.0259880037466475,-0.0008553972763909321,176.354,171.739968328353
2024-05-16,173.55,2024-06-17,0.0187381158167674,-0.0015470148429468655,176.802,173.2815155740066
2024-05-17,175.424,2024-06-17,0.0078552535570959,-0.003940552067464901,176.802,174.73273259411704
2024-05-20,176.281,2024-06-20,-0.0023655413799559,-0.005483564021845842,175.864,175.31435185066502
2024-05-21,177.208,2024-06-20,-0.0075843077061983,-0.010103851940035482,175.864,175.41751660541019
2024-05-22,175.744,2024-06-21,0.0195909959941733,0.004326052754455056,179.187,176.50427781527895
2024-05-23,172.923,2024-06-24,0.0338532179062356,0.008936937539975121,178.777,174.4684020502251
2024-05-24,174.357,2024-06-24,0.025350287054721,0.009083160354001469,178.777,175.9407125898426
2024-05-28,175.764,2024-06-27,0.0522746409958807,0.0036536401432017084,184.952,176.4061784061297
2024-05-29,175.264,2024-06-28,0.0367274511593938,-0.002601872163680169,181.701,174.80798547710478
2024-05-30,171.488,2024-07-01,0.0644418268333644,-0.0009571317211304427,182.539,171.3238633954068
2024-05-31,171.877,2024-07-01,0.0620327327100191,-0.0016792543759166305,182.539,171.58837479563059
2024-06-03,172.544,2024-07-03,0.0742882974777447,-0.0010048806940247414,185.362,172.3706138655302
2024-06-04,173.163,2024-07-05,0.09797705052465,0.001637682751145444,190.129,173.44658605823662
2024-06-05,174.777,2024-07-05,0.0878376445413298,0.008195304595183845,190.129,176.20935075123245
2024-06-06,176.091,2024-07-08,0.070827015577173,0.0053409485242821,188.563,177.03149296658938
2024-06-07,173.83,2024-07-08,0.0847552206178448,0.003090147131098883,188.563,174.36716027579894
2024-06-10,174.578,2024-07-10,0.092394230659075,0.004355821386269988,190.708,175.33843058597225
2024-06-11,176.184,2024-07-11,0.0506742950551695,0.0048660749847141615,185.112,177.04132455510688
2024-06-12,177.351,2024-07-12,0.0409470485083252,0.013302763264017348,184.613,179.71025836763673
2024-06-13,174.728,2024-07-15,0.0649123208644291,0.013286864903012296,186.07,177.04958733077353
2024-06-14,176.354,2024-07-15,0.0550937319255586,0.014306331178958374,186.07,178.87697872873403
2024-06-17,176.802,2024-07-17,0.0213289442427122,0.011980167781218777,180.573,178.92011762405505
2024-06-18,174.658,2024-07-18,0.0148518819636089,0.017734093162932323,177.252,177.75540124365142
2024-06-20,175.864,2024-07-22,0.0304610380748759,0.018991952101163573,181.221,179.20400066431904
2024-06-21,179.187,2024-07-22,0.0113512699023923,0.014435862362249115,181.221,181.77371886910436
2024-06-24,178.777,2024-07-24,-0.0367664744346307,0.014553672897885127,172.204,181.3788619796652
2024-06-25,183.576,2024-07-25,-0.0910195232492264,0.00612416137861535,166.867,184.70024904924068
2024-06-26,183.426,2024-07-26,-0.0917972370329178,0.015124667823750618,166.588,186.20025732023927
2024-06-27,184.952,2024-07-29,-0.0856492495350145,0.014727723374254348,169.111,187.6759218935151
2024-06-28,181.701,2024-07-29,-0.0692896571840551,0.015317950408092746,169.111,184.48428690710085
2024-07-01,182.539,2024-07-31,-0.0625729296205194,0.005699946784860832,171.117,183.5794625861617
2024-07-02,184.783,2024-08-01,-0.0781673638808764,0.011779528479733915,170.339,186.95965661107067
2024-07-03,185.362,2024-08-02,-0.1031171437511464,0.014260680979135892,166.248,188.0053883476546
2024-07-05,190.129,2024-08-05,-0.1644778019134376,0.00968692201431196,158.857,191.97076479565908
2024-07-08,188.563,2024-08-07,-0.1591828725677889,0.011690855857932135,158.547,190.76746285313922
2024-07-09,188.514,2024-08-08,-0.1426100979237616,0.016057595753828643,161.63,191.54108160593728
2024-07-10,190.708,2024-08-09,-0.1438953793233635,0.010713061946383062,163.266,192.75106661767083
2024-07-11,185.112,2024-08-12,-0.1254537793335925,0.013479979247587284,161.889,187.60730591847937
2024-07-12,184.613,2024-08-12,-0.1230899232448418,0.012469902690283427,161.889,186.9151061453613
2024-07-15,186.07,2024-08-14,-0.1402482936529263,0.01498962174841519,159.974,188.8591189187276
2024-07-16,183.466,2024-08-15,-0.1229873655064154,0.01565761143636384,160.902,186.33863933978392
2024-07-17,180.573,2024-08-16,-0.0997657457094914,0.015784671323760983,162.558,183.4232854549455
2024-07-18,177.252,2024-08-19,-0.0620246880148037,0.023264653300738018,166.258,181.37570632686246
2024-07-19,177.222,2024-08-19,-0.0618659082958097,0.025170707762191147,166.258,181.68280317103105
2024-07-22,181.221,2024-08-21,-0.0870815192499765,0.0156838250820046,165.44,184.06323846518598
2024-07-23,181.341,2024-08-22,-0.0989572132060594,0.014773657772825495,163.396,184.02006987418196
2024-07-24,172.204,2024-08-23,-0.0406030057373814,0.014202039135881514,165.212,174.64964794735533
2024-07-25,166.867,2024-08-26,-0.0066939538674513,0.004547019579792715,165.75,167.62574751622128
2024-07-26,166.588,2024-08-26,-0.0050303743366868,0.007808419669408534,165.75,167.88878901588743
2024-07-29,169.111,2024-08-28,-0.0394001572931387,0.0020943257340064925,162.448,169.46517351920355
2024-07-30,169.869,2024-08-29,-0.0499679164532669,0.003750820086933462,161.381,170.50614805734727
2024-07-31,171.117,2024-08-30,-0.047575635383977,0.012233690481983429,162.976,173.21039241420556
2024-08-01,170.339,2024-09-03,-0.0784787981613135,0.01473730095730109,156.971,172.8493371077657
2024-08-02,166.248,2024-09-03,-0.05580217506376,0.023848555573839338,156.971,170.2127746670396
2024-08-05,158.857,2024-09-04,-0.0175818503433906,0.001756970816874286,156.064,159.1361071130562
2024-08-06,157.899,2024-09-05,-0.0066308209678338,-0.00018599714946446034,156.852,157.86963123609672
2024-08-07,158.547,2024-09-06,-0.0504582237443786,0.0018781443425899495,150.547,158.8447741510846
2024-08-08,161.63,2024-09-09,-0.0809874404504115,0.013509767312941104,148.54,163.81358369079067
2024-08-09,163.266,2024-09-09,-0.0901963666654416,0.009556215300587605,148.54,164.82620504726574
2024-08-12,161.889,2024-09-11,-0.0673424383373794,0.011004364861055762,150.987,163.67048562299146
2024-08-13,163.754,2024-09-12,-0.0564322092895439,0.010439550541099568,154.513,165.4635181593072
2024-08-14,159.974,2024-09-13,-0.0168402365384374,0.010599795775852983,157.28,161.6696917294463
2024-08-15,160.902,2024-09-16,-0.0187878335881468,0.007954609607815858,157.879,162.18191259511676
2024-08-16,162.558,2024-09-16,-0.0287835726325372,0.00846608160525427,157.879,163.9342292935869
2024-08-19,166.258,2024-09-18,-0.0398837950655006,0.009690755160800348,159.627,167.86916557152435
2024-08-20,166.767,2024-09-19,-0.0288606259032061,0.009924424466737636,161.954,168.42206649504442
2024-08-21,165.44,2024-09-20,-0.0123126208897486,0.02965902468777662,163.403,170.34678904434577
2024-08-22,163.396,2024-09-23,-0.0105938945873828,0.03637555287953595,161.665,169.33961983830466
2024-08-23,165.212,2024-09-23,-0.021469384790451,0.03502408825840849,161.665,170.99839966934817
2024-08-26,165.75,2024-09-25,-0.0268174962292608,0.03813158457775362,161.305,172.07031014376267
2024-08-27,164.274,2024-09-26,-0.0105311857019368,0.0367326034151038,162.544,170.30821169341277
2024-08-28,162.448,2024-09-27,0.0080887422436717,0.03670253294527013,163.762,168.41025307189327
2024-08-29,161.381,2024-09-30,0.0265148933269716,0.03545078326565366,165.66,167.10208285419446
2024-08-30,162.976,2024-09-30,0.0164686825053994,0.04206989245848943,165.66,169.8323827933148
2024-09-03,156.971,2024-10-03,0.0554178797357471,0.0360833690850363,165.67,162.63504252864726
2024-09-04,156.064,2024-10-04,0.0692344166495797,0.037155594296594534,166.869,161.8626506683037
2024-09-05,156.852,2024-10-07,0.0378764695381634,0.03491545710139345,162.793,162.32855927726777
2024-09-06,150.547,2024-10-07,0.0813433678519002,0.02624467779451285,162.793,154.49805750793053
2024-09-09,148.54,2024-10-09,0.0884273596337688,0.015348614975305045,161.675,150.8198832684318
2024-09-10,148.49,2024-10-10,0.090268704963297,0.034306222691409205,161.894,153.58413100744738
2024-09-11,150.987,2024-10-11,0.0799141647956447,0.03233559708075662,163.053,155.8692547964322
2024-09-12,154.513,2024-10-14,0.0663892358571769,0.03098718794377358,164.771,159.3009233707563
2024-09-13,157.28,2024-10-14,0.0476284333672429,0.030142081892026742,164.771,162.02074663997797
2024-09-16,157.879,2024-10-16,0.044920477074215,0.029849273983865512,164.971,162.59157352729872
2024-09-17,159.138,2024-10-17,0.022653294624791,0.03459242968414908,162.743,164.64297007507614
2024-09-18,159.627,2024-10-18,0.0225901633182357,0.03472965428740109,163.233,165.170790524935
2024-09-19,161.954,2024-10-21,0.0119046148906478,0.03568336493066636,163.882,167.73306368398113
2024-09-20,163.403,2024-10-21,0.0029314027282241,0.03353992763875612,163.882,168.88352479595565
2024-09-23,161.665,2024-10-23,0.0057464509943401,0.03428265494568106,162.594,167.2073054117935
2024-09-24,162.104,2024-10-24,0.0026526180723485,0.03456973199095029,162.534,167.70789183466104
2024-09-25,161.305,2024-10-25,0.0234090697746502,0.03424734606378525,165.081,166.8292681568189
2024-09-26,162.544,2024-10-28,0.0245164386258489,0.03587628596715048,166.529,168.37547502624452
2024-09-27,163.762,2024-10-28,0.0168964717089434,0.03524057520053489,166.529,169.53306707599
2024-09-30,165.66,2024-10-30,0.0519135578896534,0.03620261569411033,174.26,171.65732531588634
2024-10-01,166.799,2024-10-31,0.0246704116931155,0.05130701257807478,170.914,175.3569583910103
2024-10-02,165.67,2024-11-01,0.0327397839077685,0.046791552477504515,171.094,173.42195649894813
2024-10-03,165.67,2024-11-04,0.0203778596004104,0.045613520055527934,169.046,173.2267918675993
2024-10-04,166.869,2024-11-04,0.0130461619593813,0.04020032759965108,169.046,173.57718846622615
2024-10-07,162.793,2024-11-06,0.0830195401522178,0.02963754107736932,176.308,167.6177842246082
2024-10-08,164.192,2024-11-07,0.0995846326252192,0.03836694919957932,180.543,170.49154612297733
2024-10-09,161.675,2024-11-08,0.1018772228235656,0.026469231751730358,178.146,165.95441304346102
2024-10-10,161.894,2024-11-11,0.1127280813371711,0.02490825564415098,180.144,165.92649713925417
2024-10-11,163.053,2024-11-11,0.1048186785891704,0.026893822863445885,180.144,167.43811849935344
2024-10-14,164.771,2024-11-13,0.0843837811265333,0.025190377181799974,178.675,168.92164363862236
2024-10-15,165.271,2024-11-14,0.0611601551391352,0.02471716014445061,175.379,169.3560297742335
2024-10-16,164.971,2024-11-15,0.0443835583223717,0.024131439383899018,172.293,168.9519876866012
2024-10-17,162.743,2024-11-18,0.0759233884099468,0.02444069717737293,175.099,166.7205523807372
2024-10-18,163.233,2024-11-18,0.0726936342528776,0.028012784938708967,175.099,167.8056109239003
2024-10-21,163.882,2024-11-20,0.0725949158540901,0.028103054212724216,175.779,168.4875847304897
2024-10-22,164.951,2024-11-21,0.0150772047456517,0.027931671542304613,167.438,169.55835715257467
2024-10-23,162.594,2024-11-22,0.0121591202627402,0.025274506573136638,164.571,166.70348312175256
2024-10-24,162.534,2024-11-25,0.0302951997735858,0.025973938806453063,167.458,166.75564816996803
2024-10-25,165.081,2024-11-25,0.0143989920099829,0.02440962524435614,167.458,169.11056534496356
2024-10-28,166.529,2024-11-27,0.0150544349632797,0.02265078047980114,169.036,170.3010118225208
2024-10-29,169.486,2024-11-29,-0.0043012402204311,0.021039857995735305,168.757,173.0519613722652
2024-10-30,174.26,2024-11-29,-0.031579249397452,0.028451268112129516,168.757,179.2179179812197
2024-10-31,170.914,2024-12-02,0.0022233403934144,0.03375971731116356,171.294,176.68400832452022
2024-11-01,171.094,2024-12-02,0.0011689480636376,0.035289764531800466,171.294,177.13186697280386
2024-11-04,169.046,2024-12-04,0.0303112762206736,0.021586906426213057,174.17,172.6951801837256
2024-11-05,169.546,2024-12-05,0.0170809101954632,0.021563007749650785,172.442,173.20192171192227
2024-11-06,176.308,2024-12-06,-0.0101980624815664,0.04147960910053068,174.51,183.62118692129636
2024-11-07,180.543,2024-12-09,-0.028652453986031,0.026617603588469853,175.37,185.3486220046731
2024-11-08,178.146,2024-12-09,-0.01558272428233,0.032248405830337626,175.37,183.89092450505132
2024-11-11,180.144,2024-12-11,0.0846878053113064,0.03351056196824447,195.4,186.18072667520744
2024-11-12,181.412,2024-12-12,0.0581438934579852,0.039505852208142865,191.96,188.57883566078362
2024-11-13,178.675,2024-12-13,0.0623758220232264,0.03814482073841139,189.82,185.49052584543568
2024-11-14,175.379,2024-12-16,0.1213429201899884,0.030978440969120762,196.66,180.81196799872342
2024-11-15,172.293,2024-12-16,0.1414276842355752,0.02761522445005056,196.66,177.05090986617256
2024-11-18,175.099,2024-12-18,0.0759627410779046,0.025599046501100838,188.4,179.58136744329624
2024-11-19,177.916,2024-12-19,0.0595449537984216,0.024810702903285606,188.51,182.33022101774094
2024-11-20,175.779,2024-12-20,0.0889241604514761,0.025868356962461363,191.41,180.3261139185045
2024-11-21,167.438,2024-12-23,0.1624004108983623,0.006335620194981621,194.63,168.4988235742073
2024-11-22,164.571,2024-12-23,0.1826506492638435,0.006665820376281087,194.63,165.66800072514494
2024-11-25,167.458,2024-12-26,0.1680540792318072,0.008489377350612207,195.6,168.87961415237882
2024-11-26,168.926,2024-12-26,0.157903460686928,0.007828184438600946,195.6,170.2483838844751
2024-11-27,169.036,2024-12-27,0.1403488014387466,0.004003512815684336,192.76,169.71273779231203
2024-11-29,168.757,2024-12-30,0.1332270661365158,0.004429301836447782,191.24,169.50447569001344
2024-12-02,171.294,2025-01-02,0.1058764463437131,0.0184901492486836,189.43,174.461251625404
2024-12-03,171.144,2025-01-02,0.1068456971906699,0.02016437781042598,189.43,174.59501227598753
2024-12-04,174.17,2025-01-03,0.1011655279324799,0.021220284337554157,191.79,177.86593692307179
2024-12-05,172.442,2025-01-06,0.1416592245508634,0.02313696713478449,196.87,176.43178488665652
2024-12-06,174.51,2025-01-06,0.1281301931121425,0.019425287166508015,196.87,177.89990686342728
2024-12-09,175.37,2025-01-08,0.1059474254433483,0.029226197983651295,193.95,180.4953983403929
2024-12-10,185.17,2025-01-10,0.0371010422854674,0.033849860189430106,192.04,191.43797861127678
2024-12-11,195.4,2025-01-10,-0.0171954964176049,0.005271252638180527,192.04,196.4300027655005
2024-12-12,191.96,2025-01-13,-0.004948947697437,0.020767955053166115,191.01,195.94661665200576
2024-12-13,189.82,2025-01-13,0.0062690970393004,0.023656039351852325,191.01,194.3103893897686
2024-12-16,196.66,2025-01-15,-0.0056442591274279,0.023760763627369723,195.55,201.33279177495854
2024-12-17,195.42,2025-01-16,-0.0128441305905229,0.018265430163396604,192.91,198.98943036253095
2024-12-18,188.4,2025-01-17,0.0403397027600849,0.01614996431972176,196.0,191.4426532778356
2024-12-19,188.51,2025-01-21,0.0506073948331655,0.01661905270887826,198.05,191.64285762615063
2024-12-20,191.41,2025-01-21,0.0346899326054019,0.020992328554268476,198.05,195.42814160857256
2024-12-23,194.63,2025-01-22,0.0192159482094229,0.030927576619431556,198.37,200.64943423743995
2024-12-24,196.11,2025-01-23,0.0095354647901686,0.032870373212836444,197.98,202.55620889076934
2024-12-26,195.6,2025-01-27,-0.0193762781186093,0.022858178202428515,191.81,200.071059656395
2024-12-27,192.76,2025-01-27,-0.0049284083834819,0.020253662831477778,191.81,196.66409604739565
2024-12-30,191.24,2025-01-29,0.0218050617025726,0.02058852130218648,195.41,195.17734881383018
2024-12-31,189.3,2025-01-30,0.061119915478077,0.015554939137761762,200.87,192.24454997877834
2025-01-02,189.43,2025-02-03,0.0622921395766244,0.018041879500597345,201.23,192.8476732337982
2025-01-03,191.79,2025-02-03,0.0492205015902811,0.01786337519845658,201.23,195.21601672931197
2025-01-06,196.87,2025-02-05,-0.0281403972164372,0.009398746072952864,191.33,198.7203311393822
2025-01-07,195.49,2025-02-06,-0.0198987160468566,0.015181833211116883,191.6,198.45789657444124
2025-01-08,193.95,2025-02-07,-0.0443928847641144,0.01782059787983019,185.34,197.40630495879307
2025-01-10,192.04,2025-02-10,-0.0290043740887314,0.019996053291579306,186.47,195.88004207411487
2025-01-13,191.01,2025-02-12,-0.0387414271504108,0.021243795788125165,183.61,195.06777743348977
2025-01-14,189.66,2025-02-13,-0.0185595275756618,0.018723265278259967,186.14,193.2110544926748
2025-01-15,195.55,2025-02-14,-0.0527742265405268,0.015581169694215266,185.23,198.5968977337038
2025-01-16,192.91,2025-02-18,-0.0473796070706546,0.021462006968325547,183.77,197.05023576425967
2025-01-17,196.0,2025-02-18,-0.0623979591836734,0.01317372845162426,183.77,198.58205077651834
2025-01-21,198.05,2025-02-20,-0.0681141125978288,0.013532814523144797,184.56,200.73017391630884
2025-01-22,198.37,2025-02-21,-0.094318697383677,0.00821273076614827,179.66,199.99915940208086
2025-01-23,197.98,2025-02-24,-0.0942519446408728,0.008596482576346187,179.32,199.68193162046504
2025-01-24,200.21,2025-02-24,-0.1043404425353379,0.01183087759877323,179.32,202.5786600040504
2025-01-27,191.81,2025-02-26,-0.0994734372556176,0.02360241932737563,172.73,196.3371800511839
2025-01-28,195.3,2025-02-27,-0.1372247823860727,0.016202283124978525,168.5,198.46430589430832
2025-01-29,195.41,2025-02-28,-0.1286014021800317,0.017318034859728486,170.28,198.7941171919395
2025-01-30,200.87,2025-03-03,-0.1685667347040375,0.017065506199809097,167.01,204.29794823035564
2025-01-31,204.02,2025-03-03,-0.1814037839427508,0.017904575058336474,167.01,207.67289140340182
2025-02-03,201.23,2025-03-05,-0.1401878447547581,0.016782580571544452,173.02,204.6071586884119
2025-02-04,206.38,2025-03-06,-0.1648900087217754,0.007611084074199917,172.35,207.95077553123338
2025-02-05,191.33,2025-03-07,-0.0913082109444415,0.007987854514394247,173.86,192.8583162042391
2025-02-06,191.6,2025-03-10,-0.1342901878914404,0.0069703476261709744,165.87,192.93551860517434
2025-02-07,185.34,2025-03-10,-0.1050501780511492,0.0053939137359605505,165.87,186.33970797182295
2025-02-10,186.47,2025-03-12,-0.1038236713680483,0.0051025219595749694,167.11,187.42146726980195
2025-02-11,185.32,2025-03-13,-0.1217353766458019,0.00557512634933359,162.76,186.35318241505848
2025-02-12,183.61,2025-03-14,-0.0986874353248733,0.006714909418340709,165.49,184.84292451830154
2025-02-13,186.14,2025-03-17,-0.1173847641560116,0.0069624816707096835,164.29,187.43599633818587
2025-02-14,185.23,2025-03-17,-0.1130486422285806,0.007145639948201078,164.29,186.55358688760526
2025-02-18,183.77,2025-03-20,-0.1141100288403983,0.007018006100630787,162.8,185.05969898111294
2025-02-19,185.27,2025-03-21,-0.114859394397366,0.006114514346180571,163.99,186.40283607291687
2025-02-20,184.56,2025-03-24,-0.0914607715648027,0.006816681100712373,167.68,185.8180866639475
2025-02-21,179.66,2025-03-24,-0.0666815095179783,0.008161863789200223,167.68,181.1263604483677
2025-02-24,179.32,2025-03-26,-0.0795226410885566,0.008592733890198417,165.06,180.86084904119036
2025-02-25,175.42,2025-03-27,-0.0751339642002051,0.008327926991506402,162.24,176.88088495285004
2025-02-26,172.73,2025-03-28,-0.106524633821571,0.008411743299164645,154.33,174.1829604200647
2025-02-27,168.5,2025-03-31,-0.0822551928783383,0.003502416907919404,154.64,169.0901572489844
2025-02-28,170.28,2025-03-31,-0.0918487197556966,0.010380139171139391,154.64,172.0475300980616
2025-03-03,167.01,2025-04-02,-0.0596970241302915,0.0027910909291775747,157.04,167.47614009608193
2025-03-04,170.92,2025-04-03,-0.1181839457055932,0.006572658976714409,150.72,172.0433988723
2025-03-05,173.02,2025-04-04,-0.158478788579355,0.012607368379740599,145.6,175.2013268770627
2025-03-06,172.35,2025-04-07,-0.1485349579344357,0.036999957721095794,146.75,178.72694271323084
2025-03-07,173.86,2025-04-07,-0.1559300586678937,0.033922949701706465,146.75,179.75784403513867
2025-03-10,165.87,2025-04-09,-0.0431663350816904,0.029284394158787072,158.71,170.727402459118
2025-03-11,164.04,2025-04-10,-0.0683979517190929,0.030009597718759426,152.82,168.96277440978528
2025-03-12,167.11,2025-04-11,-0.059661300939501,0.019442905049916737,157.14,170.3591038628916
2025-03-13,162.76,2025-04-14,-0.0226714180388302,0.013187812118258585,159.07,164.90644830036774
2025-03-14,165.49,2025-04-14,-0.0387938848268778,0.021439961959507394,159.07,169.0380993046789
2025-03-17,164.29,2025-04-16,-0.0667113031833951,0.008930233409995068,153.33,165.75714804692808
2025-03-18,160.67,2025-04-17,-0.0591896433683948,-0.009556861213030591,151.16,159.13449910890236
2025-03-19,163.89,2025-04-21,-0.0989688205503691,0.0025996454121285234,147.67,164.31605588659372
2025-03-20,162.8,2025-04-21,-0.0929361179361181,0.004616046352031772,147.67,163.55149234611076
2025-03-21,163.99,2025-04-21,-0.0995182633087384,0.005179048689701593,147.67,164.83931219462417
2025-03-24,167.68,2025-04-23,-0.0735329198473283,0.007579102820074118,155.35,168.95086396087
2025-03-25,170.56,2025-04-24,-0.0661350844277673,0.007321692566999076,159.28,171.80878788422734
2025-03-26,165.06,2025-04-25,-0.0187810493154004,0.009046800669930005,161.96,166.55326491857866
2025-03-27,162.24,2025-04-28,-0.0100468441814595,0.009949941603196974,160.61,163.85427852570268
2025-03-28,154.33,2025-04-28,0.0406920235858225,0.04790109415357224,160.61,161.7225758607208
2025-03-31,154.64,2025-04-30,0.0269011898603208,0.011515862168761104,158.8,156.4208129257772
2025-04-01,157.07,2025-05-01,0.0269306678550966,0.01575108180028775,161.3,159.54402241837118
2025-04-02,157.04,2025-05-02,0.0445109526235354,-0.004459276137117057,164.03,156.33971527542712
2025-04-03,150.72,2025-05-05,0.0895037154989384,-0.04945300444810184,164.21,143.2664431695821
2025-04-04,145.6,2025-05-05,0.1278159340659341,-0.10697763860676171,164.21,130.0240558188555
2025-04-07,146.75,2025-05-07,0.0315502555366269,-0.03949564175871827,151.38,140.9540145719081
2025-04-08,144.7,2025-05-08,0.0662059433310298,-0.04797549167122522,154.28,137.75794635517371
2025-04-09,158.71,2025-05-09,-0.0375527692016887,0.027478365433922965,152.75,163.07109137801794
2025-04-10,152.82,2025-05-12,0.0369061641146448,0.09856019103326209,158.46,167.8819683937031
2025-04-11,157.14,2025-05-12,0.0084001527300496,0.10080053200006421,158.46,172.97979559849009
2025-04-14,159.07,2025-05-14,0.039605205255548,0.012439397913652743,165.37,161.04873502612475
2025-04-15,156.31,2025-05-15,0.0489412065766745,0.13365845783170327,163.96,177.20215354367355
2025-04-16,153.33,2025-05-16,0.0838713885084456,0.1277935347817083,166.19,172.92458268807934
2025-04-17,151.16,2025-05-19,0.1017464937814236,0.14525336624320473,166.54,173.11649884132282
2025-04-21,147.67,2025-05-21,0.1414640753030407,0.052963184711208776,168.56,155.4910734863042
2025-04-22,151.47,2025-05-22,0.1280781672938535,0.09502928274989442,170.87,165.8640854581265
2025-04-23,155.35,2025-05-23,0.0844544576762149,-0.006450075909504472,168.47,154.34798070745848
2025-04-24,159.28,2025-05-27,0.08550979407333,0.009332514949181843,172.9,160.7664829811057
2025-04-25,161.96,2025-05-27,0.0675475426031118,0.033391796248706265,172.9,167.36813532044047
2025-04-28,160.61,2025-05-28,0.0731585829026835,0.1291634103440691,172.36,181.35493533536095
2025-04-29,160.16,2025-05-29,0.0730519480519482,0.15860468420521823,171.86,185.56212622230774
2025-04-30,158.8,2025-05-30,0.0814861460957179,0.15105996939068497,171.74,182.78832313924076
2025-05-01,161.3,2025-06-02,0.0479231246125231,0.15282320208776762,169.03,185.95038249675693
2025-05-02,164.03,2025-06-02,0.0304822288605743,0.019623773890193177,169.03,167.2488876312084
2025-05-05,164.21,2025-06-04,0.0233846903355459,0.017441588840106766,168.05,167.07408330343392
2025-05-06,163.23,2025-06-05,0.0305090975923545,0.01394471402395004,168.21,165.50619567012936
2025-05-07,151.38,2025-06-06,0.1473114017703791,0.005532158191799249,173.68,152.21745810707458
2025-05-08,154.28,2025-06-09,0.1413663469017372,0.005114368329805888,176.09,155.06904474592244
2025-05-09,152.75,2025-06-09,0.152798690671031,0.0080427601396075,176.09,153.97853161132505
2025-05-12,158.46,2025-06-11,0.1192098952417013,0.006762737011187346,177.35,159.53162330679277
2025-05-13,159.53,2025-06-12,0.1013602457218076,0.008076992584935504,175.7,160.81852262707477
2025-05-14,165.37,2025-06-13,0.0562375279675877,0.007511019230301535,174.67,166.61209725011497
2025-05-15,163.96,2025-06-16,0.0781288119053427,0.007373334773397761,176.77,165.1689319694463
2025-05-16,166.19,2025-06-16,0.0636620735302966,0.007501269268135762,176.77,167.43663593967148
2025-05-19,166.54,2025-06-18,0.040710940314639,0.007306762395992282,173.32,167.75686820942857
2025-05-20,163.98,2025-06-20,0.0162214904256616,0.007283962068237389,166.64,165.17442409994956
2025-05-21,168.56,2025-06-20,-0.011390602752729,0.006705382244141989,166.64,169.6902592310726
2025-05-22,170.87,2025-06-23,-0.0332416456955581,0.008972059306170727,165.19,172.40305577364538
2025-05-23,168.47,2025-06-23,-0.0194693417225618,0.00721533353186351,165.19,169.68556724011304
2025-05-27,172.9,2025-06-26,0.0037015615962983,0.008801661330702386,173.54,174.42180724407845
2025-05-28,172.36,2025-06-27,0.0357971687166396,0.009069049253363336,178.53,173.92314132930971
2025-05-29,171.86,2025-06-30,0.0254276736878853,0.007987439580542847,176.23,173.2327213663121
2025-05-30,171.74,2025-06-30,0.0261441714219168,0.00740684356046798,176.23,173.01205131307478
2025-06-02,169.03,2025-07-02,0.0568538129326154,0.0068514654276103345,178.64,170.18810320122898
2025-06-03,166.18,2025-07-03,0.080334576964737,0.007576236194561584,179.53,167.43901893081224
2025-06-04,168.05,2025-07-07,0.0520083308539123,0.007455628131825585,176.79,169.3029183075533
2025-06-05,168.21,2025-07-07,0.051007668985197,0.030595057890778772,176.79,173.3563946878079
2025-06-06,173.68,2025-07-07,0.0179064947029017,0.025138332486629205,176.79,178.04602558627778
2025-06-09,176.09,2025-07-09,0.0030098245215515,0.02751498993141195,176.62,180.93511457702235
2025-06-10,178.6,2025-07-10,-0.0054871220604703,0.03869824116864382,177.62,185.5115058727198
2025-06-11,177.35,2025-07-11,0.016013532562729,0.03686628104231075,180.19,183.8882349428538
2025-06-12,175.7,2025-07-14,0.0333523050654525,0.03210624238492474,181.56,181.34106678703128
2025-06-13,174.67,2025-07-14,0.0394458121028225,0.033735414345512575,181.56,180.56256482373067
2025-06-16,176.77,2025-07-16,0.0350738247440176,0.03412154345770859,182.97,182.80166523701917
2025-06-17,175.95,2025-07-17,0.0433645922136971,0.033509814869914945,183.58,181.84605192636153
2025-06-18,173.32,2025-07-18,0.0677359796907455,0.03396126280611419,185.06,179.20616606955568
2025-06-20,166.64,2025-07-21,0.1407825252040326,0.03451714993243962,190.1,172.39193786474175
2025-06-23,165.19,2025-07-23,0.1515830256068768,0.032260023288948475,190.23,170.5190332471014
2025-06-24,166.77,2025-07-24,0.1523055705462612,0.02584482999995501,192.17,171.0801422990925
2025-06-25,170.68,2025-07-25,0.1318256386219827,0.03589109399608073,193.18,176.80589192325107
2025-06-26,173.54,2025-07-28,0.1097153394030197,0.01746621747381161,192.58,176.57108738040526
2025-06-27,178.53,2025-07-28,0.078698257995855,0.023574630545716648,192.58,182.7387787913268
2025-06-30,176.23,2025-07-30,0.1151903762129036,0.02296783559198273,196.53,180.2776216663751
2025-07-01,175.84,2025-07-31,0.0913330300272976,0.015865535997226912,191.9,178.62979584975238
2025-07-02,178.64,2025-08-01,0.0587214509628304,0.0037825358191750547,189.13,179.3157121987374
2025-07-03,179.53,2025-08-04,0.0863922464212108,0.007232314164259994,195.04,180.8284173619096
2025-07-07,176.79,2025-08-06,0.1091690706487924,0.0013584771510717557,196.09,177.03016517553797
2025-07-08,174.36,2025-08-07,0.1270933700389998,0.029341471483374282,196.52,179.47597896784114
2025-07-09,176.62,2025-08-08,0.140414449099762,0.01428303439287428,201.42,179.14266953446946
2025-07-10,177.62,2025-08-11,0.1316293210224073,0.016288017435494465,201.0,180.51307765689253
2025-07-11,180.19,2025-08-11,0.1154892058382819,0.01698219945254245,201.0,183.25002251935365
2025-07-14,181.56,2025-08-13,0.1123595505617978,0.013798827931223192,201.96,184.06531519919287
2025-07-15,182.0,2025-08-14,0.1150549450549449,0.013784570314655615,202.94,184.5087917972673
2025-07-16,182.97,2025-08-15,0.1143903372137509,0.00916484437412941,203.9,184.64689157513448
2025-07-17,183.58,2025-08-18,0.1085085521298616,0.00015115711537439552,203.5,183.60774942324048
2025-07-18,185.06,2025-08-18,0.0996433589106235,0.0050194961265970384,203.5,185.98890795318806
2025-07-21,190.1,2025-08-20,0.0485007890583903,0.012517619791702395,199.32,192.4795995224026
2025-07-22,191.34,2025-08-21,0.0439531723633321,0.02965289059174881,199.75,197.01378408582522
2025-07-23,190.23,2025-08-22,0.0833727592913842,0.026058526113170943,206.09,195.1871134225085
2025-07-24,192.17,2025-08-25,0.0849248061612115,0.02437622031693472,208.49,196.85437825830533
2025-07-25,193.18,2025-08-25,0.0792525106118646,0.02121496792744551,208.49,197.27830750422396
2025-07-28,192.58,2025-08-27,0.0773704434520716,0.01169500794239296,207.48,194.83222462954606
2025-07-29,195.75,2025-08-28,0.0811749680715197,0.012576016655248986,211.64,198.21175526026497
2025-07-30,196.53,2025-08-29,0.0833460540375514,0.021388510908882385,212.91,200.73348404892263
2025-07-31,191.9,2025-09-02,0.101354872329338,0.015365505921672816,211.35,194.84864058636902
2025-08-01,189.13,2025-09-02,0.1174853275524772,0.014894263823941548,211.35,191.94695211702205
2025-08-04,195.04,2025-09-03,0.1826292042657917,-0.004927617206968389,230.66,194.07891753995287
2025-08-05,194.67,2025-09-04,0.1933014845636207,0.012824956213886561,232.3,197.16663422615727
2025-08-06,196.09,2025-09-05,0.1984292926717323,0.004210542557586909,235.0,196.91564529011723
2025-08-07,196.52,2025-09-08,0.1909220435579075,0.012987286375423259,234.04,199.07226151849818
2025-08-08,201.42,2025-09-08,0.1619501539072585,0.0051822582231991435,234.04,202.46381045131673
2025-08-11,201.0,2025-09-10,0.1899004975124376,0.013443055919685802,239.17,203.70205423985686
2025-08-12,203.34,2025-09-11,0.1821087833185797,0.00479436337097987,240.37,204.31488584785507
2025-08-13,201.96,2025-09-12,0.1923153099623689,0.012455720826112909,240.8,204.47555737804177
2025-08-14,202.94,2025-09-15,0.2398245786932098,0.012817340600590211,251.61,205.5411511014838
2025-08-15,203.9,2025-09-15,0.2339872486512997,0.010516203101871537,251.61,206.0442538124716
2025-08-18,203.5,2025-09-17,0.2261916461916462,0.014749884895576321,249.53,206.50160157624978
2025-08-19,201.57,2025-09-18,0.2503348712606044,0.015634875247755847,252.03,204.7215218036901
2025-08-20,199.32,2025-09-19,0.2779450130443508,0.015551054575550755,254.72,202.41963619799878
2025-08-21,199.75,2025-09-22,0.2642302878598248,0.014879893564326301,252.53,202.7222587394742
2025-08-22,206.09,2025-09-22,0.225338444368965,0.016150237239799917,252.53,209.41840239275038
2025-08-25,208.49,2025-09-24,0.1853805937934671,0.009984102697939224,247.14,210.57158557149336
2025-08-26,207.14,2025-09-25,0.186588780534904,0.01262904870587103,245.79,209.75598114893413
2025-08-27,207.48,2025-09-26,0.1882591093117409,0.006593825677454673,246.54,208.8480869515583
2025-08-28,211.64,2025-09-29,0.1531374031374033,-0.0025505162714762495,244.05,211.10020873630475
2025-08-29,212.91,2025-09-29,0.1462589826687332,0.0019097790590222943,244.05,213.31661105945645
2025-09-02,211.35,2025-10-02,0.1624792997397681,0.010671295703683394,245.69,213.60537834697348
2025-09-03,230.66,2025-10-03,0.0636868117575653,0.021605142934461797,245.35,235.64344226926292
2025-09-04,232.3,2025-10-06,0.0780456306500214,0.018204256391776426,250.43,236.52884875980965
2025-09-05,235.0,2025-10-06,0.0656595744680852,0.019257844590554206,250.43,239.52559347878025
2025-09-08,234.04,2025-10-08,0.0452059477012476,0.023669778253382658,244.62,239.57967490242166
2025-09-09,239.63,2025-10-09,0.0079288903726579,0.021295727814309565,241.53,244.733095256143
2025-09-10,239.17,2025-10-10,-0.0108709286281724,0.024001621961890953,236.57,244.91046792462546
2025-09-11,240.37,2025-10-13,0.0157257561259724,0.022648440705230928,244.15,245.81400569231639
2025-09-12,240.8,2025-10-13,0.0139119601328903,0.023375587882265014,244.15,246.42884156204943
2025-09-15,251.61,2025-10-15,-0.0023051548030682,0.029643685964217296,251.03,259.0686478254567
2025-09-16,251.16,2025-10-16,0.0011944577161968,0.02629361305110855,251.46,257.7639038539164
2025-09-17,249.53,2025-10-17,0.0151084037991424,0.02565396413010011,253.3,255.9314336693839
2025-09-18,252.03,2025-10-20,0.0179343728921159,0.023781507979890447,256.55,258.02365345617176
2025-09-19,254.72,2025-10-20,0.0071843592964824,0.023352998411403036,256.55,260.6684757553526
2025-09-22,252.53,2025-10-22,-0.0033263374648556,0.03512510617446341,251.69,261.40014306223725
2025-09-23,251.66,2025-10-23,0.0056425335770484,0.03114154477158416,253.08,259.4970811572169
2025-09-24,247.14,2025-10-24,0.0517115804806993,0.026938447020879396,259.92,253.7975677967401
2025-09-25,245.79,2025-10-27,0.0955287033646608,0.0199615912130635,269.27,250.69635950425888
2025-09-26,246.54,2025-10-27,0.0921959925367079,0.015343764187546854,269.27,250.3228516227978
2025-09-29,244.05,2025-10-29,0.125056340913747,0.016584700671697872,274.57,248.0974961989279
2025-09-30,243.1,2025-10-30,0.1578774167009462,0.018931812100096267,281.48,247.7023235215334
2025-10-01,244.9,2025-10-31,0.1481829318089016,-0.0011221651118807092,281.19,244.62518176410043
2025-10-02,245.69,2025-11-03,0.1547885546827303,-0.0016152111166139866,283.72,245.29315878075911
2025-10-03,245.35,2025-11-03,0.1563888322804159,-0.0007828452606669701,283.72,245.15792891529534
2025-10-06,250.43,2025-11-05,0.1352873058339656,-0.0074871717716415405,284.31,248.55498757322783
2025-10-07,245.76,2025-11-06,0.1586507161458334,-0.0007466148573759712,284.75,245.57651193265127
2025-10-08,244.62,2025-11-07,0.1398495625868694,-8.603563308116603e-05,278.83,244.5989539634357
2025-10-09,241.53,2025-11-10,0.2010930319215005,-0.0016850374511485251,290.1,241.1230129044241
2025-10-10,236.57,2025-11-10,0.2262755209874456,0.005737062919493463,290.1,237.92721697486456
2025-10-13,244.15,2025-11-12,0.1743190661478597,0.0005079385773100593,286.71,244.27401320365027
2025-10-14,245.45,2025-11-13,0.1349358321450398,3.33588367873925e-05,278.57,245.45818792648944
2025-10-15,251.03,2025-11-14,0.1011034537704658,-0.0044725662194947105,276.41,249.90725170192025
2025-10-16,251.46,2025-11-17,0.1334605901535035,-0.0028110320181508794,285.02,250.75313788871577
2025-10-17,253.3,2025-11-17,0.1252270035530989,-7.955537152858445e-05,285.02,253.27984862439183
2025-10-20,256.55,2025-11-19,0.1413369713506138,-0.008492185038647314,292.81,254.37132992833503
2025-10-21,250.46,2025-11-20,0.1556735606484067,-0.007770900796385854,289.45,248.5137001865372
2025-10-22,251.69,2025-11-21,0.1905916007787358,0.0017086083285161935,299.66,252.12003963020425
2025-10-23,253.08,2025-11-24,0.2588114430219692,0.0003302611007401746,318.58,253.16358247937532
2025-10-24,259.92,2025-11-24,0.2256848261003383,-0.021965675869021258,318.58,254.210681528124
2025-10-27,269.27,2025-11-26,0.1882125747391094,-0.03218859292913816,319.95,260.60257758197093
2025-10-28,267.47,2025-11-28,0.1970688301491754,-0.025098780807299756,320.18,260.75682909747155
2025-10-29,274.57,2025-11-28,0.166114287795462,-0.011115911897332756,320.18,271.51790407034935
2025-10-30,281.48,2025-12-01,0.1186940457581353,0.006469325799613729,314.89,283.3009858260753
2025-10-31,281.19,2025-12-01,0.1198477897507024,0.001993692448506257,314.89,281.75060637959547
2025-11-03,283.72,2025-12-03,0.1265684477654023,0.005662130362940669,319.63,285.3264596265736
2025-11-04,277.54,2025-12-04,0.14441161634359,-0.0056690383949408105,317.62,275.96661508386813
2025-11-05,284.31,2025-12-05,0.1299989448137595,-0.001024800837371756,321.27,284.0186388739268
2025-11-06,284.75,2025-12-08,0.1017383669885865,0.005754732458620174,313.72,286.3886600675921
2025-11-07,278.83,2025-12-08,0.1251300075314709,0.005106592316087602,313.72,280.2538711354947
2025-11-10,290.1,2025-12-10,0.103791795932437,0.009600751347666867,320.21,292.8851779659582
2025-11-11,291.31,2025-12-11,0.0725000858192304,0.0043617781750038215,312.43,292.58062960016036
2025-11-12,286.71,2025-12-12,0.0787555369537165,-0.0036471101328989794,309.29,285.6643370537965
2025-11-13,278.57,2025-12-15,0.1064364432638116,0.014045432032228982,308.22,282.482636001218
2025-11-14,276.41,2025-12-15,0.1150826670525668,0.016292289841626336,308.22,280.91335183512393
2025-11-17,285.02,2025-12-17,0.0410497508946743,0.01594989361589459,296.72,289.56603867840226
2025-11-18,284.28,2025-12-18,0.063951034191642,0.014100621331467113,302.46,288.28852463210944
2025-11-19,292.81,2025-12-19,0.0490078890748266,0.0002032324948502613,307.16,292.8695085068171
2025-11-20,289.45,2025-12-22,0.0702366557263776,0.015209883311901115,309.78,293.8525007246298
2025-11-21,299.66,2025-12-22,0.0337716078221983,-0.0026472578091373215,309.78,298.8667227249139
2025-11-24,318.58,2025-12-24,-0.0140937911984431,0.027092072789136713,314.09,327.2109925491631
2025-11-25,323.44,2025-12-26,-0.0307012119713084,0.021368296406753817,313.51,330.3513617898005
2025-11-26,319.95,2025-12-26,-0.0201281450226598,0.028926498571543585,313.51,329.20503321796537
2025-11-28,320.18,2025-12-29,-0.0206758698232244,0.019536141913756293,313.56,326.4350819179465
2025-12-01,314.89,2025-12-31,-0.0060020959700212,0.0011194950070962705,313.0,315.24251778278455
2025-12-02,315.81,2026-01-02,-0.0020898641588297,-0.0031847931279902373,315.15,314.8042104822494
2025-12-03,319.63,2026-01-02,-0.0140162062384633,0.0033281484062819256,315.15,320.6937760750999
2025-12-04,317.62,2026-01-05,-0.0034002896543038,-0.004513551224784154,316.54,316.18640585998406
2025-12-05,321.27,2026-01-05,-0.0147228188128364,0.001863297701481235,316.54,321.86862165255485
2025-12-08,313.72,2026-01-07,0.0263292107611883,0.0026117386364730875,321.98,314.53935464503434
2025-12-09,317.08,2026-01-08,0.0263655859719944,0.006137861146326023,325.44,319.0261930122771
2025-12-10,320.21,2026-01-09,0.0261078667124698,0.003021835414144592,328.57,321.1776219179633
2025-12-11,312.43,2026-01-12,0.0621899305444419,0.006743468988050127,331.86,314.5368620159365
2025-12-12,309.29,2026-01-12,0.0729735846616443,0.010229297085541936,331.86,312.4538192955873
2025-12-15,308.22,2026-01-14,0.0896113165920444,0.017190351279495315,335.84,313.5184100713661
2025-12-16,306.57,2026-01-15,0.0854943406073653,0.015114514806619695,332.78,311.2036568042654
2025-12-17,296.72,2026-01-16,0.1121596117551899,0.014871537131681793,330.0,301.13268249771266
2025-12-18,302.46,2026-01-20,0.0646035839449845,0.008690914242498092,322.0,305.0886539217859
2025-12-19,307.16,2026-01-20,0.048313582497721,0.011410773892123943,322.0,310.6649333087048
2025-12-22,309.78,2026-01-21,0.0600426108851444,0.00910782310242646,328.38,312.60142144066964
2025-12-23,314.35,2026-01-22,0.0515031016383011,-0.004472493707434085,330.54,312.9440716030681
2025-12-24,314.09,2026-01-23,0.0440638033684612,-0.004570604917476549,327.93,312.65441870146975
2025-12-26,313.51,2026-01-26,0.0629963956492616,0.0012708599926029305,333.26,313.90842731628095
2025-12-29,313.56,2026-01-28,0.0715971424926649,0.0062110353250188115,336.01,315.50753223651293
2025-12-30,313.85,2026-01-29,0.077744145292337,0.0046055251234629994,338.25,315.29544405999883
2025-12-31,313.0,2026-01-30,0.0798722044728434,0.007835648383690878,338.0,315.4525579440952
2026-01-02,315.15,2026-02-02,0.0905600507694748,0.0034857269220073795,343.69,316.2485268394706
2026-01-05,316.54,2026-02-04,0.0521261136033359,-0.00022635486129820003,333.04,316.4683496322047
2026-01-06,314.34,2026-02-05,0.0537952535471146,-0.00046515366735607865,331.25,314.1937835962033
2026-01-07,321.98,2026-02-06,0.0027330890117398,0.0024883671141309673,322.86,322.7812044434079
2026-01-08,325.44,2026-02-09,-0.0034414945919371,-0.0076258218843814314,324.32,322.95825252594693
2026-01-09,328.57,2026-02-09,-0.0129348388471254,-0.018041836165657486,324.32,322.64199389104994
2026-01-12,331.86,2026-02-11,-0.0629783643705177,-0.019075285689679356,310.96,325.52967569102304
2026-01-13,335.97,2026-02-12,-0.0802750245557639,-0.0176923973399605,309.0,330.0258852656935
2026-01-14,335.84,2026-02-13,-0.0896855645545496,-0.020815674348838024,305.72,328.8492639266862
2026-01-15,332.78,2026-02-17,-0.0924334395095859,-0.017027566657291843,302.02,327.1135663677864
2026-01-16,330.0,2026-02-17,-0.0847878787878788,-0.004759450335745771,302.02,328.4293813892039
2026-01-20,322.0,2026-02-19,-0.0594720496894409,0.001108193074357345,302.85,322.35683816994305
2026-01-21,328.38,2026-02-20,-0.0408063828491381,-0.005169813904045379,314.98,326.6823365101896
2026-01-22,330.54,2026-02-23,-0.057632964240334,0.004509761595898096,311.49,332.03065659790815
2026-01-23,327.93,2026-02-23,-0.0501326502607263,0.005043740819555285,311.49,329.5839939269568
2026-01-26,333.26,2026-02-25,-0.0610934405569225,0.0021507575695438,312.9,333.9767614676262
2026-01-27,334.55,2026-02-26,-0.0812135704677926,0.004072769227923301,307.38,335.9125449452017
2026-01-28,336.01,2026-02-27,-0.072170471116931,0.014564093318741606,311.76,340.90368099603035
2026-01-29,338.25,2026-03-02,-0.0938063562453807,0.01414773623690253,306.52,343.0354717821323
2026-01-30,338.0,2026-03-02,-0.0931360946745563,0.014691049511148892,306.52,342.9655747347683
2026-02-02,343.69,2026-03-04,-0.1183042858389828,0.009695129817118953,303.03,347.02211916684564
2026-02-03,339.71,2026-03-05,-0.1144064054634834,0.015335187413100323,300.845,344.91951651610424
2026-02-04,333.04,2026-03-06,-0.1037713187605092,0.017019390111119293,298.48,338.7081376826072
2026-02-05,331.25,2026-03-09,-0.0752,0.015611716060755846,306.34,336.42138094512535
2026-02-06,322.86,2026-03-09,-0.0511676887815153,0.0405778614444156,306.34,335.9609683459441
2026-02-09,324.32,2026-03-11,-0.0481623088307844,0.04157489977496353,308.7,337.8035714950161
2026-02-10,318.58,2026-03-12,-0.0471781028313138,0.03071640532511949,303.55,328.36563240847653
2026-02-11,310.96,2026-03-13,-0.0279135580138925,0.02791071487955001,302.28,319.63911589894485
2026-02-12,309.0,2026-03-16,-0.0111326860841424,0.013375789003662687,305.56,313.1331188021318
2026-02-13,305.72,2026-03-16,-0.0005233547036505,0.029854274141311202,305.56,314.8470486904817
2026-02-17,302.02,2026-03-19,0.0169194093106417,0.020608760936229712,307.13,308.2442579779601
2026-02-18,303.33,2026-03-20,-0.0076814030923416,0.04205765361053582,301.0,316.0873480696838
2026-02-19,302.85,2026-03-23,-0.0026085520884927,0.016973170807692645,302.06,307.9903247791097
2026-02-20,314.98,2026-03-23,-0.0410184773636421,0.043006694558034526,302.06,328.5262486518897
2026-02-23,311.49,2026-03-25,-0.0660053292240521,0.03662694670952366,290.93,322.89892763054957
2026-02-24,310.9,2026-03-26,-0.0964297201672562,0.04049624196520274,280.92,323.49028162698147
2026-02-25,312.9,2026-03-27,-0.1232342601470118,0.0393980952818155,274.34,325.22766401368006
2026-02-26,307.38,2026-03-30,-0.1102218752033313,0.039473465877453956,273.5,319.5133539414118
2026-02-27,311.76,2026-03-30,-0.1227226071336925,0.037729983430393105,273.5,323.5226996342593
2026-03-02,306.52,2026-04-01,-0.029785984601331,0.03746954544319433,297.39,318.00516506924794
2026-03-03,303.53,2026-04-02,-0.0255658419266628,0.03824142284929154,295.77,315.13741907744543
2026-03-04,303.03,2026-04-06,-0.0100320100320099,0.039556373409425645,299.99,315.01676783425825
2026-03-05,300.845,2026-04-06,-0.0028419950472835,0.03922374928067065,299.99,312.6452688523434
2026-03-06,298.48,2026-04-06,0.0050589654248189,0.03763803491392613,299.99,309.71420066110863
2026-03-09,306.34,2026-04-08,0.0358425279101652,0.04172054844010185,317.32,319.12067280914073
2026-03-10,307.04,2026-04-09,0.0372915581031787,0.04070070171834315,318.49,319.5367434556001
2026-03-11,308.7,2026-04-10,0.0276643990929705,0.0384110808344095,317.24,320.5575006535822
2026-03-12,303.55,2026-04-13,0.0585076593641904,0.04032174717512751,321.31,315.78966635501
2026-03-13,302.28,2026-04-13,0.0629548762736535,0.04056809771964104,321.31,314.54292457869303
2026-03-16,305.56,2026-04-15,0.1032857703887943,0.03863991168201708,337.12,317.3668114135571
2026-03-17,310.92,2026-04-16,0.0807281615849735,0.03431382458655832,336.02,321.58885434045277
2026-03-18,307.69,2026-04-17,0.1104683285124639,0.034964323543312296,341.68,318.44817271104176
2026-03-19,307.13,2026-04-20,0.0986227330446392,0.03688581429011157,337.42,318.45874014292195
2026-03-20,301.0,2026-04-20,0.1209966777408637,0.026338536952294104,337.42,308.92789962264055
2026-03-23,302.06,2026-04-22,0.1233529762298881,0.0235584081180074,339.32,309.17605275612533
2026-03-24,290.44,2026-04-23,0.166815865583253,0.03471980004933011,338.89,300.5240187263274
2026-03-25,290.93,2026-04-24,0.1837899150998521,0.038247387835002214,344.4,302.0573125428372
2026-03-26,280.92,2026-04-27,0.2471166168304142,0.017318310611651986,350.34,285.7850598170253
2026-03-27,274.34,2026-04-27,0.2770285047750966,0.009556488942122684,350.34,276.9617271763819
2026-03-30,273.5,2026-04-29,0.2794881170018282,0.011017149299519554,349.94,276.51319033341855
2026-03-31,287.56,2026-04-30,0.3381555153707052,0.007438199345227454,384.8,289.6989286037136
2026-04-01,297.39,2026-05-01,0.296916506943744,0.007385534407037178,385.69,299.5863840773088
2026-04-02,295.77,2026-05-04,0.2957703621056904,0.008394081298670036,383.25,298.2527174257076
2026-04-06,299.99,2026-05-06,0.326844228140938,0.00734788629413421,398.04,302.19429240937734
2026-04-07,305.46,2026-05-07,0.3029201859490604,0.009022353921218102,397.99,308.2159682287753
2026-04-08,317.32,2026-05-08,0.2630782806000253,0.011660133533767669,400.8,321.0199935729351
2026-04-09,318.49,2026-05-11,0.2202580928757573,0.01108469428268879,388.64,322.02036428209357
2026-04-10,317.24,2026-05-11,0.2250661959399822,0.010694640916523513,388.64,320.632767884358
2026-04-13,321.31,2026-05-13,0.2530577946531387,0.010858470536906433,402.62,324.7989351682134
2026-04-14,332.91,2026-05-14,0.2047400198251778,0.015214522495979408,401.07,337.97506668413655
2026-04-15,337.12,2026-05-15,0.176969625059326,0.01427447659890692,396.78,341.9322115510235
2026-04-16,336.02,2026-05-18,0.1812987322183203,0.015615437681246002,396.94,341.26709936965227
2026-04-17,341.68,2026-05-18,0.161730273940529,0.016020977135610962,396.94,347.1540474676956
2026-04-20,337.42,2026-05-20,0.1525991346096853,0.012542892775033381,388.91,341.6522228801517
2026-04-21,332.29,2026-05-21,0.1666315567726985,0.010346620336215397,387.66,335.7280784715211
2026-04-22,339.32,2026-05-22,0.1286396322055878,0.015328402391393443,382.97,344.52123349944765
2026-04-23,338.89,2026-05-26,0.1475109917672401,0.014099452334981789,388.88,343.66816340180196
2026-04-24,344.4,2026-05-26,0.1291521486643438,0.03215916514576358,388.88,355.47561647620097
2026-04-27,350.34,2026-05-27,0.1098647028600787,0.036264684886173806,388.83,363.0449697030221
2026-04-28,349.78,2026-05-28,0.115358225170107,0.030411281964934648,390.13,360.41725820569485
2026-04-29,349.94,2026-05-29,0.0868720352060352,0.05746773087932565,380.34,370.05025774391123
2026-04-30,384.8,2026-06-01,-0.0219074844074844,0.015033279005396274,376.37,390.58480576127647
2026-05-01,385.69,2026-06-01,-0.0241644844305011,0.014487203073483836,376.37,391.27756935341205
2026-05-04,383.25,2026-06-03,-0.0633007175472928,0.01743544746016445,358.99,389.932135239108
2026-05-05,388.43,2026-06-04,-0.0418093350153181,0.021312238731330344,372.19,396.70831289041064
2026-05-06,398.04,2026-06-05,-0.0741382775600443,0.009528122045948903,368.53,401.83257369916953
2026-05-07,397.99,2026-06-08,-0.0871378677856228,0.01374682119411915,363.31,403.4610973670475
2026-05-08,400.8,2026-06-08,-0.0935379241516966,0.025381613171728275,363.31,410.97295055922876
2026-05-11,388.64,2026-06-10,-0.0830074104569781,0.013286555866690575,356.38,393.80368707203064
2026-05-12,387.35,2026-06-11,-0.0763650445333679,0.006578012526771806,357.77,389.8979931522451
2026-05-13,402.62,2026-06-12,-0.1066514331131091,0.022559517913267105,359.68,411.7029131022396
2026-05-14,401.07,2026-06-15,-0.0790884384272071,0.02634703458341912,369.35,411.6370051603719
2026-05-15,396.78,2026-06-15,-0.0691315086445888,0.01567528319886744,369.35,402.9996388676466
2026-05-18,396.94,2026-06-17,-0.0835138811911119,0.015135673278054212,363.79,402.9479541509909
2026-05-19,387.66,2026-06-18,-0.0506371562709592,0.001828167049521134,368.03,388.36870723841736
2026-05-20,388.91,2026-06-22,-0.1008716669666504,0.002657365369438698,349.68,389.9434759658284
2026-05-21,387.66,2026-06-22,-0.0979724500851262,0.0019353488115035995,349.68,388.41025732026753
2026-05-22,382.97,2026-06-22,-0.0869258688670131,0.008113951202772994,349.68,386.07739989212604
2026-05-26,388.88,2026-06-25,-0.1161540835219091,0.00583165601459363,343.71,391.1478143909552
2026-05-27,388.83,2026-06-26,-0.1322943188539979,0.0067737690832931656,337.39,391.4638446326569
2026-05-28,390.13,2026-06-29,-0.0935072924409812,0.005240486235767298,353.65,392.1744708951599
2026-05-29,380.34,2026-06-29,-0.0701740547930799,0.003998619883667068,353.65,381.8608350865539
2026-06-01,376.37,2026-07-01,-0.0402795121821611,0.01083180179597827,361.21,380.44676524195233
2026-06-02,361.85,2026-07-02,-0.0053613375708165,0.022523147263729757,359.91,370.00000083738064
2026-06-03,358.99,2026-07-06,0.0208083790634836,0.017625327147424222,366.46,365.31731619265383
2026-06-04,372.19,2026-07-06,-0.0153953625836267,0.02373242282684079,366.46,381.0229704519219
2026-06-05,368.53,2026-07-06,-0.0056169104279163,0.01770774653500356,366.46,375.0558358305448
2026-06-08,363.31,2026-07-08,-0.0038259337755635,0.02254821481212518,361.92,371.50199192339323
2026-06-09,364.26,2026-07-09,-0.0147422170976775,0.022165829020294785,358.89,372.3341248789326
2026-06-10,356.38,2026-07-10,0.0022447948818677,0.02523160455512258,357.18,365.3720392313546
2026-06-11,357.77,2026-07-13,-0.0147021829667104,0.026184121047841517,352.51,367.13789298728625
2026-06-12,359.68,2026-07-13,-0.0199343861209965,0.024317881027562393,352.51,368.42665544799365
2026-06-15,369.35,2026-07-15,0.0042507107080005,0.02267588099512516,370.92,377.7253366455495
2026-06-16,373.25,2026-07-16,-0.0503415941058272,0.011954592604591939,354.46,377.7120516896639
2026-06-17,363.79,2026-07-17,-0.0467852332389566,0.02228808319563074,346.77,371.89818178573853
2026-06-18,368.03,2026-07-20,-0.0435834035268862,0.008656751193640002,351.99,371.21594414179526
2026-06-22,349.68,2026-07-22,-0.0217055593685656,0.024671625059626175,342.09,358.30717385085006
2026-06-23,346.13,2026-07-23,-0.082165660301043,0.008771093595204662,317.69,349.16593862610813
2026-06-24,345.29,2026-07-24,-0.0739957716701903,0.006747999135233605,319.74,347.6200166214048
2026-06-25,343.71,2026-07-27,-0.0498967152541386,0.013935797114670356,326.56,348.4998728262833
2026-06-26,337.39,2026-07-27,-0.0320993508995524,0.005101077852378034,326.56,339.1110526566138
2026-06-29,353.65,2026-07-29,-0.0479004665629859,0.021182077924553445,336.71,361.1410418580183
2026-06-30,357.37,2026-07-30,-0.0663458040686123,0.021159101442623063,333.66,364.9316280825502
2026-07-01,361.21,2026-07-31,-0.0140638409789318,0.012464703820661257,356.13,365.71237566706105
2026-07-02,359.91,2026-08-03,0.0377872245839236,0.021095144253774328,373.51,367.50235336837596
2026-07-06,366.46,2026-08-05,-0.0109971074605685,0.030252715477971856,362.43,377.54641011405755
2026-07-07,367.03,2026-08-06,-0.0252840367272428,0.022964163478553633,357.75,375.4585369215335
2026-07-08,361.92,2026-08-07,-0.0210543766578249,0.02166404568067845,354.3,369.76065141275114
2026-07-09,358.89,2026-08-10,-0.0038173256429546,0.0188343407942077,357.52,365.6494565676332
2026-07-10,357.18,2026-08-10,0.0009519010022955,0.009452599196100274,357.52,360.5562793808631
2026-07-13,352.51,2026-08-12,-0.02544608663584,0.009568687870317972,343.54,355.8830581611658
2026-07-14,359.51,2026-08-13,-0.036577563906428,0.009685100524814007,346.36,362.9918904896759
2026-07-15,370.92,2026-08-14,-0.0674538984147525,0.012953021807537974,345.9,375.724534848852
2026-07-16,354.46,2026-08-17,-0.0295096766913049,0.008701233877199612,344.0,357.54423936011216
2026-07-17,346.77,2026-08-17,-0.0079880035758571,0.00837125334748331,344.0,349.6728995233068
2026-07-20,351.99,2026-08-19,-0.0206539958521548,0.00815677243681688,344.72,354.8611023300351
2026-07-21,347.15,2026-08-20,-0.0186662825867779,0.00917065139264336,340.67,350.3335916309561
2026-07-22,342.09,2026-08-21,0.0079803560466544,0.008815140340217699,344.82,345.10557135898506
2026-07-23,317.69,2026-08-24,0.0955963360508671,0.02075977457643494,348.06,324.2851727851876
2026-07-24,319.74,2026-08-24,0.0885719647213361,0.020328864664539006,348.06,326.2399511878397
