Date,Current_Close,Future_Date,Actual_Return,Predicted_Return,Actual_Future_Price,Predicted_Future_Price
2022-01-28,132.869,2022-04-28,-0.1111997531403111,0.058815483157595105,118.094,140.6837544316665
2022-01-31,134.815,2022-05-02,-0.1383599747802544,0.058777829254885484,116.162,142.7391330509974
2022-02-01,137.147,2022-05-02,-0.1530110027926239,0.05642739512766622,116.162,144.88584795957402
2022-02-02,147.465,2022-05-02,-0.2122740989387311,0.10770515221610914,116.162,163.34774027154856
2022-02-03,142.574,2022-05-03,-0.1800047694530561,0.10918083625224781,116.91,158.14034854782798
2022-02-04,142.775,2022-05-04,-0.146776396427946,0.10921854633827766,121.819,158.3686779534476
2022-02-07,138.698,2022-05-09,-0.1917331179973755,0.11275039388183418,112.105,154.33625413062265
2022-02-08,138.895,2022-05-09,-0.1928795133014147,0.10981219385892398,112.105,154.14736466603526
2022-02-09,141.081,2022-05-09,-0.205385558650704,0.11719422712761743,112.105,157.61487875739138
2022-02-10,138.12,2022-05-10,-0.1747610773240661,0.11507308325951264,113.982,154.0138942598039
2022-02-11,133.797,2022-05-11,-0.1540019581903929,0.11391100975986192,113.192,149.03795137284024
2022-02-14,135.037,2022-05-16,-0.1555499603812289,0.110149742983445,114.032,149.91129084325547
2022-02-15,136.114,2022-05-16,-0.1622316587566304,0.11223919732813134,114.032,151.39132610512127
2022-02-16,137.241,2022-05-16,-0.1691112714130618,0.1150449474730096,114.032,153.02988363614332
2022-02-17,132.061,2022-05-17,-0.1212242827178349,0.11858300681648049,116.052,147.72119046319122
2022-02-18,129.932,2022-05-18,-0.1418973001262197,0.07274460329331892,111.495,139.38385179510752
2022-02-22,129.345,2022-05-23,-0.1411728323475976,0.06776985682159467,111.085,138.11069213058917
2022-02-23,127.127,2022-05-23,-0.1261887718580632,0.0627197861038937,111.085,135.1003782480297
2022-02-24,132.211,2022-05-24,-0.201367511024045,0.12699289325639562,105.588,149.00085741032132
2022-02-25,133.974,2022-05-25,-0.2131085135921894,0.12114044512018705,105.423,150.2036699945319
2022-02-28,134.569,2022-05-31,-0.1576737584436236,0.10796644600832,113.351,149.0979366728936
2022-03-01,133.578,2022-06-01,-0.1504589079039962,0.10941457231691634,113.48,148.19337974094907
2022-03-02,134.086,2022-06-02,-0.1259564756947034,0.10636502043663351,117.197,148.34806013026645
2022-03-03,133.416,2022-06-03,-0.14457786172573,0.057303786742275126,114.127,141.0612420120074
2022-03-04,131.429,2022-06-06,-0.114365931415441,0.058830251183972004,116.398,139.16100108285826
2022-03-07,125.922,2022-06-07,-0.0730293356204634,0.0353465789424365,116.726,130.3729119135895
2022-03-08,126.645,2022-06-08,-0.0779659678629238,0.02003022825737922,116.771,129.18172825765578
2022-03-09,132.938,2022-06-09,-0.1392904963215934,0.09930421225390045,114.421,146.139303368609
2022-03-10,131.952,2022-06-10,-0.1605962774342185,0.0988207923068864,110.761,144.99160118647828
2022-03-11,129.401,2022-06-13,-0.1807791284456844,0.08980007412975262,106.008,141.02121939246413
2022-03-14,125.496,2022-06-14,-0.1527219991075412,0.06533946577508049,106.33,133.6958415969095
2022-03-15,128.731,2022-06-15,-0.1504144300906541,0.08395799459497101,109.368,139.53899660220523
2022-03-16,132.8,2022-06-16,-0.2044352409638555,0.10573752372744499,105.651,146.8419431510047
2022-03-17,133.356,2022-06-17,-0.19946609076457,0.10659057900291857,106.756,147.5704932535132
2022-03-18,135.635,2022-06-21,-0.1805876064437643,0.09931415604365318,111.141,149.1054755549809
2022-03-21,135.611,2022-06-21,-0.1804425894654562,0.0983250502429358,111.141,148.94495838849477
2022-03-22,139.363,2022-06-22,-0.2029089500082518,0.0988450369125611,111.085,153.13834087924525
2022-03-23,137.776,2022-06-23,-0.1882766229241668,0.100906080324614,111.836,151.67843612280404
2022-03-24,141.061,2022-06-24,-0.1666796634080292,0.09760338674624518,117.549,154.8290313378121
2022-03-25,141.161,2022-06-27,-0.1823804025191093,0.09818936162843497,115.416,155.0215084768315
2022-03-28,140.945,2022-06-28,-0.2081734009720103,0.09985776093554215,111.604,155.01945211505998
2022-03-29,141.991,2022-06-29,-0.2161615877062631,0.09850493139356918,111.298,155.97781371350428
2022-03-30,141.425,2022-06-30,-0.2323139473219021,0.09827090718912561,108.57,155.32296304922212
2022-03-31,138.566,2022-06-30,-0.2164744598241993,0.10601534234787842,108.57,153.25612192777612
2022-04-01,139.644,2022-07-01,-0.224134227034459,0.1031476404522252,108.345,154.04794910331054
2022-04-04,142.456,2022-07-05,-0.2077974953669904,0.06081705428458533,112.854,151.11975428516487
2022-04-05,140.083,2022-07-05,-0.1943776189830315,0.060797055722279156,112.854,148.59963395674404
2022-04-06,136.054,2022-07-06,-0.1609360989019066,0.05106001518485257,114.158,143.00091930595994
2022-04-07,135.397,2022-07-07,-0.1258742808186296,0.05551668975220078,118.354,142.91379324237872
2022-04-08,132.807,2022-07-08,-0.1045426822381349,0.050641748826803314,118.923,139.53257873644125
2022-04-11,128.358,2022-07-11,-0.1020583056763115,0.04432951012845709,115.258,134.0480472610685
2022-04-12,127.253,2022-07-12,-0.1072273345225652,0.05207201921927409,113.608,133.8793206617103
2022-04-13,129.425,2022-07-13,-0.1427313115704076,0.07391733841939782,110.952,138.99175152493058
2022-04-14,126.272,2022-07-14,-0.1291180942726811,0.06850857583345248,109.968,134.92271488764172
2022-04-18,127.215,2022-07-18,-0.1460440985732815,0.06902340128880632,108.636,135.9958119949555
2022-04-19,129.54,2022-07-19,-0.1246024394009571,0.059906959514992184,113.399,137.3003475355721
2022-04-20,127.578,2022-07-20,-0.1104422392575522,0.07727265865494005,113.488,137.43629124587997
2022-04-21,124.363,2022-07-21,-0.0839156340712269,0.06373987688322771,113.927,132.28988230882885
2022-04-22,119.204,2022-07-22,-0.0981007348746685,0.0320410275695385,107.51,123.02341865039925
2022-04-25,122.629,2022-07-25,-0.1264545906759413,0.03321296006197427,107.122,126.70187207943984
2022-04-26,118.222,2022-07-26,-0.1148770956336383,0.0218059928750729,104.641,120.79994808967686
2022-04-27,113.881,2022-07-27,-0.010800748149384,0.03802148313104699,112.651,118.21092452044677
2022-04-28,118.094,2022-07-28,-0.0362931224278962,0.024295653546014283,113.808,120.96317090986301
2022-04-29,113.698,2022-07-29,0.0193670952875162,-0.04296098913065636,115.9,108.81342145782263
2022-05-02,116.162,2022-08-02,-0.0124567414472891,-0.06726616336412303,114.715,108.34822793129675
2022-05-03,116.91,2022-08-03,0.0063638696433154,-0.06788233310268921,117.654,108.9738764369646
2022-05-04,121.819,2022-08-04,-0.0332870898628293,0.04660865390714149,117.764,127.49681961031408
2022-05-05,116.085,2022-08-05,0.0082784166774347,-0.01213667759823072,117.046,114.67611378100939
2022-05-06,115.328,2022-08-08,0.0134312569367369,-0.08196391956459276,116.877,105.87526508445465
2022-05-09,112.105,2022-08-09,0.0366085366397572,-0.059988108513821,116.209,105.38003309505811
2022-05-10,113.982,2022-08-10,0.0463757435384535,0.013312917396392473,119.268,115.4994329506756
2022-05-11,113.192,2022-08-11,0.0461074987631635,-0.016629615235687383,118.411,111.30966059224207
2022-05-12,112.437,2022-08-12,0.0783016266887235,-0.0380613007321358,121.241,108.15750152958086
2022-05-13,115.631,2022-08-15,0.0519583848621909,0.02418772451735305,121.639,118.42785077366604
2022-05-16,114.032,2022-08-16,0.0633857162901643,0.019088022347496358,121.26,116.2086453643297
2022-05-17,116.052,2022-08-17,0.0264191913969598,0.028769872309215714,119.118,119.39080122122911
2022-05-18,111.495,2022-08-18,0.0739136284138302,0.0006445719447578633,119.736,111.56686654898078
2022-05-19,109.985,2022-08-19,0.0618447970177751,0.021754759601837793,116.787,112.37769723480812
2022-05-20,108.515,2022-08-22,0.0489609731373543,-0.014170690919223046,113.828,106.97726747490051
2022-05-23,111.085,2022-08-23,0.021271998919746,-0.038683485224450684,113.448,106.7878450438419
2022-05-24,105.588,2022-08-24,0.07284918740766,-0.010052091892748307,113.28,104.52661972122849
2022-05-25,105.423,2022-08-25,0.1025013516974473,0.04242296167918729,116.229,109.89535588910498
2022-05-26,107.402,2022-08-26,0.0236494664903819,0.007516310275571622,109.942,108.20926675621693
2022-05-27,111.91,2022-08-29,-0.0257796443570725,0.02715136538697583,109.025,114.94850930045648
2022-05-31,113.351,2022-08-31,-0.0487159354571199,0.022929866563399202,107.829,115.95012330482787
2022-06-01,113.48,2022-09-01,-0.0364469510045823,0.04663111083320925,109.344,118.77169845735258
2022-06-02,117.197,2022-09-02,-0.0830823314589964,0.07789432973372222,107.46,126.32598176180305
2022-06-03,114.127,2022-09-06,-0.0674862214900943,0.03843163988615456,106.425,118.51308776528717
2022-06-06,116.398,2022-09-06,-0.0856801663258819,0.08205830343026782,106.425,125.9494224026763
2022-06-07,116.726,2022-09-07,-0.0657180062710963,0.08378932917158051,109.055,126.5063932368819
2022-06-08,116.771,2022-09-08,-0.0752070291425096,0.08488808579241973,107.989,126.68346666606664
2022-06-09,114.421,2022-09-09,-0.0364443589900455,0.03584858418033346,110.251,118.52283085049795
2022-06-10,110.761,2022-09-12,-0.0027265914897842,0.02919565665002408,110.459,113.9947401262133
2022-06-13,106.008,2022-09-13,-0.0194796619123084,0.0110028689154726,103.943,107.17439212799142
2022-06-14,106.33,2022-09-14,-0.0160726041568701,0.05616108369868025,104.621,112.30160802968068
2022-06-15,109.368,2022-09-15,-0.0624497110672225,0.026471140435478144,102.538,112.26309568714736
2022-06-16,105.651,2022-09-16,-0.0304966351477978,0.038097893802732055,102.429,109.67608057815245
2022-06-17,106.756,2022-09-19,-0.0380119150211698,0.04157704153293459,102.698,111.19459864588997
2022-06-21,111.141,2022-09-21,-0.1099468243042621,0.05290936330921316,98.9214,117.02139954754928
2022-06-22,111.085,2022-09-22,-0.1017869199261825,0.07251083742455795,99.778,119.13986637530702
2022-06-23,111.836,2022-09-23,-0.1202895310991093,0.09252920169595301,98.3833,122.18409580086859
2022-06-24,117.549,2022-09-26,-0.1678746735403959,0.11128874513565336,97.8155,130.63088070195093
2022-06-27,115.416,2022-09-27,-0.1582813474734872,0.11003122913394106,97.1478,128.11536434172294
2022-06-28,111.604,2022-09-28,-0.1067640944769005,0.10467078746181722,99.6887,123.28567856388864
2022-06-29,111.298,2022-09-29,-0.1278540494887599,0.1069441070485748,97.0681,123.20066522629229
2022-06-30,108.57,2022-09-30,-0.12218384452427,0.08724805044293303,95.3045,118.04252083658922
2022-07-01,108.345,2022-10-03,-0.0928635377728552,0.09850524675919564,98.2837,119.01755096012505
2022-07-05,112.854,2022-10-05,-0.1044712637567122,0.12200054564400822,101.064,126.6222495781089
2022-07-06,114.158,2022-10-06,-0.1147882758983163,0.11010719735794372,101.054,126.72761743598814
2022-07-07,118.354,2022-10-07,-0.1692414282576001,0.1160612644883287,98.3236,132.09031489725166
2022-07-08,118.923,2022-10-10,-0.1800862743119496,0.11626749729075989,97.5066,132.74987958030903
2022-07-11,115.258,2022-10-11,-0.159893456419511,0.12078720718773761,96.829,129.17969192604426
2022-07-12,113.608,2022-10-12,-0.1443586719245123,0.12054175343381629,97.2077,127.302507524109
2022-07-13,110.952,2022-10-13,-0.1104063018242121,0.11597725543811094,98.7022,123.81990844536928
2022-07-14,109.968,2022-10-14,-0.1250982103884766,0.11898787083458806,96.2112,123.052858179938
2022-07-15,111.374,2022-10-17,-0.1056359653060857,0.12195361555299541,99.6089,124.95646197859931
2022-07-18,108.636,2022-10-18,-0.0757575757575756,0.12255585507370187,100.406,121.94997787178667
2022-07-19,113.399,2022-10-19,-0.124594573144384,0.11242149025185562,99.2701,126.14748457307019
2022-07-20,113.488,2022-10-20,-0.1222957493303256,0.10980972518393488,99.6089,125.95008609167441
2022-07-21,113.927,2022-10-21,-0.1155301201646669,0.10858944297521002,100.765,126.29826946983677
2022-07-22,107.51,2022-10-24,-0.0498651288252256,0.13200283822152664,102.149,121.70162513719633
2022-07-25,107.122,2022-10-25,-0.02818281958888,0.10629169785575718,104.103,118.50817925770441
2022-07-26,104.641,2022-10-26,-0.0960799304287993,0.07741588806005138,94.5871,112.74187594249183
2022-07-27,112.651,2022-10-27,-0.1843223761884048,0.1281307925369365,91.8869,127.08506191007844
2022-07-28,113.808,2022-10-28,-0.1569828131590047,0.12151923888501254,95.9421,127.63786153902552
2022-07-29,115.9,2022-10-31,-0.1875004314063848,0.11819413331989218,94.1687,129.5987000517755
2022-08-01,114.445,2022-11-01,-0.2123447944427454,0.12007639992581559,90.1432,128.18714358950996
2022-08-02,114.715,2022-11-02,-0.2445983524386523,0.11852561791781999,86.6559,128.31166625944272
2022-08-03,117.654,2022-11-03,-0.2934477365835416,0.11814593595912333,83.1287,131.55434194933468
2022-08-04,117.764,2022-11-04,-0.2674569477938928,0.12324007636314195,86.2672,132.27724435282906
2022-08-05,117.046,2022-11-07,-0.2467021512909454,0.12094674071498616,88.1705,131.2023322137263
2022-08-08,116.877,2022-11-08,-0.2421186375420313,0.12051606608028834,88.5789,130.96255625526587
2022-08-09,116.209,2022-11-09,-0.2513092789715082,0.12073269214889731,87.0046,130.23922542193122
2022-08-10,119.268,2022-11-10,-0.2152069289331589,0.11719887255768396,93.6007,133.24607513220985
2022-08-11,118.411,2022-11-11,-0.1887425999273715,0.11778109898723102,96.0618,132.357577712177
2022-08-12,121.241,2022-11-14,-0.2135144051929628,0.12103519941737152,95.3543,135.91542861256153
2022-08-15,121.639,2022-11-15,-0.1936434860529928,0.11800065902067859,98.0844,135.9924821626163
2022-08-16,121.26,2022-11-16,-0.1877535873330035,0.11799659926914861,98.493,135.56826762737697
2022-08-17,119.118,2022-11-17,-0.1772469316140297,0.121026382967489,98.0047,133.53442068632134
2022-08-18,119.736,2022-11-18,-0.1892329792209527,0.11627893989563359,97.078,133.6587751473436
2022-08-19,116.787,2022-11-21,-0.1843724044628255,0.12110153934420977,95.2547,130.93008547539225
2022-08-22,113.828,2022-11-22,-0.1504779140457532,0.11588360946134489,96.6994,127.01879949776597
2022-08-23,113.448,2022-11-23,-0.1352478668641139,0.11184638718985243,98.1044,126.13674893391438
2022-08-24,113.28,2022-11-25,-0.1427612994350282,0.1250143050573027,97.108,127.44162047689126
2022-08-25,116.229,2022-11-25,-0.1645114386254721,0.09764862250376523,97.108,127.57860174499012
2022-08-26,109.942,2022-11-28,-0.1295128340397663,0.04452562395343706,95.7031,114.83723614868877
2022-08-29,109.025,2022-11-29,-0.1300509057555607,0.049798338155404825,94.8462,114.45426381739301
2022-08-30,108.547,2022-11-30,-0.0729822104710401,0.04515589026493094,100.625,113.44853642058746
2022-08-31,107.829,2022-11-30,-0.0668094853889027,0.05158560181128686,100.625,113.39142385770924
2022-09-01,109.344,2022-12-01,-0.0797391717881181,0.04080754223924326,100.625,113.80605989860781
2022-09-02,107.46,2022-12-02,-0.0687046342825237,0.056792065445797256,100.077,113.56287535280536
2022-09-06,106.425,2022-12-06,-0.0920394644115574,0.05824021083395438,96.6297,112.62321443800359
2022-09-07,109.055,2022-12-07,-0.1325743890697355,0.056921628985359046,94.5971,115.26258824899834
2022-09-08,107.989,2022-12-08,-0.1353600829714137,0.06486954129145767,93.3716,114.99419689452323
2022-09-09,110.251,2022-12-09,-0.1610534144815013,0.056209022020719805,92.4947,116.44810088680639
2022-09-12,110.459,2022-12-12,-0.158303986094388,0.062490645765502804,92.9729,117.36165424061167
2022-09-13,103.943,2022-12-13,-0.083299500687877,0.07875085741895434,95.2846,112.12860037269837
2022-09-14,104.621,2022-12-14,-0.0945737471444546,0.0780366725181259,94.7266,112.78527471551884
2022-09-15,102.538,2022-12-15,-0.1170912247166903,0.053112796178506734,90.5317,107.98407989455173
2022-09-16,102.429,2022-12-16,-0.1219879135791622,0.048475496333158716,89.9339,107.3942966139091
2022-09-19,102.698,2022-12-19,-0.1419453153907572,0.06077908539655764,88.1205,108.93989051205568
2022-09-20,100.775,2022-12-20,-0.1198372612255023,0.029459731046651835,88.6984,103.74380439622634
2022-09-21,98.9214,2022-12-21,-0.0977038335486558,0.02284471029621478,89.2564,101.18123072509599
2022-09-22,99.778,2022-12-22,-0.1236244462707211,0.007672184759131656,87.443,100.54351525089665
2022-09-23,98.3833,2022-12-23,-0.0963130937872586,0.03421735476609958,88.9077,101.74971627915961
2022-09-26,97.8155,2022-12-27,-0.1098108173040061,0.03521564100644449,87.0743,101.26013553286587
2022-09-27,97.1478,2022-12-27,-0.103692517998349,0.03647077436835302,87.0743,100.69085549418189
2022-09-28,99.6887,2022-12-28,-0.1402305376637472,0.020100037586494156,85.7093,101.69244661694874
2022-09-29,97.0681,2022-12-29,-0.0920755634446331,0.007394818206083652,88.1305,97.78590095310996
2022-09-30,95.3045,2022-12-30,-0.0775745111720853,-0.05612559788876656,87.9113,89.95547795601004
2022-10-03,98.2837,2023-01-03,-0.0965134605229554,-0.06219187841433219,88.798,92.17125207948929
2022-10-04,101.272,2023-01-04,-0.1334050872896754,0.06059455595379986,87.7618,107.40853187055323
2022-10-05,101.064,2023-01-05,-0.1501553471067838,0.051950146600864965,85.8887,106.31428961606981
2022-10-06,101.054,2023-01-06,-0.1388307241672768,0.05204606545421065,87.0246,106.31346309840981
2022-10-07,98.3236,2023-01-09,-0.1080259469750903,0.028616678491960527,87.7021,101.13729484937214
2022-10-10,97.5066,2023-01-10,-0.0964652649154006,0.03077773848034761,88.1006,100.50763263490786
2022-10-11,96.829,2023-01-11,-0.058241849032831,0.039471825622405365,91.1895,100.65101740319189
2022-10-12,97.2077,2023-01-12,-0.0659093878365603,0.027886069137447855,90.8008,99.91844064289229
2022-10-13,98.7022,2023-01-13,-0.0700582155210319,0.04247728534864263,91.7873,102.8948015139388
2022-10-14,96.2112,2023-01-17,-0.0545768060267412,0.023634916413839566,90.9603,98.48514367007522
2022-10-17,99.6089,2023-01-17,-0.0868255748231332,0.025666704036552503,90.9603,102.16553215570657
2022-10-18,100.406,2023-01-18,-0.0957632014023066,0.025608641055391332,90.7908,102.97726121380762
2022-10-19,99.2701,2023-01-19,-0.0660450629142107,0.03781737424734868,92.7138,103.02423452327173
2022-10-20,99.6089,2023-01-20,-0.0195052851703011,0.0022624292911237946,97.666,99.83425809301662
2022-10-21,100.765,2023-01-23,-0.0132536098843843,0.05262414029986093,99.4295,106.06767149731547
2022-10-24,102.149,2023-01-24,-0.0470087812900762,0.055856174003975266,97.3471,107.85465231833209
2022-10-25,104.103,2023-01-25,-0.088632412130294,0.05769689075131456,94.8761,110.10941941788408
2022-10-26,94.5871,2023-01-26,0.0272827901479164,0.012734496540308643,97.1677,95.79161909770784
2022-10-27,91.8869,2023-01-27,0.0775322706501144,0.055956303466792846,99.0111,97.02855126102286
2022-10-28,95.9421,2023-01-30,0.0067519889600082,-0.008856871283619434,96.5899,95.09235316961986
2022-10-31,94.1687,2023-01-31,0.0458145859505334,0.04861892223438402,98.483,98.74708070221304
2022-11-01,90.1432,2023-02-01,0.1100892801675557,-0.04705137926065313,100.067,85.90183810903109
2022-11-02,86.6559,2023-02-02,0.2388077441928362,-0.04424013808842761,107.35,82.82223101782303
2022-11-03,83.1287,2023-02-03,0.2558959781639796,0.09681193856136792,104.401,91.17655059708638
2022-11-04,86.2672,2023-02-06,0.1884934250792886,-0.044933403278347356,102.528,82.39092111270615
2022-11-07,88.1705,2023-02-07,0.2164159214249663,-0.0017166404406311017,107.252,88.01914295402933
2022-11-08,88.5789,2023-02-08,0.1177729685060438,0.03084432202781344,99.0111,91.31105611646949
2022-11-09,87.0046,2023-02-09,0.0880666079724519,-0.014955615027466408,94.6668,85.7033926967813
2022-11-10,93.6007,2023-02-10,0.0067061464283919,0.06564325944708767,94.2284,99.74495503452903
2022-11-11,96.0618,2023-02-13,-0.0186702726786298,0.10551336725201686,94.2683,106.19760398228979
2022-11-14,95.3543,2023-02-14,-0.0106570967434085,0.09461035542450154,94.3381,104.37580421425453
2022-11-15,98.0844,2023-02-15,-0.0152368776278388,0.1151615225194169,96.5899,109.3799488394035
2022-11-16,98.493,2023-02-16,-0.0337892032936349,0.11584456161628101,95.165,109.90287840727237
2022-11-17,98.0047,2023-02-17,-0.0407684529415425,0.1147152947225608,94.0092,109.24733804469615
2022-11-18,97.078,2023-02-21,-0.0578864418302808,0.11785441719555202,91.4585,108.5190711125098
2022-11-21,95.2547,2023-02-21,-0.039853151603018,0.10631956291863665,91.4585,105.38213806994585
2022-11-22,96.6994,2023-02-22,-0.0556415034633099,0.11849838706947999,91.3189,108.15812293058647
2022-11-23,98.1044,2023-02-23,-0.0768844210861082,0.1232599097059838,90.5617,110.19673948575972
2022-11-25,97.108,2023-02-27,-0.0778782386621081,0.12538573518141782,89.5454,109.28395797199713
2022-11-28,95.7031,2023-02-28,-0.0623626611886135,0.12412042564343011,89.7348,107.58180950739576
2022-11-29,94.8462,2023-02-28,-0.0538914579603609,0.12150070433066891,89.7348,106.37008010308747
2022-11-30,100.625,2023-02-28,-0.1082255900621117,0.11713292484194694,89.7348,112.41150056222092
2022-12-01,100.625,2023-03-01,-0.1052561490683229,0.11748264897365121,90.0336,112.44669155297365
2022-12-02,100.077,2023-03-02,-0.0840292974409705,0.10701750822569385,91.6676,110.78699117070276
2022-12-05,99.1207,2023-03-06,-0.0437274958711954,0.10875075432063507,94.7864,109.90015089378936
2022-12-06,96.6297,2023-03-06,-0.0190759155828901,0.11223140472301807,94.7864,107.47458696896383
2022-12-07,94.5971,2023-03-07,-0.0113756129944786,0.12223180819922978,93.521,106.15987458340335
2022-12-08,93.3716,2023-03-08,0.0057619233257222,0.12339885361883854,93.9096,104.89354840055675
2022-12-09,92.4947,2023-03-09,-0.0054932877235127,0.04876207285624201,91.9866,97.00493330021624
2022-12-12,92.9729,2023-03-13,-0.023575687108824,0.04839388276918822,90.781,97.47221962331146
2022-12-13,95.2846,2023-03-13,-0.0472647206369128,0.05688202895795648,90.781,100.70458137644731
2022-12-14,94.7266,2023-03-14,-0.011570139749553,0.05646124975758915,93.6306,100.07498222128724
2022-12-15,90.5317,2023-03-15,0.0577819702932784,0.08981793356296648,95.7628,98.66307021594241
2022-12-16,89.9339,2023-03-16,0.1114540790513922,0.08813783854013614,99.9574,97.86047955748474
2022-12-19,88.1205,2023-03-20,0.1445009957955298,0.06938721030939571,100.854,94.23493566606912
2022-12-20,88.6984,2023-03-20,0.1370441856899333,0.07298919300523816,100.854,95.17242463685582
2022-12-21,89.2564,2023-03-21,0.1712437427456181,0.087140801686521,104.541,97.03427425165279
2022-12-22,87.443,2023-03-22,0.177864437404938,0.05670331610456845,102.996,92.40130807013178
2022-12-23,88.9077,2023-03-23,0.1834520519595039,0.08535552931713232,105.218,96.49646379386881
2022-12-27,87.0743,2023-03-27,0.1724469791890375,0.07090624781408907,102.09,93.24841189403834
2022-12-28,85.7093,2023-03-28,0.174493316361235,0.039107893527683894,100.665,89.06121017873231
2022-12-29,88.1305,2023-03-29,0.146300089072455,0.05071797102426767,101.024,92.60030014535423
2022-12-30,87.9113,2023-03-30,0.1434821234585315,0.05599652188863853,100.525,92.83402703470865
2023-01-03,88.798,2023-04-03,0.1710061037410752,0.06863682613820966,103.983,94.89281288742075
2023-01-04,87.7618,2023-04-04,0.1889113486733409,0.07189278587580154,104.341,94.07124029547492
2023-01-05,85.8887,2023-04-05,0.2119522125727833,0.0506404761127069,104.093,90.23814466070144
2023-01-06,87.0246,2023-04-06,0.2413501469699372,0.061077080551319746,108.028,92.33980850414638
2023-01-09,87.7021,2023-04-10,0.2092640883171554,0.07189167660590186,106.055,94.00715101085846
2023-01-10,88.1006,2023-04-10,0.2037942987902465,0.07238396404943218,106.055,94.4776706631334
2023-01-11,91.1895,2023-04-11,0.1511193722961525,0.055250512083606096,104.97,96.227766571648
2023-01-12,90.8008,2023-04-12,0.1482497951559898,0.05744598676406701,104.262,96.01694155496669
2023-01-13,91.7873,2023-04-13,0.1661961948984227,0.056755845671611016,107.042,96.99676583341387
2023-01-17,90.9603,2023-04-17,0.1608141134099161,0.07714635537612698,105.588,97.97755562891912
2023-01-18,90.7908,2023-04-18,0.1468452750719235,0.076664444988851,104.123,97.75122629209378
2023-01-19,92.7138,2023-04-19,0.1196175758085635,0.09405883902409748,103.804,101.43435238951238
2023-01-20,97.666,2023-04-20,0.0741711547519095,0.0614881751339221,104.91,103.67130411262963
2023-01-23,99.4295,2023-04-24,0.0619383583342969,0.07037007018694034,105.588,106.42636089365239
2023-01-24,97.3471,2023-04-24,0.0846548073851198,0.0686108563860435,105.588,104.0261678976978
2023-01-25,94.8761,2023-04-25,0.0906329412781512,0.10455377996823002,103.475,104.7957548836438
2023-01-26,97.1677,2023-04-26,0.0634809715574209,0.061448443926854154,103.336,103.13850396495138
2023-01-27,99.0111,2023-04-27,0.0827270881749622,0.06750302558078966,107.202,105.69464881608211
2023-01-30,96.5899,2023-05-01,0.1058402586605846,0.07252219618717753,106.813,103.59481167749986
2023-01-31,98.483,2023-05-01,0.08458312602175,0.13737716879145362,106.813,112.01231571408873
2023-02-01,100.067,2023-05-01,0.0674148320625183,0.13871480135796607,106.813,113.94777402748757
2023-02-02,107.35,2023-05-02,-0.0224499301350721,0.03497554491937209,104.94,111.10462474709459
2023-02-03,104.401,2023-05-03,0.0060152680529879,0.1415805611757822,105.029,119.18215216731282
2023-02-06,102.528,2023-05-08,0.0473236579275904,0.13604749521668158,107.38,116.47667758957593
2023-02-07,107.252,2023-05-08,0.0011934509379778,0.005643152535863539,107.38,107.85723939577643
2023-02-08,99.0111,2023-05-08,0.0845248664038678,0.1283082181605204,107.38,111.7150378191131
2023-02-09,94.6668,2023-05-09,0.1298786903117039,0.1380123404433613,106.962,107.73198663028359
2023-02-10,94.2284,2023-05-10,0.1816607307351077,0.13636983276119283,111.346,107.07831114935478
2023-02-13,94.2683,2023-05-15,0.231474419290472,0.1386628404064502,116.089,107.33981023828737
2023-02-14,94.3381,2023-05-15,0.2305632612910373,0.1382618885367911,116.089,107.38146386697267
2023-02-15,96.5899,2023-05-15,0.201875144295625,0.12553033241172257,116.089,108.71486225461504
2023-02-16,95.165,2023-05-16,0.2512898649713653,0.126703024971097,119.079,107.22269337137445
2023-02-17,94.0092,2023-05-17,0.2807576279768362,0.12948635803628333,120.403,106.18210892990457
2023-02-21,91.4585,2023-05-22,0.3623446699869339,0.13042751567651406,124.598,103.38720494250046
2023-02-22,91.3189,2023-05-22,0.3644272981825229,0.1292733430039729,124.598,103.12399948244551
2023-02-23,90.5617,2023-05-23,0.348439792980918,0.13546015047772544,122.117,102.82920150951864
2023-02-24,88.808,2023-05-24,0.3564431132330419,0.12125059389583027,120.463,99.57602274270091
2023-02-27,89.5454,2023-05-30,0.3760952544742666,0.13199119783937813,123.223,101.36460460700626
2023-02-28,89.7348,2023-05-30,0.3731907799426754,0.12562531474034208,123.223,101.00776249316166
2023-03-01,90.0336,2023-06-01,0.3691888361678306,0.12598806279834907,123.273,101.37675885076146
2023-03-02,91.6676,2023-06-02,0.3551134752082525,0.12620455767186942,124.22,103.23646891084184
2023-03-03,93.3117,2023-06-05,0.3455440207390927,0.10983144169484022,125.555,103.56025853799643
2023-03-06,94.7864,2023-06-06,0.338272157187107,0.10613669265178807,126.85,104.84671500436946
2023-03-07,93.521,2023-06-07,0.3051400220271383,0.10713236042942431,122.058,103.54012547972019
2023-03-08,93.9096,2023-06-08,0.2959164984197568,0.10143232759345248,121.699,103.43506931137009
2023-03-09,91.9866,2023-06-09,0.323975448597948,0.07514354032478589,121.788,98.89879878643995
2023-03-10,90.3026,2023-06-12,0.3642242859009597,0.17523017191455098,123.193,106.12634012233093
2023-03-13,90.781,2023-06-13,0.3591280113680173,0.1682728120811752,123.383,106.05697415354118
2023-03-14,93.6306,2023-06-14,0.3160547940523717,0.07676740779232079,123.223,100.81837845203968
2023-03-15,95.7628,2023-06-15,0.3015283596553151,0.08179291601595626,124.638,103.59551865785282
2023-03-16,99.9574,2023-06-16,0.2313545570412996,0.08453347329334476,123.083,108.40714620337218
2023-03-17,101.253,2023-06-20,0.2113715149180766,0.08093656537193175,122.655,109.44807005360421
2023-03-20,100.854,2023-06-20,0.2161639597834492,0.09038070442540487,122.655,109.96925556411978
2023-03-21,104.541,2023-06-21,0.1489654776594828,0.09726758496993605,120.114,114.70945060034208
2023-03-22,102.996,2023-06-22,0.1913569459008117,0.07869213308339734,122.705,111.1009749390576
2023-03-23,105.218,2023-06-23,0.158528008515653,0.0719609085321049,121.898,112.78958287393102
2023-03-24,105.059,2023-06-26,0.1223407799426989,0.0665490078889075,117.912,112.05057221980073
2023-03-27,102.09,2023-06-27,0.1548829464198255,0.09474895130722413,117.902,111.76292043895452
2023-03-28,100.665,2023-06-28,0.1895494958525803,0.09759178989978698,119.746,110.48907753026205
2023-03-29,101.024,2023-06-29,0.1746614665821981,0.10767897567274606,118.669,111.9021608383635
2023-03-30,100.525,2023-06-30,0.1864511315593136,0.09286236341081995,119.268,109.85998908187267
2023-03-31,103.356,2023-06-30,0.1539533263671195,0.11050625872839365,119.268,114.77748487713184
2023-04-03,103.983,2023-07-03,0.1489089562716983,0.0864635678895633,119.467,112.97374117986047
2023-04-04,104.341,2023-07-05,0.1626302220603599,0.09868962044342185,121.31,114.63837368668706
2023-04-05,104.093,2023-07-05,0.1654001710009318,0.09796139962874303,121.31,114.29009597155475
2023-04-06,108.028,2023-07-06,0.1078238975080534,0.07005937263947636,119.676,115.59637390749735
2023-04-10,106.055,2023-07-10,0.0940549714770637,0.11005079169310283,116.03,117.72643671301203
2023-04-11,104.97,2023-07-11,0.1119081642374011,0.12297505558475207,116.717,117.87869158473141
2023-04-12,104.262,2023-07-12,0.1365694116744356,0.10185375775462435,118.501,114.88147649101265
2023-04-13,107.042,2023-07-13,0.1592645877319183,0.10440960110024461,124.09,118.21821252097239
2023-04-14,108.477,2023-07-14,0.1520137909418586,0.04784266393481439,124.967,113.66682865565687
2023-04-17,105.588,2023-07-17,0.1762700306853053,0.08480471582667647,124.2,114.54236033470711
2023-04-18,104.123,2023-07-18,0.1843012590878094,0.06948161426791752,123.313,111.35763412241839
2023-04-19,103.804,2023-07-19,0.1713325112712418,0.07198122955462771,121.589,111.27593955268858
2023-04-20,104.91,2023-07-20,0.1321037079401392,0.08762802729882772,118.769,114.10305634392
2023-04-21,105.029,2023-07-21,0.1385998152891105,0.07577299189908482,119.586,112.98736156616897
2023-04-24,105.588,2023-07-24,0.1468253968253967,0.07907781594985988,121.091,113.93766843051381
2023-04-25,103.475,2023-07-25,0.1767866634452766,0.07978486340155512,121.768,111.73073874047591
2023-04-26,103.336,2023-07-26,0.2464484787489356,0.08430750524785433,128.803,112.04800036229227
2023-04-27,107.202,2023-07-27,0.2027107703214492,0.0706230287182386,128.933,114.7729299246526
2023-04-28,106.952,2023-07-28,0.2351522178173386,0.0729208539026947,132.102,114.751031166601
2023-05-01,106.813,2023-08-01,0.2271446359525524,0.07352535350273455,131.075,114.66646358368759
2023-05-02,104.94,2023-08-02,0.2189441585668001,0.07527416261293497,127.916,112.8392706246014
2023-05-03,105.029,2023-08-03,0.2185777261518249,0.07213355365346456,127.986,112.60511500666973
2023-05-04,104.311,2023-08-04,0.2237156196374303,0.07620621276633682,127.647,112.26014625986936
2023-05-05,105.188,2023-08-07,0.2459120812259954,0.12354242069824785,131.055,118.1831801484073
2023-05-08,107.38,2023-08-08,0.2192680201154779,0.050453031175759916,130.925,112.79764648765308
2023-05-09,106.962,2023-08-09,0.2078214693068565,0.03812672498961424,129.191,111.04011075833913
2023-05-10,111.346,2023-08-10,0.160535627683078,0.06364322902288254,129.221,118.43241897878188
2023-05-11,116.149,2023-08-11,0.1114344505764148,0.040124954235227904,129.092,120.80947330946749
2023-05-12,117.085,2023-08-14,0.1176068668061665,0.06772221889541503,130.855,125.01425599936965
2023-05-15,116.089,2023-08-15,0.1138953733773227,0.0585613610801746,129.311,122.88732984643637
2023-05-16,119.079,2023-08-16,0.0768901317612678,0.04670773787163316,128.235,124.6409107180162
2023-05-17,120.403,2023-08-17,0.0751476292118966,-0.05150931138239549,129.451,114.20112438162545
2023-05-18,122.386,2023-08-18,0.0376922196983315,-0.09309624538144308,126.999,110.9923229127467
2023-05-19,122.317,2023-08-21,0.0456927491681451,-0.09737639831355473,127.906,110.40621108748093
2023-05-22,124.598,2023-08-22,0.0322316570089407,-0.04971830849219076,128.614,118.40319819849002
2023-05-23,122.117,2023-08-23,0.0800461852158176,-0.10497081080113935,131.892,109.29827949739727
2023-05-24,120.463,2023-08-24,0.0734499389854146,-0.08097440645886295,129.311,110.708580074746
2023-05-25,123.034,2023-08-25,0.0518312011313946,-0.10290735517866621,129.411,110.37289646294799
2023-05-26,124.16,2023-08-28,0.0513611469072166,-0.10211431411293176,130.537,111.4814867597384
2023-05-30,123.223,2023-08-30,0.0987315679702653,-0.07327773359121142,135.389,114.19349783369016
2023-05-31,122.426,2023-08-31,0.1082531488409324,0.009576228561506967,135.679,123.59837935787104
2023-06-01,123.273,2023-09-01,0.0965012614278877,-0.08286236972970565,135.169,113.05830709630999
2023-06-02,124.22,2023-09-05,0.0890275317984221,-0.11837522844263634,135.279,109.5154291228557
2023-06-05,125.555,2023-09-05,0.0774481303014613,-0.11872315356884561,135.279,110.6487144536636
2023-06-06,126.85,2023-09-06,0.0561608198659833,-0.1118097273329707,133.974,112.66693608781266
2023-06-07,122.058,2023-09-07,0.1041635943567811,-0.0913360467710854,134.772,110.90970480321486
2023-06-08,121.699,2023-09-08,0.1165827163740047,-0.03424543383384542,135.887,117.53136494785485
2023-06-09,121.788,2023-09-11,0.1201924655959536,-0.010776935175292197,136.426,120.47549861887151
2023-06-12,123.193,2023-09-12,0.0946320001948162,-0.02664881804400673,134.851,119.91005215870467
2023-06-13,123.383,2023-09-13,0.1040094664581021,0.026001313416000205,136.216,126.59112005320635
2023-06-14,123.223,2023-09-14,0.116682762146677,0.009077304598150461,137.601,124.3415327044979
2023-06-15,124.638,2023-09-15,0.0984049808244675,0.024265900137556893,136.903,127.66245326134482
2023-06-16,123.083,2023-09-18,0.1188466319475476,0.01634842941960066,137.711,125.0952137382527
2023-06-20,122.655,2023-09-20,0.0864375687905099,0.014415275627994356,133.257,124.42310563215163
2023-06-21,120.114,2023-09-21,0.0820387298732869,0.02890404082836163,129.968,123.58577996005783
2023-06-22,122.705,2023-09-22,0.0576586121184956,0.017872556458660642,129.78,124.89805204025994
2023-06-23,121.898,2023-09-25,0.0716828824098836,0.008232074746210608,130.636,122.90147344741358
2023-06-26,117.912,2023-09-26,0.0864119004002985,0.05755380520473741,128.101,124.69828427930102
2023-06-27,117.902,2023-09-27,0.1031873929195434,0.07030493840426517,130.068,126.19109284773967
2023-06-28,119.746,2023-09-28,0.100930302473569,0.04313808926965081,131.832,124.91161363768362
2023-06-29,118.669,2023-09-29,0.0987536761917604,0.041942437871575165,130.388,123.64626715978194
2023-06-30,119.268,2023-10-02,0.1208790287419927,0.06096177230156925,133.685,126.53878865886355
2023-07-03,119.467,2023-10-03,0.1045058468028827,0.04575570012964346,131.952,124.9332962273881
2023-07-05,121.31,2023-10-05,0.109405654933641,0.06543295767977307,134.582,129.24767209613327
2023-07-06,119.676,2023-10-06,0.1454510511714963,0.05646632144335032,137.083,126.4336634850544
2023-07-07,119.049,2023-10-09,0.1585145612310896,0.03904604655258261,137.92,123.69739279603841
2023-07-10,116.03,2023-10-10,0.1855640782556236,0.1406183164344148,137.561,132.34594325588515
2023-07-11,116.717,2023-10-11,0.1998509214595989,0.16414057365527823,140.043,135.8749953353231
2023-07-12,118.501,2023-10-12,0.1684964683842329,0.14869172494216468,138.468,136.12111809737146
2023-07-13,124.09,2023-10-13,0.1029414134902086,0.05419093260144064,136.864,130.81455282651277
2023-07-14,124.967,2023-10-16,0.1090367857114278,0.032308127462633535,138.593,129.00444976462293
2023-07-17,124.2,2023-10-17,0.1208937198067632,0.06550436359343606,139.215,132.33564195830476
2023-07-18,123.313,2023-10-18,0.1147324288598932,0.058917181782556394,137.461,130.5782544371524
2023-07-19,121.589,2023-10-19,0.1288274432720064,0.048661792447269245,137.253,127.50573868187101
2023-07-20,118.769,2023-10-20,0.1375948269329536,0.022228726613408623,135.111,121.40908363114794
2023-07-21,119.586,2023-10-23,0.1373154048132725,0.03523239833873808,136.007,123.79930158773634
2023-07-24,121.091,2023-10-24,0.1421823256889447,0.03391653178927641,138.308,125.19798675089527
2023-07-25,121.768,2023-10-25,0.0278316142171999,0.04589995105498089,125.157,127.35714524006292
2023-07-26,128.803,2023-10-26,-0.0540748274496711,0.10128080873771703,121.838,141.84827200784417
2023-07-27,128.933,2023-10-27,-0.0558817370262073,0.10377031247144847,121.728,142.31241769788124
2023-07-28,132.102,2023-10-30,-0.0612556963558462,0.03968605503718876,124.01,137.3446072425227
2023-07-31,132.24,2023-10-31,-0.0650937689050211,0.044075859918867026,123.632,138.068591715671
2023-08-01,131.075,2023-11-01,-0.0387640663742131,0.04134720298660523,125.994,136.49458463146928
2023-08-02,127.916,2023-11-02,-0.006934238093749,0.05716884864923344,127.029,135.22881044381535
2023-08-03,127.986,2023-11-03,0.0050630537715061,0.1373100706558924,128.634,145.55976670296508
2023-08-04,127.647,2023-11-06,0.0167101459493759,0.13653338091217593,129.78,145.07507647329655
2023-08-07,131.055,2023-11-07,-0.0042577543779328,0.12270596124047427,130.497,147.13622975037035
2023-08-08,130.925,2023-11-08,0.0033454267710519,0.11251552623100039,131.363,145.65609527179376
2023-08-09,129.191,2023-11-09,0.0044817363438629,0.12417505120361447,129.77,145.23329904004615
2023-08-10,129.221,2023-11-10,0.0223647859094109,0.06663910179895018,132.111,137.83217137356215
2023-08-11,129.092,2023-11-13,0.0195287082080994,0.07210435998684968,131.613,138.4000960394224
2023-08-14,130.855,2023-11-14,0.0174391502044248,0.07253594562111018,133.137,140.34669116425036
2023-08-15,129.311,2023-11-15,0.0372976776917661,0.06880507482866224,134.134,138.20825303116914
2023-08-16,128.235,2023-11-16,0.0639528989745388,0.06878759546886526,136.436,137.05597730494995
2023-08-17,129.451,2023-11-17,0.0414828776911726,0.0744678169920389,134.821,139.09093337743644
2023-08-18,126.999,2023-11-20,0.0689690470003701,0.06796803590624419,135.758,135.6308725920571
2023-08-21,127.906,2023-11-21,0.0670023298359732,0.07322394653053832,136.476,137.27178210493506
2023-08-22,128.614,2023-11-22,0.0729003063430109,0.06721261194641662,137.99,137.25848287287644
2023-08-23,131.892,2023-11-24,0.0326327601370819,0.12246423679015422,136.196,148.04405311872702
2023-08-24,129.311,2023-11-24,0.0532437302317667,0.13897696541411175,136.196,147.28225037466422
2023-08-25,129.411,2023-11-27,0.0502739334368793,0.16812013287747948,135.917,151.1675945158075
2023-08-28,130.537,2023-11-28,0.047243310325808,0.16439998060544236,136.704,151.99728026829263
2023-08-29,134.084,2023-11-29,0.0031174487634617,0.11432679058896499,134.502,149.41339338933076
2023-08-30,135.389,2023-11-30,-0.0246474972117382,0.11667318141999078,132.052,151.18526535927114
2023-08-31,135.679,2023-11-30,-0.0267322135334134,0.11775958712228383,132.052,151.65650302116435
2023-09-01,135.169,2023-12-01,-0.0280093808491591,0.10094071711181303,131.383,148.81305579128667
2023-09-05,135.279,2023-12-05,-0.0352013246697565,0.07007427613645589,130.517,144.7585780014636
2023-09-06,133.974,2023-12-06,-0.033013868362518,0.08663052015865584,129.551,145.58023730773576
2023-09-07,134.772,2023-12-07,0.0123467782625472,0.07583474429004607,136.436,144.99240015745806
2023-09-08,135.887,2023-12-08,-0.0101922921250744,0.07519720991388583,134.502,146.1053232635682
2023-09-11,136.426,2023-12-11,-0.0265125415976426,0.07378299013285991,132.809,146.49191821186554
2023-09-12,134.851,2023-12-12,-0.0208303979948238,0.0720436424129627,132.042,144.56615722303042
2023-09-13,136.216,2023-12-13,-0.0302754448816584,0.039186833864323416,132.092,141.5538737616627
2023-09-14,137.601,2023-12-14,-0.0446072339590555,0.02330493864892486,131.463,140.8077828630307
2023-09-15,136.903,2023-12-15,-0.0349298408362124,0.04120265775881433,132.121,142.54376745515495
2023-09-18,137.711,2023-12-18,-0.0174423248687469,0.025818333197688784,135.309,141.26646848298694
2023-09-19,137.541,2023-12-19,-0.0100697246639183,0.02225598514593244,136.156,140.6021104529567
2023-09-20,133.257,2023-12-20,0.034392189528505,0.037476871377093456,137.84,138.25105544909735
2023-09-21,129.968,2023-12-21,0.0765188354056385,0.1380958963590275,139.913,147.9160474579901
2023-09-22,129.78,2023-12-22,0.0862921867776238,0.13158436159614648,140.979,146.8570184479479
2023-09-25,130.636,2023-12-26,0.0794038396766587,0.09179864458622464,141.009,142.62820773416604
2023-09-26,128.101,2023-12-26,0.1007642407163096,0.17061860484483105,141.009,149.9574138992277
2023-09-27,130.068,2023-12-27,0.0753067626164774,0.06076326664739007,139.863,137.97135656629274
2023-09-28,131.832,2023-12-28,0.0598564840099522,0.07149721877049485,139.723,141.25762134495184
2023-09-29,130.388,2023-12-29,0.0674678651409639,0.0982654082962854,139.185,143.2006300569361
2023-10-02,133.685,2024-01-02,0.0298163593522085,0.059064128923378534,137.671,141.58098807512184
2023-10-03,131.952,2024-01-03,0.0490026676367163,0.04196101966370875,138.418,137.4888404666657
2023-10-04,134.752,2024-01-04,0.0084970909522676,0.04310921069714888,135.897,140.56105235986223
2023-10-05,134.582,2024-01-05,0.0048817821105349,0.03436528174823376,135.239,139.2069483482408
2023-10-06,137.083,2024-01-08,0.0091550374590576,0.10338937166281552,138.338,151.25592523565373
2023-10-09,137.92,2024-01-09,0.0182714617169374,0.10373174875932684,140.44,152.22668278888634
2023-10-10,137.561,2024-01-10,0.0305755264937008,0.09540140024278182,141.767,150.68451201879734
2023-10-11,140.043,2024-01-11,0.010882371842934,0.05022155497851458,141.567,147.07617722385612
2023-10-12,138.468,2024-01-12,0.0264754311465464,0.048328113450002694,142.134,145.15989721319497
2023-10-13,136.864,2024-01-16,0.0373436404021509,0.037100897047778636,141.975,141.94177717354717
2023-10-16,138.593,2024-01-16,0.0244023868449345,0.04799890823150668,141.975,145.2453126885292
2023-10-17,139.215,2024-01-17,0.0125273856983803,0.0503175676603065,140.959,146.21996018182958
2023-10-18,137.461,2024-01-18,0.0400186234641095,0.04051927526610939,142.962,143.03082009735468
2023-10-19,137.253,2024-01-19,0.0626434394876616,0.11287242125842646,145.851,152.7450784349828
2023-10-20,135.111,2024-01-22,0.0766184840612533,0.11689716028212013,145.463,150.9050922228775
2023-10-23,136.007,2024-01-23,0.0772092612880219,0.11192652480804063,146.508,151.22979085956717
2023-10-24,138.308,2024-01-24,0.071254012783064,0.11309755089352674,148.163,153.95029606898188
2023-10-25,125.157,2024-01-25,0.2090574238756122,0.10884170330490922,151.322,138.7793010605325
2023-10-26,121.838,2024-01-26,0.244570659400187,0.09175288334237623,151.636,133.01698780066843
2023-10-27,121.728,2024-01-29,0.2565391692954784,0.09548573236087377,152.956,133.35128722882445
2023-10-30,124.01,2024-01-30,0.2169421820820902,0.09847119033837683,150.913,136.22141231386212
2023-10-31,123.632,2024-01-31,0.1291089685518311,0.09285443562821193,139.594,135.1117795855871
2023-11-01,125.994,2024-02-01,0.1163229995079131,0.10205635134247963,140.65,138.85248793104438
2023-11-02,127.029,2024-02-02,0.1168001007643926,0.10452288142113678,141.866,140.30643710404559
2023-11-03,128.634,2024-02-05,0.1129328171401029,0.10479898046892105,143.161,142.11471205363918
2023-11-06,129.78,2024-02-06,0.1063260903066729,0.1076499637487196,143.579,143.75081229530883
2023-11-07,130.497,2024-02-07,0.1112439366422215,0.10645709691562202,145.014,144.38933177619793
2023-11-08,131.363,2024-02-08,0.1067271606160029,0.10500299693043068,145.383,145.15650868577217
2023-11-09,129.77,2024-02-09,0.144039454419357,0.1073035051860303,148.462,143.69477586799115
2023-11-10,132.111,2024-02-12,0.1126855447313244,0.10692509194183394,146.998,146.2369808215276
2023-11-13,131.613,2024-02-13,0.0987972312765457,0.1071758564730432,144.616,145.71873599798664
2023-11-14,133.137,2024-02-14,0.0922057730007437,0.10768340003940421,145.413,147.47364483104616
2023-11-15,134.134,2024-02-15,0.0605364784469262,0.11065877277587134,142.254,148.97710382751873
2023-11-16,136.436,2024-02-16,0.0262174206221232,0.10835796644985154,140.013,151.21992751055194
2023-11-17,134.821,2024-02-20,0.0429384146386691,0.11299186253064865,140.61,150.0546758982446
2023-11-20,135.758,2024-02-20,0.0357400668837195,0.11374929672967857,140.61,151.2003770254277
2023-11-21,136.476,2024-02-21,0.0407324364723467,0.11374023983192236,142.035,151.99881297130142
2023-11-22,137.99,2024-02-22,0.0404304659757952,0.08642231481002538,143.569,149.91541522063542
2023-11-24,136.196,2024-02-26,0.0064392493171605,0.07462550271407277,137.073,146.35969496764585
2023-11-27,135.917,2024-02-27,0.0181066386103283,0.08538557811021125,138.378,147.5223516200056
2023-11-28,136.704,2024-02-28,-0.0059764161985019,0.06220965470458423,135.887,145.2083086367355
2023-11-29,134.502,2024-02-29,0.0257096548750204,0.11588970704012463,137.96,150.08939737631084
2023-11-30,132.052,2024-02-29,0.0447399509284223,0.04825885382184259,137.96,138.42467816488195
2023-12-01,131.383,2024-03-01,0.0400432323816626,0.051390709064335266,136.644,138.13486552899957
2023-12-04,128.803,2024-03-04,0.0315598239171448,0.01569495793766224,132.868,130.8245576672447
2023-12-05,130.517,2024-03-05,0.0128259153979941,0.012435373908784603,132.191,132.14002769645282
2023-12-06,129.551,2024-03-06,0.0106058617841624,-0.006697961728220504,130.925,128.6832723601473
2023-12-07,136.436,2024-03-07,-0.018624116802017,0.07621567743317359,133.895,146.83456216627246
2023-12-08,134.502,2024-03-08,0.0031151953130807,0.08158693158065952,134.921,145.47560547146188
2023-12-11,132.809,2024-03-11,0.0328592188782386,0.08228115087925819,137.173,143.7366773671234
2023-12-12,132.042,2024-03-12,0.0451220066342528,0.07951925591171566,138.0,142.54188158909477
2023-12-13,132.092,2024-03-13,0.0544544711261847,0.07946217142379085,139.285,142.5883171477114
2023-12-14,131.463,2024-03-14,0.0845941443600102,0.07619200871497428,142.584,141.47943004169667
2023-12-15,132.121,2024-03-15,0.0647058378304734,0.08398391489754624,140.67,143.21703882017871
2023-12-18,135.309,2024-03-18,0.087488637119482,0.07568753496668108,147.147,145.55020466880663
2023-12-19,136.156,2024-03-19,0.0759569905108845,0.07628434220698442,146.498,146.54257089753418
2023-12-20,137.84,2024-03-20,0.0751741149158444,0.08291464762847003,148.202,149.26895502910833
2023-12-21,139.913,2024-03-21,0.0511317747457347,0.08078703689378137,147.067,151.21615669291964
2023-12-22,140.979,2024-03-22,0.0655842359500349,0.08188547563376934,150.225,152.52313246937317
2023-12-26,141.009,2024-03-26,0.0646554475246261,0.0829737411435627,150.126,152.70904426491262
2023-12-27,139.863,2024-03-27,0.0748017703037973,0.08059593877628082,150.325,151.13538978506696
2023-12-28,139.723,2024-03-28,0.0763081239309202,0.08157471356802469,150.385,151.12086370386513
2023-12-29,139.185,2024-04-01,0.1131084527786758,0.09126929090870864,154.928,151.88831625512861
2024-01-02,137.671,2024-04-02,0.1186233847360738,0.08282590857930745,154.002,149.07372566002184
2024-01-03,138.418,2024-04-03,0.115172882139606,0.1457889780209273,154.36,158.59781875970074
2024-01-04,135.897,2024-04-04,0.1036741061244912,0.09634088904913744,149.986,148.98943779911062
2024-01-05,135.239,2024-04-05,0.1235590325275992,0.10380891609376952,151.949,149.2780140036053
2024-01-08,138.338,2024-04-08,0.1153117726148997,0.007966069835009096,154.29,139.44001016883547
2024-01-09,140.44,2024-04-09,0.1110367416690401,0.019953639524004464,156.034,143.2422891347512
2024-01-10,141.767,2024-04-10,0.0974063075327826,0.02470092552402887,155.576,145.268776108765
2024-01-11,141.567,2024-04-11,0.1219705157275352,0.03567030963433537,158.834,146.61673872400397
2024-01-12,142.134,2024-04-12,0.1057171401635077,0.04865309914259282,157.16,149.0492595935333
2024-01-16,141.975,2024-04-16,0.0835921817221341,0.048956707190140156,153.843,148.92562850332016
2024-01-17,140.959,2024-04-17,0.0989578529927139,0.027016576109068016,154.908,144.7672295517581
2024-01-18,142.962,2024-04-18,0.0873239042542775,0.022230494388567147,155.446,146.14011593877834
2024-01-19,145.851,2024-04-19,0.052807317056448,0.02846654507957169,153.553,150.0028740664006
2024-01-22,145.463,2024-04-22,0.0704852780432139,0.019558447799686757,155.716,148.30803049228584
2024-01-23,146.508,2024-04-23,0.0763166516504216,0.021009081800262234,157.689,149.5859985563928
2024-01-24,148.163,2024-04-24,0.070138968568401,0.06924945351341184,158.555,158.42320678090766
2024-01-25,151.322,2024-04-25,0.0271936664860363,6.778379009917147e-05,155.437,151.33225717868538
2024-01-26,151.636,2024-04-26,0.1298702155161044,0.013913276784707768,171.329,153.74575363852594
2024-01-29,152.956,2024-04-29,0.0823374042208218,-0.0027053533586992016,165.55,152.5421999716668
2024-01-30,150.913,2024-04-30,0.074738425450425,0.061421274170456286,162.192,160.1822687488861
2024-01-31,139.594,2024-04-30,0.1618837485851829,0.1255595504782687,162.192,157.12135988946343
2024-02-01,140.65,2024-05-01,0.1608105225737646,0.12210735276194697,163.268,157.82439916596783
2024-02-02,141.866,2024-05-02,0.1702451609265081,0.05847662499074091,166.018,150.16184488093646
2024-02-05,143.161,2024-05-06,0.1699555046416272,0.05533818474824333,167.492,151.08326986674325
2024-02-06,143.579,2024-05-06,0.1665494257516766,0.05930973305376785,167.492,152.0946321621269
2024-02-07,145.014,2024-05-07,0.1766519094708096,0.0847904785946526,170.631,157.30980646292494
2024-02-08,145.383,2024-05-08,0.1608578719657731,0.07042834590705058,168.769,155.62208421300474
2024-02-09,148.462,2024-05-09,0.1406689927388829,0.09592720932834772,169.346,162.70354535130514
2024-02-12,146.998,2024-05-13,0.1464713805630009,0.0737693836203878,168.529,157.84195185342978
2024-02-13,144.616,2024-05-13,0.1653551474249044,0.1027886924397119,168.529,159.4808895458614
2024-02-14,145.413,2024-05-14,0.1671927544304841,0.0824146843262207,169.725,157.39716649192874
2024-02-15,142.254,2024-05-15,0.2083104868755887,0.11537142967010036,171.887,158.66604735629045
2024-02-16,140.013,2024-05-16,0.2395277581367445,0.10197726457598692,173.55,154.29114274507765
2024-02-20,140.61,2024-05-20,0.2536875044449185,0.10591388982315304,176.281,155.50255204803358
2024-02-21,142.035,2024-05-21,0.2476361460203471,0.11237297587087879,177.208,157.99589562782026
2024-02-22,143.569,2024-05-22,0.2241082684980742,0.12312072740746145,175.744,161.24531971316182
2024-02-23,143.44,2024-05-23,0.2055423870607919,0.06866757564503849,172.923,153.28967705052432
2024-02-26,137.073,2024-05-28,0.2822656540675405,0.10500137972256318,175.764,151.46585412271094
2024-02-27,138.378,2024-05-28,0.2701730043793091,0.1042090876136137,175.764,152.79824512579663
2024-02-28,135.887,2024-05-28,0.2934570635896003,0.10290975299271145,175.764,149.87109760492058
2024-02-29,137.96,2024-05-29,0.2703972165845172,0.11887253320759301,175.264,154.35965468131954
2024-03-01,136.644,2024-06-03,0.2627265009806505,0.11873728500493151,172.544,152.86873757221386
2024-03-04,132.868,2024-06-04,0.3032709154950779,0.08459536313669956,173.163,144.10801670924698
2024-03-05,132.191,2024-06-05,0.3221550635065926,0.07166830105456357,174.777,141.66490438470382
2024-03-06,130.925,2024-06-06,0.3449761313729234,0.06672108052882443,176.091,139.66045746823636
2024-03-07,133.895,2024-06-07,0.2982560961947795,0.07209161605332311,173.83,143.54770693145971
2024-03-08,134.921,2024-06-10,0.2939275576077853,0.07848717818537991,174.578,145.51056856794963
2024-03-11,137.173,2024-06-11,0.2843927011875515,0.07568889861210236,176.184,147.55547328931792
2024-03-12,138.0,2024-06-12,0.2851521739130433,0.08249848840059598,177.351,149.38479139928225
2024-03-13,139.285,2024-06-13,0.2544638690454823,0.0841337147474774,174.728,151.0035644586024
2024-03-14,142.584,2024-06-14,0.2368428435168041,0.07941554898032717,176.354,153.90738663581098
2024-03-15,140.67,2024-06-17,0.2568564725954361,0.07068995733527321,176.802,150.6139562983529
2024-03-18,147.147,2024-06-18,0.1869626971667788,0.0684668241782599,174.658,157.22168777735843
2024-03-19,146.498,2024-06-20,0.2004532485085122,0.06654387147549633,175.864,156.24654408341723
2024-03-20,148.202,2024-06-20,0.1866506524878206,0.0687463706903979,175.864,158.39034962905833
2024-03-21,147.067,2024-06-21,0.218403856745565,0.06557644718902492,179.187,156.71113135874836
2024-03-22,150.225,2024-06-24,0.1900615743052087,0.0707178627198111,178.777,160.84859092708362
2024-03-25,149.528,2024-06-25,0.2277031726499385,0.08067745108031757,183.576,161.59153790513773
2024-03-26,150.126,2024-06-26,0.22181367651173,0.07838767232713875,183.426,161.89402769578405
2024-03-27,150.325,2024-06-27,0.2303475802428074,0.08248088891002216,184.952,162.72393962539905
2024-03-28,150.385,2024-06-28,0.20823885360907,0.08269491702669399,181.701,162.82107509705935
2024-04-01,154.928,2024-07-01,0.1782182691314675,0.0741611763680909,182.539,166.4176427323556
2024-04-02,154.002,2024-07-02,0.1998740276100308,0.06496968545155661,184.783,164.00746149891063
2024-04-03,154.36,2024-07-03,0.2008421870951022,0.06447933335047526,185.362,164.31302989597935
2024-04-04,149.986,2024-07-05,0.2676449801981517,0.08791556951966448,190.129,163.1721046099764
2024-04-05,151.949,2024-07-05,0.2512685177263423,0.08260928188096446,190.129,164.50139777253068
2024-04-08,154.29,2024-07-08,0.2221336444358026,0.08083527629144965,188.563,166.76207477900778
2024-04-09,156.034,2024-07-09,0.2081597600522964,0.07847534525823367,188.514,168.2788220220232
2024-04-10,155.576,2024-07-10,0.2258188923741451,0.08140361775356765,190.708,168.24044923562906
2024-04-11,158.834,2024-07-11,0.1654431670800962,0.07357888207992887,185.112,170.52082815628341
2024-04-12,157.16,2024-07-12,0.1746818528887757,0.07570357687352222,184.613,169.05757414144273
2024-04-15,154.3,2024-07-15,0.2058976020738818,0.0829079427147466,186.07,167.0926955608854
2024-04-16,153.843,2024-07-16,0.1925534473456707,0.11083577907190538,183.466,170.89430875975913
2024-04-17,154.908,2024-07-17,0.1656789836548147,0.15019373303315328,180.573,178.1742107966997
2024-04-18,155.446,2024-07-18,0.1402802259305482,0.11940194123849025,177.252,174.00655415775836
2024-04-19,153.553,2024-07-19,0.1541422179963922,0.10242411495816095,177.222,169.28053012417047
2024-04-22,155.716,2024-07-22,0.1637917747694519,0.11754731987082842,181.221,174.0199984610059
2024-04-23,157.689,2024-07-23,0.1499914388448149,0.11745458238477348,181.341,176.21029564167253
2024-04-24,158.555,2024-07-24,0.0860836933556179,0.11505190909856959,172.204,176.7970554471237
2024-04-25,155.437,2024-07-25,0.0735346153103828,0.1077211063818402,166.867,172.18084561267412
2024-04-26,171.329,2024-07-26,-0.0276719060987924,0.04237867894971073,166.588,178.58969668577498
2024-04-29,165.55,2024-07-29,0.0215101177891874,0.13748713403928356,169.111,188.3109950402034
2024-04-30,162.192,2024-07-30,0.0473327907664988,0.13736106205105825,169.869,184.47086537618526
2024-05-01,163.268,2024-08-01,0.0433091603988533,0.13418214291086492,170.339,185.1756501087711
2024-05-02,166.018,2024-08-02,0.0013853919454516,0.137082408632184,166.248,188.77614731629794
2024-05-03,166.636,2024-08-05,-0.0466825895964857,0.13788488526059775,158.857,189.61258574028497
2024-05-06,167.492,2024-08-06,-0.0572743772836911,0.1357078710928936,157.899,190.22198274509094
2024-05-07,170.631,2024-08-07,-0.0708194876663678,0.13432614870364643,158.547,193.5512050794519
2024-05-08,168.769,2024-08-08,-0.0423004224709514,0.13757605340137316,161.63,191.98757295649636
2024-05-09,169.346,2024-08-09,-0.0359028261665467,0.13567012416121435,163.266,192.321192846205
2024-05-10,168.041,2024-08-12,-0.0366101130081348,0.13486997134974335,161.889,190.70468485558223
2024-05-13,168.529,2024-08-13,-0.0283334025597968,0.1346735796846864,163.754,191.2254037106805
2024-05-14,169.725,2024-08-14,-0.057451760200324,0.0845057240180122,159.974,184.06773400895713
2024-05-15,171.887,2024-08-15,-0.0639082653138399,0.032575596012715084,160.902,177.48632147183753
2024-05-16,173.55,2024-08-16,-0.0633362143474504,0.05667527285052051,162.558,183.38599360320782
2024-05-17,175.424,2024-08-19,-0.0522505472455308,0.05919323615450684,166.258,185.80791425916823
2024-05-20,176.281,2024-08-20,-0.053970649134053,0.0294773784453964,166.767,181.47730174973293
2024-05-21,177.208,2024-08-21,-0.066407837117963,0.0008388742800490012,165.44,177.3566552334189
2024-05-22,175.744,2024-08-22,-0.0702612891478514,0.00593284976679752,163.396,176.78666274941605
2024-05-23,172.923,2024-08-23,-0.0445921016868779,0.009890504522185447,165.212,174.6332957134899
2024-05-24,174.357,2024-08-26,-0.0493642354479602,0.006145842093708225,165.75,175.42857058993266
2024-05-28,175.764,2024-08-28,-0.0757606790924193,-0.008878918512568695,162.448,174.20340576655687
2024-05-29,175.264,2024-08-29,-0.0792119317144423,-0.0257132794670982,161.381,170.7573877874785
2024-05-30,171.488,2024-08-30,-0.0496361261429371,-0.0030801011701022158,162.976,170.9597996105415
2024-05-31,171.877,2024-09-03,-0.0867248090204041,-0.0080635881172188,156.971,170.4910546651768
2024-06-03,172.544,2024-09-03,-0.0902552392433234,-0.004126094276607779,156.971,171.83206718913698
2024-06-04,173.163,2024-09-04,-0.0987451129860306,-0.0032760738845684307,156.064,172.59570521792648
2024-06-05,174.777,2024-09-05,-0.1025592612300244,-0.01591366558670211,156.852,171.99565726975294
2024-06-06,176.091,2024-09-06,-0.1450613603193803,-0.015412182558953252,150.547,173.37705336101138
2024-06-07,173.83,2024-09-09,-0.1454869700281885,0.0007003089045185266,148.54,173.95173469687248
2024-06-10,174.578,2024-09-10,-0.1494346366667048,0.009902291387600674,148.49,176.30672222586455
2024-06-11,176.184,2024-09-11,-0.1430152567770058,-0.010170880171621769,150.987,174.39205364784297
2024-06-12,177.351,2024-09-12,-0.1287728854080326,0.05180670833006634,154.513,186.5389715290456
2024-06-13,174.728,2024-09-13,-0.099858065106909,0.1113190671047589,157.28,194.1785579570803
2024-06-14,176.354,2024-09-16,-0.104760878687186,0.09325381690154531,157.879,192.79968362585515
2024-06-17,176.802,2024-09-17,-0.0999083720772389,0.08987077006941487,159.138,192.69133188981266
2024-06-18,174.658,2024-09-18,-0.0860596136449517,0.02565746983655765,159.627,179.13928236671347
2024-06-20,175.864,2024-09-20,-0.0708558886412228,0.08082440977737296,163.403,190.07810400108792
2024-06-21,179.187,2024-09-23,-0.0977861117156937,0.07958617657231037,161.665,193.44780822146262
2024-06-24,178.777,2024-09-24,-0.0932614374332266,0.06196988462775471,162.104,189.8557900640961
2024-06-25,183.576,2024-09-25,-0.1213176014293806,0.028180498652254856,161.305,188.74926322058633
2024-06-26,183.426,2024-09-26,-0.1138442750755072,0.05937738720798284,162.544,194.31735662601145
2024-06-27,184.952,2024-09-27,-0.1145702668800553,0.08002497675561752,163.762,199.75277950090498
2024-06-28,181.701,2024-09-30,-0.0882823980055145,0.05014212243656665,165.66,190.81187378884658
2024-07-01,182.539,2024-10-01,-0.0862281485052508,0.059905752532272524,166.799,193.4741361614885
2024-07-02,184.783,2024-10-02,-0.1034348397850452,0.06696863035631827,165.67,197.15766442313154
2024-07-03,185.362,2024-10-03,-0.1062353664720925,0.06561442333242437,165.67,197.52442073774483
2024-07-05,190.129,2024-10-07,-0.1437760678276327,0.03937393979583781,162.793,197.61512779944286
2024-07-08,188.563,2024-10-08,-0.1292459284164973,0.06450920561470536,164.192,200.72704933832568
2024-07-09,188.514,2024-10-09,-0.1423713888623656,0.04678384307438694,161.675,197.333409393325
2024-07-10,190.708,2024-10-10,-0.15108962392768,0.05092354054612023,161.894,200.4195265704695
2024-07-11,185.112,2024-10-11,-0.1191656942823804,0.009284396124598818,163.053,186.83065313541672
2024-07-12,184.613,2024-10-14,-0.1074788882689735,0.0026805010962872525,164.771,185.10785534888885
2024-07-15,186.07,2024-10-15,-0.1117805127102703,0.024439421447856213,165.271,190.6174431488026
2024-07-16,183.466,2024-10-16,-0.1008088692182748,0.020715378577774533,164.971,187.26656764614998
2024-07-17,180.573,2024-10-17,-0.0987412293089222,0.013463872487570173,162.743,183.004211846698
2024-07-18,177.252,2024-10-18,-0.0790907859995938,0.04193555762241062,163.233,184.68516145968752
2024-07-19,177.222,2024-10-21,-0.0752728216587105,0.061376711865075526,163.882,188.0993036301524
2024-07-22,181.221,2024-10-22,-0.0897798820225029,0.04476235819344745,164.951,189.33287931417476
2024-07-23,181.341,2024-10-23,-0.1033798203384783,0.028501042341041092,162.594,186.50940751916673
2024-07-24,172.204,2024-10-24,-0.0561543285870247,0.07147563587785957,162.534,184.51239040071096
2024-07-25,166.867,2024-10-25,-0.010703134831932,0.05031355896755432,165.081,175.26267264423888
2024-07-26,166.588,2024-10-28,-0.0003541671669027,0.056631979904997805,166.529,176.02220826841378
2024-07-29,169.111,2024-10-29,0.0022174784608925,0.0397076419355169,169.486,175.8259990353572
2024-07-30,169.869,2024-10-30,0.02584933095503,0.04632829763736058,174.26,177.73874159136082
2024-07-31,171.117,2024-10-31,-0.0011863228083709,0.05856645908587486,170.914,181.1387167793976
2024-08-01,170.339,2024-11-01,0.0044323378674291,0.05476412717358838,171.094,179.66746665862186
2024-08-02,166.248,2024-11-04,0.0168302776574755,0.06934783529970201,169.046,177.77693892290483
2024-08-05,158.857,2024-11-05,0.0672869310134272,0.034675681584769844,169.546,164.36547474951178
2024-08-06,157.899,2024-11-06,0.1165871854793252,0.040477721419520454,176.308,164.29039173442087
2024-08-07,158.547,2024-11-07,0.1387348861851691,0.01898152372787997,180.543,161.55646364248418
2024-08-08,161.63,2024-11-08,0.1021840004949574,0.06162116136441336,178.146,171.5898283113301
2024-08-09,163.266,2024-11-11,0.1033773106464297,0.06711893898745756,180.144,174.22424069272623
2024-08-12,161.889,2024-11-12,0.1205949755696804,0.055752148947989126,181.412,170.91465964104103
2024-08-13,163.754,2024-11-13,0.0911183848944148,0.050639751439680566,178.675,172.04646185725343
2024-08-14,159.974,2024-11-14,0.0962968982459648,0.052612347908028906,175.379,168.39060774423902
2024-08-15,160.902,2024-11-15,0.0707946451877541,0.050379028946536175,172.293,169.00808651555556
2024-08-16,162.558,2024-11-18,0.0771478487678243,0.04855706138823823,175.099,170.45133878514923
2024-08-19,166.258,2024-11-19,0.07011993407836,0.05622754602415557,177.916,175.60627934688404
2024-08-20,166.767,2024-11-20,0.0540394682401195,0.05923632127314258,175.779,176.64566358975816
2024-08-21,165.44,2024-11-21,0.0120768858800772,0.07494610580403588,167.438,177.8390837442197
2024-08-22,163.396,2024-11-22,0.0071911185096331,0.08738316871876953,164.571,177.67406023597206
2024-08-23,165.212,2024-11-25,0.0135946541413456,0.0766814276348977,167.458,177.8806920224167
2024-08-26,165.75,2024-11-26,0.0191613876319758,0.11973781919296331,168.926,185.59654353123366
2024-08-27,164.274,2024-11-27,0.0289881539379328,0.10365392916074076,169.036,181.30164555895152
2024-08-28,162.448,2024-11-29,0.0388370432384517,0.10383554991722548,168.757,179.31587741295345
2024-08-29,161.381,2024-11-29,0.0457055043654457,0.07036410873202993,168.757,172.73643023128372
2024-08-30,162.976,2024-12-02,0.051038189672099,0.13629355874435814,171.294,185.1885790299205
2024-09-03,156.971,2024-12-03,0.0902905632250543,0.032666698838909033,171.144,162.0987243834424
2024-09-04,156.064,2024-12-04,0.1160165060488005,0.033106429505630086,174.17,161.23072181436663
2024-09-05,156.852,2024-12-05,0.0993930584245021,0.03792429310562047,172.442,162.8005012222028
2024-09-06,150.547,2024-12-06,0.1591728828870717,0.016907772523467302,174.51,153.0924144300904
2024-09-09,148.54,2024-12-09,0.1806247475427496,-0.000609070906218617,175.37,148.44952860759028
2024-09-10,148.49,2024-12-10,0.2470200013468919,0.005790460219989603,185.17,149.34982543806626
2024-09-11,150.987,2024-12-11,0.2941511520859412,0.011575147791007418,195.4,152.7346968395208
2024-09-12,154.513,2024-12-12,0.2423550121996207,0.002270908650633481,191.96,154.86388490833534
2024-09-13,157.28,2024-12-13,0.2068921668362155,0.040738063717687775,189.82,163.68728266151794
2024-09-16,157.879,2024-12-16,0.2456374818690263,0.0515845425708764,196.66,166.02311599654738
2024-09-17,159.138,2024-12-17,0.2279908004373561,0.07234767124536465,195.42,170.65126370664484
2024-09-18,159.627,2024-12-18,0.1802514612189667,0.0709761456192549,188.4,170.9567091967648
2024-09-19,161.954,2024-12-19,0.1639724860145472,0.0764328652254985,188.51,174.3326082547304
2024-09-20,163.403,2024-12-20,0.1713983219402337,0.0741322465724916,191.41,175.51643148668484
2024-09-23,161.665,2024-12-23,0.2039093186527696,0.07381921967555176,194.63,173.59898414884807
2024-09-24,162.104,2024-12-24,0.2097789073681093,0.07614462143647319,196.11,174.44734771333805
2024-09-25,161.305,2024-12-26,0.2126096525216203,0.07704209977707512,195.6,173.7322759045411
2024-09-26,162.544,2024-12-26,0.2033664730780586,0.07520611350071156,195.6,174.7683025128597
2024-09-27,163.762,2024-12-27,0.1770740464820899,0.07713020307339603,192.76,176.3929963157055
2024-09-30,165.66,2024-12-30,0.1544126524206206,0.06963154619970399,191.24,177.19516194344294
2024-10-01,166.799,2025-01-02,0.1356782714524667,0.13554103249599928,189.43,189.4071086793002
2024-10-02,165.67,2025-01-02,0.1434176374720832,0.09399927048000213,189.43,181.24285914042193
2024-10-03,165.67,2025-01-03,0.1576628236856401,0.08580909513837634,191.79,179.88599279157478
2024-10-04,166.869,2025-01-06,0.1797877376864487,0.05449947224809234,196.87,175.9632724345669
2024-10-07,162.793,2025-01-07,0.2008501594048883,0.11825908458505706,195.49,182.0447511568552
2024-10-08,164.192,2025-01-08,0.1812390372247123,0.10737964245124235,193.95,181.8228782533544
2024-10-09,161.675,2025-01-10,0.1878150610793256,0.043182141883546285,192.04,168.65647278902236
2024-10-10,161.894,2025-01-10,0.1862082597254992,0.06959059258473907,192.04,173.16029939591377
2024-10-11,163.053,2025-01-13,0.1714595867601331,0.08818559368508143,191.01,177.4319256071336
2024-10-14,164.771,2025-01-14,0.15105206620097,0.09350044451681293,189.66,180.17716174347976
2024-10-15,165.271,2025-01-15,0.1832081853440714,0.0773974409699197,195.55,178.0625524665396
2024-10-16,164.971,2025-01-16,0.1693570385097986,0.06404788485701891,192.91,175.53704361274728
2024-10-17,162.743,2025-01-17,0.2043528753924901,0.09925061432544331,196.0,178.8953427271656
2024-10-18,163.233,2025-01-21,0.213296331011499,0.11516512622840779,198.05,182.0317490496417
2024-10-21,163.882,2025-01-21,0.2084914755738884,0.11256524844795407,198.05,182.3294180461476
2024-10-22,164.951,2025-01-22,0.2025995598692946,0.08882826276731937,198.37,179.60331077173208
2024-10-23,162.594,2025-01-23,0.2176341070396201,0.10031990016404413,197.98,178.90541384727257
2024-10-24,162.534,2025-01-24,0.2318038072034161,0.09938365285822179,200.21,178.6872226336582
2024-10-25,165.081,2025-01-27,0.1619144541164641,-0.004726958123375518,191.81,164.30066902603502
2024-10-28,166.529,2025-01-28,0.1727687069519423,0.013418779322506793,195.3,168.76361590179775
2024-10-29,169.486,2025-01-29,0.1529565863847162,0.023071361829911954,195.41,173.39627283110443
2024-10-30,174.26,2025-01-30,0.1527028577986917,0.05607437380305667,200.87,184.03152037892065
2024-10-31,170.914,2025-01-31,0.1936997554325568,0.11742581955423118,204.02,190.98371652329186
2024-11-01,171.094,2025-02-03,0.1761370942289033,0.11856094385747028,201.23,191.37906612835
2024-11-04,169.046,2025-02-04,0.2208511292784212,0.038924429879439865,206.38,175.62601917339978
2024-11-05,169.546,2025-02-05,0.1284843051443267,0.030762751303172332,191.33,174.76170143244764
2024-11-06,176.308,2025-02-06,0.0867345781246455,0.13693179949022077,191.6,200.45017170452184
2024-11-07,180.543,2025-02-07,0.0265698476263271,0.0677535667561593,185.34,192.77543220285727
2024-11-08,178.146,2025-02-10,0.0467257193537884,0.0988228560068788,186.47,195.75089650620143
2024-11-11,180.144,2025-02-11,0.0287325694999556,0.10874328240297743,185.32,199.73344986520198
2024-11-12,181.412,2025-02-12,0.0121160672943356,0.10991047545056012,183.61,201.35107917243704
2024-11-13,178.675,2025-02-13,0.0417797677347138,0.11027131978961092,186.14,198.37772806340877
2024-11-14,175.379,2025-02-14,0.0561697808745631,0.09095511038170062,185.23,191.33061630363224
2024-11-15,172.293,2025-02-18,0.0666132692564411,0.07878193026630126,183.77,185.86657511137187
2024-11-18,175.099,2025-02-18,0.0495205569420729,0.07839583897951624,183.77,188.82603300947432
2024-11-19,177.916,2025-02-19,0.0413341127273545,0.08206539435062953,185.27,192.5167467012866
2024-11-20,175.779,2025-02-20,0.0499547727544247,0.08561064727297228,184.56,190.8275539669958
2024-11-21,167.438,2025-02-21,0.0729941829214395,0.05759468922148919,179.66,177.08153957386767
2024-11-22,164.571,2025-02-24,0.0896208931099646,0.10277102225201305,179.32,181.48412990303603
2024-11-25,167.458,2025-02-25,0.0475462504030861,0.10772357185454615,175.42,185.4971738956186
2024-11-26,168.926,2025-02-26,0.0225187360145862,0.11247752828639856,172.73,187.92637894330815
2024-11-27,169.036,2025-02-27,-0.0031709221704252,0.05640135481358893,168.5,178.5698594122698
2024-11-29,168.757,2025-02-28,0.009024810822662,0.0671310157741367,170.28,180.085828828996
2024-12-02,171.294,2025-03-03,-0.0250096325615609,0.08523477358688186,167.01,185.89420530679135
2024-12-03,171.144,2025-03-03,-0.0241550974617866,0.06970805906536534,167.01,183.07411606068288
2024-12-04,174.17,2025-03-04,-0.0186599299534937,0.09017397611341028,170.92,189.87560141967268
2024-12-05,172.442,2025-03-05,0.0033518516370723,0.05631128879852205,173.02,182.15243126299472
2024-12-06,174.51,2025-03-06,-0.0123775141825682,0.055484079606086985,172.35,184.1925267320582
2024-12-09,175.37,2025-03-10,-0.0541711809317443,0.0783576455734686,165.87,189.11158030421922
2024-12-10,185.17,2025-03-10,-0.1042285467408327,0.13794208283614748,165.87,210.71273547876942
2024-12-11,195.4,2025-03-11,-0.1604912998976458,0.0223384543072347,164.04,199.76493397163367
2024-12-12,191.96,2025-03-12,-0.1294540529276932,0.13551647852968832,167.11,217.97374321855898
2024-12-13,189.82,2025-03-13,-0.1425561057844273,0.1351840554584565,162.76,215.4806374071242
2024-12-16,196.66,2025-03-17,-0.1645987999593207,0.13613686340997627,164.29,223.43267555820591
2024-12-17,195.42,2025-03-17,-0.159297922423498,0.11830594825724643,164.29,218.53934840843107
2024-12-18,188.4,2025-03-18,-0.1471868365180467,0.13907278246133178,160.67,214.60131221571493
2024-12-19,188.51,2025-03-19,-0.1306031510264708,0.1385207215242328,163.89,214.6225412145331
2024-12-20,191.41,2025-03-20,-0.1494697246747818,0.13475912443720814,162.8,217.20424400852602
2024-12-23,194.63,2025-03-24,-0.1384678620973127,0.13602157516857075,167.68,221.10387917505892
2024-12-24,196.11,2025-03-24,-0.1449696598847586,0.1348932412500296,167.68,222.56391354154334
2024-12-26,195.6,2025-03-26,-0.1561349693251533,0.13399828337931013,165.06,221.81006422899304
2024-12-27,192.76,2025-03-27,-0.1583316040672338,0.13345411294454718,162.24,218.4846148111909
2024-12-30,191.24,2025-03-31,-0.191382555950638,0.13400506061377407,154.64,216.8671277917782
2024-12-31,189.3,2025-03-31,-0.183095615425251,0.12942865744769746,154.64,213.80084485484915
2025-01-02,189.43,2025-04-02,-0.1709866441429552,0.1341721858384138,157.04,214.84623716337072
2025-01-03,191.79,2025-04-03,-0.2141404661348349,0.13480359779133244,150.72,217.64398202039965
2025-01-06,196.87,2025-04-07,-0.2545842434093565,0.08861983523987127,146.75,214.31658696367347
2025-01-07,195.49,2025-04-07,-0.2493222159701263,0.1278582135054181,146.75,220.48500215817418
2025-01-08,193.95,2025-04-08,-0.2539314256251611,0.13181863115009365,144.7,219.51622351156067
2025-01-10,192.04,2025-04-10,-0.2042282857737971,0.09807204192339777,152.82,210.8737549309693
2025-01-13,191.01,2025-04-14,-0.167216376105963,0.05022273537034339,159.07,200.6030446830893
2025-01-14,189.66,2025-04-14,-0.1612886217441738,0.037077303658920396,159.07,196.69208141195085
2025-01-15,195.55,2025-04-15,-0.2006647916133981,0.03820224710826207,156.31,203.02044942202068
2025-01-16,192.91,2025-04-16,-0.2051733969208438,0.047306008057327806,153.33,202.03580201433908
2025-01-17,196.0,2025-04-17,-0.2287755102040816,0.03783282823896664,151.16,203.41523433483746
2025-01-21,198.05,2025-04-21,-0.2543802070184298,0.035783475037443474,147.67,205.1369172311657
2025-01-22,198.37,2025-04-22,-0.2364268790643746,0.018856681057030585,151.47,202.11059982128316
2025-01-23,197.98,2025-04-23,-0.2153247802808364,0.023606693020437608,155.35,202.6536530841862
2025-01-24,200.21,2025-04-24,-0.2044353428899655,0.04473896678533223,159.28,209.16718854009136
2025-01-27,191.81,2025-04-28,-0.1626609665815128,0.06338935228907681,160.61,203.9687116625678
2025-01-28,195.3,2025-04-28,-0.1776241679467486,0.05231678421329345,160.61,205.51746795685622
2025-01-29,195.41,2025-04-29,-0.1803899493372908,0.05309882686553076,160.16,205.78604175779338
2025-01-30,200.87,2025-04-30,-0.2094389406083536,0.053537420992459936,158.8,211.62406175475545
2025-01-31,204.02,2025-04-30,-0.2216449367709048,0.05178010130180955,158.8,214.58417626759518
2025-02-03,201.23,2025-05-05,-0.1839685931521144,0.03702757551113842,164.21,208.68105902010637
2025-02-04,206.38,2025-05-05,-0.2043318150983621,0.04498617816180079,164.21,215.66424744903244
2025-02-05,191.33,2025-05-05,-0.1417446296973815,0.11980779124430879,164.21,214.2528246987736
2025-02-06,191.6,2025-05-06,-0.1480688935281837,0.11448792181014508,163.23,213.5358858188238
2025-02-07,185.34,2025-05-07,-0.1832308190352864,0.12362360813211455,151.38,208.2523995312061
2025-02-10,186.47,2025-05-12,-0.1502118303212312,0.11980532284921752,158.46,208.81009855169359
2025-02-11,185.32,2025-05-12,-0.1449384847830778,0.11954321088090426,158.46,207.47374784044916
2025-02-12,183.61,2025-05-12,-0.1369751102881107,0.11885632925221216,158.46,205.4332106139987
2025-02-13,186.14,2025-05-13,-0.1429569141506392,0.11492029409577102,159.53,207.5312635429868
2025-02-14,185.23,2025-05-14,-0.107218053231118,0.11039512809297139,165.37,205.67848957666106
2025-02-18,183.77,2025-05-19,-0.0937585024759211,0.11024159240492333,166.54,204.02909743625278
2025-02-19,185.27,2025-05-19,-0.1010956981702381,0.09873359475581035,166.54,203.562373100409
2025-02-20,184.56,2025-05-20,-0.1115084525357608,0.10422157937787095,163.98,203.79513468997985
2025-02-21,179.66,2025-05-21,-0.0617833685851051,0.11729030840058971,168.56,200.73237680724992
2025-02-24,179.32,2025-05-27,-0.0358019183582422,0.121304148194691,172.9,201.07225985427198
2025-02-25,175.42,2025-05-27,-0.0143655227454109,0.08956203526205737,172.9,191.1309722256701
2025-02-26,172.73,2025-05-27,0.0009841949863951,0.07311782970504983,172.9,185.35964272495326
2025-02-27,168.5,2025-05-27,0.026112759643917,0.042932725431745915,172.9,175.7341642352492
2025-02-28,170.28,2025-05-28,0.0122151750058727,0.05686026902428895,172.36,179.96216660945592
2025-03-03,167.01,2025-06-03,-0.0049697622896831,0.0557470150031927,166.18,176.3203089756832
2025-03-04,170.92,2025-06-04,-0.0167914813948044,0.026078976442646493,168.05,175.37741865357714
2025-03-05,173.02,2025-06-05,-0.0278002543058606,0.07502680448346537,168.21,186.0011377117292
2025-03-06,172.35,2025-06-06,0.0077168552364375,0.1145460472043803,173.68,192.09201123567493
2025-03-07,173.86,2025-06-09,0.0128264120556769,0.1321428816096007,176.09,196.8343613966452
2025-03-10,165.87,2025-06-10,0.0767468499427261,0.03366890049878238,178.6,171.45466052573306
2025-03-11,164.04,2025-06-11,0.0811387466471591,0.024214903222423832,177.35,168.0122127246064
2025-03-12,167.11,2025-06-12,0.0514032673089579,-0.010866324991150483,175.7,165.29412843072885
2025-03-13,162.76,2025-06-13,0.0731752273285819,0.020467504816349468,174.67,166.09129108390903
2025-03-14,165.49,2025-06-16,0.0681612182004955,0.031267028989318074,176.77,170.66438062744226
2025-03-17,164.29,2025-06-17,0.070972061598393,-0.012099417700416518,175.95,162.30218666599856
2025-03-18,160.67,2025-06-18,0.0787328063733117,-0.060334120592323695,173.32,150.97611684443135
2025-03-19,163.89,2025-06-20,0.0167795472573066,0.0065263272939561105,166.64,164.95959978020647
2025-03-20,162.8,2025-06-20,0.0235872235872234,0.03066249283977731,166.64,167.79185383431576
2025-03-21,163.99,2025-06-23,0.0073175193609364,0.019566549977878257,165.19,167.19871853087227
2025-03-24,167.68,2025-06-24,-0.0054270038167938,0.024158900690708005,166.77,171.7309644678179
2025-03-25,170.56,2025-06-25,0.0007035647279549,0.0002582266291795211,170.68,170.60404313387286
2025-03-26,165.06,2025-06-26,0.0513752574821275,0.02877882833206028,173.54,169.81023340448988
2025-03-27,162.24,2025-06-27,0.1004068047337276,0.033013895627222706,178.53,167.59617442656062
2025-03-28,154.33,2025-06-30,0.141903712823171,0.002757491994603789,176.23,154.75556373952722
2025-03-31,154.64,2025-06-30,0.1396145887221935,0.029166476802900843,176.23,159.15030397280054
2025-04-01,157.07,2025-07-01,0.1195008594893995,-0.009724527239969066,175.84,155.54256850641804
2025-04-02,157.04,2025-07-02,0.1375445746306673,-0.023267358214485626,178.64,153.38609406599716
2025-04-03,150.72,2025-07-03,0.1911491507430998,-0.04352235225973168,179.53,144.16031106741323
2025-04-04,145.6,2025-07-07,0.2142170329670329,0.02123880159739134,176.79,148.6923695125802
2025-04-07,146.75,2025-07-07,0.2047018739352639,0.00618889047151089,176.79,147.65821967669422
2025-04-08,144.7,2025-07-08,0.2049758120248792,0.0294568510255374,174.36,148.96240634339523
2025-04-09,158.71,2025-07-09,0.1128473316111144,0.03567933148009851,176.62,164.37266669920643
2025-04-10,152.82,2025-07-10,0.1622824237665228,0.05207280820238603,177.62,160.77776654948863
2025-04-11,157.14,2025-07-11,0.1466844851724578,0.03804422809321632,180.19,163.11827000256798
2025-04-14,159.07,2025-07-14,0.1413842962217892,0.03257009557135675,181.56,164.25092510253572
2025-04-15,156.31,2025-07-15,0.1643528884908194,0.06827353313052904,182.0,166.98183596363302
2025-04-16,153.33,2025-07-16,0.1933085501858735,0.041304770991068336,182.97,159.66326053606053
2025-04-17,151.16,2025-07-17,0.2144747287642234,0.061011924629566575,183.58,160.3825625270053
2025-04-21,147.67,2025-07-21,0.2873298571138349,0.005446896815439898,190.1,148.47434325273602
2025-04-22,151.47,2025-07-22,0.263220439691028,0.0004900947254450758,191.34,151.54423464806317
2025-04-23,155.35,2025-07-23,0.2245252655294496,-0.0019385377742954612,190.23,155.0488481567632
2025-04-24,159.28,2025-07-24,0.2064917127071821,0.07347488668587017,192.17,170.98307995132538
2025-04-25,161.96,2025-07-25,0.1927636453445294,0.11281290011313118,193.18,180.23117730232275
2025-04-28,160.61,2025-07-28,0.1990536081190461,0.10972830351973183,192.58,178.23346282830414
2025-04-29,160.16,2025-07-29,0.2222152847152847,0.11016721786768512,195.75,177.80438161368843
2025-04-30,158.8,2025-07-30,0.2375944584382869,0.112546494706182,196.53,176.67238335934172
2025-05-01,161.3,2025-08-01,0.1725356478611281,0.12004490652538491,189.13,180.6632434225446
2025-05-02,164.03,2025-08-04,0.1890507833932817,0.1207274685047018,195.04,183.83292665882624
2025-05-05,164.21,2025-08-05,0.1854941842762314,0.12110087986220554,194.67,184.09597548217278
2025-05-06,163.23,2025-08-06,0.2013110335109968,0.12234816277431472,196.09,183.2008906096514
2025-05-07,151.38,2025-08-07,0.2981899854670367,0.07886172897825033,196.52,163.31808853272753
2025-05-08,154.28,2025-08-08,0.3055483536427275,0.09861872080373828,201.42,169.49489624560076
2025-05-09,152.75,2025-08-11,0.3158756137479541,0.09610654407148247,201.0,167.43027460691897
2025-05-12,158.46,2025-08-12,0.2832260507383566,0.11574227429190531,203.34,176.80052078429532
2025-05-13,159.53,2025-08-13,0.2659687833009465,0.11547250523586883,201.96,177.95132876027813
2025-05-14,165.37,2025-08-14,0.2271875188970187,0.10769937019894646,202.94,183.18024484979978
2025-05-15,163.96,2025-08-15,0.2435959990241523,0.10868597174520583,203.9,181.78015192734395
2025-05-16,166.19,2025-08-18,0.2245020759371803,0.10683805622265624,203.5,183.94541656364325
2025-05-19,166.54,2025-08-19,0.2103398582923021,0.09975202912574303,201.57,183.15270293060124
2025-05-20,163.98,2025-08-20,0.2155140870837908,0.10185990452593456,199.32,180.68298714416272
2025-05-21,168.56,2025-08-21,0.1850379686758423,0.10132581728711348,199.75,185.63947976191585
2025-05-22,170.87,2025-08-22,0.2061216129221044,0.09753566369085495,206.09,187.53591885485636
2025-05-23,168.47,2025-08-25,0.2375497121149166,0.09962259868669285,208.49,185.25341920074712
2025-05-27,172.9,2025-08-27,0.1999999999999999,0.09911584716036752,207.48,190.03712997402755
2025-05-28,172.36,2025-08-28,0.2278951032722207,0.10061827018423158,211.64,189.70256504895417
2025-05-29,171.86,2025-08-29,0.2388572093564527,0.10050206837517933,212.91,189.13228547095835
2025-05-30,171.74,2025-09-02,0.2306393385349947,0.09971436765398846,211.35,188.864945500896
2025-06-02,169.03,2025-09-02,0.2503697568478968,0.10206796742990186,211.35,186.28254853467632
2025-06-03,166.18,2025-09-03,0.3880129979540256,0.11569771055240007,230.66,185.40664553959783
2025-06-04,168.05,2025-09-04,0.3823266884855698,0.1111001491692031,232.3,186.7203800678846
2025-06-05,168.21,2025-09-05,0.3970631948160037,0.07406908002736205,235.0,180.66915995140258
2025-06-06,173.68,2025-09-08,0.3475356978350989,0.06975196479992814,234.04,185.79452124645152
2025-06-09,176.09,2025-09-09,0.360838207734681,0.07794880606246973,239.63,189.8160052595403
2025-06-10,178.6,2025-09-10,0.339137737961926,0.07948900388588989,239.17,192.79673609401993
2025-06-11,177.35,2025-09-11,0.3553425429940795,0.08165471539822007,240.37,191.83146377587434
2025-06-12,175.7,2025-09-12,0.3705179282868527,0.10708778634876294,240.8,194.51532406147763
2025-06-13,174.67,2025-09-15,0.4404877769508217,0.11634745843164593,251.61,194.99241056425558
2025-06-16,176.77,2025-09-16,0.4208293262431406,0.11087506065088443,251.16,196.36938447125684
2025-06-17,175.95,2025-09-17,0.4181869849389033,0.11594058268691483,249.53,196.34974552376266
2025-06-18,173.32,2025-09-18,0.4541310870066928,0.10858799294881934,252.03,192.14047093788938
2025-06-20,166.64,2025-09-22,0.5154224675948154,0.07843795282582482,252.53,179.71090045889542
2025-06-23,165.19,2025-09-23,0.5234578364307767,0.07807089119237764,251.66,178.08653051606885
2025-06-24,166.77,2025-09-24,0.4819212088505125,0.07538112821383193,247.14,179.34131075222075
2025-06-25,170.68,2025-09-25,0.4400632763065384,0.11315262404132194,245.79,189.99288987137282
2025-06-26,173.54,2025-09-26,0.4206522991817449,0.05400530780687394,246.54,182.91208111680487
2025-06-27,178.53,2025-09-29,0.3669971433372543,0.06992404578377694,244.05,191.01353989377768
2025-06-30,176.23,2025-09-30,0.3794473131702889,0.08088782494274321,243.1,190.4848613896596
2025-07-01,175.84,2025-10-01,0.3927434030937216,0.03780422323287335,244.9,182.48749461326844
2025-07-02,178.64,2025-10-02,0.3753358710255263,0.02717502801670889,245.69,183.49454700490486
2025-07-03,179.53,2025-10-03,0.36662396256893,0.024259701080457798,245.35,183.8853441349746
2025-07-07,176.79,2025-10-07,0.3901238757848295,-0.041361566031280834,245.76,169.47768874132984
2025-07-08,174.36,2025-10-08,0.4029593943565037,0.08853643230277528,244.62,189.79721233631193
2025-07-09,176.62,2025-10-09,0.3675121730268371,0.0445160219852738,241.53,184.48241980303908
2025-07-10,177.62,2025-10-10,0.3318883008670195,0.049410189541092546,236.57,186.39623786628886
2025-07-11,180.19,2025-10-13,0.3549586547533159,0.05612504481521652,244.15,190.30317182525388
2025-07-14,181.56,2025-10-14,0.3518946904604538,0.04710876216770516,245.45,190.11306685916853
2025-07-15,182.0,2025-10-15,0.3792857142857142,0.04417493857170056,251.03,190.03983882004948
2025-07-16,182.97,2025-10-16,0.3743236596163306,0.03592372502730802,251.46,189.54296396824657
2025-07-17,183.58,2025-10-17,0.3797799324545157,-0.0033766825313508984,253.3,182.9601086208946
2025-07-18,185.06,2025-10-20,0.3863071436290932,0.00699877487885133,256.55,186.35519327908023
2025-07-21,190.1,2025-10-21,0.3175170962651237,0.03269529794044003,250.46,196.31537613847763
2025-07-22,191.34,2025-10-22,0.3154071286714748,0.062277076878800755,251.69,203.25609588998975
2025-07-23,190.23,2025-10-23,0.3303895284655418,0.06067232612217748,253.08,201.77169659822184
2025-07-24,192.17,2025-10-24,0.3525524275381175,0.04935671848224073,259.92,201.6548805907322
2025-07-25,193.18,2025-10-27,0.3938813541774508,0.054336399166560176,269.27,203.6767055909961
2025-07-28,192.58,2025-10-28,0.3888773496728632,0.05157426831776743,267.47,202.51217259263564
2025-07-29,195.75,2025-10-29,0.4026564495530012,0.031226915812299635,274.57,201.86266877025764
2025-07-30,196.53,2025-10-30,0.4322495293339441,0.014784066112014592,281.48,199.43551251299425
2025-07-31,191.9,2025-10-31,0.46529442417926,0.040565382446646314,281.19,199.68449689151143
2025-08-01,189.13,2025-11-03,0.500132184211918,0.03470102312708803,283.72,195.69300450402616
2025-08-04,195.04,2025-11-04,0.4229901558654636,2.369297557474596e-05,277.54,195.0446210779561
2025-08-05,194.67,2025-11-05,0.4604715672676838,0.02571253892934932,284.31,199.67545995337642
2025-08-06,196.09,2025-11-06,0.4521393237798969,0.022175387319563037,284.75,200.43837169949313
2025-08-07,196.52,2025-11-07,0.418837777325463,0.019734984576111423,278.83,200.39831916889744
2025-08-08,201.42,2025-11-10,0.4402740542150731,0.01517528899359271,290.1,204.47660670908945
2025-08-11,201.0,2025-11-11,0.4493034825870647,0.05643422259241677,291.31,212.34327874107578
2025-08-12,203.34,2025-11-12,0.410002950722927,0.010124913506042353,286.71,205.39879991231865
2025-08-13,201.96,2025-11-13,0.3793325410972468,0.05124464939079437,278.57,212.30936939096483
2025-08-14,202.94,2025-11-14,0.3620281856706417,0.05030851163598544,276.41,213.14960935140687
2025-08-15,203.9,2025-11-17,0.3978420794507109,0.020131764970737764,285.02,208.00486687753343
2025-08-18,203.5,2025-11-18,0.3969533169533168,0.053662905380150484,284.28,214.4204012448606
2025-08-19,201.57,2025-11-19,0.4526467232227018,0.04419560811340221,292.81,210.4785087274185
2025-08-20,199.32,2025-11-20,0.4521874372867751,0.025321176078590524,289.45,204.36701681598467
2025-08-21,199.75,2025-11-21,0.5001752190237798,0.025643196860261504,299.66,204.87222857283723
2025-08-22,206.09,2025-11-24,0.5458294919695277,0.05321107034872763,318.58,217.05626948816928
2025-08-25,208.49,2025-11-25,0.5513453882680224,0.050133373180914674,323.44,218.9423069744889
2025-08-26,207.14,2025-11-26,0.5446075118277494,0.04211658585322644,319.95,215.8640295936373
2025-08-27,207.48,2025-11-28,0.5431848852901486,0.00871811334347185,320.18,209.28883415650355
2025-08-28,211.64,2025-11-28,0.5128520128520129,0.004746257696897659,320.18,212.64449797897143
2025-08-29,212.91,2025-12-01,0.4789817293692169,-0.009595148191069387,314.89,210.8670969986394
2025-09-02,211.35,2025-12-02,0.494251242015614,-0.014796831580429493,315.81,208.22268964547624
2025-09-03,230.66,2025-12-03,0.3857192404404752,-0.03765901525166342,319.63,221.97357154205133
2025-09-04,232.3,2025-12-04,0.3672836848902281,-0.02850131299525327,317.62,225.6791449912027
2025-09-05,235.0,2025-12-05,0.3671063829787233,-0.02298034669869142,321.27,229.59961852580753
2025-09-08,234.04,2025-12-08,0.3404546231413434,-0.029018578827207233,313.72,227.24849181128042
2025-09-09,239.63,2025-12-09,0.3232066101907107,-0.03663161525564058,317.08,230.85196603629083
2025-09-10,239.17,2025-12-10,0.3388384830873436,-0.0659204392385615,320.21,223.40380854731325
2025-09-11,240.37,2025-12-11,0.2997878270998877,-0.07695214810017026,312.43,221.87301216116208
2025-09-12,240.8,2025-12-12,0.2844269102990033,-0.07390362435406658,309.29,223.00400725554078
2025-09-15,251.61,2025-12-15,0.224991057589126,-0.03156724164255477,308.22,243.6673663303168
2025-09-16,251.16,2025-12-16,0.2206163401815575,0.008315876397482769,306.57,253.24861551599173
2025-09-17,249.53,2025-12-17,0.1891155372099549,0.007962876201399852,296.72,251.5169764985353
2025-09-18,252.03,2025-12-18,0.200095226758719,-0.0022830660195451193,302.46,251.45459887109405
2025-09-19,254.72,2025-12-19,0.2058731155778894,-0.016310277017778967,307.16,250.56544623803134
2025-09-22,252.53,2025-12-22,0.2267057379321266,-0.0545026789198934,309.78,238.76643849235933
2025-09-23,251.66,2025-12-23,0.2491059365811017,-0.07368156819866076,314.35,233.11729654712502
2025-09-24,247.14,2025-12-24,0.2708990855385611,-0.057280937641245325,314.09,232.98358907134264
2025-09-25,245.79,2025-12-26,0.2755197526343627,-0.06263683089496352,313.51,230.3944933343269
2025-09-26,246.54,2025-12-26,0.271639490549201,-0.05771585010850926,313.51,232.31073431424812
2025-09-29,244.05,2025-12-29,0.284818684695759,-0.05338179282384233,313.56,231.02217346134128
2025-09-30,243.1,2025-12-30,0.2910324969148499,-0.033671053537928104,313.85,234.91456688492968
2025-10-01,244.9,2026-01-02,0.2868517762351978,0.002145982697420301,315.15,245.42555116259825
2025-10-02,245.69,2026-01-02,0.2827139891733485,0.004731658483710455,315.15,246.85252117286282
2025-10-03,245.35,2026-01-05,0.2901569186875892,-0.0069126426395328235,316.54,243.65398312839062
2025-10-06,250.43,2026-01-06,0.2552010541867986,-0.0023159010212746305,314.34,249.8500289072422
2025-10-07,245.76,2026-01-07,0.3101399739583335,0.001386586911779049,321.98,246.10076759943883
2025-10-08,244.62,2026-01-08,0.3303899926416482,0.0043185470823755455,325.44,245.6764029872907
2025-10-09,241.53,2026-01-09,0.3603693123007494,0.0183608565941332,328.57,245.96469769318097
2025-10-10,236.57,2026-01-12,0.4027983260768484,0.022546887124924333,331.86,241.90391708714336
2025-10-13,244.15,2026-01-13,0.3760802785173049,-0.005809020270663681,335.97,242.73172770091747
2025-10-14,245.45,2026-01-14,0.3682623752291709,0.010778522243280339,335.84,248.09558828461314
2025-10-15,251.03,2026-01-15,0.3256582878540413,-0.01703581951220853,332.78,246.7534982278503
2025-10-16,251.46,2026-01-16,0.3123359580052494,-0.046871968717506714,330.0,239.67357474629577
2025-10-17,253.3,2026-01-20,0.2712198973549151,-0.023596878831255785,322.0,247.32291059204292
2025-10-20,256.55,2026-01-20,0.2551159618008185,-0.04007642881661721,322.0,246.26839218709685
2025-10-21,250.46,2026-01-21,0.3111075620857622,0.025837763994539333,328.38,256.9313263700723
2025-10-22,251.69,2026-01-22,0.3132822122452223,-0.0020832167393693255,330.54,251.16567517886816
2025-10-23,253.08,2026-01-23,0.2957562825983879,-0.00317270409000891,327.93,252.27705204890054
2025-10-24,259.92,2026-01-26,0.2821637426900583,-0.10748561990015204,333.26,231.9823376755525
2025-10-27,269.27,2026-01-27,0.2424332454413786,-0.10563177705103662,334.55,240.82653139346735
2025-10-28,267.47,2026-01-28,0.2562530377238567,-0.08524229651371916,336.01,244.67024295147556
2025-10-29,274.57,2026-01-29,0.2319262847361329,-0.06076146860561841,338.25,257.88672356495533
2025-10-30,281.48,2026-01-30,0.2007957936620719,-0.07397401863412743,338.0,260.65779323486584
2025-10-31,281.19,2026-02-02,0.2222696397453678,-0.047474791186169776,343.69,267.8405634663609
2025-11-03,283.72,2026-02-03,0.1973424503031156,-0.09398479047895386,339.71,257.0546352453112
2025-11-04,277.54,2026-02-04,0.1999711753260791,-0.12921711350381995,333.04,241.67708231814984
2025-11-05,284.31,2026-02-05,0.165101473743449,-0.08904142599594674,331.25,258.99463217509236
2025-11-06,284.75,2026-02-06,0.1338366988586479,-0.12997925047147832,322.86,247.73840842824654
2025-11-07,278.83,2026-02-09,0.16314600294086,-0.07504781361598599,324.32,257.9044181294546
2025-11-10,290.1,2026-02-10,0.0981730437780075,-0.09366036812226994,318.58,262.9291272077295
2025-11-11,291.31,2026-02-11,0.0674539150732895,-0.08228388891197615,310.96,267.33988032105225
2025-11-12,286.71,2026-02-12,0.0777440619441247,-0.06468529705230022,309.0,268.164078482135
2025-11-13,278.57,2026-02-13,0.0974620382668629,-0.11563053008568173,305.72,246.35880323403165
2025-11-14,276.41,2026-02-17,0.0926522195289605,-0.06034458244428395,302.02,259.7301539665755
2025-11-17,285.02,2026-02-17,0.0596449371973897,-0.07974705590919172,302.02,262.2904941247622
2025-11-18,284.28,2026-02-18,0.0670113972140145,-0.08808682261836298,303.33,259.23867806605176
2025-11-19,292.81,2026-02-19,0.0342884464328405,-0.07187803902763312,302.85,271.76339139231874
2025-11-20,289.45,2026-02-20,0.0882017619623425,-0.11217773896541641,314.98,256.98015345646024
2025-11-21,299.66,2026-02-23,0.0394780751518386,-0.035001005715331886,311.49,289.17159862734366
2025-11-24,318.58,2026-02-24,-0.0241069747002322,-0.0036406388950645466,310.9,317.42016526081034
2025-11-25,323.44,2026-02-25,-0.0325871877318822,0.01863170032823353,312.9,329.4662371541638
2025-11-26,319.95,2026-02-26,-0.0392873886544772,-0.0323230542045614,307.38,309.6082388072506
2025-11-28,320.18,2026-03-02,-0.0426635017802486,-0.031926316557752556,306.52,309.9578319645388
2025-12-01,314.89,2026-03-02,-0.0265807107243799,-0.07698137249055542,306.52,290.649335616449
2025-12-02,315.81,2026-03-02,-0.0294164212659511,-0.07673995277831452,306.52,291.57475551308045
2025-12-03,319.63,2026-03-03,-0.0503707411694772,-0.06938417705684981,303.53,297.4527354873191
2025-12-04,317.62,2026-03-04,-0.0459353944965683,-0.07105965490365926,303.03,295.05003240949975
2025-12-05,321.27,2026-03-05,-0.0635758085099759,-0.0734330157031412,300.845,297.67817504505183
2025-12-08,313.72,2026-03-09,-0.0235241616728294,-0.022958249719868647,306.34,306.51753789788285
2025-12-09,317.08,2026-03-09,-0.0338715781506244,0.015375312853332553,306.34,321.95520419953465
2025-12-10,320.21,2026-03-10,-0.0411292589238311,0.004029586089166312,307.04,321.50031376161195
2025-12-11,312.43,2026-03-11,-0.0119386742630349,-0.0023045467617464595,308.7,311.70999045522757
2025-12-12,309.29,2026-03-12,-0.0185586342914416,0.011990924706787176,303.55,312.9986731025622
2025-12-15,308.22,2026-03-16,-0.0086301992083577,0.10938945788549459,305.56,341.9360187094672
2025-12-16,306.57,2026-03-16,-0.003294516749845,0.07388241039293829,305.56,329.22013055416306
2025-12-17,296.72,2026-03-17,0.0478565651118898,0.13187587559022118,310.92,335.8502098051305
2025-12-18,302.46,2026-03-18,0.0172915426833299,-0.016218133228467643,307.69,297.55466342371767
2025-12-19,307.16,2026-03-19,-9.76689673135578e-05,-0.0273651179814022,307.13,298.7545303608325
2025-12-22,309.78,2026-03-23,-0.0249209116146942,-0.041684577036632156,302.06,296.86695172559206
2025-12-23,314.35,2026-03-23,-0.039096548433275,-0.010093375847722645,302.06,311.1771473022684
2025-12-24,314.09,2026-03-24,-0.0752968894265974,0.012376855781368788,290.44,317.9774466323701
2025-12-26,313.51,2026-03-26,-0.1039520270485788,-2.9190383224561947e-05,280.92,313.50084852295527
2025-12-29,313.56,2026-03-30,-0.1277586426840158,0.00059999163721518,273.5,313.7481333777652
2025-12-30,313.85,2026-03-30,-0.1285646009240083,0.0021999741129443504,273.5,314.5404618753476
2025-12-31,313.0,2026-03-31,-0.0812779552715654,0.01823641062960897,287.56,318.70799652706756
2026-01-02,315.15,2026-04-02,-0.0614945264159924,0.006834407468185506,295.77,317.3038635135986
2026-01-05,316.54,2026-04-06,-0.0522840715233462,0.007102556434142792,299.99,318.7882432136636
2026-01-06,314.34,2026-04-06,-0.0456512057008333,-0.0007674892858324822,299.99,314.0987474178914
2026-01-07,321.98,2026-04-07,-0.0513075346294802,-0.014483356352439337,305.46,317.3166489216416
2026-01-08,325.44,2026-04-08,-0.0249508357915437,-0.04145633589768018,317.32,311.94845004545897
2026-01-09,328.57,2026-04-09,-0.0306783942538879,-0.028715626534106586,318.49,319.13490658968857
2026-01-12,331.86,2026-04-13,-0.0317905140721991,-0.03440922736951004,321.31,320.44095380515444
2026-01-13,335.97,2026-04-13,-0.0436348483495551,-0.03124867920763611,321.31,325.4713812466105
2026-01-14,335.84,2026-04-14,-0.0087243925678893,-0.04203268561379875,332.91,321.72374286346184
2026-01-15,332.78,2026-04-15,0.0130416491375684,-0.0015390560463225645,337.12,332.26783292890474
2026-01-16,330.0,2026-04-16,0.0182424242424241,-0.012539452001254513,336.02,325.861980839586
2026-01-20,322.0,2026-04-20,0.0478881987577639,-0.017902644280661975,337.42,316.2353485416268
2026-01-21,328.38,2026-04-21,0.0119069370850843,0.00704199124011246,332.29,330.69244908342813
2026-01-22,330.54,2026-04-22,0.026562594542264,0.006023684682243345,339.32,332.5310687348687
2026-01-23,327.93,2026-04-23,0.0334217668404841,0.05611407712343669,338.89,346.3314893110886
2026-01-26,333.26,2026-04-27,0.0512512752805616,0.001056369272876206,350.34,333.6120456238787
2026-01-27,334.55,2026-04-27,0.047197728291735,0.05943594170594581,350.34,354.4342942977242
2026-01-28,336.01,2026-04-28,0.0409809231868099,0.054652502036598466,349.78,354.3737872093174
2026-01-29,338.25,2026-04-29,0.0345602365114561,0.07097662807787146,349.94,362.25784444734
2026-01-30,338.0,2026-04-30,0.1384615384615384,0.06144775859418078,384.8,358.76934240483314
2026-02-02,343.69,2026-05-04,0.1151037271960195,0.017730435520323825,383.25,349.7837733839801
2026-02-03,339.71,2026-05-04,0.1281681434164434,0.07398103006392047,383.25,364.84209572301444
2026-02-04,333.04,2026-05-04,0.1507626711506124,0.03257100511571895,383.25,343.88744754373903
2026-02-05,331.25,2026-05-05,0.1726188679245284,0.123887285411027,388.43,372.2876632924027
2026-02-06,322.86,2026-05-06,0.2328563464040141,0.11554034668976072,398.04,360.1633563322561
2026-02-09,324.32,2026-05-11,0.1983226443019239,0.11180640007308802,388.64,360.5810516717039
2026-02-10,318.58,2026-05-11,0.219913365559671,0.146945219025565,388.64,365.3938078771644
2026-02-11,310.96,2026-05-11,0.2498070491381527,0.13527071394459328,388.64,353.02378120821066
2026-02-12,309.0,2026-05-12,0.2535598705501618,0.02948120181273071,387.35,318.10969136013375
2026-02-13,305.72,2026-05-13,0.3169566923982727,0.17280142044939764,402.62,358.5488502597899
2026-02-17,302.02,2026-05-18,0.3142838222634263,0.17571121919849594,396.94,355.0883024223297
2026-02-18,303.33,2026-05-18,0.3086077868987571,0.21252280488866754,396.94,367.79454240687954
2026-02-19,302.85,2026-05-19,0.2800396235760276,0.0006365573345507986,387.66,303.04278138876873
2026-02-20,314.98,2026-05-20,0.2347133151311193,0.18621347798767268,388.91,373.6335212965572
2026-02-23,311.49,2026-05-26,0.2484509936113519,0.1268115908135911,388.88,350.99054242252555
2026-02-24,310.9,2026-05-26,0.2508201994210357,0.1307244027838164,388.88,351.5422168254885
2026-02-25,312.9,2026-05-26,0.2428251837647812,0.11641414877183005,388.88,349.3259871507056
2026-02-26,307.38,2026-05-26,0.2651441212831023,0.16310609757684194,388.88,357.51555227316965
2026-02-27,311.76,2026-05-27,0.2472093918398767,0.18437314537781468,388.83,369.24017180298745
2026-03-02,306.52,2026-06-02,0.1805102440297534,0.15288934424651576,361.85,353.383641798442
2026-03-03,303.53,2026-06-03,0.182716700161434,0.1684091868398962,358.99,354.6472404815137
2026-03-04,303.03,2026-06-04,0.2282282282282284,0.16159453152167685,372.19,351.9979908870137
2026-03-05,300.845,2026-06-05,0.2249829646495702,0.1926970027840499,368.53,358.8169298025675
2026-03-06,298.48,2026-06-08,0.2172004824443847,0.18633215195428854,363.31,354.096420715316
2026-03-09,306.34,2026-06-09,0.1890709668995234,0.12772242749553495,364.26,345.46648843898214
2026-03-10,307.04,2026-06-10,0.1606956748306409,0.11791599105052251,356.38,343.2449258921525
2026-03-11,308.7,2026-06-11,0.1589569160997732,0.12093715978447026,357.77,346.03330122546595
2026-03-12,303.55,2026-06-12,0.1849118761324328,0.1939507839413464,359.68,362.4237604653957
2026-03-13,302.28,2026-06-15,0.221880375810507,0.20804896041060794,369.35,365.16903975291854
2026-03-16,305.56,2026-06-16,0.2215276868700091,0.16998508987419036,373.25,357.5006440619576
2026-03-17,310.92,2026-06-17,0.1700437411552811,0.14475679281540813,363.79,355.9277820221667
2026-03-18,307.69,2026-06-18,0.1961064707985309,0.12729010479647923,368.03,346.8558923448287
2026-03-19,307.13,2026-06-22,0.1385406830983622,0.11862231227388316,349.68,343.56247076867777
2026-03-20,301.0,2026-06-22,0.1617275747508306,0.10006153477162696,349.68,331.1185219662597
2026-03-23,302.06,2026-06-23,0.1458981659272991,0.09776876807869565,346.13,331.5920340858508
2026-03-24,290.44,2026-06-24,0.18885139787908,0.08093243446243394,345.29,313.94601626526935
2026-03-25,290.93,2026-06-25,0.1814182105661155,0.0875739801674112,343.71,316.4078980501049
2026-03-26,280.92,2026-06-26,0.2010180834401251,0.03014778353894119,337.39,289.38911535175936
2026-03-27,274.34,2026-06-29,0.2890938251804331,0.0071951561653171466,353.65,276.3139191423931
2026-03-30,273.5,2026-06-30,0.306654478976234,0.0019184143158103718,357.37,274.02468631537414
2026-03-31,287.56,2026-06-30,0.2427667269439422,0.03443660501893752,357.37,297.46259013924566
2026-04-01,297.39,2026-07-01,0.2146003564343117,0.08679663273281421,361.21,323.2024506084116
2026-04-02,295.77,2026-07-02,0.2168576934780406,0.0820771015306139,359.91,320.04594431970963
2026-04-06,299.99,2026-07-06,0.2215740524684155,0.09272781128280908,366.46,327.80741610672993
2026-04-07,305.46,2026-07-07,0.2015648530085771,0.09659686797560214,367.03,334.9664792918274
2026-04-08,317.32,2026-07-08,0.1405521240388252,0.09808258821821166,361.92,348.44356689340293
2026-04-09,318.49,2026-07-09,0.1268485666739929,0.09936958694714032,358.89,350.13821974679473
2026-04-10,317.24,2026-07-10,0.1258983734711889,0.09909268928872722,357.18,348.67616474995583
2026-04-13,321.31,2026-07-13,0.097102486695092,0.09873988637715854,352.51,353.03611289184477
2026-04-14,332.91,2026-07-14,0.0799014748730886,0.09921113268600482,359.51,365.9383781824979
2026-04-15,337.12,2026-07-15,0.1002610346464167,0.09976625420116811,370.92,370.7531996162978
2026-04-16,336.02,2026-07-16,0.0548776858520325,0.10330400928005631,354.46,370.7322131982845
2026-04-17,341.68,2026-07-17,0.014896979630063,0.09664090298840601,346.77,374.7002637330786
2026-04-20,337.42,2026-07-20,0.0431806057732202,0.098255007613892,351.99,370.5732046690794
2026-04-21,332.29,2026-07-21,0.0447199735171084,0.10071756739930614,347.15,365.75744047111544
2026-04-22,339.32,2026-07-22,0.0081633855947187,0.09572271832637563,342.09,371.8006327825058
2026-04-23,338.89,2026-07-23,-0.0625571719436984,0.09648846031235164,317.69,371.58897431525287
2026-04-24,344.4,2026-07-24,-0.0716027874564458,0.053769128884556684,319.74,362.9180879878413
2026-04-27,350.34,2026-07-27,-0.0678769195638522,0.04265208572843634,326.56,365.28273171410035
2026-04-28,349.78,2026-07-28,-0.0459431642746869,0.04058119431304203,333.71,363.9744901468158
2026-04-29,349.94,2026-07-29,-0.0378064811110476,0.11191599788018157,336.71,389.10388429819074
2026-04-30,384.8,2026-07-30,-0.1329002079002078,0.02038372327172945,333.66,392.6436567149615
2026-05-01,385.69,2026-08-03,-0.0315797661334232,0.02169061357765189,373.51,394.05585275076453
2026-05-04,383.25,2026-08-04,-0.0146118721461188,0.02115015496830549,377.65,391.3557968916031
2026-05-05,388.43,2026-08-05,-0.0669361274875781,0.021490723933704617,362.43,396.77764189756886
2026-05-06,398.04,2026-08-06,-0.1012209828157975,0.007518176389072055,357.75,401.0325349299063
2026-05-07,397.99,2026-08-07,-0.109776627553456,0.019608561923127092,354.3,405.7940115597853
2026-05-08,400.8,2026-08-10,-0.1079840319361278,-0.007773836524758141,357.52,397.6842463208769
2026-05-11,388.64,2026-08-11,-0.115376698229724,0.021325874533208368,343.8,396.9280878785861
2026-05-12,387.35,2026-08-12,-0.1131018458758229,0.015358740857463197,343.54,393.29920827113835
2026-05-13,402.62,2026-08-13,-0.1397347374695742,-0.08525127091092687,346.36,368.2961333058426
2026-05-14,401.07,2026-08-14,-0.1375570349315581,-0.073296859717932,345.9,371.67282847292904
2026-05-15,396.78,2026-08-17,-0.1330208175815312,-0.05951983415057061,344.0,373.1637202057366
2026-05-18,396.94,2026-08-18,-0.1328664281755429,0.022613911179428882,344.2,405.91636590356245
2026-05-19,387.66,2026-08-19,-0.1107671671051953,0.01891623166679611,344.72,394.99306636795023
2026-05-20,388.91,2026-08-20,-0.1240389807410454,0.004543133199327773,340.67,390.6768699325506
2026-05-21,387.66,2026-08-21,-0.1105092091007584,0.012709481181547551,344.82,392.58695747483875
2026-05-22,382.97,2026-08-24,-0.0911559652192078,-0.007849268485390434,348.06,379.96396564815007
