Date,Current_Close,Future_Date,Actual_Return,Predicted_Return,Actual_Future_Price,Predicted_Future_Price
2021-11-17,147.512,2022-05-17,-0.2132707847497152,0.1450650287557421,116.052,168.910832521817
2021-11-18,149.297,2022-05-18,-0.2531999973207767,0.1463939566287984,111.495,171.1531785428097
2021-11-19,148.388,2022-05-19,-0.2588012507749953,0.15648311103499227,109.985,171.60821588026045
2021-11-22,145.773,2022-05-23,-0.2379590184739286,0.16563834358112,111.085,169.9185982588506
2021-11-23,145.256,2022-05-23,-0.2352467367957261,0.16611006260803107,111.085,169.38448325419213
2021-11-24,145.592,2022-05-24,-0.2747678443870543,0.10775806573678913,105.588,161.28071230675062
2021-11-26,141.67,2022-05-26,-0.2418860732688641,0.17347669280512387,107.402,166.24644306970188
2021-11-29,145.005,2022-05-31,-0.2182959208303161,0.1697753871263463,113.351,169.62328001025585
2021-11-30,141.384,2022-05-31,-0.1982756181746165,0.1752975971354236,113.351,166.16827547339471
2021-12-01,140.542,2022-06-01,-0.1925545388567118,0.17722479517765427,113.48,165.44952716385788
2021-12-02,142.45,2022-06-02,-0.1772762372762372,0.1732448889258507,117.197,167.12873442748742
2021-12-03,141.489,2022-06-03,-0.1933860582801491,0.1776947170506893,114.127,166.630847820785
2021-12-06,142.639,2022-06-06,-0.1839679190123319,0.1694752843116518,116.398,166.81278507892972
2021-12-07,146.738,2022-06-07,-0.2045277978437759,0.1515249962459187,116.726,168.9724748991336
2021-12-08,147.651,2022-06-08,-0.2091418276882649,0.14866533126910603,116.771,169.60158482721477
2021-12-09,147.105,2022-06-09,-0.2221814350294007,0.14968893896912625,114.421,169.1249913670533
2021-12-10,147.467,2022-06-10,-0.2489099256104756,0.14536545809655707,110.761,168.903608009125
2021-12-13,145.299,2022-06-13,-0.2704147998265646,0.14404502503087716,106.008,166.22859809196143
2021-12-14,143.388,2022-06-14,-0.2584456160906073,0.1457369236240338,106.33,164.28492600460297
2021-12-15,145.912,2022-06-15,-0.2504523274302319,0.1514284622357304,109.368,168.0072297817399
2021-12-16,143.923,2022-06-16,-0.2659199710956553,0.15239649054913854,105.651,165.8563601093037
2021-12-17,141.213,2022-06-17,-0.2440072797830227,0.17311285810550822,106.756,165.6587860316531
2021-12-20,141.096,2022-06-21,-0.212302262289505,0.173886801236447,111.141,165.63073210725773
2021-12-21,142.954,2022-06-21,-0.2225401178001315,0.16734560160253698,111.141,166.8767231314891
2021-12-22,145.886,2022-06-22,-0.2385492782035287,0.14191634049494475,111.085,166.58960724944552
2021-12-23,146.386,2022-06-23,-0.2360198379626467,0.1341100434400879,111.836,166.0178328190207
2021-12-27,147.371,2022-06-27,-0.2168337054101553,0.1400109538646984,115.416,168.00455428199447
2021-12-28,146.157,2022-06-28,-0.2364101616754587,0.1348915216486939,111.604,165.87234012960818
2021-12-29,146.126,2022-06-29,-0.2383422525765435,0.09887758392707623,111.298,160.57458582892792
2021-12-30,145.671,2022-06-30,-0.254690363902218,0.09901154516681208,108.57,160.09411079599468
2021-12-31,144.329,2022-06-30,-0.2477603253677363,0.09484190564557264,108.57,158.01743739991988
2022-01-03,144.468,2022-07-05,-0.2188304676468144,0.1012710608500978,112.854,159.09842761889192
2022-01-04,143.878,2022-07-05,-0.2156271285394569,0.09490297527070492,112.854,157.53245027599846
2022-01-05,137.278,2022-07-05,-0.1779163449350951,0.16695653435729824,112.854,160.19745912350118
2022-01-06,137.251,2022-07-06,-0.1682537832146943,0.16725807686612376,114.158,160.20733830795237
2022-01-07,136.523,2022-07-07,-0.1330838027292105,0.16857583930701486,118.354,159.53747930971159
2022-01-10,138.169,2022-07-11,-0.1658186713372754,0.17189831826499394,115.258,161.92001873635598
2022-01-11,139.231,2022-07-11,-0.1721814825721282,0.1702008480138574,115.258,162.92823426981738
2022-01-12,140.919,2022-07-12,-0.1938063710358433,0.17122176177161252,113.608,165.04739944709388
2022-01-13,138.087,2022-07-13,-0.1965065502183405,0.17178031506392333,110.952,161.807628366232
2022-01-14,138.976,2022-07-14,-0.2087266866221505,0.1705457890142408,109.968,162.67777157404313
2022-01-18,135.507,2022-07-18,-0.1982997188337134,0.17145664410903674,108.636,158.74057547328326
2022-01-19,134.628,2022-07-19,-0.1576863653920431,0.1672177890358929,113.399,157.1401965023242
2022-01-20,132.827,2022-07-20,-0.1455953985259021,0.15078325342239696,113.488,152.8550872023367
2022-01-21,129.881,2022-07-21,-0.1228355186670875,0.13337248706398705,113.927,147.2035519923577
2022-01-24,130.332,2022-07-25,-0.1780836632599821,0.1283934438996646,107.122,147.06577433033107
2022-01-25,126.476,2022-07-25,-0.1530250798570479,0.04909596461988298,107.122,132.68546122126432
2022-01-26,128.766,2022-07-26,-0.1873553577807805,0.08782059550943849,104.641,140.07430680136835
2022-01-27,128.539,2022-07-27,-0.1236045091373045,0.12369726472674294,112.651,144.43892271071078
2022-01-28,132.869,2022-07-28,-0.1434570893135343,0.142969679919092,113.808,151.86523840116985
2022-01-31,134.815,2022-08-01,-0.1510959462967771,0.15155626010481935,114.445,155.2470572060312
2022-02-01,137.147,2022-08-01,-0.1655304162686752,0.14479030434392734,114.445,157.0045558698566
2022-02-02,147.465,2022-08-02,-0.2220865968195843,0.1975055950786249,114.715,176.59016257826943
2022-02-03,142.574,2022-08-03,-0.1747864266977149,0.18723143191702693,117.654,169.2683341741382
2022-02-04,142.775,2022-08-04,-0.175177727193136,0.18353077241855928,117.764,168.97860603205982
2022-02-07,138.698,2022-08-08,-0.1573274308209203,0.18240719697404953,116.877,163.99751340590672
2022-02-08,138.895,2022-08-08,-0.1585226250044998,0.1793416787201729,116.877,163.80466246583842
2022-02-09,141.081,2022-08-09,-0.1762958867600881,0.18822346395678213,116.209,167.63575451848678
2022-02-10,138.12,2022-08-10,-0.1364900086880973,0.18054554348893714,119.268,163.056950466692
2022-02-11,133.797,2022-08-11,-0.1149951045240177,0.16933235542660605,118.411,156.4531611590136
2022-02-14,135.037,2022-08-15,-0.0992172515680888,0.17494082924591492,121.639,158.6604847588806
2022-02-15,136.114,2022-08-15,-0.1063446816638994,0.17185349060223884,121.639,159.50566601983314
2022-02-16,137.241,2022-08-16,-0.1164447941941548,0.1723814608469211,121.26,160.89880406809232
2022-02-17,132.061,2022-08-17,-0.0980077388479566,0.16705276719809237,119.118,154.12215548894727
2022-02-18,129.932,2022-08-18,-0.0784718160268447,0.13196609566958017,119.736,147.07861874253987
2022-02-22,129.345,2022-08-22,-0.1199659824500366,0.11703530604364111,113.828,144.48293166021475
2022-02-23,127.127,2022-08-23,-0.1076010603569659,0.1228139594121546,113.448,142.73997021818897
2022-02-24,132.211,2022-08-24,-0.1431877831647896,0.1651961971164784,113.28,154.05175441696673
2022-02-25,133.974,2022-08-25,-0.1324510725961752,0.17980044958515484,116.229,158.06258543272153
2022-02-28,134.569,2022-08-29,-0.1898208354078575,0.1909128545119123,109.025,160.25995191881353
2022-03-01,133.578,2022-09-01,-0.1814220904639986,0.18222332940537578,109.344,157.9190278953113
2022-03-02,134.086,2022-09-02,-0.1985740494906255,0.18040747863053036,107.46,158.2761171796533
2022-03-03,133.416,2022-09-06,-0.2023070696168375,0.15648167553237569,106.425,154.29315922282743
2022-03-04,131.429,2022-09-06,-0.1902472057156335,0.1526647450595775,106.425,151.4935747784352
2022-03-07,125.922,2022-09-07,-0.1339479995552801,0.10276231784371892,109.055,138.86203658751677
2022-03-08,126.645,2022-09-08,-0.1473094081882426,0.11033017135627067,107.989,140.6177645514149
2022-03-09,132.938,2022-09-09,-0.1706585024597932,0.15814569326877032,110.251,153.96157217176378
2022-03-10,131.952,2022-09-12,-0.1628849884806595,0.16626472325587324,110.459,153.89096276305898
2022-03-11,129.401,2022-09-12,-0.146382176335577,0.15237864252729078,110.459,149.11894872167397
2022-03-14,125.496,2022-09-14,-0.16633996302671,0.11249372733766211,104.621,139.61351280596722
2022-03-15,128.731,2022-09-15,-0.2034708034583744,0.14836586001386393,102.538,147.8302855254447
2022-03-16,132.8,2022-09-16,-0.2286972891566265,0.16953585704091112,102.429,155.314361815033
2022-03-17,133.356,2022-09-19,-0.2298959176939921,0.17089000847793018,102.698,156.14520797058285
2022-03-18,135.635,2022-09-19,-0.2428355512957569,0.1685941102664826,102.698,158.50226214599434
2022-03-21,135.611,2022-09-21,-0.2705503240887538,0.16631643034375673,98.9214,158.1653374353472
2022-03-22,139.363,2022-09-22,-0.2840423928876386,0.17481107087969985,99.778,163.72519527100764
2022-03-23,137.776,2022-09-23,-0.2859184473348043,0.17143158448348564,98.3833,161.39515798379674
2022-03-24,141.061,2022-09-26,-0.3065730428679791,0.17689960844781344,97.8155,166.014635667257
2022-03-25,141.161,2022-09-26,-0.3070642741267063,0.1759709611125477,97.8155,166.00123684160835
2022-03-28,140.945,2022-09-28,-0.2927120507999574,0.1791965006071188,99.6887,166.20185077807034
2022-03-29,141.991,2022-09-29,-0.3163785028628575,0.18616837465250302,97.0681,168.4252336852836
2022-03-30,141.425,2022-09-30,-0.3261127806257734,0.18847363277647303,95.3045,168.07988351541272
2022-03-31,138.566,2022-09-30,-0.312208622605834,0.1822234086317039,95.3045,163.81596884046067
2022-04-01,139.644,2022-10-03,-0.2961838675489101,0.21489133500820207,98.2837,169.65228558588538
2022-04-04,142.456,2022-10-04,-0.2890997922165439,0.17184074357075838,101.272,166.93574496611592
2022-04-05,140.083,2022-10-05,-0.2785420072385657,0.17560512668540923,101.064,164.6822929614722
2022-04-06,136.054,2022-10-06,-0.2572507974774721,0.16293055427909892,101.054,158.22135363188852
2022-04-07,135.397,2022-10-07,-0.2738125660095866,0.16180123934124796,98.3236,157.30440240308695
2022-04-08,132.807,2022-10-10,-0.2658022543992409,0.15258912001625358,97.5066,153.07190326199859
2022-04-11,128.358,2022-10-11,-0.2456333068449182,0.14840986627959896,96.829,147.40759361591677
2022-04-12,127.253,2022-10-12,-0.2361068108413947,0.1500015985128715,97.2077,146.34115341555844
2022-04-13,129.425,2022-10-13,-0.2373791771296117,0.16110788876662668,98.7022,150.27638850362067
2022-04-14,126.272,2022-10-14,-0.2380638621388747,0.15060899686908782,96.2112,145.28969925265346
2022-04-18,127.215,2022-10-18,-0.2107377274692449,0.16410188331253572,100.406,148.09122108560422
2022-04-19,129.54,2022-10-19,-0.2336722247954299,0.16534467669387387,99.2701,150.9587494189244
2022-04-20,127.578,2022-10-20,-0.2192313721801564,0.16806963511673204,99.6089,149.01998790892245
2022-04-21,124.363,2022-10-21,-0.1897509709479508,0.14465502831725793,100.765,142.35273328661913
2022-04-22,119.204,2022-10-24,-0.1430740579175194,0.08558403952199702,102.149,129.40595984718013
2022-04-25,122.629,2022-10-25,-0.1510735633496156,0.1332258126718806,104.103,138.96634818214005
2022-04-26,118.222,2022-10-26,-0.1999196427060952,0.09264234643260662,94.5871,129.17436347995562
2022-04-27,113.881,2022-10-27,-0.193132304774282,0.01925783974179084,91.8869,116.07410204763488
2022-04-28,118.094,2022-10-28,-0.1875785391298456,0.042632684117855056,95.9421,123.12866419821397
2022-04-29,113.698,2022-10-31,-0.1717646748403665,-0.02146247250761329,94.1687,111.25775980082939
2022-05-02,116.162,2022-11-02,-0.2540081954511802,-0.02560921019915322,86.6559,113.18718292484597
2022-05-03,116.91,2022-11-03,-0.2889513300829698,-0.020019837523097467,83.1287,114.56948079517467
2022-05-04,121.819,2022-11-04,-0.2918411742010688,0.11276993680738438,86.2672,135.55652093193876
2022-05-05,116.085,2022-11-07,-0.2404660378171167,0.00765865839003285,88.1705,116.97405535920696
2022-05-06,115.328,2022-11-07,-0.2354805424528301,-0.051766895881617335,88.1705,109.35782743176485
2022-05-09,112.105,2022-11-09,-0.2239008072788904,-0.059898873712805535,87.0046,105.39003676242594
2022-05-10,113.982,2022-11-10,-0.1788115667386077,0.006268647054054406,93.6007,114.69651292851523
2022-05-11,113.192,2022-11-11,-0.1513375503569155,0.009477262811714173,96.0618,114.26475033218354
2022-05-12,112.437,2022-11-14,-0.1519313037523235,0.014041883125276895,95.3543,114.01582721295675
2022-05-13,115.631,2022-11-14,-0.1753569544499312,0.00835669447160771,95.3543,116.59729293844649
2022-05-16,114.032,2022-11-16,-0.1362687666619896,0.005371639756656109,98.493,114.644538824731
2022-05-17,116.052,2022-11-17,-0.1555104608279047,0.07845946181402373,98.0047,125.15737746244109
2022-05-18,111.495,2022-11-18,-0.129306246916902,-0.013051039435384904,97.078,110.03987435815176
2022-05-19,109.985,2022-11-21,-0.1339300813747329,-0.017473332849927338,95.2547,108.06319548650075
2022-05-20,108.515,2022-11-21,-0.1221978528314058,0.011370282064965435,95.2547,109.74884615827973
2022-05-23,111.085,2022-11-23,-0.1168528604221992,0.04114594784691695,98.1044,115.65569761657476
2022-05-24,105.588,2022-11-25,-0.0803121566844716,-0.021096485659553937,97.108,103.36046427217902
2022-05-25,105.423,2022-11-25,-0.0788727317568271,0.02657888225218218,97.108,108.2250255036718
2022-05-26,107.402,2022-11-28,-0.1089262769780823,0.02634923336668279,95.7031,110.23196036204847
2022-05-27,111.91,2022-11-28,-0.1448208381735322,0.07414440023499845,95.7031,120.20749983029867
2022-05-31,113.351,2022-11-30,-0.1122707342678935,0.07721026554596229,100.625,122.10286080990038
2022-06-01,113.48,2022-12-01,-0.113279873105393,0.11847013461228019,100.625,126.92399087580156
2022-06-02,117.197,2022-12-02,-0.1460788245432903,0.14704056921092695,100.077,134.429713589813
2022-06-03,114.127,2022-12-05,-0.1314877285830696,0.0966041612244545,99.1207,125.15214310806333
2022-06-06,116.398,2022-12-06,-0.169833674118112,0.12781757457530973,96.6297,131.2757100454169
2022-06-07,116.726,2022-12-07,-0.1895798708085602,0.13678193833194635,94.5971,132.69200853373476
2022-06-08,116.771,2022-12-08,-0.2003870824091598,0.1467826506693944,93.3716,133.91095690131584
2022-06-09,114.421,2022-12-09,-0.1916282850176105,0.11671249447112132,92.4947,127.77536032988017
2022-06-10,110.761,2022-12-12,-0.1605989472828883,0.0687862447259171,92.9729,118.3798332520873
2022-06-13,106.008,2022-12-13,-0.1011565164893215,0.06643654820209005,95.2846,113.05080560180717
2022-06-14,106.33,2022-12-14,-0.1091263048998401,0.07151915541310382,94.7266,113.93463179507533
2022-06-15,109.368,2022-12-15,-0.1722286226318483,0.04263253145912893,90.5317,114.030634700622
2022-06-16,105.651,2022-12-16,-0.1487643278340953,0.037962299317156216,89.9339,109.66175488515687
2022-06-17,106.756,2022-12-19,-0.1745616171456404,0.028756052725909486,88.1205,109.82588116480719
2022-06-21,111.141,2022-12-21,-0.1969084316318911,0.030880876074309047,89.2564,114.5731314477748
2022-06-22,111.085,2022-12-22,-0.212828014583427,0.051607382551951714,87.443,116.81780609078353
2022-06-23,111.836,2022-12-23,-0.2050171679959941,0.07767418234106663,88.9077,120.52276985629554
2022-06-24,117.549,2022-12-27,-0.259251035738288,0.14593703579797215,87.0743,134.70375262101584
2022-06-27,115.416,2022-12-27,-0.2455612740001386,0.11908414552582161,87.0743,129.16021574000823
2022-06-28,111.604,2022-12-28,-0.2320230457689688,0.09420653495128103,85.7093,122.11782612670277
2022-06-29,111.298,2022-12-29,-0.2081573792880375,0.10172326758997542,88.1305,122.6195962362291
2022-06-30,108.57,2022-12-30,-0.190280003684259,0.04120988201723979,87.9113,113.04415689061172
2022-07-01,108.345,2023-01-03,-0.1804144169089482,0.0769146525191647,88.798,116.6783180271889
2022-07-05,112.854,2023-01-05,-0.2389396919914225,0.1505056940998154,85.8887,129.83916960194054
2022-07-06,114.158,2023-01-06,-0.2376828605967167,0.15487202140817022,87.0246,131.8378802199139
2022-07-07,118.354,2023-01-09,-0.2589849096777464,0.17608812160188886,87.7021,139.19473354406995
2022-07-08,118.923,2023-01-09,-0.2625303767984326,0.1810808469494737,87.7021,140.45767756177227
2022-07-11,115.258,2023-01-11,-0.2088228149022194,0.17879285323172137,91.1895,135.86530667778175
2022-07-12,113.608,2023-01-12,-0.2007534680656292,0.1594733394535198,90.8008,131.72544714863548
2022-07-13,110.952,2023-01-13,-0.1727296488571634,0.16280607177635198,91.7873,129.0156592757298
2022-07-14,109.968,2023-01-17,-0.1728475556525535,0.16097154522354667,90.9603,127.66971888514298
2022-07-15,111.374,2023-01-17,-0.1832896367195216,0.16091261325288844,90.9603,129.2954813884272
2022-07-18,108.636,2023-01-18,-0.1642659891748591,0.16131637859053372,90.7908,126.16076610456123
2022-07-19,113.399,2023-01-19,-0.1824107796365046,0.17741163298828252,92.7138,133.51730176923823
2022-07-20,113.488,2023-01-20,-0.139415621034823,0.18121632843041857,97.666,134.05387868091134
2022-07-21,113.927,2023-01-23,-0.1272525389064928,0.1732844562313056,99.4295,133.66877824506398
2022-07-22,107.51,2023-01-23,-0.0751604501906799,0.171417984210458,99.4295,125.93914748246634
2022-07-25,107.122,2023-01-25,-0.1143173204383787,0.16781816599805743,94.8761,125.09901757804391
2022-07-26,104.641,2023-01-26,-0.0714184688601983,0.1377168985977871,97.1677,119.05183398617103
2022-07-27,112.651,2023-01-27,-0.121081037895802,0.20997695644413258,99.0111,136.30511412038797
2022-07-28,113.808,2023-01-30,-0.1512907704203571,0.20215420796948783,96.5899,136.81476610059147
2022-07-29,115.9,2023-01-30,-0.1666100086281277,0.20789000323344506,96.5899,139.99445137475627
2022-08-01,114.445,2023-02-01,-0.1256323998427192,0.17787224096275492,100.067,134.80158861698249
2022-08-02,114.715,2023-02-02,-0.064202589024975,0.20994898577639987,107.35,138.79929790333972
2022-08-03,117.654,2023-02-03,-0.1126438540126132,0.22817732498001272,104.401,144.4999749931984
2022-08-04,117.764,2023-02-06,-0.1293773988655275,0.2380606767753376,102.528,145.79897753977085
2022-08-05,117.046,2023-02-06,-0.1240367035182749,0.23109371289392938,102.528,144.09459471938288
2022-08-08,116.877,2023-02-08,-0.1528606997099514,0.23190029009835644,99.0111,143.9808102058256
2022-08-09,116.209,2023-02-09,-0.1853746267500796,0.23013042686353638,94.6668,142.9522267753847
2022-08-10,119.268,2023-02-10,-0.2099439916825972,0.23081453605224217,94.2284,146.79678808587883
2022-08-11,118.411,2023-02-13,-0.2038889967992838,0.22945016470167226,94.2683,145.58042345248973
2022-08-12,121.241,2023-02-13,-0.2224717711005353,0.23418585220046131,94.2683,149.63392690663613
2022-08-15,121.639,2023-02-15,-0.2059298415804141,0.2351877994464461,96.5899,150.24700873686626
2022-08-16,121.26,2023-02-16,-0.2151987464951343,0.23872085122254025,95.165,150.20729041924525
2022-08-17,119.118,2023-02-17,-0.2107893013650329,0.23366331335669452,94.0092,146.95150656042273
2022-08-18,119.736,2023-02-21,-0.2361653972071892,0.22621376915720012,91.4585,146.82193186380653
2022-08-19,116.787,2023-02-21,-0.2168777346793735,0.2472106794645037,91.4585,145.657993622621
2022-08-22,113.828,2023-02-22,-0.1977466001335348,0.23523320591918562,91.3189,140.60412536336906
2022-08-23,113.448,2023-02-23,-0.2017338340032437,0.23110775777866857,90.5617,139.6667129044744
2022-08-24,113.28,2023-02-24,-0.2160310734463276,0.16943953161451147,88.808,132.47411014129185
2022-08-25,116.229,2023-02-27,-0.229577816207659,0.14875523318144077,89.5454,133.5186719974457
2022-08-26,109.942,2023-02-27,-0.185521456768114,0.16174845256488418,89.5454,127.7249483718885
2022-08-29,109.025,2023-02-28,-0.176933730795689,0.1532887224518183,89.7348,125.7373029653095
2022-08-30,108.547,2023-02-28,-0.1733092577408863,0.1564945689582351,89.7348,125.53401597670954
2022-08-31,107.829,2023-02-28,-0.1678045794730545,0.15758334838181828,89.7348,124.82105487266308
2022-09-01,109.344,2023-03-01,-0.1766022827041263,0.1496169940403321,90.0336,125.70372059634606
2022-09-02,107.46,2023-03-02,-0.1469607295737949,0.15531356651782702,91.6676,124.14999585800567
2022-09-06,106.425,2023-03-06,-0.1093596429410382,0.15340019837083696,94.7864,122.75061611161634
2022-09-07,109.055,2023-03-07,-0.1424418871211774,0.1689381219718207,93.521,127.47854689163691
2022-09-08,107.989,2023-03-08,-0.1303780940651363,0.16289754639812123,93.9096,125.58014313798672
2022-09-09,110.251,2023-03-09,-0.1656619894604131,0.16840141270605527,91.9866,128.8174241522553
2022-09-12,110.459,2023-03-13,-0.1781475479589711,0.16920294437621,90.781,129.14898803285178
2022-09-13,103.943,2023-03-13,-0.1266270936955831,0.1647694784070085,90.781,121.06963389405968
2022-09-14,104.621,2023-03-14,-0.1050496554229073,0.15953561789005488,93.6306,121.31177587927543
2022-09-15,102.538,2023-03-15,-0.0660750160915952,0.13527983303248883,95.7628,116.40932351948534
2022-09-16,102.429,2023-03-16,-0.0241298850911362,0.13349338616492804,99.9574,116.10259405148743
2022-09-19,102.698,2023-03-20,-0.0179555590177022,0.14280242941895557,100.854,117.3635238964679
2022-09-20,100.775,2023-03-20,0.0007839245844702,0.08380302708676507,100.854,109.22025005466877
2022-09-21,98.9214,2023-03-21,0.0568087390594955,0.07059760719844062,104.541,105.90501414071983
2022-09-22,99.778,2023-03-22,0.0322515985487781,0.12197801393118816,102.996,111.9487222740261
2022-09-23,98.3833,2023-03-23,0.0694701234864045,0.0884117449547769,105.218,107.08153922740932
2022-09-26,97.8155,2023-03-27,0.0436996181586764,0.12292479572701281,102.09,109.83945035643562
2022-09-27,97.1478,2023-03-27,0.0508729996973682,0.12236402500681666,102.09,109.03519582855724
2022-09-28,99.6887,2023-03-28,0.0097934871254214,0.11420682924383314,100.665,111.0738303384397
2022-09-29,97.0681,2023-03-29,0.0407538624944754,0.08574292837755129,101.024,105.39100314604498
2022-09-30,95.3045,2023-03-30,0.0547770566972178,0.014372321349066908,100.525,96.67424690001215
2022-10-03,98.2837,2023-04-03,0.057988252375521,0.052587418951395716,103.983,103.45218610799328
2022-10-04,101.272,2023-04-04,0.0303045264238879,0.12096810527531393,104.341,113.5226819574416
2022-10-05,101.064,2023-04-05,0.0299711074170823,0.12783319532559706,104.093,113.98333405238614
2022-10-06,101.054,2023-04-06,0.0690126071209453,0.13635818243338244,108.028,114.83353976762302
2022-10-07,98.3236,2023-04-10,0.0786321900337254,0.1292491298907237,106.055,111.03183974772355
2022-10-10,97.5066,2023-04-10,0.0876699628537964,0.0918288259664185,106.055,106.46051660197718
2022-10-11,96.829,2023-04-11,0.0840760515961127,0.12103561284623396,104.97,108.54875735628798
2022-10-12,97.2077,2023-04-12,0.0725693540738028,0.10028604197311414,104.262,106.95627548230989
2022-10-13,98.7022,2023-04-13,0.0844945705364217,0.11066020583349966,107.042,109.62460576821924
2022-10-14,96.2112,2023-04-14,0.1274882757932547,0.09467460867536436,108.477,105.31995771018721
2022-10-17,99.6089,2023-04-17,0.0600257607502943,0.12254922458116838,105.588,111.81589345638315
2022-10-18,100.406,2023-04-18,0.037019700017927,0.11981390552167359,104.123,112.43603499780916
2022-10-19,99.2701,2023-04-19,0.0456723625744308,0.11137077526730885,103.804,110.32588799786326
2022-10-20,99.6089,2023-04-20,0.0532191400567618,0.09810389941474405,104.91,109.3809215064133
2022-10-21,100.765,2023-04-21,0.0423162804545229,0.12318228731892884,105.029,113.17746318169186
2022-10-24,102.149,2023-04-24,0.0336665067695229,0.12743768318943566,105.588,115.16663190011766
2022-10-25,104.103,2023-04-25,-0.0060324870560887,0.1463223734326009,103.475,119.33559804145405
2022-10-26,94.5871,2023-04-26,0.0924956997307242,-0.008737662644635975,103.336,93.76062982966556
2022-10-27,91.8869,2023-04-27,0.1666733778155538,0.007424877700589676,107.202,92.5691489947863
2022-10-28,95.9421,2023-04-28,0.1147556703470114,-0.046501904366567155,106.952,91.48060964107236
2022-10-31,94.1687,2023-05-01,0.1342728528693717,-0.020434398257464233,106.813,92.24441928081234
2022-11-01,90.1432,2023-05-01,0.1849257625644531,-0.036701468004133604,106.813,86.83481222940978
2022-11-02,86.6559,2023-05-02,0.2109965968849205,-0.05296725186419351,104.94,82.06597511918164
2022-11-03,83.1287,2023-05-03,0.2634505291193054,-0.033281865628128175,105.029,80.36202177675902
2022-11-04,86.2672,2023-05-04,0.2091617671606358,-0.039741844972355105,104.311,82.83878231140085
2022-11-07,88.1705,2023-05-08,0.2178676541473621,-0.04223433379954497,107.38,84.44667767172722
2022-11-08,88.5789,2023-05-08,0.2122525793388718,-0.04695294285948801,107.38,84.4198599697437
2022-11-09,87.0046,2023-05-09,0.2293832739878123,-0.05366792643192724,106.962,82.33524352796074
2022-11-10,93.6007,2023-05-10,0.1895851206240979,0.11516751561456004,111.346,104.38046007878374
2022-11-11,96.0618,2023-05-11,0.2091070540006536,0.16206045139322944,116.149,111.62961866964612
2022-11-14,95.3543,2023-05-15,0.2174490295665743,0.15731242883549867,116.089,110.3547165329088
2022-11-15,98.0844,2023-05-15,0.1835623197980513,0.19326913653639027,116.089,117.04108729568992
2022-11-16,98.493,2023-05-16,0.2090097773445829,0.19043793645213078,119.079,117.2498036749797
2022-11-17,98.0047,2023-05-17,0.228543120891141,0.1922992088551875,120.403,116.85092627409
2022-11-18,97.078,2023-05-18,0.260697583386555,0.1939573687441339,122.386,115.90699344294303
2022-11-21,95.2547,2023-05-22,0.3080509413183812,0.1847358091804137,124.598,112.85165408273755
2022-11-22,96.6994,2023-05-22,0.2885085119452655,0.18528326237584403,124.598,114.61618030178668
2022-11-23,98.1044,2023-05-23,0.2447657801281084,0.17453054284942968,122.117,115.22661418791759
2022-11-25,97.108,2023-05-25,0.266981093215801,0.16723266526372696,123.034,113.34762965843001
2022-11-28,95.7031,2023-05-30,0.2875549485857824,0.14155222579741722,123.223,109.2500868207128
2022-11-29,94.8462,2023-05-30,0.2991875267538393,0.15203236817992707,123.223,109.26589239886701
2022-11-30,100.625,2023-05-30,0.2245763975155279,0.18297515871147937,123.223,119.03687534534261
2022-12-01,100.625,2023-06-01,0.2250732919254658,0.17928388454983757,123.273,118.66544088282741
2022-12-02,100.077,2023-06-02,0.241244241933711,0.17219692775451992,124.22,117.30995193888909
2022-12-05,99.1207,2023-06-05,0.2666879874738577,0.1684572698570035,125.555,115.81830250831509
2022-12-06,96.6297,2023-06-06,0.3127433904896735,0.1522894957072988,126.85,111.34538828334757
2022-12-07,94.5971,2023-06-07,0.2902932542329524,0.19288169966115826,122.058,112.84314943101654
2022-12-08,93.3716,2023-06-08,0.3033834699201898,0.185821085592976,121.699,110.72201207555312
2022-12-09,92.4947,2023-06-09,0.3167024705199326,0.14634905276423912,121.788,106.03121173071246
2022-12-12,92.9729,2023-06-12,0.3250420283760107,0.15191431036465058,123.193,107.09681398610161
2022-12-13,95.2846,2023-06-13,0.2948892056009051,0.14784839865491062,123.383,109.3722755264737
2022-12-14,94.7266,2023-06-14,0.3008278561671167,0.15466703366755913,123.223,109.3776822314134
2022-12-15,90.5317,2023-06-15,0.376733232668778,0.16142258789496589,124.638,105.14556130053069
2022-12-16,89.9339,2023-06-16,0.3685940451820726,0.14267586844740912,123.083,102.76529728536245
2022-12-19,88.1205,2023-06-20,0.3919008630227925,0.137915491195066,122.655,100.27368204185481
2022-12-20,88.6984,2023-06-20,0.3828321593174171,0.1411978884940264,122.655,101.22242679279856
2022-12-21,89.2564,2023-06-21,0.3457186263393998,0.14313136173963922,120.114,102.03179007597794
2022-12-22,87.443,2023-06-22,0.4032569788319249,0.1178899314672915,122.705,97.75164927729436
2022-12-23,88.9077,2023-06-23,0.3710623489304074,0.1473836174289521,121.898,102.01123844328804
2022-12-27,87.0743,2023-06-27,0.3540390218468596,0.1453371334576448,117.902,99.72942915983099
2022-12-28,85.7093,2023-06-28,0.3971179323597322,0.10225452757823696,119.746,94.47346398056138
2022-12-29,88.1305,2023-06-29,0.3465145437731545,0.11758602164270585,118.669,98.49341488038249
2022-12-30,87.9113,2023-06-30,0.3566856592952214,0.11779686970934641,119.268,98.26697595207925
2023-01-03,88.798,2023-07-03,0.3453794004369468,0.1433992243748358,119.467,101.53156432603667
2023-01-04,87.7618,2023-07-05,0.3822642653181682,0.13990513670686128,121.31,100.04012662664022
2023-01-05,85.8887,2023-07-05,0.4124093157772792,0.12176281016016766,121.31,96.3467494730036
2023-01-06,87.0246,2023-07-06,0.3751973579884307,0.1333819970329965,119.676,98.63211493899772
2023-01-09,87.7021,2023-07-10,0.323001387652063,0.14772628734495466,116.03,100.65800562535595
2023-01-10,88.1006,2023-07-10,0.3170171372272152,0.14839786758772108,116.03,101.17454117319878
2023-01-11,91.1895,2023-07-11,0.2799390280679246,0.15034019213989278,116.717,104.89894695114074
2023-01-12,90.8008,2023-07-12,0.3050655941357345,0.14914745011814878,118.501,104.34350778868799
2023-01-13,91.7873,2023-07-13,0.3519299510934519,0.15080270136736865,124.09,105.62907279121708
2023-01-17,90.9603,2023-07-17,0.3654308528006174,0.1495483934402982,124.2,104.56326673184755
2023-01-18,90.7908,2023-07-18,0.3582103032465844,0.15352111321419376,123.313,104.72910468560724
2023-01-19,92.7138,2023-07-19,0.3114444667352647,0.1603250801968135,121.589,107.57814742035133
2023-01-20,97.666,2023-07-20,0.2160731472569779,0.15640428469043152,118.769,112.94138086857568
2023-01-23,99.4295,2023-07-24,0.2178578792008407,0.15198082773798546,121.091,114.54087771157403
2023-01-24,97.3471,2023-07-24,0.2439096798980145,0.1808348934349161,121.091,114.95085245469812
2023-01-25,94.8761,2023-07-25,0.2834423000102239,0.24331256902505388,121.768,117.96064763007791
2023-01-26,97.1677,2023-07-26,0.3255742391761871,0.17704289658981748,128.803,114.37055106297039
2023-01-27,99.0111,2023-07-27,0.3022075302668083,0.17976135392213957,128.933,116.80946938932036
2023-01-30,96.5899,2023-07-31,0.3690872441114445,0.21645973298597784,132.24,117.4977239631423
2023-01-31,98.483,2023-07-31,0.342769818141202,0.26688038985224116,132.24,124.76618143381828
2023-02-01,100.067,2023-08-01,0.3098723855017138,0.25993357037655507,131.075,126.07777258687072
2023-02-02,107.35,2023-08-02,0.191578947368421,0.11874864833204948,127.916,120.09766739844551
2023-02-03,104.401,2023-08-03,0.2259077978180286,0.2552724782614459,127.986,131.0517020029732
2023-02-06,102.528,2023-08-07,0.2782361891385767,0.24255980479766995,131.055,127.39717166629552
2023-02-07,107.252,2023-08-07,0.2219352552866147,0.14006368850313264,131.055,122.27411071933797
2023-02-08,99.0111,2023-08-08,0.3223264866262472,0.21331403610703742,130.925,120.13155736039748
2023-02-09,94.6668,2023-08-09,0.3646917398707889,0.20922691414019226,129.191,114.47364243552676
2023-02-10,94.2284,2023-08-10,0.3713593778521127,0.20195335212734183,129.221,113.25814124559601
2023-02-13,94.2683,2023-08-14,0.388112440767469,0.20300451000787698,130.855,113.40519005077554
2023-02-14,94.3381,2023-08-14,0.387085387558155,0.20583270126418665,130.855,113.75596595513097
2023-02-15,96.5899,2023-08-15,0.3387631626080989,0.19191721293410513,129.311,115.12716440558393
2023-02-16,95.165,2023-08-16,0.3475017075605529,0.191602318282398,128.235,113.39883461934441
2023-02-17,94.0092,2023-08-17,0.3770035273143477,0.21762052535044257,129.451,114.46753149177484
2023-02-21,91.4585,2023-08-21,0.3985140801565738,0.19291211869475952,127.906,109.10195300764467
2023-02-22,91.3189,2023-08-22,0.4084050508711778,0.18935303759483563,128.614,108.61041110481904
2023-02-23,90.5617,2023-08-23,0.4563772544022473,0.19560029258593759,131.892,108.2755950170799
2023-02-24,88.808,2023-08-24,0.4560737771371947,0.1678100272320323,129.311,103.71087289842234
2023-02-27,89.5454,2023-08-28,0.4577744920453759,0.17692009382757268,130.537,105.38778056982754
2023-02-28,89.7348,2023-08-28,0.4546976200983341,0.1678912260271816,130.537,104.80048558930395
2023-03-01,90.0336,2023-09-01,0.5013172859910078,0.1722325271197442,135.169,105.54031445368821
2023-03-02,91.6676,2023-09-05,0.4757558832128254,0.18490111780569554,135.279,108.61704170656537
2023-03-03,93.3117,2023-09-05,0.4497538893836463,0.17760301076009435,135.279,109.8841388591427
2023-03-06,94.7864,2023-09-06,0.413430618738553,0.19340956782440302,133.974,113.118996659631
2023-03-07,93.521,2023-09-07,0.4410880978603735,0.2013885282296006,134.772,112.35505654856048
2023-03-08,93.9096,2023-09-08,0.4469979639994208,0.20384238461969553,135.887,113.05235680268176
2023-03-09,91.9866,2023-09-11,0.4831073221534441,0.16956057295703733,136.426,107.5839006003698
2023-03-10,90.3026,2023-09-11,0.5107649170677255,0.17252091868101463,136.426,105.88168751128418
2023-03-13,90.781,2023-09-13,0.5004901906786663,0.16603007559329772,136.216,105.85337629243517
2023-03-14,93.6306,2023-09-14,0.4696157025587788,0.16598337715372288,137.601,109.17172319292936
2023-03-15,95.7628,2023-09-15,0.4296052329296971,0.15128366061418147,136.903,110.25014693466373
2023-03-16,99.9574,2023-09-18,0.3776968988789224,0.15782739079419614,137.711,115.73341563257178
2023-03-17,101.253,2023-09-18,0.3600683436540153,0.15069232384002573,137.711,116.51104986577413
2023-03-20,100.854,2023-09-20,0.3212862157177703,0.15413929054872136,133.257,116.39956400900074
2023-03-21,104.541,2023-09-21,0.2432251461149213,0.15222005478148767,129.968,120.45423674691149
2023-03-22,102.996,2023-09-22,0.2600489339391822,0.13998518412742436,129.78,117.4139140243882
2023-03-23,105.218,2023-09-25,0.2415746355186374,0.14582130809806623,130.636,120.56102639546233
2023-03-24,105.059,2023-09-25,0.2434536784092746,0.15414893477754124,130.636,121.25373293879372
2023-03-27,102.09,2023-09-27,0.2740523067881282,0.1966307650806323,130.068,122.16403480708175
2023-03-28,100.665,2023-09-28,0.3096110862762626,0.18031876500509839,131.832,118.81678847923823
2023-03-29,101.024,2023-09-29,0.2906636046879949,0.18625011197484867,130.388,119.83973131214712
2023-03-30,100.525,2023-10-02,0.3298681919920416,0.1844028712106632,133.685,119.06209862845192
2023-03-31,103.356,2023-10-02,0.2934420836719689,0.21260611215268818,133.685,125.33011732765323
2023-04-03,103.983,2023-10-03,0.2689766596462883,0.200999510093371,131.952,124.88353205803901
2023-04-04,104.341,2023-10-04,0.2914578161988099,0.1847470860790469,134.752,123.61769570857383
2023-04-05,104.093,2023-10-05,0.292901539969066,0.16407036428069344,134.582,121.17157642907021
2023-04-06,108.028,2023-10-06,0.2689580479135038,0.21212965265772984,137.083,130.94394211730926
2023-04-10,106.055,2023-10-10,0.2970722738201876,0.20141794823706338,137.561,127.41638050028175
2023-04-11,104.97,2023-10-11,0.3341240354386969,0.2177217847596191,140.043,127.82425574621722
2023-04-12,104.262,2023-10-12,0.3280773436151234,0.1794886830003265,138.468,122.97584906698005
2023-04-13,107.042,2023-10-13,0.278600923002186,0.1707439178727661,136.864,125.31877045693663
2023-04-14,108.477,2023-10-16,0.2776256718013956,0.12234569576208255,138.593,121.74869403918343
2023-04-17,105.588,2023-10-17,0.3184736901920673,0.16219673153281142,139.215,122.71402848908649
2023-04-18,104.123,2023-10-18,0.3201790190447837,0.17619287066546743,137.461,122.46873027230046
2023-04-19,103.804,2023-10-19,0.3222322839196947,0.14842041696979028,137.253,119.21063296313211
2023-04-20,104.91,2023-10-20,0.2878753217043179,0.14697781230174198,135.111,120.32944228857575
2023-04-21,105.029,2023-10-23,0.2949471098458522,0.1352368759634934,136.007,119.23279384556974
2023-04-24,105.588,2023-10-24,0.3098836989051785,0.13705750520048748,138.308,120.05962785910906
2023-04-25,103.475,2023-10-25,0.2095385358782315,0.1481921119472177,125.157,118.80917878373833
2023-04-26,103.336,2023-10-26,0.1790469923356816,0.14900908555297487,121.838,118.7340028647022
2023-04-27,107.202,2023-10-27,0.1355012033357585,0.14413018844891354,121.728,122.65304446210042
2023-04-28,106.952,2023-10-30,0.1594921086094698,0.1541881162072999,124.01,123.44272740460315
2023-05-01,106.813,2023-11-01,0.1795755198337281,0.15850986103279543,125.994,123.743913786496
2023-05-02,104.94,2023-11-02,0.2104917095483134,0.16569935112392845,127.029,122.32848990694505
2023-05-03,105.029,2023-11-03,0.2247474507040912,0.15019957828900005,128.634,120.80431150811538
2023-05-04,104.311,2023-11-06,0.2441640862421028,0.16417549861558772,129.78,121.43631043609058
2023-05-05,105.188,2023-11-06,0.2337909267216793,0.16452742798353961,129.78,122.49431109473257
2023-05-08,107.38,2023-11-08,0.2233469919910597,0.12180700099595285,131.363,120.45963576694541
2023-05-09,106.962,2023-11-09,0.2132346066827473,0.11772163835798201,129.77,119.55374188204648
2023-05-10,111.346,2023-11-10,0.1864907585364539,0.13711689434333593,132.111,126.61341771755308
2023-05-11,116.149,2023-11-13,0.1331393296541512,0.16267027436376735,131.613,135.04298969707722
2023-05-12,117.085,2023-11-13,0.124080796002904,0.18202900766042135,131.613,138.39786636192042
2023-05-15,116.089,2023-11-15,0.1554410839958995,0.16633378614177907,134.134,135.398522899413
2023-05-16,119.079,2023-11-16,0.145760377564474,0.13146410551825968,136.436,134.73361422100885
2023-05-17,120.403,2023-11-17,0.1197478468144481,0.047450600942963744,134.821,126.11619470533569
2023-05-18,122.386,2023-11-20,0.1092608631706242,0.022891681313317865,135.758,125.1876213092117
2023-05-19,122.317,2023-11-20,0.109886606113623,0.011797063238440335,135.758,123.7599813841363
2023-05-22,124.598,2023-11-22,0.1074816610218463,0.08383402231066317,137.99,135.043551511864
2023-05-23,122.117,2023-11-24,0.1152910733149357,0.11084026129309296,136.196,135.65248018832864
2023-05-24,120.463,2023-11-24,0.1306044179540606,0.13299822130467234,136.196,136.48436473302473
2023-05-25,123.034,2023-11-27,0.1047108929239071,0.09924005874082907,135.917,135.24390138711917
2023-05-26,124.16,2023-11-27,0.0946923324742268,0.06507738372639892,135.917,132.24000796346968
2023-05-30,123.223,2023-11-30,0.0716505847122694,0.0941376924196575,132.052,134.82292887302745
2023-05-31,122.426,2023-11-30,0.0786270890170388,0.10951754701293193,132.052,135.83379521060522
2023-06-01,123.273,2023-12-01,0.0657889399949707,0.10442924924605661,131.383,136.14630684230912
2023-06-02,124.22,2023-12-04,0.036894219932378,0.065855054132188,128.803,132.4005148243004
2023-06-05,125.555,2023-12-05,0.0395205288518973,0.08399318715239906,130.517,136.10076461291948
2023-06-06,126.85,2023-12-06,0.0212928655892785,0.10001669880248713,129.551,139.53711824309548
2023-06-07,122.058,2023-12-07,0.1177964574218815,0.1595487207289855,136.436,141.53219775473852
2023-06-08,121.699,2023-12-08,0.1052021791469117,0.10023344373060204,134.502,133.89730986857055
2023-06-09,121.788,2023-12-11,0.0904933162544749,0.08376733194997789,132.809,131.9898558235239
2023-06-12,123.193,2023-12-12,0.0718303799728881,0.06037189534388824,132.042,130.63039490309964
2023-06-13,123.383,2023-12-13,0.0705850887075205,0.07596644934730858,132.092,132.75596841981897
2023-06-14,123.223,2023-12-14,0.0668706329175559,0.07091029655035236,131.463,131.96077947182405
2023-06-15,124.638,2023-12-15,0.0600378696705659,0.08998315836473081,132.121,135.85332089226333
2023-06-16,123.083,2023-12-18,0.0993313455148152,0.09295895727045446,135.309,134.52466733771936
2023-06-20,122.655,2023-12-20,0.1238025355672414,0.09615691023981125,137.84,134.44912582546405
2023-06-21,120.114,2023-12-21,0.164835073346987,0.11486832244290478,139.913,133.91129368190707
2023-06-22,122.705,2023-12-22,0.148926286622387,0.09007903483963747,140.979,133.7581479699977
2023-06-23,121.898,2023-12-26,0.1567786181889776,0.09980448201484851,141.009,134.063966748646
2023-06-26,117.912,2023-12-26,0.1958833706492975,0.09416488337195959,141.009,129.0151697281545
2023-06-27,117.902,2023-12-27,0.186264864039626,0.10129447100323445,139.863,129.84482072022334
2023-06-28,119.746,2023-12-28,0.1668281195196501,0.09760051508065598,139.723,131.43327127884822
2023-06-29,118.669,2023-12-29,0.1728842410402042,0.11810436923496383,139.185,132.68432739274394
2023-06-30,119.268,2024-01-02,0.1542995606533184,0.1274311302276158,137.671,134.4664560399873
2023-07-03,119.467,2024-01-03,0.1586295797165744,0.10945597749965226,138.418,132.54337726395096
2023-07-05,121.31,2024-01-05,0.1148215316132224,0.12504016919779212,135.239,136.47862292538414
2023-07-06,119.676,2024-01-08,0.1559376984524882,0.12263196187317937,138.338,134.35210266913464
2023-07-07,119.049,2024-01-08,0.162025720501642,0.10096647951051713,138.338,131.06895841924756
2023-07-10,116.03,2024-01-10,0.2218133241403084,0.13605033811207276,141.767,131.81592073114382
2023-07-11,116.717,2024-01-11,0.2129081453430092,0.1301015656588657,141.567,131.90206443900584
2023-07-12,118.501,2024-01-12,0.1994329161779224,0.13191464075599196,142.134,134.1330168442258
2023-07-13,124.09,2024-01-16,0.1441292610202271,0.1035804067962352,141.975,136.94329267934484
2023-07-14,124.967,2024-01-16,0.1360999303816206,0.05546770585337734,141.975,131.89863279737898
2023-07-17,124.2,2024-01-17,0.1349355877616747,0.09368316193595931,140.959,135.83544871244615
2023-07-18,123.313,2024-01-18,0.1593424861936696,0.11462086439860561,142.962,137.44724265158524
2023-07-19,121.589,2024-01-19,0.1995410769066281,0.11343430564673493,145.851,135.38136378928084
2023-07-20,118.769,2024-01-22,0.2247556180484806,0.11493563316845928,145.463,132.41979021578473
2023-07-21,119.586,2024-01-22,0.2163882059772883,0.09249752757551573,145.463,130.64740933264562
2023-07-24,121.091,2024-01-24,0.2235673997241745,0.10018584486837412,148.163,133.2226041409563
2023-07-25,121.768,2024-01-25,0.2427074436633598,0.11833761853457157,151.322,136.1777351337177
2023-07-26,128.803,2024-01-26,0.1772707157441984,0.19478185451140342,151.636,153.8914872066323
2023-07-27,128.933,2024-01-29,0.1863215778737794,0.1837709407998364,152.956,152.62713871014532
2023-07-28,132.102,2024-01-29,0.1578628635448364,0.2016312815234196,152.956,158.7378955518068
2023-07-31,132.24,2024-01-31,0.0556110102843314,0.20256700566747932,139.594,159.0274608294675
2023-08-01,131.075,2024-02-01,0.0730497806599277,0.1995179517794685,140.65,157.22681552949382
2023-08-02,127.916,2024-02-02,0.1090559429625692,0.1188816685298343,141.866,143.1228675116623
2023-08-03,127.986,2024-02-05,0.1185676558373571,0.22564508110639758,143.161,156.8654113504834
2023-08-04,127.647,2024-02-05,0.1215383048563616,0.22764752536287233,143.161,156.70552366999456
2023-08-07,131.055,2024-02-07,0.1065125329060319,0.21262419890450643,145.014,158.9204643874301
2023-08-08,130.925,2024-02-08,0.1104296352873781,0.21717942980144817,145.383,159.35921684675463
2023-08-09,129.191,2024-02-09,0.1491667376210417,0.2565796628444203,148.462,162.33878322253352
2023-08-10,129.221,2024-02-12,0.1375705187237368,0.1287031978216411,146.998,145.8521559257103
2023-08-11,129.092,2024-02-12,0.1387072785300405,0.13675885674631813,146.998,146.7464743350957
2023-08-14,130.855,2024-02-14,0.1112529135302435,0.13578299428770252,145.413,148.62288371751728
2023-08-15,129.311,2024-02-15,0.1000920262004003,0.1461503710982971,142.254,148.20985063709188
2023-08-16,128.235,2024-02-16,0.0918469996490816,0.14548794129979398,140.013,146.8916461525791
2023-08-17,129.451,2024-02-20,0.0862025013325507,0.15044220311740372,140.61,148.92589363575104
2023-08-18,126.999,2024-02-20,0.1071740722367893,0.15892093483309014,140.61,147.18179980286763
2023-08-21,127.906,2024-02-21,0.1104639344518629,0.1566447646665075,142.035,147.9418052694343
2023-08-22,128.614,2024-02-22,0.1162781656740321,0.14644400622174583,143.569,147.4487494162036
2023-08-23,131.892,2024-02-23,0.0875564856094379,0.14003198288462368,143.44,150.36109828661878
2023-08-24,129.311,2024-02-26,0.0600258292024653,0.14949621497783203,137.073,148.64250505499845
2023-08-25,129.411,2024-02-26,0.0592067134942162,0.14754262619822323,137.073,148.50463879893826
2023-08-28,130.537,2024-02-28,0.040984548442204,0.14172455463852465,135.887,149.0372981888491
2023-08-29,134.084,2024-02-29,0.0289072521702813,0.14143966518171125,137.96,153.04879606622455
2023-08-30,135.389,2024-02-29,0.0189897259009224,0.13564594227421856,137.96,153.75396847856416
2023-08-31,135.679,2024-02-29,0.0168117394733158,0.13794098215400738,137.96,154.39469451767357
2023-09-01,135.169,2024-03-01,0.010912265386294,0.1253839042386306,136.644,152.1170169520315
2023-09-05,135.279,2024-03-05,-0.0228268984838739,0.09955824193028592,132.191,148.74713941008713
2023-09-06,133.974,2024-03-06,-0.0227581471031691,0.09868784175207808,130.925,147.19560491089288
2023-09-07,134.772,2024-03-07,-0.0065072863799601,0.09659085384930924,133.895,147.78974255497909
2023-09-08,135.887,2024-03-08,-0.0071088477926513,0.10077236663089836,134.921,149.5806545843729
2023-09-11,136.426,2024-03-11,0.0054754958732208,0.10747502042890344,137.173,151.08838713703358
2023-09-12,134.851,2024-03-12,0.0233516992829123,0.09450936813110616,138.0,147.5956828018478
2023-09-13,136.216,2024-03-13,0.0225303929053855,0.09876495128044313,139.285,149.66936660361685
2023-09-14,137.601,2024-03-14,0.0362133996119213,0.09414897908372562,142.584,150.5559936708997
2023-09-15,136.903,2024-03-15,0.0275158323776687,0.1002134045961639,140.67,150.6225157294286
2023-09-18,137.711,2024-03-18,0.068520307019773,0.06828239920877997,147.147,147.11423747744033
2023-09-19,137.541,2024-03-19,0.0651223998662215,0.07065815422520191,146.498,147.25939319028848
2023-09-20,133.257,2024-03-20,0.1121517068521729,0.12227913536702666,148.202,149.55155074160388
2023-09-21,129.968,2024-03-21,0.1315631540071404,0.12619587184350278,147.067,146.36942507175635
2023-09-22,129.78,2024-03-22,0.1575358298659268,0.09444439905001162,150.225,142.03699410871053
2023-09-25,130.636,2024-03-25,0.1446155730426528,0.09670452687577996,149.528,143.2690925729444
2023-09-26,128.101,2024-03-26,0.1719346453189281,0.13682079746004816,150.126,145.62788097542963
2023-09-27,130.068,2024-03-27,0.1557416120798349,0.09857023163388227,150.325,142.88883288815583
2023-09-28,131.832,2024-03-28,0.1407321439407731,0.09909524977162441,150.385,144.8959249678928
2023-09-29,130.388,2024-04-01,0.1882075037580144,0.11238037788638425,154.928,145.0410527118499
2023-10-02,133.685,2024-04-02,0.1519766615551483,0.12030479857330051,154.002,149.76794699727168
2023-10-03,131.952,2024-04-03,0.1698193282405724,0.1160193106665182,154.36,147.2609800810684
2023-10-04,134.752,2024-04-04,0.113052125385894,0.10524810323181662,149.986,148.93439240669377
2023-10-05,134.582,2024-04-05,0.1290440029127224,0.11931149770571364,151.949,150.63917998423037
2023-10-06,137.083,2024-04-08,0.1255224936717172,0.1344803894549086,154.29,155.51797522764724
2023-10-09,137.92,2024-04-09,0.1313370069605568,0.1330165808242358,156.034,156.2656468272786
2023-10-10,137.561,2024-04-10,0.1309600831631057,0.13780911872772422,155.576,156.51816018130447
2023-10-11,140.043,2024-04-11,0.1341802160764906,0.12407415936477925,158.834,157.41871749992177
2023-10-12,138.468,2024-04-12,0.1349914781754631,0.12109125487030073,157.16,155.2352638793808
2023-10-13,136.864,2024-04-15,0.1273965396305822,0.10681267476177998,154.3,151.48280991859625
2023-10-16,138.593,2024-04-16,0.1100344173226641,0.09860731278810553,153.843,152.2592833012419
2023-10-17,139.215,2024-04-17,0.1127249218834176,0.10693215175876311,154.908,154.10155950709623
2023-10-18,137.461,2024-04-18,0.130837110162155,0.11620937263621194,155.446,153.43525657194633
2023-10-19,137.253,2024-04-19,0.1187587885146408,0.14776148943799983,153.553,157.53370770983378
2023-10-20,135.111,2024-04-22,0.1525042372567742,0.14267785593140775,155.716,154.38834779274842
2023-10-23,136.007,2024-04-23,0.159418265236348,0.1407240400439443,157.689,155.14645451425673
2023-10-24,138.308,2024-04-24,0.1463906643144288,0.14543626768348536,158.555,158.42299931076747
2023-10-25,125.157,2024-04-25,0.2419361282229521,0.17993201518931415,155.437,147.676751225049
2023-10-26,121.838,2024-04-26,0.4062033191615097,0.16422711002576107,171.329,141.84710263131868
2023-10-27,121.728,2024-04-29,0.3599993427970558,0.1557003687477408,165.55,140.681094486925
2023-10-30,124.01,2024-04-30,0.3078945246351101,0.17180718510100645,162.192,145.3158090243758
2023-10-31,123.632,2024-04-30,0.3118933609421508,0.15536642726044025,162.192,142.84026213506274
2023-11-01,125.994,2024-05-01,0.295839484419893,0.17588663542800587,163.268,148.15466074411617
2023-11-02,127.029,2024-05-02,0.3069299136417669,0.19188321555284762,166.018,151.40373298846268
2023-11-03,128.634,2024-05-03,0.2954273364740272,0.20040758306156445,166.636,154.41322903954125
2023-11-06,129.78,2024-05-06,0.2905840653413467,0.20856204791586835,167.492,156.8471825785214
2023-11-07,130.497,2024-05-07,0.3075472999379294,0.20393649986033616,170.631,157.1101014222743
2023-11-08,131.363,2024-05-08,0.2847529365194157,0.2151099432397973,168.769,159.6204874738095
2023-11-09,129.77,2024-05-09,0.304970332126069,0.20710907653372138,169.346,156.64654486178102
2023-11-10,132.111,2024-05-10,0.2719682691070388,0.21541697417836456,168.041,160.5699518756779
2023-11-13,131.613,2024-05-13,0.2804890094443557,0.22014127267252945,168.529,160.5864533202496
2023-11-14,133.137,2024-05-14,0.274814664593614,0.2218778526545785,169.725,162.67715166887263
2023-11-15,134.134,2024-05-15,0.2814573486215279,0.2211158408103895,171.887,163.79315219126076
2023-11-16,136.436,2024-05-16,0.2720249787446129,0.22616406969323047,173.55,167.2929210126656
2023-11-17,134.821,2024-05-17,0.3011622818403661,0.22649464784353715,175.424,165.35723491691354
2023-11-20,135.758,2024-05-20,0.2984943797050634,0.22734668817670042,176.281,166.6221316934925
2023-11-21,136.476,2024-05-21,0.2984554060787245,0.22612264227805756,177.208,167.3363137275402
2023-11-22,137.99,2024-05-22,0.2735995361982752,0.06126960961602111,175.744,146.44459343091475
2023-11-24,136.196,2024-05-24,0.2801917824312021,0.17032063910586942,174.357,159.39298976366297
2023-11-27,135.917,2024-05-28,0.2931715679422,0.1969606404795652,175.764,162.68729937206106
2023-11-28,136.704,2024-05-28,0.2857268258426966,0.1751516196937264,175.764,160.64792701861117
2023-11-29,134.502,2024-05-29,0.3030586905770918,0.18707970726085113,175.264,159.66459478599901
2023-11-30,132.052,2024-05-30,0.298639929724654,0.13049165557072817,171.488,149.28368410142576
2023-12-01,131.383,2024-06-03,0.3132901516939026,0.1260622743510827,172.544,147.9454397910683
2023-12-04,128.803,2024-06-04,0.3444019161044387,0.09922579205601394,173.163,141.58357969419077
2023-12-05,130.517,2024-06-05,0.3391129124941578,0.09093182056471237,174.777,142.38514842464454
2023-12-06,129.551,2024-06-06,0.359240762325262,0.09871204986135736,176.091,142.3392447715887
2023-12-07,136.436,2024-06-07,0.2740772230203172,0.16859921094322222,173.83,159.43900194424947
2023-12-08,134.502,2024-06-10,0.2979583946707111,0.16447449120149457,174.578,156.62414801558344
2023-12-11,132.809,2024-06-11,0.3265968420814855,0.1678546917518483,176.184,155.10161375687125
2023-12-12,132.042,2024-06-12,0.3431408188303722,0.16415481153599193,177.351,153.71732962483543
2023-12-13,132.092,2024-06-13,0.3227750355812615,0.16454115115425996,174.728,153.82656973826855
2023-12-14,131.463,2024-06-14,0.3414725055719101,0.1688729947722936,176.354,153.66355051175003
2023-12-15,132.121,2024-06-17,0.3381824236873774,0.16696603843233215,176.802,154.18071996371816
2023-12-18,135.309,2024-06-18,0.2908084458535647,0.14890915350840792,174.658,155.45774865206917
2023-12-19,136.156,2024-06-20,0.2916360645142337,0.1457023621767302,175.864,155.99425082453487
2023-12-20,137.84,2024-06-20,0.2758560650029018,0.14726994504040425,175.864,158.13968922436933
2023-12-21,139.913,2024-06-21,0.2807030082980137,0.15170545553186363,179.187,161.13856539982964
2023-12-22,140.979,2024-06-24,0.2681108533895118,0.15037305502323886,178.777,162.1784429241212
2023-12-26,141.009,2024-06-26,0.3008105865583048,0.1480047915173883,183.426,161.87900764707538
2023-12-27,139.863,2024-06-27,0.3223797573339624,0.15249778055543672,184.952,161.19179708182503
2023-12-28,139.723,2024-06-28,0.3004372937884241,0.1465081105108988,181.701,160.19355272491433
2023-12-29,139.185,2024-07-01,0.3114847145884971,0.14552582303305936,182.539,159.44001167885637
2024-01-02,137.671,2024-07-02,0.3422071460220379,0.15057682071880757,184.783,158.40106148517896
2024-01-03,138.418,2024-07-03,0.3391466427776732,0.16840268757010565,185.362,161.7279632080789
2024-01-04,135.897,2024-07-05,0.3990669404033937,0.17126725253834593,190.129,159.17170581820358
2024-01-05,135.239,2024-07-05,0.4058740452088523,0.16830548640974935,190.129,158.0004656765681
2024-01-08,138.338,2024-07-08,0.3630600413480027,0.10917943683516837,188.563,153.4416649329035
2024-01-09,140.44,2024-07-09,0.3423098832241527,0.09947542466836773,188.514,154.41032864042558
2024-01-10,141.767,2024-07-10,0.3452213843842362,0.06039401726379463,190.708,150.32887864543636
2024-01-11,141.567,2024-07-11,0.3075928712199876,0.07432460555968992,185.112,152.08891143526864
2024-01-12,142.134,2024-07-12,0.2988658589781474,0.07646952068308106,184.613,153.00291885276903
2024-01-16,141.975,2024-07-16,0.2922415918295475,0.06291711210920828,183.466,150.90765699170484
2024-01-17,140.959,2024-07-17,0.2810320731560241,0.06325150394284286,180.573,149.8748687442792
2024-01-18,142.962,2024-07-18,0.2398539472027534,0.06544505234834773,177.252,152.31815557382447
2024-01-19,145.851,2024-07-19,0.2150893720303597,0.06272368359753858,177.222,154.9993119763846
2024-01-22,145.463,2024-07-22,0.2458219615984822,0.0630259750966004,181.221,154.63094741547678
2024-01-23,146.508,2024-07-23,0.2377549348841019,0.0798111258524286,181.341,158.20096842638762
2024-01-24,148.163,2024-07-24,0.1622604833865404,0.054816289692518554,172.204,156.28474592971264
2024-01-25,151.322,2024-07-25,0.1027279576003488,0.06942038613695166,166.867,161.82683167101578
2024-01-26,151.636,2024-07-26,0.0986045530085204,0.056345609503066926,166.588,160.18002284260706
2024-01-29,152.956,2024-07-29,0.1056186092732551,0.049936263357133685,169.111,160.5940510980537
2024-01-30,150.913,2024-07-30,0.1256087944709865,0.09082480150300491,169.869,164.619643269223
2024-01-31,139.594,2024-07-31,0.2258191612820035,0.25931555597176636,171.117,175.79289572032275
2024-02-01,140.65,2024-08-01,0.2110842516885887,0.2480776570691664,170.339,175.54212246677827
2024-02-02,141.866,2024-08-02,0.1718664091466593,0.1982739815800286,166.248,169.99433667083235
2024-02-05,143.161,2024-08-05,0.1096387982760667,0.19705654561695418,158.857,171.37181212706878
2024-02-06,143.579,2024-08-06,0.0997360338211019,0.17650944681553188,157.899,168.92204986432728
2024-02-07,145.014,2024-08-07,0.0933220240804335,0.16264296919549384,158.547,168.59950753491535
2024-02-08,145.383,2024-08-08,0.1117530935528912,0.16650998402770464,161.63,169.5907210078998
2024-02-09,148.462,2024-08-09,0.0997157521790088,0.1759031810229006,163.266,174.57693806102185
2024-02-12,146.998,2024-08-12,0.1013006979686799,0.18733673860408417,161.889,174.53612590132317
2024-02-13,144.616,2024-08-13,0.1323366709077831,0.237359961647558,163.754,178.94204821362325
2024-02-14,145.413,2024-08-14,0.1001354761953881,0.2128516895216926,159.974,176.3644027284179
2024-02-15,142.254,2024-08-15,0.1310894596988485,0.2330140563150879,160.902,175.4011815670465
2024-02-16,140.013,2024-08-16,0.161020762357781,0.23166398221728415,162.558,172.44896914218862
2024-02-20,140.61,2024-08-20,0.1860251760187752,0.23720009550678645,166.767,173.96270542920928
2024-02-21,142.035,2024-08-21,0.1647833280529447,0.23706652026911054,165.44,175.7067432064231
2024-02-22,143.569,2024-08-22,0.1381008434968551,0.24615774853646896,163.396,178.9096217996323
2024-02-23,143.44,2024-08-23,0.1517847183491354,0.17769602556884784,165.212,168.9287179075955
2024-02-26,137.073,2024-08-26,0.209209691186448,0.21235028841332895,165.75,166.18049108368027
2024-02-27,138.378,2024-08-27,0.1871395742097734,0.22109617386508892,164.274,168.97284634710326
2024-02-28,135.887,2024-08-28,0.1954638780751654,0.2262303197296109,162.448,166.62875945709763
2024-02-29,137.96,2024-08-29,0.169766599014207,0.14917335654097233,161.381,158.53995626839256
2024-03-01,136.644,2024-09-03,0.1487588185357571,0.1547452800771712,156.971,157.78901405086498
2024-03-04,132.868,2024-09-04,0.1745792816931088,0.16222915511758887,156.064,154.4230633821638
2024-03-05,132.191,2024-09-05,0.1865558169618204,0.1540666382552951,156.852,152.5572229776057
2024-03-06,130.925,2024-09-06,0.1498720641588695,0.1486284642448341,150.547,150.38418168125492
2024-03-07,133.895,2024-09-09,0.1093767504387766,0.16740525047879132,148.54,156.30972601285777
2024-03-08,134.921,2024-09-09,0.1009405503961577,0.17228320162960217,148.54,158.16562184706754
2024-03-11,137.173,2024-09-11,0.1007049492247016,0.15199192444658913,150.987,158.02218825211196
2024-03-12,138.0,2024-09-12,0.1196594202898551,0.15564714051897852,154.513,159.47930539161905
2024-03-13,139.285,2024-09-13,0.1291955343360735,0.15260515579730866,157.28,160.54060912522814
2024-03-14,142.584,2024-09-16,0.107270100432026,0.14550951374486337,157.879,163.33132850779762
2024-03-15,140.67,2024-09-16,0.1223359636027583,0.14824956608504372,157.879,161.5242664611831
2024-03-18,147.147,2024-09-18,0.084813146037636,0.17755864425474308,159.627,173.27422182615265
2024-03-19,146.498,2024-09-19,0.1055031468006391,0.17790690592536157,161.954,172.5610059042536
2024-03-20,148.202,2024-09-20,0.1025694659991092,0.17751253357895339,163.403,174.50971250146804
2024-03-21,147.067,2024-09-23,0.099260881095011,0.1823384727569063,161.665,173.88297217293993
2024-03-22,150.225,2024-09-23,0.0761524380096521,0.19151437947942415,161.665,178.99524765729646
2024-03-25,149.528,2024-09-25,0.078761168476807,0.15338752580295187,161.305,172.46372995826377
2024-03-26,150.126,2024-09-26,0.0827171842319118,0.15146393643222672,162.544,172.86467492082448
2024-03-27,150.325,2024-09-27,0.0893863296191586,0.14130005256314138,163.762,171.56593040155423
2024-03-28,150.385,2024-09-30,0.1015726302490276,0.1366722457373678,165.66,170.93845567521404
2024-04-01,154.928,2024-10-01,0.0766226892491996,0.14137433377129824,166.799,176.83084278251968
2024-04-02,154.002,2024-10-02,0.0757652498019505,0.12752891512637118,165.67,173.64170798729143
2024-04-03,154.36,2024-10-03,0.0732702772739049,0.12586977792577145,165.67,173.78925892062207
2024-04-04,149.986,2024-10-04,0.1125638392916672,0.15104851462351093,166.869,172.6411625143219
2024-04-05,151.949,2024-10-07,0.0713660504511382,0.13747190378337995,162.793,172.83771830798082
2024-04-08,154.29,2024-10-08,0.06417784691166,0.1387217634835931,164.192,175.69338088788356
2024-04-09,156.034,2024-10-09,0.0361523770460285,0.1351109585361869,161.675,177.1159033042354
2024-04-10,155.576,2024-10-10,0.0406103769218904,0.13387312751628655,161.894,176.4034456864738
2024-04-11,158.834,2024-10-11,0.0265623229283402,0.14289539164949916,163.053,181.53064663725658
2024-04-12,157.16,2024-10-14,0.0484283532705522,0.1328695335492927,164.771,178.04177589260684
2024-04-15,154.3,2024-10-15,0.0711017498379777,0.14150252810238276,165.271,176.13384008619767
2024-04-16,153.843,2024-10-16,0.0723334828363981,0.13886937799603372,164.971,175.2070817190438
2024-04-17,154.908,2024-10-17,0.0505784078291631,0.14344033452487748,162.743,177.12805534057972
2024-04-18,155.446,2024-10-18,0.0500945666019068,0.1411297330972957,163.233,177.3840524910422
2024-04-19,153.553,2024-10-21,0.067266676652361,0.14156700082326898,163.882,175.29103767741543
2024-04-22,155.716,2024-10-22,0.0593066865318911,0.13944319382027687,164.951,177.42953636891826
2024-04-23,157.689,2024-10-23,0.0311055305062497,0.13955744175010718,162.594,179.69567343213262
2024-04-24,158.555,2024-10-24,0.0250953927659169,0.13902056292452816,162.534,180.5974053544986
2024-04-25,155.437,2024-10-25,0.0620444295759694,0.15211076176613772,165.081,179.08064047664317
2024-04-26,171.329,2024-10-28,-0.0280162727851094,0.1077579325232266,166.529,189.7910588212719
2024-04-29,165.55,2024-10-29,0.0237752944729687,0.24712726296688237,169.486,206.46191838416738
2024-04-30,162.192,2024-10-30,0.0744056426950774,0.23503224237241574,174.26,200.31234945486688
2024-05-01,163.268,2024-11-01,0.0479334590979247,0.23150376817024235,171.094,201.06515722161913
2024-05-02,166.018,2024-11-04,0.0182389861340335,0.2339748970746877,169.046,204.86204446254553
2024-05-03,166.636,2024-11-04,0.0144626611296478,0.2432169941421224,169.046,207.16470703586668
2024-05-06,167.492,2024-11-06,0.0526353497480476,0.23453425665123925,176.308,206.77461171502935
2024-05-07,170.631,2024-11-07,0.0580902649577157,0.2382414424015886,180.543,211.28237555842546
2024-05-08,168.769,2024-11-08,0.0555611516332974,0.23660609979101588,178.146,208.70077485563
2024-05-09,169.346,2024-11-11,0.0637629468661793,0.23513602896838506,180.144,209.16534596168015
2024-05-10,168.041,2024-11-11,0.0720240893591446,0.2240678185956223,180.144,205.69358030462695
2024-05-13,168.529,2024-11-13,0.060203288454806,0.22073012630544042,178.675,205.72842745612957
2024-05-14,169.725,2024-11-14,0.0333127117395786,0.1000178837293082,175.379,186.70053531595684
2024-05-15,171.887,2024-11-15,0.0023620169064559,0.09041165016172215,172.293,187.42758731134796
2024-05-16,173.55,2024-11-18,0.0089253817343704,0.12236750114947914,175.099,194.7868798244921
2024-05-17,175.424,2024-11-18,-0.0018526541408245,0.125534390010548,175.099,197.44574483321037
2024-05-20,176.281,2024-11-20,-0.0028477260737118,0.07638739017371138,175.779,189.74664552721202
2024-05-21,177.208,2024-11-21,-0.0551329511083021,0.0543876321427816,167.438,186.84592351675803
2024-05-22,175.744,2024-11-22,-0.0635754278951201,0.03506457538015434,164.571,181.90638873560985
2024-05-23,172.923,2024-11-25,-0.0316036617454011,0.12874709484950755,167.458,195.1863338826614
2024-05-24,174.357,2024-11-25,-0.039568242169801,0.042414647597283126,167.458,181.75229071111949
2024-05-28,175.764,2024-11-29,-0.0398659566236544,0.02487243082107136,168.757,180.1356779308348
2024-05-29,175.264,2024-11-29,-0.0371268486397663,0.03705447433722402,168.757,181.75831539023926
2024-05-30,171.488,2024-12-02,-0.0011312744915095,0.04635174607217008,171.294,179.4367682304243
2024-05-31,171.877,2024-12-02,-0.0033919605299138,0.03769319944083716,171.294,178.35559404029277
2024-06-03,172.544,2024-12-03,-0.0081138724035608,0.03264765759772964,171.144,178.17715743254269
2024-06-04,173.163,2024-12-04,0.0058153300647365,0.03370746749127937,174.17,178.99988619319242
2024-06-05,174.777,2024-12-05,-0.0133598814489319,0.019747289601904815,172.442,178.2283720347521
2024-06-06,176.091,2024-12-06,-0.0089783123498646,0.02126272343630978,174.51,179.83517423262325
2024-06-07,173.83,2024-12-09,0.0088592302824597,0.04059917218050885,175.37,180.88735410013786
2024-06-10,174.578,2024-12-10,0.0606720205295052,0.03446318747833512,185.17,180.5945143435928
2024-06-11,176.184,2024-12-11,0.1090677927621124,0.030767641446295516,195.4,181.60476614057416
2024-06-12,177.351,2024-12-12,0.0823733725775439,0.0728232356447874,191.96,190.26627366483868
2024-06-13,174.728,2024-12-13,0.0863742502632662,0.08829517620173605,189.82,190.15563954737695
2024-06-14,176.354,2024-12-16,0.1151434047427333,0.07776268337328648,196.66,190.06776026361257
2024-06-17,176.802,2024-12-17,0.1053042386398344,0.07810128362210282,195.42,190.61046314695503
2024-06-18,174.658,2024-12-18,0.0786794764625726,0.0935313623553581,188.4,190.99400068626213
2024-06-20,175.864,2024-12-20,0.0883978528863211,0.09176271027259478,191.41,192.00175727937963
2024-06-21,179.187,2024-12-23,0.086183707523425,0.08083883383906922,194.63,193.67226811912133
2024-06-24,178.777,2024-12-24,0.0969531874905609,0.07690074473201423,196.11,192.5250844409553
2024-06-25,183.576,2024-12-26,0.0654987580075827,0.05642810996178242,195.6,193.9348467143442
2024-06-26,183.426,2024-12-26,0.0663700893003174,0.07754521326182491,195.6,197.64980828776348
2024-06-27,184.952,2024-12-27,0.04221635883905,0.07514073772158508,192.76,198.8494297230826
2024-06-28,181.701,2024-12-30,0.0524983351770216,0.08237941791196562,191.24,196.66942261402207
2024-07-01,182.539,2025-01-02,0.0377508368074768,0.04844002299586664,189.43,191.38119335764247
2024-07-02,184.783,2025-01-02,0.0251484173327634,0.05244912873198537,189.43,194.47470735448243
2024-07-03,185.362,2025-01-03,0.0346780893602787,0.07457787040360328,191.79,199.1859032137527
2024-07-05,190.129,2025-01-06,0.0354548753740882,0.1022941378032948,196.87,209.57808212640265
2024-07-08,188.563,2025-01-08,0.0285687011767949,0.10563412003361225,193.95,208.481686575898
2024-07-09,188.514,2025-01-10,0.0187041811218264,0.0885467779201543,192.04,205.20630729283997
2024-07-10,190.708,2025-01-10,0.0069844998636658,0.09774698931301887,192.04,209.3491328379072
2024-07-11,185.112,2025-01-13,0.0318617917801113,0.08106589486728201,191.01,200.1182699306723
2024-07-12,184.613,2025-01-13,0.0346508642403298,0.09014626370474961,191.01,201.25517218132495
2024-07-15,186.07,2025-01-15,0.0509485677433225,0.0880500203447392,195.55,202.4534672855456
2024-07-16,183.466,2025-01-16,0.0514754777451951,0.10573851531089923,192.91,202.86542245002943
2024-07-17,180.573,2025-01-17,0.0854335919545004,0.08516623642816373,196.0,195.95172281054283
2024-07-18,177.252,2025-01-21,0.1173357705413762,0.12035442144902579,198.05,198.58506191068273
2024-07-19,177.222,2025-01-21,0.1175249122569432,0.1171153267971715,198.05,197.97741244564833
2024-07-22,181.221,2025-01-22,0.0946303132639152,0.11541654231248624,198.37,202.13690121441107
2024-07-23,181.341,2025-01-23,0.0917553118158607,0.0976606848072591,197.98,199.0508862436332
2024-07-24,172.204,2025-01-24,0.1626326914589673,0.16701314471879977,200.21,200.9643315731562
2024-07-25,166.867,2025-01-27,0.1494783270508848,0.14882862400300978,191.81,191.7015860015102
2024-07-26,166.588,2025-01-27,0.151403462434269,0.1395615225724298,191.81,189.83727492229593
2024-07-29,169.111,2025-01-29,0.1555132427813685,0.1325296743855884,195.41,191.52322576502124
2024-07-30,169.869,2025-01-30,0.182499455462739,0.14223675541994057,200.87,194.0306154064299
2024-07-31,171.117,2025-01-31,0.1922836421863405,0.15821349918791872,204.02,198.19001934053907
2024-08-01,170.339,2025-02-03,0.181350131208942,0.16848323628338258,201.23,199.0382659852751
2024-08-02,166.248,2025-02-03,0.2104205764881381,0.17038248562005967,201.23,194.5737474693637
2024-08-05,158.857,2025-02-05,0.2044165507343083,0.10107770116570469,191.33,174.91390037408036
2024-08-06,157.899,2025-02-06,0.2134339039512598,0.09259582046160567,191.6,172.51978745506707
2024-08-07,158.547,2025-02-07,0.168990898597892,0.09256264390559236,185.34,173.22252950329997
2024-08-08,161.63,2025-02-10,0.1536843407783208,0.14530838121583037,186.47,185.11619365591466
2024-08-09,163.266,2025-02-10,0.1421238959734421,0.14978757839067128,186.47,187.72121877353132
2024-08-12,161.889,2025-02-12,0.134172179703377,0.13633861020314586,183.61,183.9607212671771
2024-08-13,163.754,2025-02-13,0.1367050575863795,0.1405428955004087,186.14,186.7684613097739
2024-08-14,159.974,2025-02-14,0.1578756547939039,0.13422324793567403,185.23,181.4462298652615
2024-08-15,160.902,2025-02-18,0.1421237772060013,0.13741821480851343,183.77,183.0128655991194
2024-08-16,162.558,2025-02-18,0.1304888101477628,0.1375821814271794,183.77,184.9230842484394
2024-08-19,166.258,2025-02-19,0.1143523920653442,0.1468582131804473,185.27,190.6743528069548
2024-08-20,166.767,2025-02-20,0.1066937703502493,0.15946618758478345,184.56,193.36069770495158
2024-08-21,165.44,2025-02-21,0.0859526112185686,0.15028234827363737,179.66,190.30271169839054
2024-08-22,163.396,2025-02-24,0.0974564860828905,0.1562864286318337,179.32,188.93257729272707
2024-08-23,165.212,2025-02-24,0.0853933128344188,0.14544511157222761,179.32,189.24127777307083
2024-08-26,165.75,2025-02-26,0.0421116138763197,0.16383439530879948,172.73,192.9055510224335
2024-08-27,164.274,2025-02-27,0.0257253125875063,0.15195882783526596,168.5,189.23688448381048
2024-08-28,162.448,2025-02-28,0.0482123510292524,0.15029477157692314,170.28,186.86308505312803
2024-08-29,161.381,2025-02-28,0.0551427987185604,0.13870379423373846,170.28,183.76515701723494
2024-08-30,162.976,2025-02-28,0.044816414686825,0.15172414391895883,170.28,187.70339407933622
2024-09-03,156.971,2025-03-03,0.0639544884086869,0.10881123233773304,167.01,174.0512079512863
2024-09-04,156.064,2025-03-04,0.095191716218987,0.10627288176154732,170.92,172.6493710192341
2024-09-05,156.852,2025-03-05,0.1030780608471679,0.10245387192787637,173.02,172.92209471963127
2024-09-06,150.547,2025-03-06,0.1448252040890885,0.10026348035276321,172.35,165.64136617666742
2024-09-09,148.54,2025-03-10,0.1166689107311163,0.08937737245531552,165.87,161.81611490451255
2024-09-10,148.49,2025-03-10,0.1170449188497542,0.08906245240497755,165.87,161.7148835576151
2024-09-11,150.987,2025-03-11,0.0864511514236325,0.09218073363085875,164.04,164.90509242872244
2024-09-12,154.513,2025-03-12,0.081527120695346,0.09785854115317182,167.11,169.63341676920004
2024-09-13,157.28,2025-03-13,0.0348423194303153,0.11989264999248642,162.76,176.13671599081826
2024-09-16,157.879,2025-03-17,0.0406070471690345,0.13054911563926228,164.29,178.48996382801107
2024-09-17,159.138,2025-03-17,0.0323744171725168,0.13584415968374197,164.29,180.7559678837513
2024-09-18,159.627,2025-03-18,0.0065339823463448,0.14140021607734543,160.67,182.19829229177842
2024-09-19,161.954,2025-03-19,0.0119540116329326,0.14291625346935416,163.89,185.0998589143758
2024-09-20,163.403,2025-03-20,-0.0036902627246744,0.1418803643458858,162.8,186.58667717521078
2024-09-23,161.665,2025-03-24,0.0372065691398881,0.13634072265368138,167.68,183.7065229278074
2024-09-24,162.104,2025-03-24,0.0343976706311996,0.14786607909395438,167.68,186.07368288544637
2024-09-25,161.305,2025-03-25,0.0573757788041286,0.1421989629090992,170.56,184.24240371205224
2024-09-26,162.544,2025-03-26,0.0154788857170979,0.1393120290766128,165.06,185.18833445422896
2024-09-27,163.762,2025-03-27,-0.0092939754033292,0.1466134856833243,162.24,187.77171764247257
2024-09-30,165.66,2025-03-31,-0.0665217916213932,0.1415302199776851,154.64,189.1058962415033
2024-10-01,166.799,2025-04-01,-0.0583276878158742,0.15360170073133184,157.07,192.4196100802854
2024-10-02,165.67,2025-04-02,-0.0520915072131344,0.14175281777563295,157.04,189.1541893208891
2024-10-03,165.67,2025-04-03,-0.090239633005372,0.13568744926929532,150.72,188.14933972044415
2024-10-04,166.869,2025-04-04,-0.1274592644529542,0.14610523380235074,145.6,191.24943425936448
2024-10-07,162.793,2025-04-07,-0.0985484633860178,0.18137558932439304,146.75,192.31967631288595
2024-10-08,164.192,2025-04-08,-0.1187146755018515,0.17809758036956055,144.7,193.4341979160389
2024-10-09,161.675,2025-04-09,-0.0183392608628421,0.11285313511301254,158.71,179.92053061939635
2024-10-10,161.894,2025-04-10,-0.0560490197289584,0.18305987646389033,152.82,191.53029564024507
2024-10-11,163.053,2025-04-11,-0.0362642821659215,0.18541560150290567,157.14,193.28557007185327
2024-10-14,164.771,2025-04-14,-0.034599535112368,0.18366773908420522,159.07,195.03411703664355
2024-10-15,165.271,2025-04-15,-0.0542200386032636,0.19084803127663535,156.31,196.81264497712078
2024-10-16,164.971,2025-04-16,-0.0705639172945546,0.18599919661251252,153.33,195.6554734643628
2024-10-17,162.743,2025-04-17,-0.0711735681411795,0.19250740549680503,151.16,194.07223269276653
2024-10-18,163.233,2025-04-21,-0.0953422408459074,0.22455567581997235,147.67,199.88789663112155
2024-10-21,163.882,2025-04-21,-0.0989248361626049,0.21424538595835765,147.67,198.9929623416276
2024-10-22,164.951,2025-04-22,-0.0817273008347932,0.20987552355196057,151.47,199.57017748541944
2024-10-23,162.594,2025-04-23,-0.0445526895211385,0.2042931034876927,155.35,195.8108328684779
2024-10-24,162.534,2025-04-24,-0.0200204264953793,0.1986357453558482,159.28,194.81906223566745
2024-10-25,165.081,2025-04-25,-0.0189058704514751,0.19870452943029338,161.96,197.88334242288224
2024-10-28,166.529,2025-04-28,-0.0355433588143805,0.19684784076502065,160.61,199.30987407475814
2024-10-29,169.486,2025-04-29,-0.0550251938213185,0.06333747269501791,160.16,180.2208148971878
2024-10-30,174.26,2025-04-30,-0.088718007574888,0.11243254676166735,158.8,193.85249559868814
2024-10-31,170.914,2025-04-30,-0.0708777513837367,0.133235478157395,158.8,193.685808513793
2024-11-01,171.094,2025-05-01,-0.0572433866763298,0.12867170826755178,161.3,193.1089572543285
2024-11-04,169.046,2025-05-05,-0.0286075979319238,0.09557913366166232,164.21,185.20327022896936
2024-11-05,169.546,2025-05-05,-0.0314722848076627,0.09542351776965205,164.21,185.72467574377342
2024-11-06,176.308,2025-05-06,-0.0741770084170883,0.1443725499608947,163.23,201.76203553850542
2024-11-07,180.543,2025-05-07,-0.1615293863511739,0.12861934361700395,151.38,203.76432215464476
2024-11-08,178.146,2025-05-08,-0.1339687671909556,0.14550340719731758,154.28,204.06684997857332
2024-11-11,180.144,2025-05-12,-0.1203703703703703,0.13636577798692293,158.46,204.70947670967627
2024-11-12,181.412,2025-05-12,-0.1265186426476748,0.13784564352733045,158.46,206.41885388358008
2024-11-13,178.675,2025-05-13,-0.1071498530852106,0.15554514332339012,159.53,206.46702848330673
2024-11-14,175.379,2025-05-14,-0.057070686912344,0.15495572588551437,165.37,202.5549802500756
2024-11-15,172.293,2025-05-15,-0.0483652847184737,0.14770046352071128,163.96,197.74075596137394
2024-11-18,175.099,2025-05-19,-0.0488809187945105,0.1483363789301339,166.54,201.0725516142875
2024-11-19,177.916,2025-05-19,-0.0639402864273027,0.1457582745557609,166.54,203.84872917586273
2024-11-20,175.779,2025-05-20,-0.0671240591879576,0.15702789287945237,163.98,203.38120598245726
2024-11-21,167.438,2025-05-21,0.0067009878283306,0.20973864477089305,168.56,202.55621920314877
2024-11-22,164.571,2025-05-22,0.038275273286302,0.2326267335274972,170.87,202.85461416335374
2024-11-25,167.458,2025-05-27,0.0324977009160505,0.22782484027214508,172.9,205.60909210229286
2024-11-26,168.926,2025-05-27,0.0235250938280668,0.23510878630082782,172.9,208.64198683465364
2024-11-27,169.036,2025-05-27,0.0228590359450058,0.1665683128760722,172.9,197.19204133531974
2024-11-29,168.757,2025-05-29,0.0183873854121607,0.16205064695676577,171.86,196.1041810284829
2024-12-02,171.294,2025-06-02,-0.0132170420446717,0.1578019268234496,169.03,198.32452325329598
2024-12-03,171.144,2025-06-03,-0.0290048146590006,0.13311851855057968,166.18,193.9264357388204
2024-12-04,174.17,2025-06-04,-0.0351380834816557,0.14521017052533217,168.05,199.46125540039708
2024-12-05,172.442,2025-06-05,-0.0245415849966945,0.1205653848505498,168.21,193.23253609439848
2024-12-06,174.51,2025-06-06,-0.0047561744312646,0.12030981608473665,173.68,195.50526600494737
2024-12-09,175.37,2025-06-09,0.004105605291669,0.13510755332183036,176.09,199.06381162604941
2024-12-10,185.17,2025-06-10,-0.0354809094345736,0.26134130441914355,178.6,233.5625693392928
2024-12-11,195.4,2025-06-11,-0.0923746161719549,0.12272192860389775,177.35,219.3798648492016
2024-12-12,191.96,2025-06-12,-0.0847051469056053,0.2165949733934482,175.7,233.53757109260633
2024-12-13,189.82,2025-06-13,-0.0798124539036982,0.2510344525959679,174.67,237.47135979176664
2024-12-16,196.66,2025-06-16,-0.1011390216617511,0.22796975965040947,176.77,241.49253293284954
2024-12-17,195.42,2025-06-17,-0.0996315627878415,0.19438466058062892,175.95,233.4066503706665
2024-12-18,188.4,2025-06-18,-0.0800424628450107,0.24611601586052642,173.32,234.7682573881232
2024-12-19,188.51,2025-06-20,-0.1160150655137658,0.23807767975607896,166.64,233.39002341081846
2024-12-20,191.41,2025-06-20,-0.1294080769029831,0.2475706170830534,166.64,238.79749181586723
2024-12-23,194.63,2025-06-23,-0.1512613677233725,0.263728339243083,165.19,245.95944666688123
2024-12-24,196.11,2025-06-24,-0.1496099128040385,0.26314922335995866,166.77,247.7161941931215
2024-12-26,195.6,2025-06-26,-0.1127811860940695,0.24878132152210772,173.54,244.26162648972428
2024-12-27,192.76,2025-06-27,-0.0738223697862626,0.23761992232981485,178.53,238.56361622829507
2024-12-30,191.24,2025-06-30,-0.078487764066095,0.23490873644062432,176.23,236.163946756905
2024-12-31,189.3,2025-06-30,-0.0690438457474909,0.23619866366256834,176.23,234.01240703132422
2025-01-02,189.43,2025-07-02,-0.0569603547484559,0.2315780897552898,178.64,233.29783754234452
2025-01-03,191.79,2025-07-03,-0.0639240836331404,0.23120432485051268,179.53,236.13267746307983
2025-01-06,196.87,2025-07-07,-0.1019962411743791,0.15784940595450436,176.79,227.94581255026327
2025-01-07,195.49,2025-07-07,-0.0956570668576398,0.20864201309737354,176.79,236.2774271404056
2025-01-08,193.95,2025-07-08,-0.1010054137664345,0.22236854966854902,174.36,237.07838020821507
2025-01-10,192.04,2025-07-10,-0.0750885232243282,0.1740324143535838,177.62,225.46118485246222
2025-01-13,191.01,2025-07-14,-0.0494738495366734,0.10397636355062156,181.56,210.87052520180418
2025-01-14,189.66,2025-07-14,-0.0427080037962669,0.11012170386104864,181.56,210.5456823542865
2025-01-15,195.55,2025-07-15,-0.069291741242649,0.08684551139890237,182.0,212.53263975405537
2025-01-16,192.91,2025-07-16,-0.0515266186304493,0.10472486895704326,182.97,213.1124744705032
2025-01-17,196.0,2025-07-17,-0.0633673469387754,0.08970165729014329,183.58,213.58152482886808
2025-01-21,198.05,2025-07-21,-0.040141378439788,0.08107462881011918,190.1,214.10683023584411
2025-01-22,198.37,2025-07-22,-0.0354388264354489,0.05966187268079867,191.34,210.20512568369006
2025-01-23,197.98,2025-07-23,-0.039145368219012,0.06687453302962387,190.23,211.2198200492049
2025-01-24,200.21,2025-07-24,-0.0401578342740124,0.05795299429535573,192.17,211.8127689878732
2025-01-27,191.81,2025-07-28,0.0040143892393516,0.11968662735076142,192.58,214.76709199214957
2025-01-28,195.3,2025-07-28,-0.0139272913466461,0.1103104562354537,192.58,216.84363210278414
2025-01-29,195.41,2025-07-29,0.001739931426232,0.11865465058532942,195.75,218.5963052708792
2025-01-30,200.87,2025-07-30,-0.0216060138397968,0.10069319118704484,196.53,221.0962413137417
2025-01-31,204.02,2025-07-31,-0.0594059405940594,0.1228398471506114,191.9,229.08178561566774
2025-02-03,201.23,2025-08-04,-0.0307608209511504,0.08989591597120414,195.04,219.31975517088537
2025-02-04,206.38,2025-08-04,-0.0549471848047291,0.14918020374060725,195.04,237.16781044798654
2025-02-05,191.33,2025-08-05,0.0174567501175977,0.2374608846317111,194.67,236.76339105658528
2025-02-06,191.6,2025-08-06,0.0234342379958247,0.2274278179754215,196.09,235.17516992409074
2025-02-07,185.34,2025-08-07,0.0603215711665048,0.2433880148067803,196.52,230.44953466428865
2025-02-10,186.47,2025-08-11,0.077921381455462,0.2296021446505278,201.0,229.28391191298394
2025-02-11,185.32,2025-08-11,0.0846104036261601,0.2287689863993126,201.0,227.7154685595206
2025-02-12,183.61,2025-08-12,0.1074560209138935,0.23056841849556822,203.34,225.9446673199713
2025-02-13,186.14,2025-08-13,0.084989792629204,0.22381219324529686,201.96,227.80040165067953
2025-02-14,185.23,2025-08-14,0.0956108621713545,0.22460086777735777,202.94,226.83281873839994
2025-02-18,183.77,2025-08-18,0.1073624639495021,0.22318440853166857,203.5,224.78459875586475
2025-02-19,185.27,2025-08-19,0.0879797052949749,0.22060871341177418,201.57,226.14217633379943
2025-02-20,184.56,2025-08-20,0.0799739921976592,0.22101656205032738,199.32,225.3508166920084
2025-02-21,179.66,2025-08-21,0.1118223310697985,0.22427820581916677,199.75,219.9538224574715
2025-02-24,179.32,2025-08-25,0.1626700869953157,0.22088317612859587,208.49,218.9287711433798
2025-02-25,175.42,2025-08-25,0.1885189830121993,0.20259082468392114,208.49,210.95848246605345
2025-02-26,172.73,2025-08-26,0.1992126440108841,0.19642147015668962,207.14,206.65788054016497
2025-02-27,168.5,2025-08-27,0.2313353115727001,0.1543479754265704,207.48,194.5076338593771
2025-02-28,170.28,2025-08-28,0.242894056847545,0.16190155173033466,211.64,197.84859622864138
2025-03-03,167.01,2025-09-03,0.3811149032992036,0.1364811232642831,230.66,189.8037123963679
2025-03-04,170.92,2025-09-04,0.3591153756143226,0.16061269919438936,232.3,198.37192254630503
2025-03-05,173.02,2025-09-05,0.3582244827187608,0.1619360594167544,235.0,201.03817700028688
2025-03-06,172.35,2025-09-08,0.3579344357412242,0.13998905902402622,234.04,196.47711432279092
2025-03-07,173.86,2025-09-08,0.3461405728747266,0.14567925424624906,234.04,199.18779514325288
2025-03-10,165.87,2025-09-10,0.4419123409899317,0.1255141573666305,239.17,186.68903328240302
2025-03-11,164.04,2025-09-11,0.4653133382101928,0.10223039407040972,240.37,180.80987384331
2025-03-12,167.11,2025-09-12,0.4409670277063011,0.09104128119939549,240.8,182.323908501231
2025-03-13,162.76,2025-09-15,0.5458957974932417,0.08490865479687744,251.61,176.57973265473976
2025-03-14,165.49,2025-09-15,0.5203939815094567,0.09353295737739513,251.61,180.96876911638512
2025-03-17,164.29,2025-09-17,0.5188386389920263,0.07639225905642921,249.53,176.84048424038076
2025-03-18,160.67,2025-09-18,0.5686189083214042,0.027084824589619045,252.03,165.0217187668141
2025-03-19,163.89,2025-09-19,0.5542131917749711,0.08426861460393302,254.72,177.70078324743858
2025-03-20,162.8,2025-09-22,0.5511670761670762,0.08049482165008867,252.53,175.90455696463445
2025-03-21,163.99,2025-09-22,0.5399109701811085,0.0910933523051062,252.53,178.9283988445144
2025-03-24,167.68,2025-09-24,0.473878816793893,0.10149480342344581,247.14,184.69864863804338
2025-03-25,170.56,2025-09-25,0.441076454033771,0.10261098259743687,245.79,188.06132919181883
2025-03-26,165.06,2025-09-26,0.4936386768447836,0.08570675927096164,246.54,179.20675768526493
2025-03-27,162.24,2025-09-29,0.5042529585798816,0.09047258167169839,244.05,176.91827165041636
2025-03-28,154.33,2025-09-29,0.5813516490636945,0.027471237705233787,244.05,158.56963611504872
2025-03-31,154.64,2025-09-30,0.5720382824624937,0.0505789086510939,243.1,162.46152243380516
2025-04-01,157.07,2025-10-01,0.5591774368116127,0.06873721914229716,244.9,167.86655501068063
2025-04-02,157.04,2025-10-02,0.5645058583800306,0.029479990015876353,245.69,161.66953763209324
2025-04-03,150.72,2025-10-03,0.6278529723991506,0.0028328336547538886,245.35,151.14696468844448
2025-04-04,145.6,2025-10-06,0.719986263736264,-0.03055588369313852,250.43,141.15106333427903
2025-04-07,146.75,2025-10-07,0.6746848381601362,-0.011802974801049582,245.76,145.01791344794597
2025-04-08,144.7,2025-10-08,0.6905321354526608,0.008292801906986795,244.62,145.89996843594096
2025-04-09,158.71,2025-10-09,0.5218322726986326,-0.013889840790047216,241.53,156.50554336821162
2025-04-10,152.82,2025-10-10,0.548030362517995,-0.03184246110941814,236.57,147.9538350932587
2025-04-11,157.14,2025-10-13,0.553710067455772,-0.038054473255278186,244.15,151.16012007266556
2025-04-14,159.07,2025-10-14,0.5430313698371787,-0.016674570088123536,245.45,156.41757613608218
2025-04-15,156.31,2025-10-15,0.6059753054826946,-0.029373712398514957,251.03,151.71859501498813
2025-04-16,153.33,2025-10-16,0.6399921737429073,-0.0388118336378593,251.46,147.37898154830705
2025-04-17,151.16,2025-10-17,0.6757078592220165,-0.042528614175181216,253.3,144.73137468127962
2025-04-21,147.67,2025-10-21,0.6960790952800164,-0.048574124636376045,250.46,140.49705901494633
2025-04-22,151.47,2025-10-22,0.661649171453093,-0.0633506217945571,251.69,141.87428131677845
2025-04-23,155.35,2025-10-23,0.6290955906018669,-0.026613872953948046,253.08,151.21553483660418
2025-04-24,159.28,2025-10-24,0.6318432948267203,0.03777068792730167,259.92,165.2961151730606
2025-04-25,161.96,2025-10-27,0.6625710051864655,0.11626240479451014,269.27,180.78985908051888
2025-04-28,160.61,2025-10-28,0.6653383973600648,0.06109638965221464,267.47,170.4226911420422
2025-04-29,160.16,2025-10-29,0.7143481518481518,0.0667324523439225,274.57,170.84786956740263
2025-04-30,158.8,2025-10-30,0.7725440806045341,0.05130165472198922,281.48,166.9467027698519
2025-05-01,161.3,2025-11-03,0.7589584624922505,0.09913932063685928,283.72,177.29117241872544
2025-05-02,164.03,2025-11-03,0.7296835944644273,0.14007764997965613,283.72,187.00693692616298
2025-05-05,164.21,2025-11-05,0.7313805492966323,0.1410128247245697,284.31,187.3657159480216
2025-05-06,163.23,2025-11-06,0.7444709918519881,0.15794644273610486,284.75,189.0115978478144
2025-05-07,151.38,2025-11-07,0.8419209935262253,0.004799585520828516,278.83,152.106561256143
2025-05-08,154.28,2025-11-10,0.8803474202748252,0.11847003031329578,290.1,172.55755627673526
2025-05-09,152.75,2025-11-10,0.8991816693944354,0.09783946868632434,290.1,167.69497884183605
2025-05-12,158.46,2025-11-12,0.8093525179856114,0.15687437503365376,286.71,183.31831346783275
2025-05-13,159.53,2025-11-13,0.7461919388202845,0.14876492774758357,278.57,183.26246892357202
2025-05-14,165.37,2025-11-14,0.6714639898409629,0.1667186158437249,276.41,192.94025750207678
2025-05-15,163.96,2025-11-17,0.7383508172725053,0.16128418686902835,285.02,190.4041552790459
2025-05-16,166.19,2025-11-17,0.7150249714182562,0.1667518423019938,285.02,193.90248867216835
2025-05-19,166.54,2025-11-19,0.758196229134142,0.16791616849413227,292.81,194.5047587010128
2025-05-20,163.98,2025-11-20,0.765154287108184,0.16928452315153653,289.45,191.73927610638896
2025-05-21,168.56,2025-11-21,0.7777645942097771,0.18379842126199247,299.66,199.54106188792147
2025-05-22,170.87,2025-11-24,0.8644583601568443,0.19050867739297342,318.58,203.42221770613736
2025-05-23,168.47,2025-11-24,0.8910191725529768,0.204437111768924,318.58,202.91152021971064
2025-05-27,172.9,2025-11-28,0.8518218623481781,0.2114850722705921,320.18,209.4657689955854
2025-05-28,172.36,2025-11-28,0.8576235785565096,0.2218121519260168,320.18,210.59154250596828
2025-05-29,171.86,2025-12-01,0.8322471779355287,0.20050020734290447,314.89,206.3179656339516
2025-05-30,171.74,2025-12-01,0.8335274251775939,0.19298821562212573,314.89,204.88379615094388
2025-06-02,169.03,2025-12-02,0.8683665621487311,0.1851073188111301,315.81,200.3186900986453
2025-06-03,166.18,2025-12-03,0.9233963172463592,0.19003214319900558,319.63,197.75954155681075
2025-06-04,168.05,2025-12-04,0.8900327283546563,0.20763424494499969,317.62,202.94293486300722
2025-06-05,168.21,2025-12-05,0.9099340110576064,0.14902634373461987,321.27,193.27772127960043
2025-06-06,173.68,2025-12-08,0.806310456011055,0.15018350902495514,313.72,199.76387184745423
2025-06-09,176.09,2025-12-09,0.8006701118746093,0.151593365374979,317.08,202.78407570888007
2025-06-10,178.6,2025-12-10,0.7928891377379619,0.14280099357270193,320.21,204.10425745208457
2025-06-11,177.35,2025-12-11,0.7616577389343109,0.1444282242034862,312.43,202.96434556248826
2025-06-12,175.7,2025-12-12,0.7603301081388734,0.14358536825341567,309.29,200.92794920212512
2025-06-13,174.67,2025-12-15,0.7645846453311962,0.14655612241964464,308.22,200.2689579030393
2025-06-16,176.77,2025-12-16,0.7342874922215306,0.13592309983696263,306.57,200.79712635817992
2025-06-17,175.95,2025-12-17,0.68638817845979,0.1443226138892939,296.72,201.34356391382124
2025-06-18,173.32,2025-12-18,0.7450957765981998,0.15434148757679436,302.46,200.07046662680997
2025-06-20,166.64,2025-12-22,0.8589774363898224,0.16631477096939914,309.78,194.35469343434065
2025-06-23,165.19,2025-12-23,0.902960227616684,0.16579302862985276,314.35,192.57735039936537
2025-06-24,166.77,2025-12-24,0.8833723091683154,0.14513467159080617,314.09,190.97410918119877
2025-06-25,170.68,2025-12-26,0.8368291539723458,0.140608689369703,313.51,194.6790911016209
2025-06-26,173.54,2025-12-26,0.806557565979025,0.11953280098200852,313.51,194.28372228241773
2025-06-27,178.53,2025-12-29,0.7563434716854309,0.12020173505369618,313.56,199.98961575913637
2025-06-30,176.23,2025-12-30,0.7809113090847191,0.1336486924582246,313.85,199.78290907191288
2025-07-01,175.84,2026-01-02,0.7922543221110099,0.0994306022404241,315.15,193.32387709795617
2025-07-02,178.64,2026-01-02,0.7641625615763548,0.07802133175974947,315.15,192.57773070556163
2025-07-03,179.53,2026-01-05,0.763159360552554,0.07143187182043625,316.54,192.35416394792293
2025-07-07,176.79,2026-01-07,0.8212568584195941,0.06084048736939914,321.98,187.54598976203604
2025-07-08,174.36,2026-01-08,0.8664831383344802,0.14851934334626624,325.44,200.25583270585497
2025-07-09,176.62,2026-01-09,0.8603215943834219,0.10148256695460803,328.57,194.54385097552287
2025-07-10,177.62,2026-01-12,0.8683706789775927,0.12109386648876203,331.86,199.1286925657339
2025-07-11,180.19,2026-01-12,0.8417226261168766,0.12126735123870565,331.86,202.04116401970236
2025-07-14,181.56,2026-01-14,0.8497466402291252,0.09879802342038073,335.84,199.49776913220433
2025-07-15,182.0,2026-01-15,0.8284615384615384,0.09649758558519926,332.78,199.56256057650626
2025-07-16,182.97,2026-01-16,0.8035743564518774,0.06771890203027706,330.0,195.3605275044798
2025-07-17,183.58,2026-01-20,0.7540037041072012,0.07632899215962907,322.0,197.59247638066472
2025-07-18,185.06,2026-01-20,0.7399762239273748,0.10740484495667185,322.0,204.93634060768167
2025-07-21,190.1,2026-01-21,0.7274066280904787,0.11426282949203305,328.38,211.8213638864355
2025-07-22,191.34,2026-01-22,0.7275007839448104,0.10112288767781841,330.54,210.6888533282738
2025-07-23,190.23,2026-01-23,0.7238605898123325,0.1230958158249372,327.93,213.6465170443778
2025-07-24,192.17,2026-01-26,0.7341936826767967,0.10839005913819424,333.26,212.99931766458678
2025-07-25,193.18,2026-01-26,0.725126824723056,0.09625004296891525,333.26,211.77358330073505
2025-07-28,192.58,2026-01-28,0.7447813895523936,0.07254507336895272,336.01,206.55073022939294
2025-07-29,195.75,2026-01-29,0.7279693486590038,0.07775957112419174,338.25,210.97143604756056
2025-07-30,196.53,2026-01-30,0.7198392102986821,0.09437421896827468,338.0,215.077365253835
2025-07-31,191.9,2026-02-02,0.7909848879624803,0.08099227726300899,343.69,207.44241800677142
2025-08-01,189.13,2026-02-02,0.8172156717601651,0.1039811046571055,343.69,208.79594632379838
2025-08-04,195.04,2026-02-04,0.7075471698113209,0.08696270990684071,333.04,212.0012069402302
2025-08-05,194.67,2026-02-05,0.7015975753839832,0.08744572697922345,331.25,211.69305967104543
2025-08-06,196.09,2026-02-06,0.6464888571574277,0.08997521684916929,322.86,213.7332402719536
2025-08-07,196.52,2026-02-09,0.6503154895176062,0.07381776534598532,324.32,211.02666724579305
2025-08-08,201.42,2026-02-09,0.6101678085592295,0.09898545992931938,324.32,221.3576513389635
2025-08-11,201.0,2026-02-11,0.5470646766169154,0.08426687424952077,310.96,217.93764172415368
2025-08-12,203.34,2026-02-12,0.519622307465329,0.07177744776193472,309.0,217.93522622791178
2025-08-13,201.96,2026-02-13,0.5137651020003962,0.06382286692568086,305.72,214.84966620431052
2025-08-14,202.94,2026-02-17,0.4882231201340297,0.05390248069503786,302.02,213.87896943225098
2025-08-15,203.9,2026-02-17,0.4812162824914172,0.053257299405918425,302.02,214.75916334886676
2025-08-18,203.5,2026-02-18,0.4905651105651105,0.09040616247840577,303.33,221.89765406435558
2025-08-19,201.57,2026-02-19,0.5024557225777646,0.09996727252161763,302.85,221.72040312218246
2025-08-20,199.32,2026-02-20,0.5802729279550474,0.09854885017499089,314.98,218.9627568168792
2025-08-21,199.75,2026-02-23,0.5593992490613267,0.10067790095184821,311.49,219.86041071513168
2025-08-22,206.09,2026-02-23,0.5114270464360231,0.09455892794856419,311.49,225.5776494609196
2025-08-25,208.49,2026-02-25,0.5007914048635425,0.09313972731464858,312.9,227.9087017478311
2025-08-26,207.14,2026-02-26,0.4839239161919475,0.08740400856308572,307.38,225.24486633375753
2025-08-27,207.48,2026-02-27,0.5026026604973974,0.05208393516317174,311.76,218.28637486765484
2025-08-28,211.64,2026-03-02,0.4483084483084483,0.09776752170431229,306.52,232.33151829350066
2025-08-29,212.91,2026-03-02,0.4396693438542107,0.07691905526532522,306.52,229.28683605654038
2025-09-02,211.35,2026-03-02,0.450295718003312,0.03299373684195691,306.52,218.32322628154756
2025-09-03,230.66,2026-03-03,0.3159195352466832,-0.008912896128629614,303.53,228.60415137897027
2025-09-04,232.3,2026-03-04,0.3044769694360738,-0.01934003890512617,303.03,227.80730896233922
2025-09-05,235.0,2026-03-05,0.2801914893617023,-0.016492502483568153,300.845,231.1242619163615
2025-09-08,234.04,2026-03-09,0.3089215518714749,-6.43709156505523e-06,306.34,234.0384934630901
2025-09-09,239.63,2026-03-09,0.2783875140842131,0.0011825715123332356,306.34,239.9133796115004
2025-09-10,239.17,2026-03-10,0.2837730484592551,-0.029291120098304358,307.04,232.16444280608854
2025-09-11,240.37,2026-03-11,0.2842700836210841,-0.03682358303235221,308.7,231.5187153465135
2025-09-12,240.8,2026-03-12,0.2605897009966778,-0.03870436436719953,303.55,231.4799890603784
2025-09-15,251.61,2026-03-16,0.214419140733675,0.33746823092321615,305.56,336.52038158259046
2025-09-16,251.16,2026-03-16,0.2165949992036948,0.40067223166983224,305.56,351.7928377061951
2025-09-17,249.53,2026-03-17,0.2460225223420029,0.39733252871087726,310.92,348.67638588922523
2025-09-18,252.03,2026-03-18,0.2208467245962782,0.386241128331058,307.69,349.37435157327656
2025-09-19,254.72,2026-03-19,0.2057553391959798,0.3766748748780175,307.13,350.6666241289286
2025-09-22,252.53,2026-03-23,0.196135112659882,0.22762009832802838,302.06,310.010903430777
2025-09-23,251.66,2026-03-23,0.200270205833267,-0.028458159858918072,302.06,244.49821948990467
2025-09-24,247.14,2026-03-24,0.1752043376224004,-0.006981234574063463,290.44,245.41465768736595
2025-09-25,245.79,2026-03-25,0.1836527116644291,-0.03806586194295497,290.93,236.43379179304108
2025-09-26,246.54,2026-03-26,0.1394499878315893,-0.03942720764703873,280.92,236.81961622669905
2025-09-29,244.05,2026-03-30,0.1206719934439664,0.004657282417745357,273.5,245.18660977405077
2025-09-30,243.1,2026-03-30,0.1250514191690661,0.09267074058722183,273.5,265.6282570367536
2025-10-01,244.9,2026-04-01,0.2143323805634951,0.07878004468478007,297.39,264.1932329433027
2025-10-02,245.69,2026-04-02,0.203834099881965,0.06161440244777543,295.77,260.8280425373939
2025-10-03,245.35,2026-04-06,0.2227022620745873,0.07560575892958324,299.99,263.8998729533733
2025-10-06,250.43,2026-04-06,0.197899612666214,0.05748502315987461,299.99,264.82597434992744
2025-10-07,245.76,2026-04-07,0.242919921875,0.06041840063806724,305.46,260.6084261408114
2025-10-08,244.62,2026-04-08,0.2971956503965334,0.07499926857118032,317.32,262.9663210778821
2025-10-09,241.53,2026-04-09,0.3186353662070964,0.10905884738048784,318.49,267.87098340780926
2025-10-10,236.57,2026-04-10,0.3409984359808937,0.08083540549871679,317.24,255.69323187883143
2025-10-13,244.15,2026-04-13,0.3160352242473889,-0.01768768126947575,321.31,239.83155261805751
2025-10-14,245.45,2026-04-14,0.3563251171317989,0.018740397354531955,332.91,250.04983053066985
2025-10-15,251.03,2026-04-15,0.3429470581205434,0.010670369215459278,337.12,253.70858278415673
2025-10-16,251.46,2026-04-16,0.3362761472997693,0.009349683774408608,336.02,253.81107148191282
2025-10-17,253.3,2026-04-17,0.3489143308330042,0.01796297747220551,341.68,257.85002219370966
2025-10-20,256.55,2026-04-20,0.3152212044435782,0.011193969596029862,337.42,259.4218128998615
2025-10-21,250.46,2026-04-21,0.3267188373392957,0.08004734249620746,332.29,270.5086574016001
2025-10-22,251.69,2026-04-22,0.3481663951686597,0.07466395766012986,339.32,270.48217150347807
2025-10-23,253.08,2026-04-23,0.3390627469574836,0.07370973831620749,338.89,271.7344605730658
2025-10-24,259.92,2026-04-24,0.3250230840258539,0.08678788598063045,344.4,282.47790732408544
2025-10-27,269.27,2026-04-27,0.3010732721803395,0.12363742176692907,350.34,302.561848559181
2025-10-28,267.47,2026-04-28,0.3077354469660147,0.15911162975948762,349.78,310.0275876117702
2025-10-29,274.57,2026-04-29,0.2745019485012929,0.12096845614327512,349.94,307.78430900325907
2025-10-30,281.48,2026-04-30,0.3670598266306664,0.19081004396305937,384.8,335.18921117472195
2025-10-31,281.19,2026-04-30,0.3684697179842811,0.18984865026896947,384.8,334.5735419691315
2025-11-03,283.72,2026-05-04,0.3508036091921611,0.0415413321590276,383.25,295.50610676015935
2025-11-04,277.54,2026-05-04,0.3808820350219788,0.15530798603009946,383.25,320.6441784427938
2025-11-05,284.31,2026-05-05,0.3662199711582428,0.03515948331489308,388.43,294.30619270125726
2025-11-06,284.75,2026-05-06,0.3978577699736612,0.016611082154463747,398.04,289.4800056434836
2025-11-07,278.83,2026-05-07,0.4273571710361152,0.18963099915085607,397.99,331.70481149323314
2025-11-10,290.1,2026-05-11,0.3396759738021371,0.05392622847135747,388.64,305.74399887954087
2025-11-11,291.31,2026-05-11,0.3341114276887165,0.12320432391770618,388.64,327.200651600467
2025-11-12,286.71,2026-05-12,0.3510167067768828,0.2197699217373669,387.35,349.72023426132046
2025-11-13,278.57,2026-05-13,0.4453099759485945,0.22541347293011366,402.62,341.3634311541417
2025-11-14,276.41,2026-05-14,0.4509967077891537,0.2742537522363476,401.07,352.2164796556489
2025-11-17,285.02,2026-05-18,0.3926741983018735,0.17454616860038044,396.94,334.7691489744804
2025-11-18,284.28,2026-05-18,0.396299423103982,0.11153213709853281,396.94,315.98635593437086
2025-11-19,292.81,2026-05-19,0.3239301936409275,0.20256379439241956,387.66,352.1227046360443
2025-11-20,289.45,2026-05-20,0.3436172050440491,0.19076635610453746,388.91,344.66732177445834
2025-11-21,299.66,2026-05-21,0.2936661549756389,0.21972137929274022,387.66,365.50170851886253
2025-11-24,318.58,2026-05-26,0.2206667085190534,0.41104356350235355,388.88,449.5302584605798
2025-11-25,323.44,2026-05-26,0.2023250061835271,0.41334758677562355,388.88,457.1331434667077
2025-11-26,319.95,2026-05-26,0.215439912486326,0.04378215283737793,388.88,333.958099800319
2025-11-28,320.18,2026-05-28,0.2184708601411704,0.024087537887130007,390.13,327.89234788070127
2025-12-01,314.89,2026-06-01,0.1952427831941312,0.005144288020980409,376.37,316.5098848549265
2025-12-02,315.81,2026-06-02,0.1457838573826035,-0.036679723953687265,361.85,304.22617637818604
2025-12-03,319.63,2026-06-03,0.123142383380784,-0.035796417125450945,358.99,308.18839119419215
2025-12-04,317.62,2026-06-04,0.1718090800327434,-0.023837574621819766,372.19,310.0487095486176
2025-12-05,321.27,2026-06-05,0.1471036822610265,-0.020520855679889063,368.53,314.67726469572204
2025-12-08,313.72,2026-06-08,0.1580708912405966,0.0160519632181498,363.31,318.75582190079797
2025-12-09,317.08,2026-06-09,0.1487952567175476,0.03478690956685105,364.26,328.1102332854571
2025-12-10,320.21,2026-06-10,0.1129571218887606,0.049126148012416826,356.38,335.94068385505597
2025-12-11,312.43,2026-06-11,0.1451205069935663,0.04775722892660901,357.77,327.3507910335405
2025-12-12,309.29,2026-06-12,0.1629215299557049,0.09802990984539664,359.68,339.60967081608277
2025-12-15,308.22,2026-06-15,0.1983323600025954,0.17658948406545355,369.35,362.6484107786541
2025-12-16,306.57,2026-06-16,0.2175033434452165,0.13058273952795976,373.25,346.6027504570866
2025-12-17,296.72,2026-06-17,0.226038015637638,0.24133941211275248,363.79,368.33023036209596
2025-12-18,302.46,2026-06-18,0.216788996892151,0.05979183473189303,368.03,320.5446383330084
2025-12-19,307.16,2026-06-22,0.1384294830055996,0.11467441664184504,349.68,342.38339381570916
2025-12-22,309.78,2026-06-22,0.1288010846407128,0.055019704412958614,349.68,326.82400403304626
2025-12-23,314.35,2026-06-23,0.1010975027835214,0.01748215662760099,346.13,319.84551593588634
2025-12-24,314.09,2026-06-24,0.0993345856283232,-0.04509230764423913,345.29,299.9269570920209
2025-12-26,313.51,2026-06-26,0.0761698191445248,0.010563897827151204,337.39,316.82188760779013
2025-12-29,313.56,2026-06-29,0.1278543181528255,0.025896189817827577,353.65,321.680009279278
2025-12-30,313.85,2026-06-30,0.1386649673410864,0.06266746667925807,357.37,333.51818441728517
2025-12-31,313.0,2026-06-30,0.1417571884984025,0.04875392672017597,357.37,328.2599790634151
2026-01-02,315.15,2026-07-02,0.1420276059019516,0.026124802554689134,359.91,323.38323152511026
2026-01-05,316.54,2026-07-06,0.157705187338093,0.06476708531492792,366.46,337.04137318558725
2026-01-06,314.34,2026-07-06,0.1658077241203792,0.059927315496499635,366.46,333.1775523531697
2026-01-07,321.98,2026-07-07,0.1399155227032733,0.0999422531895481,367.03,354.1594066819707
2026-01-08,325.44,2026-07-08,0.112094395280236,0.0630631192432953,361.92,345.963261526538
2026-01-09,328.57,2026-07-09,0.0922786620811395,0.09612924506349448,358.89,360.1551860505124
2026-01-12,331.86,2026-07-13,0.0622250346531669,0.08438696096737312,352.51,359.86465686663246
2026-01-13,335.97,2026-07-13,0.0492305860642319,0.1095921900520396,352.51,372.7896880917838
2026-01-14,335.84,2026-07-14,0.0704799904716533,0.08846861197053674,359.51,365.551298644185
2026-01-15,332.78,2026-07-15,0.1146102530200132,0.10920252409731851,370.92,369.1204159691056
2026-01-16,330.0,2026-07-16,0.074121212121212,0.05680363874101908,354.46,348.74520078453634
2026-01-20,322.0,2026-07-20,0.0931366459627329,0.0523700617155158,351.99,338.8631598723961
2026-01-21,328.38,2026-07-21,0.0571593885133077,0.04880078131473644,347.15,344.4052005681331
2026-01-22,330.54,2026-07-22,0.0349428208386275,0.038946786790401665,342.09,343.4134709056994
2026-01-23,327.93,2026-07-23,-0.0312261763181167,0.04582094182502638,317.69,342.9560614526809
2026-01-26,333.26,2026-07-27,-0.020104422973054,0.04370301312539581,326.56,347.8244661541694
2026-01-27,334.55,2026-07-27,-0.0238828276789717,0.04639019115429151,326.56,350.0698384506682
2026-01-28,336.01,2026-07-28,-0.0068450343739769,0.07598534977897878,333.71,361.54183737923466
2026-01-29,338.25,2026-07-29,-0.0045528455284553,0.07863899100747047,336.71,364.8496387082769
2026-01-30,338.0,2026-07-30,-0.0128402366863904,0.07808012457714593,333.66,364.3910821070753
2026-02-02,343.69,2026-08-03,0.0867642352119641,0.07405185452401021,373.51,369.1408818813571
2026-02-03,339.71,2026-08-03,0.0994966294780843,0.09255057839114113,373.51,371.1503569852545
2026-02-04,333.04,2026-08-04,0.1339478741292334,0.09374530518475094,377.65,364.2609364387295
2026-02-05,331.25,2026-08-05,0.0941283018867924,0.11077089077793455,362.43,367.9428575701908
2026-02-06,322.86,2026-08-06,0.1080654153503066,0.13449270643886727,357.75,366.2823152008527
2026-02-09,324.32,2026-08-10,0.1023680315737542,0.12109826433160094,357.52,363.5945890880248
2026-02-10,318.58,2026-08-10,0.1222298951597715,0.12896111717379347,357.52,359.66443270922707
2026-02-11,310.96,2026-08-11,0.1056084383843583,0.11065488146974839,343.8,345.3692419418329
2026-02-12,309.0,2026-08-12,0.111779935275081,0.05826138274600175,343.54,327.0027672685145
2026-02-13,305.72,2026-08-13,0.1329320947272012,0.13748952456779462,346.36,347.75329745086617
2026-02-17,302.02,2026-08-17,0.1389974173895769,0.14275373560942423,344.0,345.13448322875826
2026-02-18,303.33,2026-08-18,0.1347377443708173,0.1468772301955072,344.2,347.8822702352032
2026-02-19,302.85,2026-08-19,0.1382532606901105,0.09939409469996287,344.72,332.9515015798838
2026-02-20,314.98,2026-08-20,0.081560734014858,0.1548811128814414,340.67,363.76445293539643
2026-02-23,311.49,2026-08-24,0.1174034479437542,0.17166455399033345,348.06,364.961791922449
2026-02-24,310.9,2026-08-24,0.1195239626889677,0.16702877853407166,348.06,362.82924724624286
2026-02-25,312.9,2026-08-25,0.1088526685842121,0.1713355932954785,346.96,366.5109071421552
