Date,Close,Log_Price,Log_Return
2010-07-19,0.0808,-2.5157783134550873,
2010-07-20,0.07474,-2.593739854924799,-0.0779615414697119
2010-07-21,0.07921,-2.535652725505949,0.0580871294188503
2010-07-22,0.0505,-2.985781942700823,-0.4501292171948741
2010-07-23,0.06262,-2.7706705630838777,0.21511137961694526
2010-07-26,0.056,-2.8824035882469876,-0.1117330251631099
2010-07-27,0.06,-2.8134107167600364,0.06899287148695121
2010-07-28,0.0589,-2.831914188324596,-0.01850347156455978
2010-07-29,0.0699,-2.6606896297423726,0.17122455858222363
2010-07-30,0.0627,-2.769393831343262,-0.10870420160088923
2010-08-02,0.06,-2.8134107167600364,-0.04401688541677462
2010-08-03,0.06,-2.8134107167600364,0.0
2010-08-04,0.057,-2.864704011147587,-0.05129329438755059
2010-08-05,0.061,-2.796881414808826,0.06782259633876109
2010-08-06,0.0623,-2.7757938531887296,0.021087561620096285
2010-08-09,0.071,-2.645075401940822,0.13071845124790782
2010-08-10,0.07,-2.659260036932778,-0.014184634991956102
2010-08-11,0.067,-2.703062659591171,-0.04380262265839319
2010-08-12,0.07,-2.659260036932778,0.04380262265839319
2010-08-13,0.0645,-2.7410900551804103,-0.08183001824763236
2010-08-16,0.0655,-2.7257051363409306,0.015384918839479678
2010-08-17,0.07,-2.659260036932778,0.06644509940815269
2010-08-18,0.068,-2.6882475738060303,-0.028987536873252395
2010-08-19,0.0667,-2.707550326060559,-0.0193027522545286
2010-08-20,0.0655,-2.7257051363409306,-0.01815481028037169
2010-08-23,0.06491,-2.73475358393676,-0.009048447595829234
2010-08-24,0.065,-2.7333680090865,0.0013855748502598075
2010-08-25,0.0648,-2.7364496756239083,-0.0030816665374082675
2010-08-26,0.064,-2.7488721956224653,-0.012422519998557036
2010-08-27,0.065,-2.7333680090865,0.015504186535965303
2010-08-30,0.06497,-2.7338296540896976,-0.00046164500319756385
2010-08-31,0.06,-2.8134107167600364,-0.07958106267033882
2010-09-01,0.0629,-2.766209115275742,0.0472016014842942
2010-09-02,0.0634,-2.758291417538957,0.00791769773678519
2010-09-03,0.06085,-2.799343459548601,-0.04105204200964385
2010-09-06,0.0616,-2.787093408442663,0.01225005110593802
2010-09-07,0.061,-2.796881414808826,-0.00978800636616306
2010-09-08,0.062,-2.7806208939370456,0.016260520871780315
2010-09-09,0.06111,-2.795079760075313,-0.01445886613826719
2010-09-10,0.0618,-2.783851914518492,0.011227845556820881
2010-09-13,0.06219,-2.7775610638663393,0.006290850652152624
2010-09-14,0.06199,-2.780782197268309,-0.0032211334019698334
2010-09-15,0.0604,-2.8067661740413676,-0.025983976773058526
2010-09-16,0.0619,-2.7822350992915865,0.024531074749781112
2010-09-17,0.059,-2.8302178350764176,-0.04798273578483103
2010-09-20,0.0621,-2.779009290042704,0.05120854503371364
2010-09-21,0.06265,-2.7701915976400597,0.008817692402644184
2010-09-22,0.0622,-2.7774002792370034,-0.007208681596943656
2010-09-23,0.06231,-2.7756333524260066,0.0017669268109967717
2010-09-24,0.0622,-2.7774002792370034,-0.0017669268109967717
2010-09-27,0.0622,-2.7774002792370034,0.0
2010-09-28,0.0619,-2.7822350992915865,-0.004834820054583133
2010-09-29,0.06191,-2.7820735614509964,0.00016153784059014242
2010-09-30,0.0619,-2.7822350992915865,-0.00016153784059014242
2010-10-01,0.06197,-2.781104882008121,0.0011302172834657398
2010-10-04,0.0613,-2.791975436039971,-0.010870554031850332
2010-10-05,0.0614,-2.79034544382904,0.001629992210931075
2010-10-06,0.06281,-2.7676409825158474,0.022704461313192592
2010-10-07,0.067,-2.703062659591171,0.06457832292467636
2010-10-08,0.08685,-2.443572786295023,0.25948987329614814
2010-10-11,0.095,-2.353878387381596,0.0896943989134269
2010-10-12,0.0949,-2.354931573366255,-0.0010531859846589775
2010-10-13,0.105,-2.2537949288246137,0.10113664454164129
2010-10-14,0.102,-2.282782465697866,-0.028987536873252395
2010-10-15,0.105,-2.2537949288246137,0.028987536873252395
2010-10-18,0.1024,-2.2788685663767296,-0.02507363755211589
2010-10-19,0.097,-2.333044300478754,-0.054175734102024364
2010-10-20,0.099,-2.312635428847547,0.02040887163120697
2010-10-21,0.107,-2.234926444520231,0.07770898432731599
2010-10-22,0.1025,-2.277892480403674,-0.042966035883443165
2010-10-25,0.132,-2.0249533563957662,0.25293912400790797
2010-10-26,0.1503,-1.8951219822232084,0.12983137417255786
2010-10-27,0.1877,-1.672910335389674,0.22221164683353445
2010-10-28,0.1731,-1.7538858167999734,-0.08097548141029942
2010-10-29,0.19,-1.6607312068216509,0.09315460997832248
2010-11-01,0.1955,-1.6321948995567166,0.02853630726493428
2010-11-02,0.1938,-1.640928579525471,-0.008733679968754515
2010-11-03,0.1931,-1.6445470895476684,-0.0036185100221972633
2010-11-04,0.23,-1.4696759700589417,0.1748711194887267
2010-11-05,0.26,-1.3470736479666092,0.12260232209233246
2010-11-08,0.243,-1.4146938356415886,-0.06762018767497935
2010-11-09,0.21,-1.5606477482646683,-0.14595391262307977
2010-11-10,0.24,-1.4271163556401458,0.13353139262452252
2010-11-11,0.2231,-1.5001351775436502,-0.0730188219035044
2010-11-12,0.2682,-1.316022308134559,0.18411286940909122
2010-11-15,0.2682,-1.316022308134559,0.0
2010-11-16,0.223,-1.5005835075220182,-0.18456119938745918
2010-11-17,0.2299,-1.4701108472130011,0.030472660309017074
2010-11-18,0.2678,-1.317514845725065,0.15259600148793617
2010-11-19,0.28,-1.2729656758128873,0.04454916991217761
2010-11-22,0.2879,-1.2451420813640068,0.027823594448880495
2010-11-23,0.28295,-1.2624850753936043,-0.01734299402959749
2010-11-24,0.28299,-1.2623437176522654,0.0001413577413389433
2010-11-25,0.28,-1.2729656758128873,-0.010621958160621947
2010-11-26,0.2844,-1.2573735810530513,0.015592094759836028
2010-11-29,0.2299,-1.4701108472130011,-0.2127372661599498
2010-11-30,0.2082,-1.5692561228012685,-0.09914527558826736
2010-12-01,0.2275,-1.480605040591132,0.08865108221013651
2010-12-02,0.255,-1.3664917338237108,0.11411330676742115
2010-12-03,0.25105,-1.3821031565014226,-0.015611422677711762
2010-12-06,0.204,-1.5896352851379207,-0.20753212863649817
2010-12-07,0.233,-1.4567168254164364,0.1329184597214843
2010-12-08,0.2388,-1.4321288974636899,0.024587927952746558
2010-12-09,0.2,-1.6094379124341003,-0.1773090149704104
2010-12-10,0.204,-1.5896352851379207,0.019802627296179542
2010-12-13,0.2299,-1.4701108472130011,0.11952443792491962
2010-12-14,0.24669,-1.3996227913312234,0.07048805588177776
2010-12-15,0.23801,-1.435442589386621,-0.03581979805539759
2010-12-16,0.24996,-1.3864543739212563,0.04898821546536469
2010-12-17,0.24,-1.4271163556401458,-0.04066198171888957
2010-12-20,0.267,-1.3205066205818874,0.10660973505825844
2010-12-21,0.24,-1.4271163556401458,-0.10660973505825844
2010-12-22,0.25,-1.3862943611198906,0.040821994520255256
2010-12-23,0.25,-1.3862943611198906,0.0
2010-12-24,0.248,-1.3943265328171548,-0.008032171697264223
2010-12-27,0.265,-1.3280254529959148,0.06630107982124
2010-12-28,0.281,-1.2694006096483912,0.0586248433475236
2010-12-29,0.3,-1.2039728043259361,0.06542780532245507
2010-12-30,0.3,-1.2039728043259361,0.0
2010-12-31,0.3,-1.2039728043259361,0.0
2011-01-03,0.295,-1.2207799226423173,-0.016807118316381153
2011-01-04,0.29895,-1.2074789436552236,0.013300978987093703
2011-01-05,0.299,-1.2073117055914506,0.00016723806377294537
2011-01-06,0.298,-1.2106617924767327,-0.0033500868852820442
2011-01-07,0.32,-1.1394342831883648,0.07122750928836785
2011-01-10,0.32659,-1.119049717408098,0.020384565780266817
2011-01-11,0.32659,-1.119049717408098,0.0
2011-01-12,0.3188,-1.1431913320660771,-0.02414161465797915
2011-01-13,0.3176,-1.1469625496091564,-0.003771217543079297
2011-01-14,0.4,-0.916290731874155,0.23067181773500145
2011-01-17,0.3495,-1.0512517173082723,-0.13496098543411728
2011-01-18,0.31299,-1.1615840378341493,-0.11033232052587705
2011-01-19,0.31299,-1.1615840378341493,0.0
2011-01-20,0.39,-0.941608539858445,0.21997549797570437
2011-01-21,0.41991,-0.8677148763814728,0.07389366347697213
2011-01-24,0.4199,-0.8677386912919894,-2.3814910516617438e-05
2011-01-25,0.41,-0.8915981192837836,-0.02385942799179419
2011-01-26,0.417,-0.8746690571833357,0.016929062100447978
2011-01-27,0.4212,-0.8646474987223166,0.010021558461019042
2011-01-28,0.446,-0.807436326962073,0.057211171760243595
2011-01-31,0.52,-0.6539264674066639,0.15350985955540908
2011-02-01,0.7,-0.35667494393873245,0.2972515234679315
2011-02-02,0.716,-0.3340751120214915,0.022599831917240965
2011-02-03,0.69,-0.37106368139083207,-0.036988569369340585
2011-02-04,0.811,-0.20948722486672405,0.16157645652410801
2011-02-07,0.89,-0.11653381625595151,0.09295340861077254
2011-02-08,0.918,-0.08555788836164654,0.030975927894304964
2011-02-09,1.09,0.08617769624105241,0.17173558460269894
2011-02-10,0.9803,-0.019896631714456645,-0.10607432795550906
2011-02-11,1.07,0.06765864847381486,0.08755528018827151
2011-02-14,1.07,0.06765864847381486,0.0
2011-02-15,1.05,0.04879016416943204,-0.018868484304382822
2011-02-16,1.045,0.04401688541677426,-0.004773278752657782
2011-02-17,1.04,0.03922071315328133,-0.00479617226349293
2011-02-18,0.8989,-0.10658348540278341,-0.14580419855606475
2011-02-21,0.8345,-0.18092253588024726,-0.07433905047746385
2011-02-22,0.8702,-0.13903220869555735,0.04189032718468991
2011-02-23,0.9,-0.10536051565782628,0.03367169303773107
2011-02-24,0.9974,-0.0026033858701149278,0.10275712978771136
2011-02-25,0.9111,-0.09310261826232426,-0.09049923239220933
2011-02-28,0.86,-0.15082288973458366,-0.0577202714722594
2011-03-01,0.9202,-0.08316424126076881,0.06765864847381485
2011-03-02,0.9399,-0.06198179235588136,0.02118244890488745
2011-03-03,0.9391,-0.06283330917156911,-0.0008515168156877501
2011-03-04,0.901,-0.10425002137379911,-0.041416712202230005
2011-03-07,0.885,-0.12216763397420753,-0.017917612600408417
2011-03-08,0.87,-0.13926206733350766,-0.017094433359300124
2011-03-09,0.8645,-0.1456039738587918,-0.006341906525284158
2011-03-10,0.9329,-0.06945726501522174,0.07614670884357007
2011-03-11,0.88,-0.12783337150988489,-0.05837610649466314
2011-03-14,0.8949,-0.1110432987933245,0.016790072716560384
2011-03-15,0.87,-0.13926206733350766,-0.028218768540183153
2011-03-16,0.86,-0.15082288973458366,-0.011560822401076004
2011-03-17,0.8254,-0.19188716166365558,-0.041064271929071916
2011-03-18,0.8165,-0.20272836657161725,-0.010841204907961671
2011-03-21,0.759,-0.27575350158650713,-0.07302513501488989
2011-03-22,0.809,-0.2119563619236453,0.06379713966286182
2011-03-23,0.8497,-0.16287193297264138,0.04908442895100393
2011-03-24,0.8669,-0.14283164910754234,0.02004028386509904
2011-03-25,0.8838,-0.12352448628549743,0.019307162822044907
2011-03-28,0.799,-0.22439433321586233,-0.1008698469303649
2011-03-29,0.7925,-0.2325627732307014,-0.008168440014839073
2011-03-30,0.7897,-0.2361021524786018,-0.003539379247900404
2011-03-31,0.7846,-0.24258124520668492,-0.006479092728083113
2011-04-01,0.7741,-0.2560542147714693,-0.01347296956478436
2011-04-04,0.68,-0.3856624808119846,-0.12960826604051534
2011-04-05,0.71,-0.342490308946776,0.04317217186520861
2011-04-06,0.74,-0.3011050927839216,0.0413852161628544
2011-04-07,0.7538,-0.28262819814910195,0.018476894634819663
2011-04-08,0.75,-0.2876820724517809,-0.005053874302678951
2011-04-11,0.77,-0.2613647641344075,0.02631730831737339
2011-04-12,0.86,-0.15082288973458366,0.11054187439982385
2011-04-13,0.9225,-0.08066790306745482,0.07015498666712884
2011-04-14,1.0,0.0,0.08066790306745482
2011-04-15,0.9899,-0.010151351056375355,-0.010151351056375355
2011-04-18,1.162,0.1501426584297194,0.16029400948609476
2011-04-19,1.1979,0.18057002375514825,0.030427365325428835
2011-04-20,1.1421,0.1328686730744242,-0.047701350680724036
2011-04-21,1.21,0.1906203596086497,0.057751686534225494
2011-04-22,1.409,0.3428802329165432,0.15225987330789348
2011-04-25,1.559,0.44404459007563946,0.10116435715909627
2011-04-26,1.7949,0.5849493100819587,0.14090472000631926
2011-04-27,1.9,0.6418538861723947,0.05690457609043598
2011-04-28,2.2106,0.793263971894718,0.15141008572232328
2011-04-29,2.88,1.0577902941478545,0.26452632225313655
2011-05-02,3.2,1.1631508098056809,0.10536051565782634
2011-05-03,3.41,1.2267122912954254,0.0635614814897445
2011-05-04,3.4061,1.2255679417625256,-0.0011443495328997688
2011-05-05,3.333,1.2038727993256026,-0.021695142436922943
2011-05-06,3.45,1.2383742310432684,0.03450143171766573
2011-05-09,3.8,1.33500106673234,0.0966268356890716
2011-05-10,5.81,1.7595805708638197,0.4245795041314797
2011-05-11,5.5,1.7047480922384253,-0.05483247862539442
2011-05-12,6.3002,1.8405813789253385,0.1358332866869132
2011-05-13,8.198,2.103890222082146,0.26330884315680736
2011-05-16,8.0339,2.0836700887597988,-0.020220133322347067
2011-05-17,7.19,1.9726911717329554,-0.11097891702684337
2011-05-18,6.88,1.9286186519452522,-0.04407251978770321
2011-05-19,6.805,1.9176576361034294,-0.010961015841822741
2011-05-20,5.5904,1.7210508409576004,-0.19660679514582902
2011-05-23,7.1499,1.967098370594125,0.24604752963652454
2011-05-24,7.42,2.004179057179289,0.03708068658516406
2011-05-25,8.3997,2.1281959909257835,0.12401693374649447
2011-05-26,8.798,2.174524422926528,0.046328432000744435
2011-05-27,8.5002,2.140089692631223,-0.03443473029530475
2011-05-30,8.8,2.174751721484161,0.03466202885293779
2011-05-31,8.741,2.168024599598351,-0.006727121885810039
2011-06-01,9.57,2.258633205464863,0.09060860586651209
2011-06-02,10.6,2.3608540011180215,0.10222079565315845
2011-06-03,14.29,2.659559991941776,0.2987059908237546
2011-06-06,18.55,2.920469789053444,0.26090979711166806
2011-06-07,23.923,3.174840339278444,0.254370550225
2011-06-08,29.6,3.3877743613300146,0.21293402205157053
2011-06-09,28.919,3.3644988185461147,-0.023275542783899983
2011-06-10,23.95,3.175968323856924,-0.1885304946891906
2011-06-13,19.84,2.987700101856727,-0.18826822200019722
2011-06-14,19.28,2.9590682891823996,-0.02863181267432724
2011-06-15,19.49,2.9699015135194693,0.01083322433706968
2011-06-16,17.0,2.833213344056216,-0.13668816946325313
2011-06-17,15.681,2.7524497883988945,-0.08076355565732163
2011-06-27,16.75,2.8183982582710754,0.06594846987218084
2011-06-28,16.95,2.830267833826459,0.011869575555383705
2011-06-29,16.845,2.824053876858516,-0.006213956967942913
2011-06-30,16.101,2.7788813818628015,-0.04517249499571463
2011-07-01,15.397,2.7341726852477817,-0.04470869661501986
2011-07-04,13.86,2.6290069937617573,-0.10516569148602439
2011-07-05,12.907,2.557769799853051,-0.07123719390870642
2011-07-06,14.784,2.6935455148993284,0.1357757150462775
2011-07-07,14.776,2.6930042428969387,-0.0005412720023896256
2011-07-08,14.314,2.661238079316406,-0.03176616358053286
2011-07-11,14.209,2.6538755666559384,-0.007362512660467502
2011-07-12,14.009,2.639699980213977,-0.014175586441961485
2011-07-13,13.951,2.635551190285971,-0.004148789928005936
2011-07-14,13.99,2.63834278867739,0.002791598391418848
2011-07-15,13.81,2.6253929674212007,-0.012949821256189153
2011-07-18,13.48,2.601207105484161,-0.024185861937039643
2011-07-19,13.85,2.6282852326333477,0.02707812714918667
2011-07-20,13.689,2.6165925906133753,-0.011692642019972332
2011-07-21,13.61,2.6108048166633746,-0.005787773950000741
2011-07-22,13.695,2.6170308027150413,0.006225986051666688
2011-07-25,14.048,2.642480036892761,0.025449234177719493
2011-07-26,13.882,2.630593036917392,-0.011886999975368795
2011-07-27,13.939,2.6346906667477494,0.004097629830357441
2011-07-28,13.49,2.6019486702196644,-0.03274199652808507
2011-07-29,13.498,2.6025415263212146,0.0005928561015502432
2011-08-01,13.095,2.572230477959675,-0.030311048361539417
2011-08-02,12.05,2.489064659936664,-0.08316581802301126
2011-08-03,9.26,2.225704048658088,-0.2633606112785758
2011-08-04,10.75,2.3749057545736716,0.14920170591558346
2011-08-05,9.8,2.2823823856765264,-0.09252336889714519
2011-08-08,7.7999,2.054110913100542,-0.22827147257598446
2011-08-09,9.99,2.301584592660462,0.24747367955992017
2011-08-10,9.98,2.300583090323373,-0.0010015023370892884
2011-08-11,9.4625,2.2473366187635673,-0.05324647155980555
2011-08-12,9.4605,2.2471252357896785,-0.00021138297388878513
2011-08-15,11.15,2.411439497906128,0.1643142621164495
2011-08-16,10.964,2.3946171784405395,-0.016822319465588542
2011-08-17,10.946,2.3929740927217265,-0.0016430857188129977
2011-08-18,10.83,2.382320061012899,-0.010654031708827283
2011-08-19,11.65,2.4553061800117097,0.07298611899881058
2011-08-22,10.895,2.388303968396583,-0.06700221161512676
2011-08-23,10.94,2.392425796993835,0.004121828597252186
2011-08-24,10.851,2.3842572416380707,-0.00816855535576444
2011-08-25,9.657,2.267683040984781,-0.11657420065328994
2011-08-26,8.1794,2.101618798291188,-0.16606424269359277
2011-08-29,8.969,2.193774187135866,0.09215538884467778
2011-08-30,8.7913,2.1737625960972573,-0.0200115910386085
2011-08-31,8.1995,2.1040731768013634,-0.0696894192958939
2011-09-01,8.21,2.105352923464337,0.00127974666297348
2011-09-02,8.64,2.1564025828159643,0.05104965935162742
2011-09-05,7.611,2.0295945692852544,-0.12680801353070992
2011-09-06,6.8628,1.9261155217271337,-0.10347904755812065
2011-09-07,7.1864,1.9721903509328598,0.04607482920572603
2011-09-08,6.53,1.8764069432883397,-0.09578340764452009
2011-09-09,5.03,1.6154199841116479,-0.2609869591766918
2011-09-12,6.078,1.8046756944946014,0.18925571038295352
2011-09-13,5.8,1.7578579175523736,-0.04681777694222777
2011-09-14,5.6193,1.7262071009878193,-0.031650816564554374
2011-09-15,4.84,1.5769147207285403,-0.14929238025927893
2011-09-16,4.82,1.572773928062509,-0.00414079266603129
2011-09-19,5.46,1.6974487897568136,0.12467486169430453
2011-09-20,6.1119,1.8102376904738282,0.11278890071701464
2011-09-21,5.6114,1.7248002427682947,-0.08543744770553352
2011-09-22,5.4278,1.691533895310005,-0.03326634745828971
2011-09-23,5.5451,1.7129146549048186,0.02138075959481367
2011-09-26,4.8697,1.5830323335543288,-0.12988232135048983
2011-09-27,4.9156,1.5924138214283052,0.009381487873976413
2011-09-28,4.7725,1.5628702766177656,-0.029543544810539668
2011-09-29,4.7794,1.5643150156121397,0.0014447389943741396
2011-09-30,5.1401,1.637072534530741,0.07275751891860138
2011-10-03,5.024,1.6142264291658976,-0.02284610536484344
2011-10-04,4.96,1.601405740736836,-0.012820688429061589
2011-10-05,4.87,1.5830939370944985,-0.018311803642337532
2011-10-06,4.7344,1.5548550026638082,-0.028238934430690366
2011-10-07,4.2728,1.4522693500434236,-0.10258565262038455
2011-10-10,4.1,1.410986973710262,-0.04128237633316156
2011-10-11,3.9308,1.3688429675061347,-0.04214400620412739
2011-10-12,4.15,1.423108334242607,0.05426536673647231
2011-10-13,4.0462,1.3977781690611764,-0.02533016518143061
2011-10-14,3.9879,1.383264776559526,-0.01451339250165029
2011-10-17,2.56,0.9400072584914712,-0.4432575180680549
2011-10-18,2.419,0.8833542316278902,-0.05665302686358098
2011-10-19,2.27,0.8197798314933114,-0.06357440013457882
2011-10-20,2.348,0.85356390196585,0.03378407047253862
2011-10-21,2.57,0.9439058989071284,0.09034199694127842
2011-10-24,2.545,0.9341306500024861,-0.00977524890464232
2011-10-25,2.77,1.0188473201992472,0.0847166701967611
2011-10-26,2.773,1.019929766633641,0.0010824464343939244
2011-10-27,3.04,1.1118575154181303,0.09192774878448917
2011-10-28,3.19,1.1600209167967532,0.04816340137862296
2011-10-31,3.248,1.1780394222994315,0.01801850550267825
2011-11-01,3.15,1.1474024528375417,-0.030636969461889763
2011-11-02,3.2543,1.1799771987697154,0.03257474593217369
2011-11-03,3.152,1.1480371719956328,-0.031940026774082586
2011-11-04,3.109,1.1343011310766167,-0.013736040919016146
2011-11-07,3.0068,1.100876390321177,-0.033424740755439775
2011-11-08,3.035,1.1102114245114616,0.009335034190284697
2011-11-09,2.95,1.0818051703517284,-0.02840625415973319
2011-11-10,2.8399,1.0437688402855778,-0.03803633006615059
2011-11-11,3.08,1.1249295969854831,0.0811607566999053
2011-11-14,2.22,0.7975071958841882,-0.32742240110129495
2011-11-15,2.329,0.845438990902204,0.04793179501801581
2011-11-16,2.5604,0.9401634962857113,0.0947245053835073
2011-11-17,2.25,0.8109302162163288,-0.1292332800693825
2011-11-18,2.05,0.7178397931503168,-0.093090423066012
2011-11-21,2.294,0.830297018707179,0.11245722555686222
2011-11-22,2.3289,0.8453960530976072,0.015099034390428256
2011-11-23,2.3321,0.8467691492155097,0.0013730961179024836
2011-11-24,2.4321,0.8887550816796341,0.04198593246412441
2011-11-25,2.5061,0.9187277599075723,0.029972678227938143
2011-11-28,2.55,0.9360933591703348,0.017365599262762488
2011-11-29,2.7502,1.0116736363067074,0.07558027713637261
2011-11-30,2.9701,1.0885956222814555,0.07692198597474809
2011-12-01,3.06,1.1184149159642893,0.02981929368283387
2011-12-02,3.1151,1.1362612544528667,0.017846338488577418
2011-12-05,2.8798,1.057720847292033,-0.07854040716083377
2011-12-06,3.03,1.1085626195212777,0.050841772229244686
2011-12-07,2.99,1.095273387402595,-0.013289232118682603
2011-12-08,2.98,1.091923300517313,-0.0033500868852820442
2011-12-09,2.97,1.0885619528146082,-0.0033613477027047978
2011-12-12,3.135,1.142629174084884,0.054067221270275745
2011-12-13,3.2499,1.1786242266374942,0.03599505255261026
2011-12-14,3.15,1.1474024528375417,-0.0312217737999525
2011-12-15,3.2,1.1631508098056809,0.015748356968139143
2011-12-16,3.2,1.1631508098056809,0.0
2011-12-19,3.5202,1.2585178061777322,0.09536699637205137
2011-12-20,3.95,1.3737155789130306,0.11519777273529841
2011-12-21,3.89,1.358409157630355,-0.015306421282675675
2011-12-22,3.8901,1.3584348642408113,2.570661045631084e-05
2011-12-23,3.9468,1.3729051240008745,0.01447025976006322
2011-12-26,4.018,1.3907842663927426,0.017879142391868053
2011-12-27,4.07,1.4036429994545037,0.012858733061761107
2011-12-28,4.1855,1.431626171117974,0.02798317166347042
2011-12-29,4.166,1.4269563428387804,-0.004669828279193711
2011-12-30,4.248,1.4464482839396378,0.01949194110085739
2012-01-02,5.2168,1.6518841870968555,0.20543590315721771
2012-01-03,4.8808,1.5853091408555056,-0.06657504624134991
2012-01-04,5.5738,1.7180770475405291,0.13276790668502358
2012-01-05,6.9476,1.9383962761977205,0.22031922865719133
2012-01-06,6.6969,1.9016447327572978,-0.03675154344042264
2012-01-09,6.3257,1.844620700426656,-0.057024032330641905
2012-01-10,6.36,1.8500283773520307,0.005407676925374805
2012-01-11,6.9,1.9315214116032138,0.08149303425118304
2012-01-12,6.8,1.916922612182061,-0.01459879942115272
2012-01-13,6.41,1.8578592709325787,-0.059063341249482315
2012-01-16,6.6825,1.899492169030937,0.04163289809835824
2012-01-17,5.6,1.7227665977411035,-0.17672557128983346
2012-01-18,5.92,1.7783364488959144,0.055569851154810834
2012-01-19,6.3598,1.8499969303166974,0.07166048142078307
2012-01-20,6.4898,1.87023171360017,0.020234783283472613
2012-01-23,6.356,1.8493992486744695,-0.020832464925700567
2012-01-24,6.2898,1.838929273704445,-0.010469974970024554
2012-01-25,5.75,1.749199854809259,-0.08972941889518582
2012-01-26,5.34,1.6752256529721035,-0.07397420183715564
2012-01-27,5.292,1.6661962462527091,-0.00902940671939434
2012-01-30,5.4905,1.7030193260556308,0.036823079802921654
2012-01-31,5.4838,1.701798291304907,-0.0012210347507237707
2012-02-01,6.0756,1.8042807497817266,0.10248245847681958
2012-02-02,6.1,1.8082887711792655,0.0040080213975388634
2012-02-03,5.9593,1.7849530245150769,-0.023335746664188584
2012-02-06,5.4535,1.6962576043866606,-0.08869542012841625
2012-02-07,5.69,1.7387102481382397,0.04245264375157909
2012-02-08,5.6,1.7227665977411035,-0.01594365039713619
2012-02-09,5.83,1.763017000362401,0.04025040262129753
2012-02-10,5.9126,1.7770856669942616,0.014068666631860571
2012-02-13,5.26,1.6601310267496185,-0.11695464024464308
2012-02-14,4.4629,1.495798778943046,-0.16433224780657252
2012-02-15,4.3251,1.4644352615038307,-0.03136351743921528
2012-02-16,4.2739,1.4525267593373203,-0.011908502166510404
2012-02-17,4.41,1.4838746894587547,0.03134793012143433
2012-02-20,4.3615,1.4728160348911363,-0.011058654567618342
2012-02-21,4.272,1.4520821016578938,-0.020733933233242574
2012-02-22,4.4247,1.4872024795514291,0.03512037789353539
2012-02-23,5.015,1.612433421413899,0.12523094186246975
2012-02-24,5.0288,1.6151813870611662,0.002747965647267314
2012-02-27,4.956,1.600598963766896,-0.014582423294270175
2012-02-28,4.868,1.5826831751252808,-0.01791578864161525
2012-02-29,4.86,1.5810384379124025,-0.0016447372128782778
2012-03-01,4.9213,1.5935727232445176,0.012534285332115092
2012-03-02,4.705,1.548625773037343,-0.04494695020717465
2012-03-05,4.9843,1.6062929722900217,0.057667199252678714
2012-03-06,4.9901,1.6074559496427878,0.001162977352766159
2012-03-07,4.9375,1.5968591302272404,-0.010596819415547465
2012-03-08,4.9302,1.59537955518306,-0.0014795750441802813
2012-03-09,4.8611,1.5812647497505061,-0.014114805432553945
2012-03-12,4.8901,1.587212753175435,0.005948003424928849
2012-03-13,5.27,1.6620303625532709,0.07481760937783588
2012-03-14,5.38,1.682688374173693,0.020658011620422245
2012-03-15,5.3266,1.6727131359471419,-0.00997523822655122
2012-03-16,5.3439,1.6759557234844118,0.0032425875372699142
2012-03-19,4.6939,1.5462637934098278,-0.12969193007458402
2012-03-20,4.8379,1.576480742275992,0.030216948866164328
2012-03-21,4.8149,1.5717152766024385,-0.004765465673553626
2012-03-22,4.7043,1.5484769840729584,-0.023238292529480065
2012-03-23,4.686,1.5445793400856038,-0.003897643987354593
2012-03-26,4.6191,1.5301998809218458,-0.014379459163758046
2012-03-27,4.8113,1.57096731787151,0.040767436949664226
2012-03-28,4.788,1.5661127876957268,-0.004854530175783189
2012-03-29,4.8084,1.5703643884479621,0.004251600752235296
2012-03-30,4.86,1.5810384379124025,0.010674049464440394
2012-04-02,4.974,1.604224345381213,0.02318590746881055
2012-04-03,4.952,1.599791535382295,-0.004432809998918152
2012-04-04,4.9101,1.5912943081978108,-0.00849722718448409
2012-04-05,4.919,1.5931052578132028,0.0018109496153919658
2012-04-06,4.9499,1.5993673743563335,0.006262116543130691
2012-04-09,4.8719,1.583484004745386,-0.015883369610947495
2012-04-10,4.8367,1.576232670002998,-0.007251334742387927
2012-04-11,4.9279,1.5949129338175367,0.01868026381453869
2012-04-12,4.9197,1.5932475530353725,-0.0016653807821642719
2012-04-13,4.94,1.5973653311998313,0.004117778164458796
2012-04-16,4.932,1.595744585302098,-0.0016207458977333111
2012-04-17,4.9759,1.6046062587719192,0.008861673469821252
2012-04-18,5.1178,1.6327246592092894,0.02811840043737024
2012-04-19,5.1377,1.6366055085050113,0.0038808492957218554
2012-04-20,5.35,1.6770965609079151,0.04049105240290385
2012-04-23,4.96,1.601405740736836,-0.07569082017107909
2012-04-24,5.0982,1.6288875362554136,0.027481795518577545
2012-04-25,5.1318,1.6354564748326539,0.00656893857724028
2012-04-26,5.0976,1.6287698407335922,-0.006686634099061672
2012-04-27,5.1095,1.6311015520701266,0.0023317113365344255
2012-04-30,4.9491,1.5992057418678514,-0.031895810202275277
2012-05-01,5.0,1.6094379124341003,0.010232170566248922
2012-05-02,5.0737,1.624070334478412,0.0146324220443117
2012-05-03,5.1344,1.6359629913734555,0.011892656895043485
2012-05-04,5.067,1.6227489264937727,-0.013214064879682796
2012-05-07,5.06,1.6213664832993742,-0.0013824431943985083
2012-05-08,5.05,1.6193882432872684,-0.001978240012105781
2012-05-09,5.0437,1.6181399397280014,-0.0012483035592669722
2012-05-10,4.85,1.5789787049493917,-0.039161234778609666
2012-05-11,4.96,1.601405740736836,0.022427035787444316
2012-05-14,5.0059,1.6106172167812933,0.009211476044457267
2012-05-15,5.035,1.6164135261705257,0.005796309389232368
2012-05-16,5.0887,1.6270223951911034,0.010608869020577671
2012-05-17,5.0998,1.6292013232750504,0.0021789280839470404
2012-05-18,5.118,1.6327637377375972,0.0035624144625467924
2012-05-21,5.0998,1.6292013232750504,-0.0035624144625467924
2012-05-22,5.0988,1.629005217926629,-0.0001961053484214048
2012-05-23,5.1397,1.6369947120049717,0.007989494078342707
2012-05-24,5.119,1.6329591074754461,-0.0040356045295255605
2012-05-25,5.1455,1.6381225462940094,0.005163438818563293
2012-05-28,5.1358,1.636235624819478,-0.0018869214745314
2012-05-29,5.15,1.6389967146756448,0.002761089856166743
2012-05-30,5.135,1.6360798433805215,-0.0029168712951233022
2012-05-31,5.1801,1.6448243611043574,0.008744517723835887
2012-06-01,5.2748,1.6629407639514069,0.018116402847049518
2012-06-04,5.266,1.6612710610741177,-0.0016697028772891809
2012-06-05,5.44,1.6937790608678513,0.032507999793733644
2012-06-06,5.46,1.6974487897568136,0.0036697288889622204
2012-06-07,5.591,1.7211581620445082,0.023709372287694652
2012-06-08,5.633,1.728642159912577,0.007483997868068748
2012-06-11,5.5747,1.7182385042390904,-0.010403655673486556
2012-06-12,5.7,1.7404661748405046,0.022227670601414173
2012-06-13,5.929,1.7798555647252308,0.03938938988472618
2012-06-14,5.9541,1.7840800578841856,0.00422449315895479
2012-06-15,6.5,1.8718021769015913,0.08772211901740579
2012-06-18,6.31,1.8421356765531218,-0.029666500348469516
2012-06-19,6.4988,1.8716175444734582,0.029481867920336358
2012-06-20,6.67,1.8976198599275322,0.026002315454074054
2012-06-21,6.6801,1.8991329574963844,0.0015130975688522064
2012-06-22,6.5478,1.879129115364962,-0.020003842131422367
2012-06-25,6.3048,1.8413112480573028,-0.037817867307659236
2012-06-26,6.4195,1.8593402330490012,0.01802898499169836
2012-06-27,6.647,1.8941656250594447,0.034825392010443545
2012-06-28,6.6059,1.8879631891004636,-0.006202435958981178
2012-06-29,6.65,1.8946168546677629,0.006653665567299294
2012-07-02,6.76,1.9110228900548727,0.01640603538710983
2012-07-03,6.4499,1.864064626811526,-0.04695826324334673
2012-07-04,6.5101,1.8733548170856023,0.009290190274076293
2012-07-05,6.67,1.8976198599275322,0.024265042841929985
2012-07-06,6.6481,1.8943310995579459,-0.003288760369586363
2012-07-09,7.0215,1.948976870426098,0.05464577086815203
2012-07-10,7.1999,1.9740671370366694,0.025090266610571454
2012-07-11,7.15,1.9671123567059163,-0.00695478033075303
2012-07-12,7.7644,2.0495491838147992,0.08243682710888289
2012-07-13,7.6651,2.036677558553091,-0.012871625261708264
2012-07-16,8.4996,2.14001910356544,0.10334154501234893
2012-07-17,8.8,2.174751721484161,0.034732617918721065
2012-07-18,9.1098,2.20935075713406,0.03459903564989908
2012-07-19,8.87,2.182674796321488,-0.026675960812572175
2012-07-20,8.52,2.1424163408412245,-0.04025845548026341
2012-07-23,8.4457,2.1336574361082365,-0.008758904732987904
2012-07-24,8.6,2.151762203259462,0.01810476715122533
2012-07-25,8.8,2.174751721484161,0.02298951822469908
2012-07-26,8.9,2.186051276738094,0.011299555253933224
2012-07-27,8.9,2.186051276738094,0.0
2012-07-30,9.098,2.2080546091478124,0.02200333240971819
2012-07-31,9.35,2.2353763433005955,0.02732173415278316
2012-08-01,9.55,2.256541154492639,0.021164811192043498
2012-08-02,10.53,2.354228326145884,0.09768717165324503
2012-08-03,10.97,2.395164274287139,0.04093594814125501
2012-08-06,10.855,2.3846258033302554,-0.01053847095688365
2012-08-07,11.1,2.4069451083182885,0.02231930498803303
2012-08-08,11.055,2.4028828143094096,-0.004062294008878808
2012-08-09,11.061,2.403425407920117,0.0005425936107075202
2012-08-10,11.386,2.43238453052889,0.02895912260877287
2012-08-13,12.038,2.488068313125579,0.055683782596688935
2012-08-14,12.19,2.5006159434931803,0.012547630367601315
2012-08-15,13.25,2.583997552432231,0.08338160893905089
2012-08-16,13.5,2.6026896854443837,0.018692133012152556
2012-08-17,11.584,2.4496248356433603,-0.15306484980102342
2012-08-20,10.1,2.312535423847214,-0.13708941179614653
2012-08-21,9.915,2.294048761971759,-0.01848666187545467
2012-08-22,9.807,2.2830964164101832,-0.010952345561575871
2012-08-23,10.1,2.312535423847214,0.02943900743703054
2012-08-24,10.6,2.3608540011180215,0.04831857727080768
2012-08-27,10.95,2.3933394562625097,0.032485455144488196
2012-08-28,10.94,2.392425796993835,-0.0009136592686744827
2012-08-29,10.917,2.3903212072981326,-0.0021045896957025967
2012-08-30,10.777,2.3774142336146946,-0.012906973683437961
2012-08-31,10.16,2.318458442150336,-0.05895579146435859
2012-09-03,10.53,2.354228326145884,0.035769883995548035
2012-09-04,10.385,2.3403624573280757,-0.01386586881780838
2012-09-05,11.0,2.3978952727983707,0.057532815470294985
2012-09-06,11.181,2.414215909165231,0.01632063636686043
2012-09-07,11.0,2.3978952727983707,-0.01632063636686043
2012-09-10,11.17,2.413231613081109,0.015336340282738448
2012-09-11,11.331,2.4275423323984295,0.01431071931732042
2012-09-12,11.365,2.4305384573045066,0.0029961249060770356
2012-09-13,11.399,2.4335256322546415,0.0029871749501348965
2012-09-14,11.67,2.4570214462984645,0.02349581404382306
2012-09-17,11.89,2.4756977107026903,0.018676264404225762
2012-09-18,12.25,2.505525936990736,0.029828226288045823
2012-09-19,12.573,2.531551657611044,0.026025720620308057
2012-09-20,12.283,2.5082161925569575,-0.02333546505408668
2012-09-21,12.368,2.5151124918450662,0.006896299288108754
2012-09-24,12.1,2.4932054526026954,-0.021907039242370807
2012-09-25,12.197,2.501190019861101,0.007984567258405573
2012-09-26,12.27,2.50715725872282,0.005967238861718904
2012-09-27,12.309,2.5103307021281585,0.0031734434053385385
2012-09-28,12.391,2.516970402634356,0.006639700506197332
2012-10-01,12.4,2.517696472610991,0.0007260699766353795
2012-10-02,12.84,2.552565298261815,0.034868825650824053
2012-10-03,12.89,2.556451816951096,0.0038865186892809156
2012-10-04,12.85,2.553343811341229,-0.003108005609867348
2012-10-05,12.688,2.5406566648924924,-0.012687146448736364
2012-10-08,11.778,2.466233384522379,-0.07442328037011325
2012-10-09,11.895,2.476118143754921,0.009884759232541729
2012-10-10,12.12,2.4948569806411682,0.018738836886247334
2012-10-11,12.03,2.4874035299865875,-0.0074534506545806956
2012-10-12,12.0,2.4849066497880004,-0.0024968801985871814
2012-10-15,11.838,2.471314696268533,-0.013591953519467292
2012-10-16,11.85,2.47232786758114,0.0010131713126071418
2012-10-17,11.81,2.468946630209271,-0.00338123737186935
2012-10-18,11.94,2.479894107964456,0.010947477755185009
2012-10-19,11.74,2.4630018143999504,-0.0168922935645055
2012-10-22,11.71,2.460443177609626,-0.002558636790324531
2012-10-23,11.65,2.4553061800117097,-0.005136997597916082
2012-10-24,11.65,2.4553061800117097,0.0
2012-10-25,10.862,2.3852704596126535,-0.07003572039905626
2012-10-26,10.171,2.319540533643459,-0.06572992596919436
2012-10-29,10.6,2.3608540011180215,0.041313467474562326
2012-10-30,10.888,2.387661265349165,0.026807264231143435
2012-10-31,11.201,2.4160030600296025,0.028341794680437626
2012-11-01,10.57,2.3580197998821464,-0.05798326014745614
2012-11-02,10.469,2.348418509337218,-0.009601290544928531
2012-11-05,10.748,2.3747196907532446,0.026301181416026775
2012-11-06,10.899,2.3886710419071746,0.01395135115392998
2012-11-07,10.92,2.390595970316759,0.0019249284095845809
2012-11-08,10.925,2.391053740981654,0.0004577706648949409
2012-11-09,10.815,2.380934059405022,-0.010119681576632011
2012-11-12,11.008,2.398622281190988,0.01768822178596574
2012-11-13,10.951,2.393430776293622,-0.00519150489736564
2012-11-14,10.95,2.3933394562625097,-9.132003111256282e-05
2012-11-15,11.198,2.4157351909267017,0.02239573466419209
2012-11-16,11.749,2.4637681305854358,0.04803293965873401
2012-11-19,11.8,2.468099531471619,0.004331400886183445
2012-11-20,11.733,2.4624053844414866,-0.005694147030132601
2012-11-21,11.77,2.4655539212721855,0.0031485368306989336
2012-11-22,12.422,2.5194690941371114,0.053915172864925864
2012-11-23,12.345,2.513251122797143,-0.006217971339968376
2012-11-26,12.246,2.5051993530557626,-0.008051769741380443
2012-11-27,12.2,2.501435951739211,-0.003763401316551729
2012-11-28,12.348,2.513494106639913,0.012058154900702167
2012-11-29,12.45,2.5217206229107165,0.008226516270803508
2012-11-30,12.565,2.5309151709955553,0.009194548084838772
2012-12-03,12.679,2.539947081545811,0.009031910550255873
2012-12-04,13.41,2.596000697293587,0.05605361574777579
2012-12-05,13.38,2.5937610547000824,-0.0022396425935045094
2012-12-06,13.299,2.587688844431026,-0.006072210269056466
2012-12-07,13.5,2.6026896854443837,0.015000841013357746
2012-12-10,13.433,2.597714366080876,-0.004975319363507591
2012-12-11,13.557,2.606903019097252,0.009188653016376058
2012-12-12,13.699,2.6173228374692523,0.010419818372000123
2012-12-13,13.7,2.617395832834079,7.299536482685554e-05
2012-12-14,13.6,2.6100697927420065,-0.0073260400920727164
2012-12-17,13.25,2.583997552432231,-0.026072240309775285
2012-12-18,13.299,2.587688844431026,0.00369129199879481
2012-12-19,13.599,2.609996260626822,0.022307416195796126
2012-12-20,13.525,2.6045398247325453,-0.005456435894276801
2012-12-21,13.5,2.6026896854443837,-0.0018501392881615786
2012-12-24,13.38,2.5937610547000824,-0.00892863074430128
2012-12-25,13.35,2.5915163848462583,-0.0022446698538240994
2012-12-26,13.468,2.600316501298828,0.008800116452569728
2012-12-27,13.422,2.5968951517360477,-0.003421349562780396
2012-12-28,13.421,2.596820644415669,-7.450732037872498e-05
2012-12-31,13.51,2.6034301519721073,0.006609507556438299
2013-01-01,13.304,2.5880647418906264,-0.015365410081480846
2013-01-02,13.28,2.5862591440482876,-0.001805597842338802
2013-01-03,13.398,2.595105442086076,0.008846298037788358
2013-01-04,13.5,2.6026896854443837,0.007584243358307763
2013-01-07,13.588,2.6091870502983374,0.006497364853953691
2013-01-08,13.743,2.620529603572715,0.011342553274377387
2013-01-09,13.77,2.6224923127405635,0.0019627091678486863
2013-01-10,14.14,2.6490076604684267,0.026515347727863237
2013-01-11,14.137,2.6487954738848956,-0.00021218658353117092
2013-01-14,14.3,2.6602595372658615,0.01146406338096595
2013-01-15,14.25,2.6567569067146595,-0.003502630551202035
2013-01-16,14.73,2.689886230474539,0.033129323759879536
2013-01-17,15.5,2.740840023925201,0.050953793450661866
2013-01-18,15.705,2.75397913299061,0.013139109065408938
2013-01-21,16.8,2.8213788864092133,0.06739975341860349
2013-01-22,17.261,2.8484496214045523,0.027070734995338963
2013-01-23,17.5,2.8622008809294686,0.013751259524916293
2013-01-24,16.896,2.827076907523851,-0.03512397340561746
2013-01-25,17.4,2.856470206220483,0.029393298696632097
2013-01-28,18.721,2.929645888426131,0.07317568220564796
2013-01-29,19.525,2.9716956957257494,0.04204980729961827
2013-01-30,19.7,2.9806186357439426,0.00892294001819316
2013-01-31,20.41,3.0160249768217535,0.03540634107781093
2013-02-01,20.499,3.020376104466751,0.0043511276449974545
2013-02-04,20.43,3.0170044088295307,-0.0033716956372202844
2013-02-05,20.6,3.0252910757955354,0.008286666966004663
2013-02-06,21.18,3.0530573401732606,0.027766264377725225
2013-02-07,22.15,3.0978374964911444,0.04478015631788379
2013-02-08,22.66,3.12060125559986,0.022763759108715753
2013-02-11,24.65,3.204776900488699,0.08417564488883889
2013-02-12,25.17,3.2256528091472245,0.02087590865852551
2013-02-13,24.2,3.186352633162641,-0.039300175984583685
2013-02-14,27.221,3.3039887342413805,0.11763610107873967
2013-02-15,27.1,3.299533727885655,-0.004455006355725377
2013-02-18,26.95,3.2939832973550063,-0.005550430530648853
2013-02-19,29.418,3.381606731897151,0.08762343454214472
2013-02-20,29.645,3.389293477159331,0.00768674526218005
2013-02-21,29.748,3.3927619028410536,0.0034684256817225645
2013-02-22,30.245,3.4093308815588776,0.016568978717824034
2013-02-25,30.4,3.414442608412176,0.005111726853298304
2013-02-26,31.1,3.4372078191851885,0.022765210773012523
2013-02-27,30.901,3.4307885458395937,-0.006419273345594778
2013-02-28,33.38,3.507956918233689,0.07716837239409546
2013-03-01,34.5,3.5409593240373143,0.03300240580362512
2013-03-04,36.152,3.5877322721089784,0.0467729480716641
2013-03-05,40.33,3.697095608885277,0.1093633367762985
2013-03-06,41.02,3.7140597526442347,0.016964143758957828
2013-03-07,42.0,3.7376696182833684,0.023609865639133698
2013-03-08,44.18,3.788272197991971,0.05060257970860249
2013-03-11,48.4,3.879499813722586,0.09122761573061489
2013-03-12,44.29,3.790758917935107,-0.0887408957874789
2013-03-13,46.92,3.848444023785275,0.05768510585016795
2013-03-14,47.17,3.8537580972961702,0.005314073510895412
2013-03-15,46.95,3.849083205654272,-0.00467489164189816
2013-03-18,51.6,3.9435216724875173,0.0944384668332452
2013-03-19,59.14,4.079907514424331,0.1363858419368138
2013-03-20,64.489,4.166494666622019,0.08658715219768798
2013-03-21,70.85,4.260564966136689,0.09407029951467027
2013-03-22,69.865,4.246564808532411,-0.014000157604278307
2013-03-25,73.6,4.298645025734831,0.05208021720241973
2013-03-26,78.5,4.363098624788363,0.06445359905353243
2013-03-27,88.92,4.487737089095996,0.12463846430763237
2013-03-28,86.18,4.456438132187692,-0.03129895690830331
2013-03-29,90.5,4.505349850705881,0.04891171851818843
2013-04-01,104.0,4.6443908991413725,0.1390410484354918
2013-04-02,117.98,4.770515118574929,0.12612421943355656
2013-04-03,135.0,4.90527477843843,0.13475965986350058
2013-04-04,132.12,4.883710600522589,-0.021564177915840865
2013-04-05,142.32,4.958078043357579,0.07436744283499053
2013-04-08,187.5,5.233778845410465,0.27570080205288594
2013-04-09,230.0,5.438079308923196,0.20430046351273035
2013-04-10,165.0,5.10594547390058,-0.3321338350226153
2013-04-11,124.9,4.827513417131532,-0.2784320567690486
2013-04-12,117.0,4.762173934797756,-0.0653394823337754
2013-04-15,82.386,4.41141551956767,-0.35075841523008666
2013-04-16,68.356,4.224729342784662,-0.1866861767830077
2013-04-17,93.07,4.533351898197619,0.30862255541295713
2013-04-18,109.01,4.691439621140267,0.15808772294264806
2013-04-19,118.48,4.774744169959543,0.08330454881927629
2013-04-22,127.4,4.847331743138063,0.07258757317851927
2013-04-23,143.48,4.966195652664082,0.11886390952601911
2013-04-24,154.2,5.038250461129229,0.07205480846514689
2013-04-25,141.71,4.9537827158367795,-0.08446774529244916
2013-04-26,136.9,4.919250732294404,-0.034531983542375855
2013-04-29,142.47,4.9591314512291405,0.03988071893473677
2013-04-30,138.38,4.930003524070665,-0.02912792715847523
2013-05-01,117.5,4.7664383335842135,-0.16356519048645168
2013-05-02,111.16,4.710970604874303,-0.05546772870991035
2013-05-03,94.0,4.543294782270004,-0.16767582260429936
2013-05-06,111.32,4.71240893665769,0.16911415438768618
2013-05-07,109.7,4.697749367281185,-0.014659569376505033
2013-05-08,113.49,4.731714727313047,0.033965360031862346
2013-05-09,112.2,4.720282993088596,-0.011431734224450985
2013-05-10,118.23,4.772631879875022,0.05234888678642591
2013-05-13,117.17,4.763625871680064,-0.009006008194957893
2013-05-14,113.88,4.735145262409837,-0.02848060927022722
2013-05-15,114.89,4.743975148865274,0.008829886455436586
2013-05-16,117.37,4.765331338112032,0.02135618924675864
2013-05-17,122.9,4.811371016571989,0.046039678459957045
2013-05-20,121.54,4.800243426707209,-0.01112758986478024
2013-05-21,122.78,4.81039413599935,0.010150709292140903
2013-05-22,123.0,4.812184355372417,0.0017902193730670035
2013-05-23,125.36,4.831189598047765,0.0190052426753482
2013-05-24,129.91,4.866841903007641,0.035652304959875813
2013-05-27,129.7,4.865224091322398,-0.001617811685242998
2013-05-28,128.9,4.859036909945142,-0.006187181377256046
2013-05-29,131.89,4.881968241837793,0.022931331892650952
2013-05-30,128.9,4.859036909945142,-0.022931331892650952
2013-05-31,127.4,4.847331743138063,-0.011705166807079337
2013-06-03,122.31,4.806558805499272,-0.040772937638791085
2013-06-04,121.5,4.799914262780603,-0.006644542718668767
2013-06-05,121.47,4.79966731871218,-0.00024694406842318273
2013-06-06,119.7,4.784988612563928,-0.014678706148251841
2013-06-07,112.48,4.722775428062355,-0.06221318450157298
2013-06-10,106.15,4.664853188149265,-0.05792223991308987
2013-06-11,108.8,4.689511334421843,0.024658146272577675
2013-06-12,108.92,4.690613667805559,0.0011023333837165694
2013-06-13,102.9,4.633757642840004,-0.05685602496555564
2013-06-14,99.55,4.6006600305102054,-0.03309761232979813
2013-06-17,101.5,4.620058798481842,0.01939876797163631
2013-06-18,105.43,4.6580472255888585,0.037988427107016776
2013-06-19,107.0,4.672828834461906,0.014781608873047247
2013-06-20,109.64,4.697202271434585,0.02437343697267913
2013-06-21,109.64,4.697202271434585,0.0
2013-06-24,102.13,4.626246511590008,-0.07095575984457714
2013-06-25,102.23,4.627225176768922,0.0009786651789145395
2013-06-26,104.13,4.645640118541804,0.018414941772881832
2013-06-27,102.5,4.629862798578463,-0.015777319963341085
2013-06-28,95.399,4.558068096219009,-0.07179470235945384
2013-07-01,88.558,4.4836577045862,-0.07441039163280916
2013-07-02,89.853,4.498175001653804,0.014517297067603963
2013-07-03,81.129,4.3960404804343005,-0.1021345212195035
2013-07-04,80.424,4.387312639103119,-0.008727841331181097
2013-07-05,70.73,4.258869811047899,-0.12844282805522056
2013-07-08,77.76,4.353627160152183,0.09475734910428457
2013-07-09,76.999,4.343792434756365,-0.009834725395818644
2013-07-10,85.58,4.449451610988671,0.10565917623230625
2013-07-11,87.56,4.472324272654662,0.02287266166599089
2013-07-12,92.876,4.5312652701401195,0.05894099748545756
2013-07-15,99.45,4.599655005299981,0.06838973515986169
2013-07-16,97.1,4.575741375297279,-0.023913630002701858
2013-07-17,98.0,4.584967478670572,0.009226103373292993
2013-07-18,89.897,4.498664570509201,-0.08630290816137087
2013-07-19,93.097,4.533641960348154,0.03497738983895271
2013-07-22,91.675,4.51824971395739,-0.015392246390764086
2013-07-23,95.12,4.555139252382526,0.03688953842513598
2013-07-24,93.92,4.5424433560797866,-0.012695896302739484
2013-07-25,96.5,4.56954300834494,0.02709965226515365
2013-07-26,96.832,4.5729775181658905,0.0034345098209502822
2013-07-29,100.86,4.6137334166485795,0.04075589848268901
2013-07-30,105.0,4.653960350157523,0.040226933508943574
2013-07-31,107.75,4.6798137289838575,0.025853378826334428
2013-08-01,104.47,4.648899948849417,-0.03091378013444057
2013-08-02,104.07,4.6450637496497675,-0.0038361991996493927
2013-08-05,107.05,4.6732960150356915,0.028232265385923938
2013-08-06,106.46,4.667769327744611,-0.005526687291080634
2013-08-07,106.3,4.666265285347902,-0.0015040423967089822
2013-08-08,103.25,4.637153231841142,-0.029112053506759494
2013-08-09,102.14,4.626344421219498,-0.010808810621644405
2013-08-12,107.6,4.678420647727684,0.052076226508185997
2013-08-13,107.69,4.679256729340789,0.0008360816131052218
2013-08-14,113.0,4.727387818712341,0.04813108937155164
2013-08-15,110.8,4.707726774313183,-0.01966104439915739
2013-08-16,108.81,4.689603241962921,-0.01812353235026265
2013-08-19,118.5,4.774912960575186,0.08530971861226533
2013-08-20,122.39,4.807212667394247,0.032299706819061136
2013-08-21,123.84,4.818990409841417,0.011777742447169892
2013-08-22,122.33,4.806722311058825,-0.012268098782592496
2013-08-23,118.52,4.775081722705364,-0.03164058835346051
2013-08-26,120.1,4.788324729085938,0.013243006380573519
2013-08-27,131.3,4.877484781308751,0.08916005222281331
2013-08-28,130.5,4.871373226762748,-0.006111554546002651
2013-08-29,129.0,4.859812404361672,-0.011560822401076365
2013-08-30,136.01,4.912728412444662,0.05291600808299002
2013-09-02,144.0,4.969813299576001,0.057084887131338746
2013-09-03,143.2,4.964242254526545,-0.005571045049455492
2013-09-04,135.22,4.906903081662532,-0.05733917286401358
2013-09-05,134.3,4.900076103529192,-0.006826978133339878
2013-09-06,125.7,4.8338981155962015,-0.06617798793299023
2013-09-09,131.13,4.876189197543333,0.04229108194713138
2013-09-10,132.81,4.8889195354121595,0.012730337868826602
2013-09-11,136.09,4.913316431572226,0.02439689616006646
2013-09-12,140.9,4.948050418904635,0.034733987332408844
2013-09-13,141.99,4.955756632586266,0.007706213681631269
2013-09-16,138.75,4.932673752626544,-0.02308287995972247
2013-09-17,139.22,4.936055415740521,0.0033816631139771403
2013-09-18,141.0,4.948759890378168,0.012704474637647678
2013-09-19,136.1,4.91338990965742,-0.03536998072074837
2013-09-20,134.34,4.900373899838718,-0.013016009818701768
2013-09-23,133.41,4.893427093190715,-0.006946806648003623
2013-09-24,135.5,4.908971640319756,0.015544547129040964
2013-09-25,136.09,4.913316431572226,0.004344791252470337
2013-09-26,136.89,4.919177683607421,0.0058612520351948305
2013-09-27,140.0,4.941642422609304,0.02246473900188306
2013-09-30,141.32,4.951026822490944,0.009384399881640526
2013-10-01,141.19,4.950106501021434,-0.0009203214695103767
2013-10-02,124.15,4.821490511954176,-0.12861598906725824
2013-10-03,129.71,4.865301189352582,0.043810677398406384
2013-10-04,138.49,4.930798120854626,0.06549693150204394
2013-10-07,137.0,4.919980925828125,-0.010817195026501025
2013-10-08,137.0,4.919980925828125,0.0
2013-10-09,139.13,4.935408747853786,0.015427822025660731
2013-10-10,140.1,4.942356453342962,0.006947705489175782
2013-10-11,141.3,4.950885289690482,0.008528836347520219
2013-10-14,149.02,5.004080525125581,0.05319523543509952
2013-10-15,154.4,5.039546637590676,0.03546611246509457
2013-10-16,151.99,5.02381472920837,-0.01573190838230598
2013-10-17,157.75,5.061011501421323,0.03719677221295292
2013-10-18,165.01,5.106006078124714,0.0449945767033908
2013-10-21,191.01,5.252325782697044,0.14631970457233034
2013-10-22,200.3,5.299816242671772,0.04749045997472834
2013-10-23,222.01,5.402722425902827,0.10290618323105427
2013-10-24,199.0,5.293304824724492,-0.10941760117833432
2013-10-25,189.0,5.241747015059643,-0.051557809664849685
2013-10-28,206.9,5.332235584751498,0.09048856969185515
2013-10-29,215.08,5.371010051941477,0.038774467189979234
2013-10-30,205.99,5.327827623921977,-0.043182428019499675
2013-10-31,211.37,5.353610152296746,0.025782528374768354
2013-11-01,213.87,5.365368353797646,0.011758201500900789
2013-11-04,236.31,5.4651445023833425,0.09977614858569606
2013-11-05,254.1,5.537727890326118,0.07258338794277552
2013-11-06,264.0,5.575949103146316,0.03822121282019797
2013-11-07,308.0,5.730099782973574,0.15415067982725805
2013-11-08,346.05,5.846583273287872,0.11648349031429817
2013-11-11,362.2,5.892196545449313,0.0456132721614404
2013-11-12,380.0,5.940171252720432,0.047974707271118966
2013-11-13,441.0,6.089044875446846,0.14887362272641447
2013-11-14,434.99,6.075323042318697,-0.013721833128149008
2013-11-15,438.06,6.08235588729605,0.007032844977352681
2013-11-18,751.99,6.622723025989082,0.540367138693032
2013-11-19,649.98,6.476941593185531,-0.14578143280355071
2013-11-20,609.98,6.41342616974461,-0.0635154234409212
2013-11-21,773.81,6.651326365418886,0.23790019567427656
2013-11-22,765.35,6.640333245537716,-0.01099311988116991
2013-11-25,828.02,6.719037308682914,0.07870406314519762
2013-11-26,958.96,6.865849363898844,0.14681205521593022
2013-11-27,1054.52,6.960840966073726,0.09499160217488178
2013-11-28,1183.01,7.075817317028036,0.11497635095430958
2013-11-29,1157.94,7.054397843319074,-0.02141947370896169
2013-12-02,1089.92,6.993859578034269,-0.06053826528480499
2013-12-03,1153.0,7.050122520269059,0.05626294223479
2013-12-04,1238.7,7.121817721560154,0.07169520129109497
2013-12-05,1117.94,7.019242985011936,-0.1025747365482177
2013-12-06,909.84,6.813268759876189,-0.2059742251357468
2013-12-09,904.98,6.807912844008216,-0.005355915867973238
2013-12-10,1026.06,6.9334815035530175,0.12556865954480134
2013-12-11,879.12,6.778921407138669,-0.15456009641434854
2013-12-12,872.52,6.7713855764499655,-0.007535830688703449
2013-12-13,870.25,6.768780526691549,-0.0026050497584169108
2013-12-16,716.95,6.575006103161049,-0.1937744235304999
2013-12-17,680.46,6.5227690400552945,-0.05223706310575427
2013-12-18,537.58,6.287077586135962,-0.23569145391933244
2013-12-19,687.66,6.533294529736663,0.24621694360070112
2013-12-20,622.39,6.433566905897062,-0.09972762383960099
2013-12-23,672.45,6.510927759269558,0.07736085337249587
2013-12-24,654.75,6.484253483387821,-0.026674275881736875
2013-12-26,773.81,6.651326365418886,0.16707288203106518
2013-12-27,727.01,6.5889402325971025,-0.062386132821783846
2013-12-30,761.33,6.635066903814494,0.04612667121739111
2013-12-31,753.52,6.624755560514561,-0.010311343299932219
2014-01-02,808.87,6.695638211933507,0.07088265141894556
2014-01-03,814.73,6.702856770009198,0.007218558075691384
2014-01-06,938.7,6.844495939342946,0.14163916933374754
2014-01-07,818.6,6.707595564058303,-0.13690037528464316
2014-01-08,829.53,6.720859275341792,0.013263711283489243
2014-01-09,840.12,6.733544738777106,0.012685463435314404
2014-01-10,865.2,6.762960694078903,0.02941595530179697
2014-01-13,842.74,6.736658488128611,-0.026302205950292645
2014-01-14,839.07,6.732294135644822,-0.004364352483788636
2014-01-15,863.41,6.760889665171516,0.028595529526693753
2014-01-16,841.33,6.734983973020011,-0.025905692151504844
2014-01-17,804.38,6.690071794337288,-0.0449121786827229
2014-01-20,880.2,6.780149154376991,0.0900773600397029
2014-01-21,865.5,6.7633073746162635,-0.016841779760727427
2014-01-22,846.6,6.741228328086823,-0.022079046529440483
2014-01-23,823.05,6.713016952173094,-0.028211375913729242
2014-01-24,802.18,6.687333021586615,-0.025683930586478887
2014-01-27,774.83,6.652643650452846,-0.03468937113376924
2014-01-28,819.61,6.708828617364007,0.05618496691116093
2014-01-29,824.54,6.714825655073937,0.0059970377099300975
2014-01-30,816.73,6.705308562884146,-0.009517092189790688
2014-01-31,822.57,6.712433585401163,0.007125022517016966
2014-02-03,824.0,6.714170529909472,0.0017369445083090795
2014-02-04,828.57,6.71970132333978,0.005530793430308378
2014-02-05,822.23,6.712020161270761,-0.007681162069019365
2014-02-06,780.52,6.659960364226798,-0.05205979704396313
2014-02-07,725.37,6.586681869500629,-0.07327849472616865
2014-02-10,665.91,6.5011545262736785,-0.08552734322695077
2014-02-11,653.42,6.482220107820038,-0.01893441845364041
2014-02-12,659.37,6.491284833697292,0.00906472587725382
2014-02-13,614.82,6.421329542039682,-0.06995529165761027
2014-02-14,653.89,6.482939141592058,0.06160959955237644
2014-02-17,626.49,6.4401328125167945,-0.042806329075263605
2014-02-18,623.44,6.435252529535306,-0.004880282981488904
2014-02-19,624.06,6.436246517593097,0.000993988057791384
2014-02-20,565.0,6.336825731146441,-0.09942078644665564
2014-02-21,567.67,6.341540263967944,0.00471453282150236
2014-02-24,542.92,6.296961979429764,-0.04457828453817925
2014-02-25,535.1,6.282453645317259,-0.01450833411250585
2014-02-26,586.75,6.374598834731133,0.09214518941387428
2014-02-27,581.4,6.365438988124776,-0.009159846606356936
2014-02-28,560.95,6.329631774990974,-0.03580721313380231
2014-03-03,663.57,6.497634349337779,0.1680025743468052
2014-03-04,663.88,6.498101410252518,0.00046706091473947
2014-03-05,662.38,6.49583940937851,-0.0022620008740084074
2014-03-06,660.24,6.492603405284429,-0.0032360040940808688
2014-03-07,629.33,6.44465576141314,-0.04794764387128936
2014-03-10,628.06,6.442635703305683,-0.002020058107456535
2014-03-11,635.69,6.454711023128057,0.012075319822374198
2014-03-12,632.91,6.4503282319408415,-0.004382791187215851
2014-03-13,637.51,6.457569963184063,0.007241731243221139
2014-03-14,630.56,6.446608313446694,-0.010961649737368795
2014-03-17,623.36,6.435124201014116,-0.011484112432578186
2014-03-18,613.31,6.418870517732989,-0.01625368328112664
2014-03-19,614.4,6.420646181833463,0.001775664100473584
2014-03-20,590.08,6.380258120928175,-0.040388060905288015
2014-03-21,580.99,6.3647335449998295,-0.015524575928345108
2014-03-24,587.13,6.375246260384987,0.010512715385157634
2014-03-25,582.55,6.36741501866595,-0.007831241719037152
2014-03-26,581.67,6.365903276611023,-0.001511742054926657
2014-03-27,511.14,6.236643525282804,-0.12925975132821943
2014-03-28,493.68,6.201887534012811,-0.03475599126999285
2014-03-31,453.37,6.116708569144128,-0.0851789648686827
2014-04-01,486.78,6.187812275635029,0.07110370649090036
2014-04-02,439.41,6.085432917998325,-0.10237935763670336
2014-04-03,445.4,6.098972754823267,0.013539836824941531
2014-04-04,446.35,6.101103397625371,0.0021306428021041768
2014-04-07,449.22,6.107512745470649,0.00640934784527758
2014-04-08,448.35,6.105574177398057,-0.0019385680725916288
2014-04-09,440.18,6.087183734166526,-0.018390443231530718
2014-04-10,375.33,5.927805638997418,-0.1593780951691084
2014-04-11,416.63,6.03219853775601,0.10439289875859181
2014-04-14,456.56,6.123720126228453,0.0915215884724434
2014-04-15,504.9,6.22436038986487,0.10064026363641698
2014-04-16,530.48,6.2737822570606125,0.049421867195742486
2014-04-17,501.03,6.216665979531636,-0.05711627752897641
2014-04-18,479.62,6.172994123701727,-0.04367185582990896
2014-04-21,491.45,6.197360205012639,0.024366081310911447
2014-04-22,485.23,6.184623005331614,-0.012737199681025047
2014-04-23,487.05,6.188366787216965,0.003743781885351183
2014-04-24,492.95,6.200407749021051,0.012040961804085981
2014-04-25,456.2,6.122931309850288,-0.07747643917076275
2014-04-28,442.18,6.091717038997073,-0.03121427085321482
2014-04-29,443.01,6.093592343153793,0.0018753041567194373
2014-04-30,445.87,6.100027429710937,0.0064350865571443094
2014-05-01,456.06,6.1226243798060045,0.02259695009506757
2014-05-02,445.73,6.099713387536979,-0.0229109922690256
2014-05-05,429.15,6.061806508164229,-0.03790687937275017
2014-05-06,427.24,6.057345916221495,-0.004460591942733849
2014-05-07,441.66,6.090540355298669,0.033194439077174565
2014-05-08,437.75,6.081647971165961,-0.008892384132708209
2014-05-09,445.99,6.100296530244035,0.01864855907807339
2014-05-12,439.23,6.085023193873501,-0.015273336370533741
2014-05-13,436.15,6.077986220879228,-0.007036972994272972
2014-05-14,443.79,6.095351477572255,0.017365256693026687
2014-05-15,444.07,6.09598220766322,0.0006307300909655922
2014-05-16,446.87,6.102267724574488,0.006285516911267663
2014-05-19,443.77,6.095306410196519,-0.006961314377968542
2014-05-20,482.6,6.179188153190932,0.08388174299441253
2014-05-21,488.83,6.192014780769447,0.012826627578514938
2014-05-22,520.13,6.254078780330681,0.062063999561233985
2014-05-23,524.85,6.263112507481806,0.009033727151125603
2014-05-26,579.64,6.362407221177723,0.09929471369591703
2014-05-27,571.98,6.349104025733542,-0.013303195444181348
2014-05-28,567.92,6.341980563731131,-0.007123462002411429
2014-05-29,566.09,6.338753076163044,-0.003227487568086218
2014-05-30,608.79,6.411473380656987,0.0727203044939424
2014-06-02,663.39,6.497363052537417,0.08588967188043029
2014-06-03,663.0,6.4967749901858625,-0.0005880623515546191
2014-06-04,642.06,6.464681757266964,-0.032093232918898096
2014-06-05,657.2,6.487988386163113,0.023306628896148318
2014-06-06,649.31,6.4759102605971375,-0.012078125565975206
2014-06-09,642.47,6.465320123072237,-0.010590137524900456
2014-06-10,649.39,6.476033460720493,0.010713337648255994
2014-06-11,627.24,6.441329242512831,-0.03470421820766223
2014-06-12,583.02,6.368221491079402,-0.07310775143342862
2014-06-13,588.44,6.377474967382011,0.009253476302609087
2014-06-16,595.27,6.38901508413054,0.011540116748529172
2014-06-17,607.94,6.4100761928860335,0.021061108755493052
2014-06-18,603.79,6.403226455360168,-0.006849737525865152
2014-06-19,593.09,6.385346158139397,-0.017880297220771446
2014-06-20,590.49,6.380952700693006,-0.004393457446391302
2014-06-23,586.68,6.374479526378554,-0.006473174314451491
2014-06-24,583.29,6.368684489775844,-0.005795036602710191
2014-06-25,563.32,6.33384785032985,-0.034836639445994244
2014-06-26,571.07,6.34751179408619,0.013663943756339947
2014-06-27,587.3,6.375535762528473,0.02802396844228383
2014-06-30,636.86,6.456549851197171,0.08101408866869786
2014-07-01,643.79,6.46737258596992,0.010822734772748532
2014-07-02,645.16,6.469498348048981,0.002125762079061566
2014-07-03,637.92,6.458212883633045,-0.011285464415936808
2014-07-04,631.11,6.447480173814047,-0.010732709818997321
2014-07-07,617.25,6.425274128225289,-0.022206045588758272
2014-07-08,621.0,6.431331081933479,0.006056953708189816
2014-07-09,622.08,6.43306870183202,0.0017376198985408209
2014-07-10,616.14,6.4234742104382585,-0.009594491393761118
2014-07-11,630.52,6.446544875758342,0.023070665320083172
2014-07-14,620.19,6.430025882705336,-0.016518993053005637
2014-07-15,619.35,6.428670541000209,-0.0013553417051266337
2014-07-16,614.86,6.42139459961566,-0.007275941384549789
2014-07-17,622.86,6.434321774433209,0.012927174817549236
2014-07-18,624.61,6.437127454967373,0.002805680534164523
2014-07-21,619.96,6.42965495982885,-0.007472495138522994
2014-07-22,619.16,6.4283637207056765,-0.0012912391231738596
2014-07-23,618.2,6.426812029698016,-0.0015516910076609491
2014-07-24,598.98,6.3952282085763885,-0.031583821121627054
2014-07-25,599.41,6.3959458380934135,0.0007176295170250313
2014-07-28,585.48,6.372432023615747,-0.023513814477666983
2014-07-29,582.24,6.36688273386385,-0.005549289751896502
2014-07-30,564.24,6.3354796928999235,-0.03140304096392654
2014-07-31,584.22,6.37027762421872,0.03479793131879649
2014-08-01,596.91,6.391766348259266,0.02148872404054636
2014-08-04,586.17,6.373609849894529,-0.018156498364737317
2014-08-05,581.4,6.365438988124776,-0.008170861769753124
2014-08-06,582.45,6.367243344845786,0.001804356721009981
2014-08-07,588.86,6.378188464396906,0.010945119551119653
2014-08-08,591.44,6.382560241248845,0.004371776851939124
2014-08-11,573.46,6.351688186970457,-0.030872054278387573
2014-08-12,566.86,6.3401123596593285,-0.011575827311128606
2014-08-13,541.92,6.2951183890694615,-0.04499397058986698
2014-08-14,509.66,6.2337438367306675,-0.061374552338794075
2014-08-15,492.56,6.199616280602955,-0.034127556127712566
2014-08-18,453.56,6.117127565103639,-0.08248871549931547
2014-08-19,479.52,6.172785603568353,0.0556580384647134
2014-08-20,509.42,6.2332728236513475,0.060487220082994675
2014-08-21,520.37,6.254540097013537,0.021267273362189698
2014-08-22,512.95,6.240178374533722,-0.014361722479815597
2014-08-25,502.24,6.219078093093644,-0.021100281440078028
2014-08-26,508.65,6.231760157239758,0.012682064146114058
2014-08-27,513.69,6.24161997066899,0.009859813429232034
2014-08-28,506.46,6.227445347223684,-0.014174623445305734
2014-08-29,508.7,6.231858451828719,0.004413104605035301
2014-09-01,480.33,6.174473367682073,-0.057385084146646115
2014-09-02,478.1,6.169819915632058,-0.004653452050015439
2014-09-03,476.67,6.166824427568385,-0.002995488063672447
2014-09-04,489.48,6.193343603117468,0.02651917554908234
2014-09-05,481.9,6.177736623646287,-0.015606979471180615
2014-09-08,471.65,6.156237185095862,-0.0214994385504248
2014-09-09,472.93,6.158947385996764,0.0027102009009016825
2014-09-10,478.88,6.171450044104389,0.012502658107624853
2014-09-11,474.81,6.1629147240133015,-0.00853532009108715
2014-09-12,472.68,6.158418626770815,-0.004496097242486563
2014-09-15,474.27,6.161776779776206,0.003358153005390996
2014-09-16,462.88,6.137467841227825,-0.024308938548380787
2014-09-17,450.09,6.1094475627670315,-0.02802027846079369
2014-09-18,424.67,6.0513123967267575,-0.05813516604027402
2014-09-19,395.98,5.981363704928553,-0.06994869179820462
2014-09-22,401.91,5.9962281829570045,0.0148644780284517
2014-09-23,434.71,6.0746791421009805,0.07845095914397593
2014-09-24,422.96,6.0472776119271945,-0.027401530173785993
2014-09-25,410.34,6.016986084338059,-0.030291527589135114
2014-09-26,402.29,5.997173221574964,-0.019812862763095573
2014-09-29,376.62,5.931236721557496,-0.06593650001746809
2014-09-30,386.01,5.955863275865008,0.02462655430751237
2014-10-01,381.64,5.9444777558836455,-0.011385519981362613
2014-10-02,371.98,5.918840089386981,-0.025637666496664657
2014-10-03,359.93,5.885909568098939,-0.032930521288041525
2014-10-06,335.26,5.814906350203132,-0.07100321789580732
2014-10-07,327.94,5.7928306648217225,-0.02207568538140947
2014-10-08,350.3,5.858789930203441,0.0659592653817187
2014-10-09,356.39,5.87602563684162,0.017235706638178527
2014-10-10,355.34,5.87307507760776,-0.002950559233859451
2014-10-13,389.67,5.965300227087302,0.09222514947954163
2014-10-14,402.87,5.998613929261194,0.03331370217389207
2014-10-15,390.72,5.96799119092234,-0.030622738338854205
2014-10-16,377.39,5.933279135498076,-0.03471205542426414
2014-10-17,378.33,5.935766830635893,0.002487695137816992
2014-10-20,380.82,5.942326822546434,0.006559991910541463
2014-10-21,382.89,5.947747741662709,0.005420919116274625
2014-10-22,379.87,5.939829088925919,-0.007918652736790044
2014-10-23,355.0,5.872117789475416,-0.0677112994505027
2014-10-24,355.7,5.874087678954409,0.0019698894789934585
2014-10-27,350.85,5.860358781698298,-0.013728897256111594
2014-10-28,351.48,5.862152810627642,0.0017940289293445488
2014-10-29,335.6,5.815919974593051,-0.04623283603459161
2014-10-30,343.83,5.840147349176718,0.024227374583666972
2014-10-31,340.06,5.82912207262934,-0.011025276547377949
2014-11-03,324.02,5.780805242282272,-0.04831683034706735
2014-11-04,326.71,5.789072927260093,0.008267684977820267
2014-11-05,338.15,5.823489584020949,0.03441665676085659
2014-11-06,348.08,5.852432338412425,0.02894275439147531
2014-11-07,341.97,5.834723013916797,-0.017709324495627676
2014-11-10,367.23,5.9059883547555305,0.07126534083873359
2014-11-11,366.03,5.9027152972553525,-0.0032730575001780338
2014-11-12,417.31,6.033829350885751,0.13111405363039808
2014-11-13,416.6,6.032126528826872,-0.001702822058878617
2014-11-14,392.68,5.972995030824321,-0.05913149800255102
2014-11-17,386.74,5.957752632622446,-0.015242398201874785
2014-11-18,376.29,5.930360122704693,-0.027392509917753216
2014-11-19,375.36,5.927885565465111,-0.002474557239581898
2014-11-20,356.19,5.87546429634581,-0.052421269119300895
2014-11-21,351.38,5.861868258936908,-0.013596037408902362
2014-11-24,378.39,5.935925409767211,0.07405715083030362
2014-11-25,376.05,5.929722113272412,-0.0062032964947995595
2014-11-26,366.69,5.904516804457281,-0.0252053088151305
2014-11-27,368.18,5.908571949018416,0.00405514456113476
2014-11-28,378.57,5.936400996332929,0.027829047314512856
2014-12-01,379.51,5.93888094694965,0.0024799506167214602
2014-12-02,380.63,5.94182777466688,0.0029468277172295387
2014-12-03,375.39,5.927965485545073,-0.013862289121806981
2014-12-04,369.32,5.911663476904427,-0.016302008640646015
2014-12-05,376.45,5.930785236296131,0.01912175939170435
2014-12-08,364.96,5.899787758536078,-0.030997477760053016
2014-12-09,350.72,5.8599881843195964,-0.03979957421648184
2014-12-10,346.43,5.847680778019108,-0.01230740630048821
2014-12-11,346.52,5.847940537021939,0.00025975900283103925
2014-12-12,353.17,5.866949527410049,0.01900899038810966
2014-12-15,345.38,5.844645260156524,-0.02230426725352519
2014-12-16,329.29,5.796938821475121,-0.04770643868140301
2014-12-17,319.79,5.767664530367487,-0.02927429110763402
2014-12-18,311.72,5.74210534897536,-0.02555918139212654
2014-12-19,313.69,5.748405237098477,0.006299888123116659
2014-12-22,329.02,5.796118539191275,0.04771330209279778
2014-12-23,333.26,5.808922966110478,0.012804426919203138
2014-12-24,322.14,5.774986233662533,-0.033936732447944706
2014-12-26,326.76,5.789225956473668,0.01423972281113528
2014-12-29,313.03,5.746299032592525,-0.04292692388114361
2014-12-30,310.1,5.736894826106403,-0.009404206486121502
2014-12-31,316.89,5.758554710503181,0.021659884396777684
2015-01-02,315.03,5.752667872386011,-0.005886838117169724
2015-01-05,270.93,5.601860484930817,-0.1508073874551945
2015-01-06,283.77,5.648164050893189,0.04630356596237206
2015-01-07,294.92,5.68670413312145,0.038540082228260886
2015-01-08,283.53,5.647317937675075,-0.039386195446375005
2015-01-09,290.18,5.670501420087539,0.02318348241246415
2015-01-12,269.32,5.5959002636770805,-0.07460115641045828
2015-01-13,219.91,5.393218371742757,-0.20268189193432384
2015-01-14,172.95,5.153002535383178,-0.240215836359579
2015-01-15,207.25,5.333925794015404,0.1809232586322267
2015-01-16,207.09,5.333153481383494,-0.0007723126319101326
2015-01-19,214.53,5.3684495887284145,0.03529610734492028
2015-01-20,210.23,5.348202169477035,-0.02024741925137974
2015-01-21,226.69,5.423583445380434,0.07538127590339894
2015-01-22,231.13,5.442980322788598,0.019396877408164315
2015-01-23,234.02,5.455406581790812,0.012426259002213946
2015-01-26,267.64,5.589642793914616,0.13423621212380432
2015-01-27,262.18,5.569031290769663,-0.02061150314495297
2015-01-28,231.36,5.4439749389704,-0.12505635179926333
2015-01-29,231.79,5.4458317893365855,0.0018568503661855473
2015-01-30,229.65,5.436556410771803,-0.009275378564782777
2015-02-02,231.91,5.446349365367118,0.009792954595314818
2015-02-03,228.59,5.431930005871957,-0.014419359495160933
2015-02-04,224.43,5.413563854552423,-0.01836615131953323
2015-02-05,217.28,5.3811868443703315,-0.032377010182091936
2015-02-06,223.97,5.411512114314379,0.03032526994404794
2015-02-09,220.93,5.397845909262937,-0.013666205051442226
2015-02-10,220.68,5.39671368840423,-0.0011322208587074556
2015-02-11,219.23,5.390121407023074,-0.006592281381156084
2015-02-12,222.0,5.402677381872279,0.012555974849205676
2015-02-13,237.33,5.469451577701415,0.06677419582913569
2015-02-16,236.16,5.464509541412108,-0.004942036289307339
2015-02-17,242.3,5.49017662782248,0.02566708641037252
2015-02-18,234.49,5.457412943053815,-0.03276368476866498
2015-02-19,240.47,5.482595341640379,0.025182398586563792
2015-02-20,242.17,5.48963995887241,0.007044617232031314
2015-02-23,238.84,5.475793871678792,-0.013846087193618573
2015-02-24,238.83,5.475752001768597,-4.1869910194947124e-05
2015-02-25,237.26,5.469156586232957,-0.006595415535639582
2015-02-26,236.28,5.465017542439035,-0.004139043793922603
2015-02-27,254.38,5.538829212023338,0.07381166958430363
2015-03-02,269.11,5.595120217949137,0.05629100592579839
2015-03-03,282.75,5.64456311499623,0.04944289704709348
2015-03-04,272.07,5.606059386127586,-0.03850372886864406
2015-03-05,275.1,5.617134667930529,0.011075281802942705
2015-03-06,273.11,5.609874644433234,-0.007260023497294377
2015-03-09,288.33,5.664105657503303,0.05423101307006828
2015-03-10,292.31,5.677814882958619,0.013709225455316165
2015-03-11,295.27,5.68789019198734,0.010075309028721335
2015-03-12,294.06,5.683783828149511,-0.004106363837829363
2015-03-13,288.96,5.666288270228621,-0.017495557920890192
2015-03-16,290.5,5.671603576291966,0.005315306063345737
2015-03-17,284.29,5.649994843926477,-0.021608732365489658
2015-03-18,254.14,5.5378852962763885,-0.11210954765008818
2015-03-19,260.17,5.561335263505108,0.023449967228719615
2015-03-20,260.76,5.5636004440563385,0.0022651805512303724
2015-03-23,266.65,5.585936937046611,0.02233649299027274
2015-03-24,248.07,5.513710964402185,-0.07222597264442587
2015-03-25,246.26,5.506387888364725,-0.0073230760374602966
2015-03-26,247.59,5.511774152272703,0.005386263907977806
2015-03-27,248.32,5.514718236994854,0.002944084722151352
2015-03-30,246.29,5.506509703409034,-0.008208533585820632
2015-03-31,245.014,5.501315351769279,-0.0051943516397541245
2015-04-01,246.45,5.5071591331513865,0.0058437813821070606
2015-04-02,251.27,5.526528058195265,0.019368925043878882
2015-04-03,253.33,5.534692986630964,0.008164928435698826
2015-04-06,255.4,5.542830943598439,0.008137956967474658
2015-04-07,253.6,5.535758222563071,-0.007072721035368268
2015-04-08,245.28,5.502400415123504,-0.0333578074395664
2015-04-09,242.45,5.490795503551361,-0.011604911572143273
2015-04-10,235.11,5.460053489732883,-0.030742013818477965
2015-04-13,222.06,5.40294761562612,-0.05710587410676293
2015-04-14,216.04,5.37546357572469,-0.027484039901430002
2015-04-15,220.95,5.397936431576749,0.022472855852059048
2015-04-16,229.12,5.434245883772281,0.03630945219553183
2015-04-17,223.49,5.409366670323331,-0.0248792134489495
2015-04-20,223.26,5.408337011586586,-0.0010296587367450982
2015-04-21,233.02,5.451124286791795,0.04278727520520853
2015-04-22,233.2,5.451896454476337,0.0007721676845422465
2015-04-23,234.42,5.457114378295034,0.005217923818697123
2015-04-24,231.28,5.443629097708091,-0.013485280586943205
2015-04-27,232.13,5.447297559559355,0.0036684618512641265
2015-04-28,225.44,5.4180540481503705,-0.029243511408984624
2015-04-29,226.23,5.421552180882665,0.003498132732294934
2015-04-30,236.66,5.466624511956413,0.04507233107374731
2015-05-01,234.7,5.458308102856978,-0.008316409099434985
2015-05-04,238.61,5.474830419933934,0.01652231707695595
2015-05-05,235.8,5.462983988103271,-0.011846431830663029
2015-05-06,230.59,5.440641241760233,-0.022342746343038122
2015-05-07,238.96,5.476296173907854,0.03565493214762139
2015-05-08,244.73,5.5001555620349105,0.02385938812705657
2015-05-11,242.27,5.4900528067025665,-0.01010275533234406
2015-05-12,241.26,5.485875190137238,-0.00417761656532889
2015-05-13,234.95,5.459372725548825,-0.026502464588412877
2015-05-14,237.03,5.4681867154027515,0.008813989853926785
2015-05-15,237.42,5.469830724625388,0.0016440092226366332
2015-05-18,232.36,5.4482878931243315,-0.021542831501056625
2015-05-19,232.44,5.4486321272069045,0.0003442340825730028
2015-05-20,233.85,5.454679884171895,0.006047756964990825
2015-05-21,235.38,5.461201229449516,0.006521345277620938
2015-05-22,240.77,5.483842120955737,0.02264089150622084
2015-05-25,237.26,5.469156586232957,-0.014685534722779892
2015-05-26,237.65,5.470799003060018,0.0016424168270612327
2015-05-27,236.94,5.467806944526613,-0.0029920585334055616
2015-05-28,237.62,5.470672759030141,0.0028658145035285187
2015-05-29,237.2,5.468903667123571,-0.0017690919065707078
2015-06-01,221.84,5.4019564013075225,-0.06694726581604815
2015-06-02,225.97,5.4204022470982745,0.018445845790751925
2015-06-03,226.16,5.421242713385335,0.0008404662870606927
2015-06-04,224.91,5.41570032218308,-0.005542391202254748
2015-06-05,225.79,5.419605363755236,0.0039050415721559872
2015-06-08,228.62,5.432061236597632,0.012455872842395799
2015-06-09,229.84,5.437383414671034,0.005322178073401851
2015-06-10,229.04,5.43389666078986,-0.0034867538811740317
2015-06-11,229.67,5.436643496028323,0.0027468352384634187
2015-06-12,230.82,5.441638185992259,0.004994689963935706
2015-06-15,237.25,5.469114437490037,0.027476251497778215
2015-06-16,247.32,5.510683044690368,0.04156860720033073
2015-06-17,248.91,5.517091385344304,0.006408340653935696
2015-06-18,248.99,5.517412735015677,0.0003213496713732056
2015-06-19,244.43,5.498928969355161,-0.018483765660516127
2015-06-22,247.89,5.512985099381202,0.014056130026041558
2015-06-23,244.8,5.500441550638171,-0.01254354874303143
2015-06-24,240.68,5.483468250352151,-0.016973300286020176
2015-06-25,241.65,5.487490398291093,0.004022147938941956
2015-06-26,241.21,5.485667923363432,-0.0018224749276605223
2015-06-29,254.8,5.540478923698008,0.054811000334575866
2015-06-30,263.054,5.572359334295759,0.0318804105977506
2015-07-01,258.88,5.5563646338701265,-0.015994700425632224
2015-07-02,254.65,5.5398900533306135,-0.016474580539513006
2015-07-03,254.67,5.539968589417986,7.853608737296014e-05
2015-07-06,273.62,5.611740282491968,0.07177169307398135
2015-07-07,265.13,5.580220271735778,-0.03152001075619015
2015-07-08,265.79,5.5827065232990245,0.0024862515632468885
2015-07-09,270.41,5.599939325733503,0.017232802434478778
2015-07-10,293.14,5.680650310599154,0.08071098486565109
2015-07-13,291.41,5.674731210262197,-0.005919100336956973
2015-07-14,288.63,5.665145591041283,-0.009585619220914054
2015-07-15,289.37,5.6677061460735105,0.0025605550322271853
2015-07-16,278.96,5.631068402367395,-0.03663774370611517
2015-07-17,278.27,5.6285918653802955,-0.00247653698709982
2015-07-20,276.52,5.622283151077064,-0.006308714303231433
2015-07-21,277.83,5.627009415850288,0.004726264773223576
2015-07-22,275.32,5.617934057530164,-0.00907535832012396
2015-07-23,275.6,5.618950539139504,0.0010164816093398699
2015-07-24,288.88,5.666011376969203,0.047060837829699054
2015-07-27,294.76,5.686161465898799,0.020150088929596244
2015-07-28,293.84,5.683035401511412,-0.00312606438738694
2015-07-29,290.16,5.670432494974647,-0.01260290653676499
2015-07-30,286.8,5.658785108725465,-0.011647386249181935
2015-07-31,285.19,5.653155624811811,-0.005629483913653921
2015-08-03,282.62,5.6441032391546,-0.009052385657210671
2015-08-04,284.92,5.6522084391101535,0.008105199955553033
2015-08-05,281.99,5.64187160931645,-0.01033682979370365
2015-08-06,278.2,5.6283402794893425,-0.013531329827107363
2015-08-07,279.02,5.631283463839962,0.0029431843506193545
2015-08-10,263.51,5.574091317925445,-0.0571921459145166
2015-08-11,268.68,5.593521080398664,0.01942976247321848
2015-08-12,268.44,5.592627425290039,-0.0008936551086247135
2015-08-13,264.01,5.575986981216812,-0.016640444073226845
2015-08-14,266.45,5.5851866087427915,0.00919962752597936
2015-08-17,257.18,5.549776228842293,-0.035410379900498334
2015-08-18,251.38,5.526965738496691,-0.02281049034560212
2015-08-19,223.16,5.407889002977328,-0.11907673551936337
2015-08-20,235.57,5.462008109204515,0.054119106227187075
2015-08-21,232.35,5.448244855530987,-0.013763253673527487
2015-08-24,209.27,5.343625284252578,-0.10461957127840904
2015-08-25,221.09,5.398569858437128,0.054944574184549566
2015-08-26,225.89,5.420048155119184,0.02147829668205592
2015-08-27,226.39,5.422259175742214,0.0022110206230303575
2015-08-28,232.78,5.45009380151383,0.027834625771616217
2015-08-31,229.84,5.437383414671034,-0.01271038684279624
2015-09-01,226.73,5.423759882238551,-0.013623532432482932
2015-09-02,228.75,5.432629704155631,0.008869821917079967
2015-09-03,226.5,5.422744944923089,-0.009884759232542173
2015-09-04,230.4,5.439816928821736,0.017071983898647503
2015-09-07,240.8,5.483966713434666,0.04414978461292929
2015-09-08,243.39,5.494665095075083,0.010698381640417587
2015-09-09,238.28,5.473446452760487,-0.02121864231459636
2015-09-10,238.95,5.4762543250241675,0.002807872263680622
2015-09-11,239.63,5.479096067084477,0.0028417420603092935
2015-09-14,231.64,5.445184442357589,-0.0339116247268878
2015-09-15,229.54,5.436077306252522,-0.00910713610506697
2015-09-16,228.3,5.43066055353575,-0.005416752716771889
2015-09-17,233.04,5.451210112651179,0.02054955911542855
2015-09-18,233.13,5.451596237889261,0.00038612523808190247
2015-09-21,227.54,5.4273260471115705,-0.024270190777690104
2015-09-22,229.67,5.436643496028323,0.009317448916752902
2015-09-23,229.87,5.4375139317363255,0.0008704357080020486
2015-09-24,233.97,5.455192902010516,0.017678970274190853
2015-09-25,235.26,5.460691285532295,0.0054983835217790045
2015-09-28,238.94,5.476212474389078,0.01552118885678233
2015-09-29,237.33,5.469451577701415,-0.006760896687662665
2015-09-30,236.647,5.466569579322822,-0.0028819983785925984
2015-10-01,237.86,5.4716822652990995,0.00511268597627712
2015-10-02,237.26,5.469156586232957,-0.0025256790661423167
2015-10-05,240.15,5.481263728110833,0.012107141877875982
2015-10-06,245.6,5.503704196272987,0.022440468162153948
2015-10-07,243.77,5.496225157793986,-0.007479038479001332
2015-10-08,243.32,5.494377449452505,-0.0018477083414811801
2015-10-09,244.02,5.497250189147188,0.0028727396946832684
2015-10-12,245.82,5.5045995607868345,0.007349371639646662
2015-10-13,249.17,5.51813539443367,0.013535833646835194
2015-10-14,253.48,5.535284924455317,0.017149530021646875
2015-10-15,254.41,5.5389471388695215,0.0036622144142048896
2015-10-16,265.32,5.580936644657355,0.04198950578783389
2015-10-19,263.61,5.574470738175862,-0.0064659064814938105
2015-10-20,268.7,5.593595515621446,0.01912477744558405
2015-10-21,267.71,5.589904305077029,-0.0036912105444164567
2015-10-22,273.89,5.612726565927474,0.02282226085044492
2015-10-23,277.29,5.625063889944796,0.012337324017321905
2015-10-26,285.28,5.65347115411483,0.02840726417003392
2015-10-27,294.31,5.684633633595218,0.031162479480387972
2015-10-28,302.76,5.712940412440966,0.028306778845748504
2015-10-29,314.96,5.752445646635482,0.03950523419451546
2015-10-30,319.826,5.76777709790813,0.015331451272648344
2015-11-02,360.56,5.887658378382393,0.11988128047426283
2015-11-03,398.3,5.987205490187598,0.09954711180520537
2015-11-04,388.71,5.962833564308829,-0.024371925878769574
2015-11-05,390.96,5.9686052529619,0.005771688653070761
2015-11-06,372.63,5.920585970224212,-0.04801928273768752
2015-11-09,382.1,5.945682354452854,0.025096384228642243
2015-11-10,331.42,5.8033864532016475,-0.14229590125120684
2015-11-11,307.48,5.728410044480931,-0.07497640872071631
2015-11-12,332.98,5.808082428116706,0.07967238363577511
2015-11-13,331.97,5.805044603387864,-0.0030378247288425086
2015-11-16,329.79,5.798456088258882,-0.006588515128981953
2015-11-17,337.33,5.8210616797075545,0.02260559144867269
2015-11-18,336.04,5.817230200496646,-0.0038314792109082063
2015-11-19,327.15,5.790418781315748,-0.026811419180898355
2015-11-20,319.3,5.766131099720736,-0.024287681595011712
2015-11-23,323.24,5.778395081365247,0.01226398164451048
2015-11-24,320.03,5.768414741399516,-0.009980339965730778
2015-11-25,327.7,5.792098555704769,0.02368381430525268
2015-11-26,351.47,5.862124359101927,0.0700258033971588
2015-11-27,358.73,5.88257001639087,0.020445657288942876
2015-11-30,378.243,5.935536846218306,0.052966829827435724
2015-12-01,363.174,5.894882058261661,-0.04065478795664479
2015-12-02,359.751,5.885412125471745,-0.00946993278991659
2015-12-03,361.115,5.889196467160345,0.0037843416886005343
2015-12-04,362.04,5.89175470295897,0.002558235798624686
2015-12-07,396.21,5.981944373723823,0.09018967076485307
2015-12-08,395.77,5.980833234439321,-0.0011111392845020163
2015-12-09,417.29,6.03378142373501,0.05294818929568912
2015-12-10,416.025,6.030745354609408,-0.003036069125601948
2015-12-11,451.569,6.11272818510092,0.081982830491512
2015-12-14,443.01,6.093592343153793,-0.019135841947127474
2015-12-15,463.84,6.139539665173345,0.04594732201955232
2015-12-16,454.483,6.119160509177622,-0.020379155995723153
2015-12-17,455.685,6.1218017813357175,0.002641272158095731
2015-12-18,463.865,6.139593561616732,0.017791780281014802
2015-12-21,434.707,6.0746722409246745,-0.0649213206920578
2015-12-22,435.426,6.076324862221975,0.0016526212973007048
2015-12-23,442.654,6.092788426501037,0.016463564279061593
2015-12-24,454.38,6.118933852353786,0.02614542585274915
2015-12-28,421.017,6.042673212914635,-0.07626063943915096
2015-12-29,429.387,6.06235861018434,0.019685397269705085
2015-12-30,427.077,6.0569643248403615,-0.0053942853439785665
2015-12-31,430.496,6.064938032303132,0.007973707462770818
2016-01-04,435.01,6.0753690193302,0.010430987027067573
2016-01-05,432.283,6.069080466357215,-0.006288552972985251
2016-01-06,431.332,6.0668780951978505,-0.0022023711593641693
2016-01-07,456.121,6.122758125192262,0.05588002999441155
2016-01-08,452.817,6.11548807035382,-0.007270054838442341
2016-01-11,448.43,6.1057525935095045,-0.009735476844315194
2016-01-12,445.931,6.100164231531287,-0.005588361978217549
2016-01-13,432.638,6.069901350622795,-0.030262880908492384
2016-01-14,430.163,6.064164206626257,-0.005737143996537242
2016-01-15,389.879,5.9658364345739585,-0.09832777205229881
2016-01-18,385.342,5.954131251660767,-0.011705182913191337
2016-01-19,380.3,5.940960414934214,-0.013170836726553503
2016-01-20,415.628,6.029790629429181,0.08883021449496731
2016-01-21,412.15,6.0213873607592365,-0.008403268669944453
2016-01-22,379.867,5.9398211914561365,-0.08156616930310001
2016-01-25,392.866,5.973468586805704,0.03364739534956751
2016-01-26,393.84,5.975944735449945,0.0024761486442406166
2016-01-27,394.54,5.9777205293157225,0.0017757938657778638
2016-01-28,379.089,5.937771006010573,-0.03994952330514945
2016-01-29,375.235,5.927552496363516,-0.010218509647057061
2016-02-01,370.727,5.915465942681027,-0.012086553682489232
2016-02-02,373.315,5.9224225672723785,0.006956624591351712
2016-02-03,367.634,5.907087878043381,-0.015334689228997611
2016-02-04,388.727,5.962877297756048,0.055789419712667154
2016-02-05,386.354,5.956754047632585,-0.006123250123462931
2016-02-08,371.223,5.916802960199425,-0.03995108743315967
2016-02-09,373.888,5.923956287325221,0.007153327125795528
2016-02-10,379.276,5.938264172240001,0.014307884914780189
2016-02-11,376.676,5.93138540149235,-0.006878770747650975
2016-02-12,382.044,5.945535785219568,0.014150383727217886
2016-02-15,398.359,5.98735360876809,0.041817823548521815
2016-02-16,406.868,6.008488808513762,0.021135199745672573
2016-02-17,418.918,6.03767519671232,0.0291863881985579
2016-02-18,422.386,6.045919587903385,0.008244391191064793
2016-02-19,419.147,6.038221693716012,-0.007697894187373322
2016-02-22,437.541,6.081170415692474,0.0429487219764626
2016-02-23,420.716,6.041958021724959,-0.039212393967515524
2016-02-24,423.531,6.0486267109408995,0.00666868921594066
2016-02-25,422.958,6.04727288333648,-0.0013538276044195996
2016-02-26,423.549,6.048669209878432,0.0013963265419523196
2016-02-29,437.197,6.0803838944307165,0.03171468455228421
2016-03-01,432.208,6.068906953850576,-0.011476940580140038
2016-03-02,424.845,6.051724396520699,-0.01718255732987739
2016-03-03,420.186,6.040697470387989,-0.01102692613271028
2016-03-04,412.882,6.023161837851216,-0.017535632536772816
2016-03-07,413.753,6.025269177420273,0.002107339569056954
2016-03-08,411.828,6.0206057864541185,-0.004663390966154424
2016-03-09,411.929,6.0208510044019015,0.000245217947782983
2016-03-10,416.112,6.0309544547943945,0.010103450392493052
2016-03-11,418.848,6.037508085609309,0.006553630814914335
2016-03-14,414.113,6.026138883442,-0.011369202167308856
2016-03-15,415.489,6.0294561398174995,0.003317256375499511
2016-03-16,416.198,6.031161108565961,0.0017049687484611553
2016-03-17,418.445,6.036545459548611,0.005384350982650332
2016-03-18,405.499,6.005118407461182,-0.03142705208742935
2016-03-21,411.049,6.018712428801119,0.013594021339937257
2016-03-22,416.302,6.03141095841711,0.012698529615991383
2016-03-23,418.043,6.035584298047314,0.004173339630203721
2016-03-24,414.886,6.0280037836988924,-0.007580514348421552
2016-03-28,422.262,6.045625974467041,0.017622190768148194
2016-03-29,414.766,6.027714505782762,-0.01791146868427873
2016-03-30,412.933,6.0232853521978065,-0.004429153584955436
2016-03-31,416.095,6.030913599574474,0.007628247376667119
2016-04-01,416.129,6.030995308345235,8.170877076096872e-05
2016-04-04,419.094,6.038095238436276,0.007099930091041706
2016-04-05,421.514,6.043852991599685,0.005757753163408985
2016-04-06,421.923,6.044822832932372,0.0009698413326866273
2016-04-07,421.674,6.044232503646632,-0.0005903292857398768
2016-04-08,418.375,6.03637815953149,-0.007854344115141743
2016-04-11,422.172,6.045412813935037,0.009034654403547115
2016-04-12,425.858,6.054105957368133,0.008693143433095685
2016-04-13,424.556,6.051043916956508,-0.0030620404116250555
2016-04-14,424.827,6.051682027229955,0.0006381102734467348
2016-04-15,429.609,6.062875492695883,0.011193465465928476
2016-04-18,428.174,6.0595296550220406,-0.0033458376738426665
2016-04-19,431.742,6.06782818761366,0.008298532591619612
2016-04-20,442.048,6.091418473466508,0.023590285852847614
2016-04-21,449.984,6.109212026576696,0.017793553110188043
2016-04-22,449.398,6.107908909363044,-0.0013031172136521718
2016-04-25,467.181,6.146716762878841,0.038807853515796964
2016-04-26,467.902,6.148258872280646,0.001542109401805547
2016-04-27,450.369,6.1100672467480415,-0.03819162553260469
2016-04-28,449.176,6.107414793119936,-0.002652453628105178
2016-04-29,455.726,6.121891751722354,0.014476958602418044
2016-05-02,445.474,6.099138883816077,-0.022752867906277174
2016-05-03,450.735,6.110879583659489,0.011740699843412195
2016-05-04,447.027,6.102618995473964,-0.008260588185525108
2016-05-05,449.095,6.107234446653849,0.004615451179884822
2016-05-06,456.579,6.123761740922388,0.016527294268539272
2016-05-09,459.812,6.130817710292137,0.007055969369748283
2016-05-10,452.202,6.114128982655849,-0.01668872763628748
2016-05-11,451.896,6.113452064862237,-0.0006769177936121196
2016-05-12,452.509,6.1148076524449495,0.0013555875827124808
2016-05-13,455.602,6.121619621379019,0.0068119689340697676
2016-05-16,454.318,6.1187973933760045,-0.002822228003014793
2016-05-17,453.453,6.116891625816118,-0.0019057675598865842
2016-05-18,454.649,6.119525692675387,0.0026340668592688132
2016-05-19,441.969,6.091239743871466,-0.0282859488039211
2016-05-20,441.911,6.091108504336498,-0.00013123953496751994
2016-05-23,442.772,6.093054964869458,0.0019464605329595486
2016-05-24,445.732,6.099717874548203,0.006662909678745166
2016-05-25,448.873,6.106739996952918,0.007022122404714892
2016-05-26,453.741,6.117526550671606,0.010786553718688197
2016-05-27,473.149,6.159410349457345,0.041883798785739224
2016-05-30,532.311,6.277227905003705,0.11781755554635964
2016-05-31,527.232,6.267640679373561,-0.009587225630143692
2016-06-01,536.021,6.284173339407799,0.0165326600342377
2016-06-02,536.942,6.28589008122685,0.0017167418190515704
2016-06-03,570.939,6.347282373826674,0.06139229259982404
2016-06-06,583.533,6.3691010053973445,0.0218186315706701
2016-06-07,575.705,6.355595376723083,-0.013505628674261416
2016-06-08,581.835,6.3661869023816156,0.010591525658532497
2016-06-09,576.103,6.356286464154045,-0.009900438227570696
2016-06-10,578.771,6.360906889839348,0.004620425685303076
2016-06-13,702.247,6.554285193992316,0.19337830415296775
2016-06-14,689.37,6.535778137034955,-0.0185070569573611
2016-06-15,691.946,6.539507917890725,0.0037297808557701373
2016-06-16,772.082,6.6490907620006645,0.10958284410993979
2016-06-17,757.002,6.629365895441885,-0.019724866558779475
2016-06-20,738.116,6.604100993820559,-0.025264901621325997
2016-06-21,656.125,6.486351319572464,-0.11774967424809546
2016-06-22,621.157,6.431583868015811,-0.054767451556652524
2016-06-23,621.195,6.4316450423045985,6.11742887874911e-05
2016-06-24,661.288,6.494189448440063,0.06254440613546475
2016-06-27,645.703,6.470339645742118,-0.023849802697945677
2016-06-28,648.677,6.4749349040640105,0.004595258321892892
2016-06-29,636.659,6.456234190415245,-0.0187007136487658
2016-06-30,667.78,6.5039587779745185,0.04772458755927378
2016-07-01,677.048,6.5177421714328885,0.013783393458369986
2016-07-04,678.841,6.520386932243152,0.0026447608102637687
2016-07-05,670.196,6.507570206917748,-0.012816725325404121
2016-07-06,676.087,6.51632176598691,0.008751559069161807
2016-07-07,625.626,6.438752748469806,-0.07756901751710377
2016-07-08,654.579,6.48399228089254,0.04523953242273393
2016-07-11,649.351,6.475973402556454,-0.008018878336086388
2016-07-12,670.646,6.5082414269673805,0.0322680244109268
2016-07-13,660.677,6.49326506686641,-0.014976360100970254
2016-07-14,661.419,6.49438752707793,0.001122460211520071
2016-07-15,664.099,6.498431234748215,0.004043707670284391
2016-07-18,673.582,6.512609740480814,0.014178505732599156
2016-07-19,670.286,6.507704486975421,-0.004905253505392615
2016-07-20,665.513,6.5005581718292005,-0.007146315146220772
2016-07-21,665.026,6.499826137635918,-0.0007320341932821606
2016-07-22,656.426,6.486809968425387,-0.013016169210531281
2016-07-25,656.728,6.48726992971755,0.0004599612921625251
2016-07-26,655.179,6.484908480743155,-0.0023614489743941647
2016-07-27,655.996,6.486154691364523,0.0012462106213675384
2016-07-28,656.082,6.48628578113224,0.0001310897677173628
2016-07-29,657.333,6.488190739394951,0.0019049582627106432
2016-08-01,617.208,6.4252060821678025,-0.06298465722714841
2016-08-02,555.617,6.320079207964289,-0.10512687420351341
2016-08-03,566.027,6.338641780245634,0.01856257228134517
2016-08-04,568.343,6.3427251097025135,0.00408332945687917
2016-08-05,574.449,6.353411320502315,0.010686210799801366
2016-08-08,591.856,6.383263362052326,0.02985204155001142
2016-08-09,585.343,6.3721980001969625,-0.011065361855363776
2016-08-10,595.167,6.388842038433444,0.016644038236481862
2016-08-11,590.354,6.380722356971733,-0.008119681461711714
2016-08-12,585.617,6.372665992280383,-0.008056364691349849
2016-08-15,567.634,6.341476844830845,-0.03118914744953738
2016-08-16,578.804,6.360963905583484,0.019487060752638286
2016-08-17,571.69,6.348596886425498,-0.01236701915798566
2016-08-18,573.066,6.351000893327732,0.0024040069022337462
2016-08-19,574.614,6.353698511023869,0.0026976176961373
2016-08-22,585.309,6.372139912908836,0.018441401884967235
2016-08-23,581.463,6.365547341387476,-0.006592571521360391
2016-08-24,578.369,6.360212073280984,-0.005335268106492208
2016-08-25,575.672,6.355538054056383,-0.004674019224601089
2016-08-26,578.135,6.35980740541439,0.004269351358007434
2016-08-29,572.508,6.350026709129889,-0.009780696284501289
2016-08-30,576.868,6.357613470838967,0.007586761709077905
2016-08-31,572.344,6.34974020921353,-0.00787326162543689
2016-09-01,570.809,6.3470546528224565,-0.0026855563910732627
2016-09-02,573.329,6.351459722971291,0.004405070148834511
2016-09-05,607.423,6.40922541821018,0.057765695238889414
2016-09-06,609.83,6.413180229801903,0.003954811591722951
2016-09-07,613.911,6.419849966500645,0.006669736698741602
2016-09-08,623.947,6.436065428864734,0.016215462364089106
2016-09-09,620.232,6.430093601594579,-0.005971827270155217
2016-09-12,605.987,6.406858533693999,-0.023235067900579942
2016-09-13,608.384,6.41080626155149,0.003947727857490868
2016-09-14,608.939,6.411718098489516,0.0009118369380258784
2016-09-15,605.767,6.4064954236858345,-0.005222674803681215
2016-09-16,606.796,6.4081926554948385,0.0016972318090040517
2016-09-19,607.681,6.409650073225516,0.001457417730677868
2016-09-20,607.792,6.409832718171654,0.00018264494613795534
2016-09-21,595.451,6.389319101614728,-0.020513616556926628
2016-09-22,595.77,6.389854686544183,0.0005355849294552684
2016-09-23,600.745,6.398170551652271,0.008315865108087905
2016-09-26,606.575,6.407828381085044,0.009657829432772935
2016-09-27,603.209,6.402263737006841,-0.005564644078202896
2016-09-28,603.61,6.402928294019547,0.0006645570127057354
2016-09-29,605.804,6.406556501410559,0.003628207391012772
2016-09-30,605.62,6.406252726676998,-0.0003037747335614682
2016-10-03,611.77,6.416356394881958,0.010103668204959781
2016-10-04,608.532,6.411049499376828,-0.0053068955051296385
2016-10-05,611.808,6.416418507799993,0.0053690084231652335
2016-10-06,610.986,6.415074045652127,-0.00134446214786621
2016-10-07,615.574,6.422555165855118,0.007481120202990965
2016-10-10,616.409,6.423910704247869,0.0013555383927510434
2016-10-11,637.552,6.4576358423334925,0.033725138085623385
2016-10-12,634.84,6.453372998639358,-0.004262843694134766
2016-10-13,635.728,6.454770798905986,0.0013978002666279465
2016-10-14,638.162,6.4585921696082425,0.0038213707022567434
2016-10-17,636.821,6.4564886113733655,-0.0021035582348769566
2016-10-18,633.834,6.451787090500861,-0.004701520872504084
2016-10-19,627.51,6.441759607133938,-0.010027483366923384
2016-10-20,628.733,6.443706683275062,0.0019470761411239934
2016-10-21,630.279,6.4461625784961525,0.002455895221090465
2016-10-24,648.424,6.474544803365285,0.028382224869132777
2016-10-25,654.022,6.483140990035146,0.008596186669860728
2016-10-26,672.314,6.510725493295062,0.02758450325991557
2016-10-27,679.117,6.520793424938509,0.010067931643447103
2016-10-28,686.577,6.531718382064605,0.010924957126096757
2016-10-31,699.105,6.549800945545003,0.018082563480397162
2016-11-01,727.802,6.590029033181978,0.04022808763697583
2016-11-02,731.743,6.595429359417596,0.005400326235617925
2016-11-03,678.334,6.519639792009086,-0.07578956740851073
2016-11-04,697.204,6.5470780508640605,0.027438258854974862
2016-11-07,706.764,6.560696805362294,0.013618754498233798
2016-11-08,710.682,6.566225072369858,0.005528267007563592
2016-11-09,720.305,6.579674733423356,0.013449661053497763
2016-11-10,711.44,6.567291085091385,-0.012383648331971031
2016-11-11,714.694,6.57185447905987,0.004563393968485485
2016-11-14,706.614,6.56048454791869,-0.011369931141180345
2016-11-15,711.592,6.567504713457547,0.007020165538857093
2016-11-16,738.662,6.604840441489578,0.03733572803203078
2016-11-17,736.865,6.60240470037682,-0.0024357411127580164
2016-11-18,744.048,6.612105548881048,0.009700848504228254
2016-11-21,737.898,6.603805603666285,-0.008299945214762516
2016-11-22,747.719,6.61702723894421,0.013221635277925081
2016-11-23,740.905,6.607872411948902,-0.00915482699530834
2016-11-24,735.889,6.601079292137727,-0.006793119811175252
2016-11-25,735.943,6.601152670077633,7.337793990647157e-05
2016-11-28,731.689,6.595355560293312,-0.005797109784321464
2016-11-29,731.315,6.594844283484572,-0.0005112768087398578
2016-11-30,741.84,6.6091335864919705,0.014289303007398502
2016-12-01,753.125,6.62423121667902,0.015097630187049127
2016-12-02,768.994,6.645083167134503,0.020851950455483603
2016-12-05,753.296,6.624458244848084,-0.020624922286419434
2016-12-06,758.956,6.631943804700753,0.007485559852669077
2016-12-07,765.814,6.6409393204117375,0.00899551571098467
2016-12-08,768.935,6.6450064405755676,0.00406712016383004
2016-12-09,769.586,6.645852707917842,0.0008462673422746647
2016-12-12,778.21,6.656996410634942,0.01114370271710019
2016-12-13,778.877,6.65785313866722,0.0008567280322777648
2016-12-14,775.494,6.653500245642756,-0.004352893024464066
2016-12-15,776.217,6.65443212026673,0.0009318746239737052
2016-12-16,779.788,6.659022087868922,0.004589967602192324
2016-12-19,789.64,6.6715771453974675,0.012555057528545355
2016-12-20,794.218,6.677357982756613,0.005780837359145252
2016-12-21,825.832,6.716391363003953,0.039033380247340155
2016-12-22,861.326,6.75847306226625,0.042081699262297434
2016-12-23,895.897,6.797825451009914,0.03935238874366398
2016-12-27,928.764,6.833854669942583,0.03602921893266853
2016-12-28,972.384,6.879750788172497,0.045896118229913796
2016-12-29,966.464,6.873644050153324,-0.0061067380191728304
2016-12-30,960.523,6.867477927783444,-0.006166122369879901
2017-01-02,1021.97,6.929487416125371,0.062009488341926655
2017-01-03,1028.28,6.935642782469028,0.00615536634365732
2017-01-04,1133.92,7.033435935061946,0.0977931525929181
2017-01-05,1011.33,6.91902157525603,-0.11441435980591574
2017-01-06,886.839,6.787663455124258,-0.13135812013177262
2017-01-09,899.2,6.8015054791394265,0.013842024015168874
2017-01-10,906.947,6.8100840140086625,0.008578534869235988
2017-01-11,782.779,6.6628504083864,-0.1472336056222625
2017-01-12,813.273,6.7010668465397725,0.0382164381533725
2017-01-13,820.143,6.7094787152979904,0.008411868758217977
2017-01-16,829.187,6.720445702677029,0.010966987379038784
2017-01-17,904.814,6.807729397714919,0.08728369503788969
2017-01-18,873.134,6.772089037760535,-0.03564035995438353
2017-01-19,893.735,6.795409310650594,0.023320272890059
2017-01-20,895.736,6.7976457267020525,0.002236416051458079
2017-01-23,920.726,6.825162489278155,0.02751676257610214
2017-01-24,887.942,6.788906425543717,-0.036256063734438015
2017-01-25,893.575,6.795230270640269,0.006323845096552816
2017-01-26,916.003,6.820019639777938,0.02478936913766816
2017-01-27,919.371,6.823689740564456,0.0036701007865183044
2017-01-30,921.15,6.825622889443518,0.001933148879062152
2017-01-31,966.931,6.8741271382021525,0.04850424875863446
2017-02-01,986.291,6.893951442905641,0.01982430470348895
2017-02-02,1008.37,6.916090444772054,0.022139001866412933
2017-02-03,1013.07,6.920740603539456,0.004650158767401713
2017-02-06,1025.43,6.932867315796992,0.012126712257535921
2017-02-07,1051.75,6.95821072247063,0.025343406673638214
2017-02-08,1057.42,6.963587257940615,0.0053765354699848444
2017-02-09,980.392,6.887952491685945,-0.07563476625467036
2017-02-10,989.022,6.89671657606691,0.008764084380965542
2017-02-13,998.702,6.906456435850468,0.009739859783557847
2017-02-14,1009.9,6.917606595032511,0.011150159182043318
2017-02-15,1010.2,6.917903610033952,0.000297015001440748
2017-02-16,1033.59,6.940793458058934,0.02288984802498195
2017-02-17,1056.97,6.963161603253642,0.022368145194707978
2017-02-20,1061.01,6.966976563640255,0.0038149603866131088
2017-02-21,1122.96,7.02372333522607,0.0567467715858152
2017-02-22,1122.46,7.023277984237602,-0.00044535098846854027
2017-02-23,1176.33,7.070154701339218,0.04687671710161645
2017-02-24,1165.37,7.060793912143211,-0.009360789196007246
2017-02-27,1190.05,7.081750602029617,0.020956689886405755
2017-02-28,1192.75,7.084016844396216,0.002266242366599336
2017-03-01,1225.79,7.111340813080682,0.02732396868446596
2017-03-02,1263.58,7.141704241009064,0.03036342792838198
2017-03-03,1280.08,7.154677854960619,0.012973613951555052
2017-03-06,1279.43,7.154169945232606,-0.0005079097280127343
2017-03-07,1230.92,7.1155171362578695,-0.038652808974736885
2017-03-08,1165.5,7.060905458475812,-0.054611677782057555
2017-03-09,1188.78,7.080682850134223,0.01977739165841097
2017-03-10,1284.52,7.158140386689525,0.0774575365553023
2017-03-13,1243.32,7.1255405000516605,-0.03259988663786473
2017-03-14,1246.11,7.12778197795474,0.002241477903079492
2017-03-15,1259.6,7.13854948922687,0.010767511272129937
2017-03-16,1173.98,7.068154964467803,-0.07039452475906671
2017-03-17,1110.62,7.01267369692917,-0.05548126753863336
2017-03-20,1042.32,6.949204276894676,-0.06346942003449385
2017-03-21,1115.32,7.016896638234579,0.06769236133990297
2017-03-22,1022.81,6.930309020451754,-0.08658761778282464
2017-03-23,1025.43,6.932867315796992,0.00255829534523766
2017-03-24,961.816,6.868823164180345,-0.06404415161664723
2017-03-27,1033.06,6.940280550685534,0.07145738650518929
2017-03-28,1035.3,6.942446518772067,0.002165968086533354
2017-03-29,1044.28,6.951082931717315,0.008636412945247862
2017-03-30,1035.3,6.942446518772067,-0.008636412945247862
2017-03-31,1076.89,6.981832536378452,0.03938601760638427
2017-04-03,1153.67,7.050703444301402,0.06887090792295059
2017-04-04,1139.34,7.038204426365381,-0.012499017936021595
2017-04-05,1126.51,7.026879636885717,-0.011324789479663977
2017-04-06,1197.32,7.087841004834515,0.06096136794879836
2017-04-07,1198.9,7.089159748713608,0.0013187438790929207
2017-04-10,1205.11,7.094326128065468,0.005166379351860151
2017-04-11,1229.11,7.114045609222335,0.019719481156866614
2017-04-12,1216.99,7.104135876026898,-0.00990973319543631
2017-04-13,1178.0,7.071573364211532,-0.03256251181536651
2017-04-14,1185.96,7.078307852176093,0.006734487964560998
2017-04-17,1200.77,7.090718296662726,0.01241044448663331
2017-04-18,1216.4,7.10365095580321,0.012932659140483693
2017-04-19,1221.75,7.108039536150264,0.0043885803470544715
2017-04-20,1248.44,7.129650050895818,0.021610514745553644
2017-04-21,1250.78,7.131522635689299,0.001872584793480847
2017-04-24,1249.06,7.130146547402513,-0.0013760882867854818
2017-04-25,1263.1,7.141324295779929,0.01117774837741603
2017-04-26,1289.66,7.162133896724651,0.020809600944721396
2017-04-27,1329.96,7.192904145575562,0.030770248850910953
2017-04-28,1295.0,7.166265974133638,-0.02663817144192393
2017-05-01,1420.86,7.2590176010759855,0.09275162694234762
2017-05-02,1425.31,7.262144612903166,0.003127011827180226
2017-05-03,1476.89,7.297693804470213,0.03554919156704717
2017-05-04,1504.44,7.316176014915934,0.01848221044572096
2017-05-05,1503.99,7.315876855551511,-0.0002991593644230406
2017-05-08,1612.9,7.3857890799231365,0.0699122243716257
2017-05-09,1699.81,7.438271759092285,0.05248267916914884
2017-05-10,1743.07,7.463403205356174,0.025131446263888968
2017-05-11,1803.75,7.497623110088081,0.0342199047319065
2017-05-12,1665.28,7.417748556444031,-0.07987455364404994
2017-05-15,1698.95,7.437765692162961,0.02001713571893049
2017-05-16,1714.38,7.4468067782023795,0.009041086039418111
2017-05-17,1782.21,7.48560944620541,0.03880266800303023
2017-05-18,1877.58,7.537738992584044,0.05212954637863465
2017-05-19,1931.62,7.566114308056365,0.02837531547232075
2017-05-22,2174.86,7.684719573634996,0.11860526557863071
2017-05-23,2276.35,7.730328561982386,0.045608988347390245
2017-05-24,2502.5,7.8250455111893755,0.09471694920698948
2017-05-25,2585.32,7.8576045703835575,0.032559059194182005
2017-05-26,2272.73,7.7287370310512475,-0.12886753933231
2017-05-29,2325.58,7.751724749276486,0.02298771822523804
2017-05-30,2223.21,7.706707376439049,-0.04501737283743701
2017-05-31,2307.34,7.743850624861348,0.0371432484222991
2017-06-01,2438.43,7.79910966856625,0.05525904370490231
2017-06-02,2440.81,7.8000852304114385,0.0009755618451885439
2017-06-05,2682.4,7.894467195152019,0.09438196474058014
2017-06-06,2906.98,7.974870020590249,0.08040282543823007
2017-06-07,2700.51,7.90119592304405,-0.07367409754619914
2017-06-08,2798.77,7.936935313934774,0.03573939089072464
2017-06-09,2852.25,7.955863435476479,0.018928121541704535
2017-06-12,2693.97,7.898771221050844,-0.0570922144256345
2017-06-13,2732.99,7.913151526938571,0.014380305887726763
2017-06-14,2491.28,7.8205519136020145,-0.09259961333655653
2017-06-15,2430.13,7.7957000328460175,-0.02485188075599698
2017-06-16,2554.93,7.845780105002219,0.05008007215620136
2017-06-19,2622.61,7.871925284100045,0.026145179097825988
2017-06-20,2802.69,7.938334949258398,0.06640966515835345
2017-06-21,2701.24,7.901466205824423,-0.03686874343397495
2017-06-22,2742.73,7.916709053719505,0.015242847895081901
2017-06-23,2766.25,7.9252478913652595,0.00853883764575425
2017-06-26,2480.16,7.816078353206984,-0.10916953815827579
2017-06-27,2475.86,7.814343089394896,-0.0017352638120877728
2017-06-28,2617.8,7.870089549357619,0.055746459962723094
2017-06-29,2583.31,7.856826801380428,-0.013262747977191403
2017-06-30,2545.82,7.842208077482151,-0.014618723898276897
2017-07-03,2602.81,7.864346909629739,0.02213883214758816
2017-07-04,2607.56,7.8661701971566895,0.001823287526950601
2017-07-05,2632.96,7.875863967584483,0.00969377042779307
2017-07-06,2615.75,7.8693061422611565,-0.00655782532332605
2017-07-07,2545.82,7.842208077482151,-0.02709806477900578
2017-07-10,2373.61,7.772167281977511,-0.0700407955046396
2017-07-11,2357.93,7.765539394481949,-0.006627887495562312
2017-07-12,2407.9,7.786510277327188,0.020970882845238847
2017-07-13,2356.82,7.765068531755183,-0.0214417455720044
2017-07-14,2220.74,7.705595752656445,-0.05947277909873794
2017-07-17,2181.03,7.6875525212652125,-0.018043231391232872
2017-07-18,2375.3,7.772879024281048,0.08532650301583544
2017-07-19,2295.68,7.738784374903863,-0.03409464937718454
2017-07-20,2759.38,7.922761295795214,0.1839769208913502
2017-07-21,2649.71,7.882205479029671,-0.04055581676554265
2017-07-24,2770.85,7.926909411315504,0.04470393228583269
2017-07-25,2595.38,7.861488220332158,-0.06542119098334531
2017-07-26,2483.24,7.817319438106586,-0.0441687822255723
2017-07-27,2672.37,7.89072099812392,0.07340156001733433
2017-07-28,2772.39,7.927465043054205,0.036744044930284936
2017-07-31,2872.74,7.963021557146566,0.03555651409236038
2017-08-01,2724.8,7.910150309908424,-0.05287124723814163
2017-08-02,2693.24,7.89850020878124,-0.011650101127184342
2017-08-03,2806.62,7.939736191351646,0.041235982570406726
2017-08-04,2854.7,7.956722037759839,0.01698584640819245
2017-08-07,3400.2,8.131589532403629,0.1748674946437898
2017-08-08,3459.01,8.148737699941952,0.017148167538323378
2017-08-09,3386.39,8.12751973621393,-0.02121796372802187
2017-08-10,3462.6,8.149775030944976,0.02225529473104615
2017-08-11,3571.43,8.180721354794944,0.030946323849967428
2017-08-14,4351.61,8.37830117054962,0.19757981575467554
2017-08-15,4173.62,8.33653904372277,-0.041762126826849766
2017-08-16,4378.28,8.384411232182059,0.04787218845928898
2017-08-17,4353.5,8.37873539826867,-0.005675833913388217
2017-08-18,4173.62,8.33653904372277,-0.04219635454590076
2017-08-21,4089.98,8.316295359049342,-0.020243684673427964
2017-08-22,4152.82,8.331542900529163,0.015247541479821436
2017-08-23,4144.22,8.329469871333247,-0.0020730291959161207
2017-08-24,4288.16,8.363613015487346,0.03414314415409869
2017-08-25,4378.28,8.384411232182059,0.020798216694712934
2017-08-28,4426.74,8.395418700490156,0.011007468308097401
2017-08-29,4670.71,8.449066373368147,0.053647672877991326
2017-08-30,4631.77,8.440694363443145,-0.008372009925002644
2017-08-31,4766.44,8.469354974001684,0.02866061055853919
2017-09-01,4892.37,8.495432127634633,0.026077153632948935
2017-09-04,4416.96,8.393206955635213,-0.10222517199941983
2017-09-05,4416.96,8.393206955635213,0.0
2017-09-06,4614.67,8.43699563842145,0.04378868278623749
2017-09-07,4631.77,8.440694363443145,0.003698725021694216
2017-09-08,4214.08,8.346186578521856,-0.09450778492128897
2017-09-11,4187.6,8.3398830564452,-0.00630352207665652
2017-09-12,4182.35,8.338628568499988,-0.0012544879452107693
2017-09-13,3916.96,8.27307112171683,-0.06555744678315811
2017-09-14,3307.97,8.104089987178638,-0.16898113453819263
2017-09-15,3637.69,8.199104143792592,0.09501415661395463
2017-09-18,4040.4,8.304098975955029,0.10499483216243632
2017-09-19,3901.68,8.269162508594079,-0.03493646736095002
2017-09-20,3932.36,8.276995033535837,0.007832524941758123
2017-09-21,3653.64,8.203479209916837,-0.07351582361899922
2017-09-22,3585.51,8.184656002330035,-0.018823207586802226
2017-09-25,3951.01,8.281726521412997,0.09707051908296194
2017-09-26,3918.5,8.27346420649292,-0.008262314920077785
2017-09-27,4194.63,8.341560414773058,0.06809620828013863
2017-09-28,4184.1,8.339046906032758,-0.0025135087403000966
2017-09-29,4166.67,8.334872434621962,-0.004174471410795633
2017-10-02,4387.89,8.386603752712627,0.05173131809066511
2017-10-03,4286.33,8.363186167936579,-0.023417584776048272
2017-10-04,4215.85,8.346606510840632,-0.016579657095947553
2017-10-05,4330.88,8.373526033603806,0.02691952276317444
2017-10-06,4344.05,8.376562371676444,0.003036338072638145
2017-10-09,4805.38,8.477491402564596,0.10092903088815142
2017-10-10,4830.92,8.482792204698809,0.005300802134213356
2017-10-11,4810.0,8.478452363099807,-0.004339841599001915
2017-10-12,5288.21,8.573235093299731,0.094782730199924
2017-10-13,5509.64,8.61425456425931,0.04101947095957925
2017-10-16,5707.76,8.649581931461883,0.0353273672025729
2017-10-17,5577.24,8.626449309352811,-0.023132622109072187
2017-10-18,5500.55,8.612603366220895,-0.013845943131915561
2017-10-19,5714.29,8.650725334040478,0.03812196781958299
2017-10-20,6049.61,8.707749086137154,0.05702375209667565
2017-10-23,5889.28,8.680889028086995,-0.026860058050159452
2017-10-24,5470.46,8.607117986944221,-0.07377104114277344
2017-10-25,5678.59,8.644458241462068,0.03734025451784717
2017-10-26,5824.11,8.669761477060796,0.02530323559872727
2017-10-27,5740.53,8.65530681954582,-0.014454657514976432
2017-10-30,6097.56,8.715643970140063,0.06033715059424338
2017-10-31,6385.7,8.76181639440738,0.046172424267316714
2017-11-01,6662.23,8.804209542324596,0.04239314791721682
2017-11-02,7022.47,8.856870286986362,0.0526607446617664
2017-11-03,7235.89,8.886808644630705,0.02993835764434216
2017-11-06,6988.12,8.851966843401868,-0.03484180122883629
2017-11-07,7077.14,8.864625150273785,0.01265830687191638
2017-11-08,7396.45,8.90875543435541,0.04413028408162489
2017-11-09,7112.38,8.869592206587512,-0.03916322776789727
2017-11-10,6439.15,8.770151822809632,-0.09944038377788011
2017-11-13,6447.45,8.771439982781654,0.0012881599720220294
2017-11-14,6574.62,8.790972060698982,0.019532077917327584
2017-11-15,7251.63,8.888981550164994,0.09800948946601196
2017-11-16,7782.1,8.95958150362899,0.07059995346399539
2017-11-17,7698.23,8.948745711287717,-0.010835792341271855
2017-11-20,8257.64,9.018894111405206,0.07014840011748902
2017-11-21,7980.85,8.984800201062123,-0.03409391034308307
2017-11-22,8264.46,9.019719672367476,0.034919471305352445
2017-11-23,8130.08,9.003326042591844,-0.016393629775631524
2017-11-24,8237.23,9.016419401338837,0.013093358746992578
2017-11-27,9661.84,9.175939385258754,0.1595199839199175
2017-11-28,9940.36,9.204358516298612,0.028419131039857604
2017-11-29,9960.16,9.206348414706643,0.0019898984080306548
2017-11-30,9803.92,9.19053758467999,-0.015810830026651956
2017-12-01,10787.0,9.28609698437543,0.09555939969543914
2017-12-04,11468.0,9.34731582700326,0.06121884262783084
2017-12-05,11737.0,9.370501524100124,0.023185697096863578
2017-12-06,13793.0,9.53191649607552,0.161414971975395
2017-12-07,16611.0,9.717820405491077,0.18590390941555768
2017-12-08,15198.0,9.62891911922973,-0.08890128626134697
2017-12-11,16920.0,9.736251633160215,0.10733251393048526
2017-12-12,17361.0,9.761981590241948,0.02572995708173309
2017-12-13,16529.0,9.712871692917354,-0.0491098973245947
2017-12-14,16502.0,9.711236864664288,-0.001634828253065379
2017-12-15,17699.0,9.781263419790754,0.07002655512646605
2017-12-18,18762.0,9.839588826685896,0.05832540689514154
2017-12-19,17271.0,9.756784073343919,-0.08280475334197668
2017-12-20,16287.0,9.698122522573561,-0.05866155077035806
2017-12-21,15601.0,9.65509029374725,-0.04303222882631097
2017-12-22,14347.0,9.57129614009839,-0.08379415364886
2017-12-26,15723.0,9.662879887470275,0.09158374737188524
2017-12-27,15267.0,9.633448915256942,-0.02943097221333346
2017-12-28,14065.0,9.551444720923957,-0.08200419433298478
2017-12-29,14368.0,9.57275879054198,0.021314069618023623
2018-01-02,14859.0,9.606361021256347,0.033602230714366854
2018-01-03,14881.0,9.60784051043005,0.0014794891737022198
2018-01-04,15038.0,9.618335609937972,0.01049509950792249
2018-01-05,16556.0,9.714503852868623,0.0961682429306503
2018-01-08,14684.0,9.594513744616725,-0.11999010825189771
2018-01-09,14409.0,9.575608290332934,-0.0189054542837912
2018-01-10,14451.0,9.57851889529833,0.002910604965396857
2018-01-11,13089.0,9.479527461791719,-0.09899143350661177
2018-01-12,13908.0,9.540219493127752,0.060692031336033736
2018-01-15,13812.0,9.533293058509884,-0.006926434617868793
2018-01-16,11062.0,9.311271090554623,-0.22202196795526064
2018-01-17,11086.0,9.31343832997975,0.0021672394251268656
2018-01-18,11287.0,9.331406899955626,0.017968569975876036
2018-01-19,11390.0,9.340491056441229,0.00908415648560279
2018-01-22,10661.0,9.274347501950475,-0.06614355449075404
2018-01-23,11050.0,9.3101857069459,0.035838204995425116
2018-01-24,11099.0,9.31461029315198,0.004424586206079439
2018-01-25,11161.0,9.320180837655714,0.005570544503735064
2018-01-26,10965.0,9.302463660851988,-0.01771717680372653
2018-01-29,11050.0,9.3101857069459,0.007722046093912027
2018-01-30,10194.0,9.229554590899987,-0.08063111604591278
2018-01-31,10081.0,9.218407743053941,-0.011146847846045915
2018-02-01,8992.81,9.10418064814768,-0.11422709490626026
2018-02-02,8576.33,9.05676136204788,-0.04741928609980128
2018-02-05,6844.63,8.831219682207522,-0.225541679840358
2018-02-06,7645.26,8.941841126941176,0.11062144473365443
2018-02-07,7867.82,8.970536301768863,0.028695174827687353
2018-02-08,8223.68,9.014773076432077,0.044236774663213296
2018-02-09,8561.64,9.055047039570047,0.04027396313797027
2018-02-12,8880.99,9.091668316258545,0.03662127668849813
2018-02-13,8539.71,9.052482328360602,-0.03918598789794281
2018-02-14,9433.96,9.152071223852179,0.09958889549157668
2018-02-15,10070.0,9.217315985712608,0.06524476186042882
2018-02-16,10010.0,9.211339872309265,-0.005976113403342254
2018-02-19,11086.0,9.31343832997975,0.10209845767048442
2018-02-20,11429.0,9.343909263897597,0.030470933917847276
2018-02-21,10449.0,9.254261559034111,-0.08964770486348606
2018-02-22,9960.16,9.206348414706643,-0.047913144327468515
2018-02-23,9980.04,9.20834237731351,0.001993962606867683
2018-02-26,10352.0,9.244935016740682,0.03659263942717139
2018-02-27,10741.0,9.281823473598047,0.036888456857365526
2018-02-28,10428.0,9.252249775053393,-0.029573698544654192
2018-03-01,10965.0,9.302463660851988,0.05021388579859476
2018-03-02,11050.0,9.3101857069459,0.007722046093912027
2018-03-05,11561.0,9.355392643675321,0.04520693672942144
2018-03-06,10764.0,9.283962511846797,-0.07143013182852442
2018-03-07,9930.49,9.203365101239699,-0.08059741060709769
2018-03-08,9276.44,9.13523313148935,-0.06813196975034863
2018-03-09,8992.81,9.10418064814768,-0.031052483341669657
2018-03-12,9049.77,9.11049462200638,0.006313973858699029
2018-03-13,9157.51,9.122329586653466,0.01183496464708611
2018-03-14,8169.93,9.008215619885886,-0.11411396676757946
2018-03-15,8326.39,9.02718526787818,0.01896964799229295
2018-03-16,8525.15,9.05077589730484,0.02359062942666057
2018-03-19,8496.18,9.047371929697968,-0.0034039676068715607
2018-03-20,8952.55,9.099693686889106,0.05232175719113741
2018-03-21,8849.56,9.088123019251894,-0.01157066763721204
2018-03-22,8695.65,9.070578179600993,-0.017544839650900812
2018-03-23,8620.69,9.061920406857908,-0.00865777274308499
2018-03-26,7886.44,8.972900107960973,-0.0890202988969353
2018-03-27,8000.0,8.987196820661973,0.014296712701000303
2018-03-28,7874.02,8.971324011505537,-0.015872809156435963
2018-03-29,7052.19,8.8610934858661,-0.11023052563943736
2018-03-30,6816.63,8.827120493815267,-0.03397299205083293
2018-04-02,6983.24,8.851268271437728,0.024147777622461675
2018-04-03,7429.42,8.913203072753644,0.06193480131591578
2018-04-04,6830.6,8.82916779643705,-0.08403527631659458
2018-04-05,6724.95,8.813579769498162,-0.015588026938887722
2018-04-06,6622.52,8.798231241149214,-0.015348528348948065
2018-04-09,6715.92,8.812236106274192,0.014004865124977783
2018-04-10,6854.01,8.832589161435532,0.02035305516134045
2018-04-11,6901.31,8.83946652763762,0.006877366202088453
2018-04-12,7824.73,8.965044510020718,0.12557798238309736
2018-04-13,8097.17,8.99926989689612,0.03422538687540211
2018-04-16,7993.61,8.986397751491221,-0.01287214540489856
2018-04-17,7911.39,8.976058772251472,-0.01033897923974969
2018-04-18,8190.01,9.01067039784759,0.034611625596118856
2018-04-19,8271.3,9.020546970343512,0.00987657249592111
2018-04-20,8517.89,9.049923936570236,0.029376966226724477
2018-04-23,8936.55,9.097904887646393,0.0479809510761573
2018-04-24,9469.7,9.155852506692062,0.057947619045668475
2018-04-25,9165.9,9.123245355125201,-0.03260715156686089
2018-04-26,9090.91,9.115030292171852,-0.008215062953349062
2018-04-27,9090.91,9.115030292171852,0.0
2018-04-30,9216.59,9.12876039998376,0.013730107811907644
2018-05-01,9074.41,9.11321364324546,-0.015546756738299194
2018-05-02,9233.61,9.130605366957328,0.017391723711867257
2018-05-03,9652.51,9.17497326413889,0.0443678971815622
2018-05-04,9652.51,9.17497326413889,0.0
2018-05-07,9389.67,9.147365427814783,-0.02760783632410657
2018-05-08,9182.74,9.125080914025284,-0.022284513789498916
2018-05-09,9242.14,9.13152873955179,0.0064478255265054685
2018-05-10,9099.18,9.115939578554691,-0.015589160997098617
2018-05-11,8605.85,9.060197483546437,-0.05574209500825411
2018-05-14,8726.0,9.074062353683555,0.01386487013711779
2018-05-15,8496.18,9.047371929697968,-0.02669042398558652
2018-05-16,8285.0,9.022201929860664,-0.025169999837304502
2018-05-17,8149.96,9.005768298247403,-0.016433631613260502
2018-05-18,8230.45,9.015595970183618,0.0098276719362147
2018-05-21,8382.23,9.033869267860403,0.018273297676785205
2018-05-22,8071.03,8.996036386328987,-0.03783288153141662
2018-05-23,7639.42,8.941076963048417,-0.05495942328056991
2018-05-24,7530.12,8.926666256921939,-0.01441070612647799
2018-05-25,7423.9,8.912459804547732,-0.014206452374207146
2018-05-28,7163.32,8.876728839635863,-0.03573096491186867
2018-05-29,7490.64,8.921409520123873,0.04468068048801044
2018-05-30,7336.76,8.900652607261712,-0.020756912862161414
2018-05-31,7547.17,8.928927937537997,0.02827533027628526
2018-06-01,7434.94,8.913945788922218,-0.014982148615779067
2018-06-04,7535.8,8.927420276625895,0.013474487703676985
2018-06-05,7587.25,8.934224485895767,0.006804209269871464
2018-06-06,7662.84,8.944137951201334,0.00991346530556747
2018-06-07,7662.84,8.944137951201334,0.0
2018-06-08,7639.42,8.941076963048417,-0.003060988152917332
2018-06-11,6770.48,8.820327264426934,-0.12074969862148244
2018-06-12,6548.79,8.78703557873966,-0.03329168568727425
2018-06-13,6277.46,8.744720719048077,-0.042314859691582996
2018-06-14,6648.94,8.802212722448369,0.05749200340029148
2018-06-15,6548.79,8.78703557873966,-0.015177143708708485
2018-06-18,6715.92,8.812236106274192,0.025200527534531503
2018-06-19,6720.43,8.812907419565283,0.0006713132910913799
2018-06-20,6720.43,8.812907419565283,0.0
2018-06-21,6706.91,8.810893617193543,-0.002013802371740425
2018-06-22,6195.79,8.731625308128297,-0.07926830906524529
2018-06-25,6261.74,8.7422133807433,0.010588072615002275
2018-06-26,6222.78,8.735972031220529,-0.006241349522770889
2018-06-27,6119.95,8.719309205538357,-0.0166628256821717
2018-06-28,5917.16,8.685611883041199,-0.033697322497157955
2018-06-29,5882.35,8.679711620913887,-0.005900262127312317
2018-07-02,6644.52,8.80154773377531,0.12183611286142337
2018-07-03,6609.39,8.796246644169713,-0.0053010896055969425
2018-07-04,6688.96,8.808213685133417,0.011967040963703823
2018-07-05,6493.51,8.778558495550499,-0.02965518958291824
2018-07-06,6570.3,8.79031477253663,0.011756276986131908
2018-07-09,6711.41,8.81156434201881,0.02124956948217971
2018-07-10,6373.49,8.759902479225119,-0.05166186279369178
2018-07-11,6361.32,8.757991181969045,-0.0019112972560737518
2018-07-12,6169.03,8.727296892222615,-0.03069428974642996
2018-07-13,6176.65,8.728531332280618,0.0012344400580026615
2018-07-16,6662.23,8.804209542324596,0.07567821004397857
2018-07-17,7358.35,8.903591001807149,0.09938145948255261
2018-07-18,7331.38,8.899919044554885,-0.00367195725226388
2018-07-19,7434.94,8.913945788922218,0.014026744367333421
2018-07-20,7342.14,8.90138563224872,-0.012560156673497858
2018-07-23,7751.94,8.955698413602569,0.05431278135384865
2018-07-24,8257.64,9.018894111405206,0.06319569780263734
2018-07-25,8278.15,9.021374792463424,0.0024806810582180816
2018-07-26,7949.13,8.980817767697781,-0.04055702476564349
2018-07-27,8223.68,9.014773076432077,0.03395530873429564
2018-07-30,8123.48,9.002513912773791,-0.012259163658285388
2018-07-31,7710.1,8.950286436641875,-0.05222747613191636
2018-08-01,7479.43,8.919911864856354,-0.030374571785520388
2018-08-02,7530.12,8.926666256921939,0.006754392065584369
2018-08-03,7374.63,8.905801010457964,-0.02086524646397514
2018-08-06,6863.42,8.833961138763073,-0.07183987169489114
2018-08-07,6738.54,8.815598563230774,-0.01836257553229892
2018-08-08,6293.27,8.747236087421422,-0.06836247580935151
2018-08-09,6587.62,8.792947409002489,0.0457113215810665
2018-08-10,6397.95,8.763732905536758,-0.029214503465730957
2018-08-13,6242.2,8.739087963329919,-0.024644942206839104
2018-08-14,6116.21,8.71869790262691,-0.020390060703007862
2018-08-15,6418.49,8.766938166527352,0.048240263900440894
2018-08-16,6277.46,8.744720719048077,-0.022217447479274455
2018-08-17,6497.73,8.77920816411923,0.034487445071153644
2018-08-20,6422.61,8.76757985612425,-0.011628307994980602
2018-08-21,6464.12,8.774022164385052,0.00644230826080161
2018-08-22,6369.43,8.759265262615836,-0.014756901769215958
2018-08-23,6476.68,8.775963312373413,0.016698049757577493
2018-08-24,6622.52,8.798231241149214,0.022267928775800527
2018-08-27,6729.48,8.814253153680351,0.01602191253113716
2018-08-28,7067.14,8.863211150880934,0.04895799720058314
2018-08-29,7062.15,8.862504816704558,-0.0007063341763764441
2018-08-30,6939.63,8.845003737958564,-0.017501078745993937
2018-08-31,7042.25,8.859683000362889,0.014679262404325044
2018-09-03,7309.94,8.896990344775803,0.03730734441291439
2018-09-04,7352.94,8.902855512228209,0.0058651674524057285
2018-09-05,6930.01,8.843616535184351,-0.05923897704385794
2018-09-06,6435.01,8.769508674030574,-0.07410786115377732
2018-09-07,6418.49,8.766938166527352,-0.0025705075032220748
2018-09-10,6293.27,8.747236087421422,-0.01970207910592947
2018-09-11,6309.15,8.749756239646901,0.0025201522254789666
2018-09-12,6301.2,8.748495370431813,-0.0012608692150877232
2018-09-13,6459.95,8.773376856808614,0.024881486376800765
2018-09-14,6535.95,8.785072986571777,0.011696129763162588
2018-09-17,6246.1,8.73971254796142,-0.045360438610357434
2018-09-18,6321.11,8.751650104630642,0.01193755666922236
2018-09-19,6381.62,8.761177262602288,0.009527157971646716
2018-09-20,6497.73,8.77920816411923,0.01803090151694242
2018-09-21,6752.19,8.817622175690303,0.03841401157107249
2018-09-24,6618.13,8.797568131685425,-0.02005404400487798
2018-09-25,6389.78,8.762455117983905,-0.03511301370152076
2018-09-26,6476.68,8.775963312373413,0.013508194389508787
2018-09-27,6711.41,8.81156434201881,0.03560102964539702
2018-09-28,6675.57,8.80620987288108,-0.005354469137730078
2018-10-01,6578.95,8.791630437117918,-0.014579435763161896
2018-10-02,6531.68,8.784419463300614,-0.007210973817304733
2018-10-03,6451.61,8.772084991044926,-0.012334472255687956
2018-10-04,6557.38,8.788346411916706,0.016261420871780174
2018-10-05,6553.08,8.787690447113917,-0.0006559648027888443
2018-10-08,6635.7,8.800219442331825,0.012528995217907735
2018-10-09,6596.31,8.794265680755826,-0.005953761575998584
2018-10-10,6535.95,8.785072986571777,-0.009192694184049444
2018-10-11,6222.78,8.735972031220529,-0.04910095535124803
2018-10-12,6238.3,8.738462988348637,0.0024909571281082066
2018-10-15,6459.95,8.773376856808614,0.03491386845997724
2018-10-16,6523.16,8.783114200086414,0.009737343277800292
2018-10-17,6514.66,8.781810300936975,-0.0013038991494394025
2018-10-18,6430.87,8.768865111344944,-0.01294518959203117
2018-10-19,6426.74,8.768222690219707,-0.0006424211252369361
2018-10-22,6447.45,8.771439982781654,0.0032172925619473602
2018-10-23,6435.01,8.769508674030574,-0.001931308751080607
2018-10-24,6464.12,8.774022164385052,0.004513490354478122
2018-10-25,6435.01,8.769508674030574,-0.004513490354478122
2018-10-26,6435.01,8.769508674030574,0.0
2018-10-29,6285.36,8.745978398620231,-0.023530275410342583
2018-10-30,6285.36,8.745978398620231,0.0
2018-10-31,6325.11,8.752282704748842,0.006304306128610548
2018-11-01,6353.24,8.756720197980972,0.004437493232130052
2018-11-02,6369.43,8.759265262615836,0.002545064634864147
2018-11-05,6414.37,8.766296064900503,0.007030802284667459
2018-11-06,6451.61,8.772084991044926,0.0057889261444223905
2018-11-07,6518.9,8.782460929030844,0.010375937985918071
2018-11-08,6426.74,8.768222690219707,-0.014238238811136839
2018-11-09,6361.32,8.757991181969045,-0.010231508250662102
2018-11-12,6349.21,8.75608567469842,-0.0019055072706244403
2018-11-13,6329.11,8.752914904937114,-0.003170769761306147
2018-11-14,5595.97,8.629801974798879,-0.12311293013823565
2018-11-15,5534.03,8.618671581365788,-0.011130393433090191
2018-11-16,5540.17,8.619780465191104,0.0011088838253154876
2018-11-19,4840.27,8.484725783278712,-0.13505468191239167
2018-11-20,4310.34,8.368772066297337,-0.11595371698137491
2018-11-21,4504.5,8.412832176091495,0.044060109794157754
2018-11-22,4442.47,8.398965807051587,-0.013866369039908122
2018-11-23,4248.09,8.354224749138023,-0.044741057913563864
2018-11-26,3680.53,8.210812042531971,-0.14341270660605154
2018-11-27,3822.63,8.24869394638123,0.037881903849259047
2018-11-28,4210.53,8.345343809489195,0.09664986310796486
2018-11-29,4240.88,8.352526073860881,0.007182264371685676
2018-11-30,3974.56,8.28766932913774,-0.06485674472314074
2018-12-03,3865.48,8.259841144772238,-0.02782818436550194
2018-12-04,3923.11,8.274639985581931,0.014798840809692848
2018-12-05,3731.34,8.22452269745303,-0.05011728812890048
2018-12-06,3612.72,8.192216230220358,-0.032306467232672276
2018-12-07,3363.61,8.120770080959437,-0.07144614926092174
2018-12-10,3460.21,8.149084559851604,0.02831447889216676
2018-12-11,3393.28,8.129552284220551,-0.019532275631052087
2018-12-12,3445.9,8.144940397514171,0.015388113293619554
2018-12-13,3294.89,8.10012806246433,-0.04481233504984061
2018-12-14,3194.89,8.06930793742396,-0.030820125040371238
2018-12-17,3513.7,8.164424892308041,0.095116954884082
2018-12-18,3599.71,8.188608565643873,0.024183673335832268
2018-12-19,3753.75,8.23051061929754,0.041902053653666727
2018-12-20,4105.09,8.31998294612853,0.0894723268309896
2018-12-21,3838.77,8.252907281770767,-0.06707566435776258
2018-12-24,4095.0,8.31752199628717,0.06461471451640222
2018-12-26,3850.6,8.255984259295236,-0.061537736991933656
2018-12-27,3632.4,8.197648865815673,-0.05833539347956318
2018-12-28,3952.57,8.282121279236732,0.08447241342105904
2018-12-31,3728.56,8.223777379116674,-0.05834390012005741
2019-01-02,3946.33,8.280541312077235,0.05676393296056048
2019-01-03,3840.25,8.253292747629255,-0.027248564447980073
2019-01-04,3827.02,8.249841711437654,-0.0034510361916009202
2019-01-07,4033.88,8.30248397092247,0.05264225948481638
2019-01-08,4038.77,8.303695469153682,0.0012114982312123601
2019-01-09,4030.63,8.301677970266276,-0.0020174988874064326
2019-01-10,3654.97,8.203843164215858,-0.09783480605041817
2019-01-11,3681.89,8.211181486278857,0.007338322062999225
2019-01-14,3687.32,8.212655185897333,0.0014736996184758766
2019-01-15,3599.71,8.188608565643873,-0.024046620253459494
2019-01-16,3619.25,8.194022101034152,0.005413535390278668
2019-01-17,3656.31,8.20420972110193,0.010187620067778624
2019-01-18,3627.13,8.19619698093449,-0.008012740167441024
2019-01-21,3544.84,8.173248303956122,-0.022948676978368
2019-01-22,3601.01,8.188969640651406,0.015721336695284194
2019-01-23,3573.98,8.181435099732814,-0.007534540918591404
2019-01-24,3590.66,8.186091308596227,0.004656208863412559
2019-01-25,3575.26,8.181793179756335,-0.0042981288398920015
2019-01-28,3454.23,8.147354845951138,-0.034438333805196564
2019-01-29,3424.66,8.138757475695733,-0.008597370255404968
2019-01-30,3471.02,8.152203777873419,0.01344630217768561
2019-01-31,3450.66,8.146320796076887,-0.005882981796531794
2019-02-01,3478.26,8.154287447726837,0.007966651649949696
2019-02-04,3436.43,8.142188420792143,-0.012099026934693669
2019-02-05,3450.66,8.146320796076887,0.004132375284743972
2019-02-06,3395.59,8.130232809871845,-0.016087986205041815
2019-02-07,3387.53,8.127856321237303,-0.0023764886345425396
2019-02-08,3657.64,8.204573409673676,0.07671708843637326
2019-02-11,3625.82,8.195835748604404,-0.008737661069272207
2019-02-12,3616.64,8.193300697001424,-0.002535051602979621
2019-02-13,3601.01,8.188969640651406,-0.004331056350018514
2019-02-14,3594.54,8.187171306474402,-0.001798334177003369
2019-02-15,3598.42,8.188250139215395,0.001078832740992297
2019-02-18,3895.6,8.267602990087044,0.07935285087164878
2019-02-19,3941.66,8.27935723335867,0.011754243271626663
2019-02-20,3961.97,8.284496655296461,0.005139421937791155
2019-02-21,3923.11,8.274639985581931,-0.009856669714530142
2019-02-22,3969.83,8.286478551605693,0.011838566023762098
2019-02-25,3853.56,8.256752675357635,-0.029725876248058114
2019-02-26,3831.42,8.250990770641389,-0.005761904716246491
2019-02-27,3800.84,8.242977373917522,-0.00801339672386625
2019-02-28,3829.95,8.25060702725919,0.007629653341666653
2019-03-01,3865.48,8.259841144772238,0.009234117513049256
2019-03-04,3724.39,8.22265835901453,-0.03718278575770917
2019-03-05,3869.97,8.261002034055796,0.03834367504126668
2019-03-06,3886.51,8.265266861676098,0.004264827620302114
2019-03-07,3897.12,8.267993097782245,0.002726236106147084
2019-03-08,3933.91,8.277389121208918,0.009396023426672784
2019-03-11,3886.51,8.265266861676098,-0.012122259532819868
2019-03-12,3898.64,8.268383053352776,0.003116191676678426
2019-03-13,3881.99,8.26410318773388,-0.004279865618896039
2019-03-14,3885.0,8.264878262801748,0.0007750750678674478
2019-03-15,3933.91,8.277389121208918,0.012510858407170034
2019-03-18,4009.62,8.29645175271804,0.01906263150912224
2019-03-19,4029.01,8.301275967193728,0.004824214475688038
2019-03-20,4063.39,8.309772879567225,0.008496912373496812
2019-03-21,4000.0,8.294049640102028,-0.01572323946519738
2019-03-22,4000.0,8.294049640102028,0.0
2019-03-25,3924.65,8.27503245426593,-0.01901718583609835
2019-03-26,3933.91,8.277389121208918,0.002356666942988639
2019-03-27,4037.14,8.303291799468871,0.025902678259953404
2019-03-28,4035.51,8.302887966769038,-0.00040383269983301773
2019-03-29,4101.72,8.319161676916883,0.01627371014784451
2019-04-01,4154.55,8.331959398175231,0.012797721258348105
2019-04-02,4805.38,8.477491402564596,0.14553200438936464
2019-04-03,5219.21,8.560101328427312,0.08260992586271598
2019-04-04,4943.15,8.50575805879029,-0.05434326963702141
2019-04-05,5030.18,8.523211047741777,0.017452988951486503
2019-04-08,5288.21,8.573235093299731,0.050024045557954366
2019-04-09,5230.13,8.562191413346607,-0.011043679953123942
2019-04-10,5296.61,8.574822272252874,0.012630858906266695
2019-04-11,5030.18,8.523211047741777,-0.05161122451109712
2019-04-12,5068.42,8.530784410935436,0.007573363193658977
2019-04-15,5027.65,8.522707957104261,-0.00807645383117439
2019-04-16,5216.48,8.559578123912368,0.036870166808107285
2019-04-17,5246.59,8.565333620744171,0.0057554968318029864
2019-04-18,5305.04,8.576412591076208,0.01107897033203642
2019-04-22,5399.57,8.594074599752128,0.01766200867592005
2019-04-23,5580.36,8.627008569423312,0.032933969671184116
2019-04-24,5446.62,8.602750511777723,-0.024258057645589304
2019-04-25,5411.26,8.596237246756331,-0.00651326502139149
2019-04-26,5178.66,8.55230161452952,-0.04393563222681074
2019-04-29,5238.34,8.563759933232173,0.011458318702652903
2019-04-30,5370.57,8.588689327121298,0.024929393889124185
2019-05-01,5405.41,8.595155582885589,0.006466255764291162
2019-05-02,5512.68,8.614806172283226,0.019650589397636864
2019-05-03,5793.74,8.664533303314833,0.04972713103160764
2019-05-06,5803.83,8.666273323430387,0.00174002011555352
2019-05-07,5995.2,8.698714428039423,0.032441104609036486
2019-05-08,5988.02,8.697516085547301,-0.0011983424921222507
2019-05-09,6153.85,8.724833181194287,0.02731709564698548
2019-05-10,6397.95,8.763732905536758,0.03889972434247113
2019-05-13,8071.03,8.996036386328987,0.23230348079222907
2019-05-14,7776.05,8.958803776160755,-0.03723261016823187
2019-05-15,8136.7,9.004139971392192,0.04533619523143706
2019-05-16,7930.21,8.978434795993266,-0.025705175398925917
2019-05-17,7158.2,8.876013831701211,-0.1024209642920546
2019-05-20,8051.53,8.993617414464895,0.11760358276368343
2019-05-21,7993.61,8.986397751491221,-0.00721966297367338
2019-05-22,7680.49,8.946438626189785,-0.039959125301436416
2019-05-23,7892.66,8.97368849263718,0.02724986644739502
2019-05-24,8064.52,8.995229472359123,0.021540979721942577
2019-05-27,8818.34,9.084588922670592,0.08935945031146986
2019-05-28,8710.8,9.072318914078796,-0.01227000859179661
2019-05-29,8665.51,9.067106057890264,-0.005212856188531845
2019-05-30,8210.18,9.013130126688475,-0.053975931201788896
2019-05-31,8431.7,9.039753691400577,0.02662356471210181
2019-06-03,8496.18,9.047371929697968,0.0076182382973915
2019-06-04,7530.12,8.926666256921939,-0.12070567277602962
2019-06-05,7745.93,8.954922823111582,0.02825656618964345
2019-06-06,7745.93,8.954922823111582,0.0
2019-06-07,7968.13,8.983205114392385,0.02828229128080295
2019-06-10,7949.13,8.980817767697781,-0.0023873466946042754
2019-06-11,7911.39,8.976058772251472,-0.0047589954463092
2019-06-12,8156.61,9.006583920462088,0.030525148210616138
2019-06-13,8326.39,9.02718526787818,0.020601347416091542
2019-06-14,8410.43,9.03722788126753,0.010042613389350308
2019-06-17,9285.05,9.136160858801924,0.09893297753439434
2019-06-18,9009.01,9.105980466651934,-0.030180392149990354
2019-06-19,9233.61,9.130605366957328,0.024624900305393993
2019-06-20,9523.81,9.16155025780675,0.030944890849422535
2019-06-21,9910.8,9.201380350604671,0.03983009279792071
2019-06-24,10953.0,9.301368670323747,0.09998831971907585
2019-06-25,11547.0,9.354180941951856,0.05281227162810964
2019-06-26,12407.0,9.426016108442871,0.07183516649101485
2019-06-27,10776.0,9.2850767180902,-0.14093939035267056
2019-06-28,12315.0,9.418573310554638,0.13349659246443757
2019-07-01,10593.0,9.267948684596496,-0.15062462595814274
2019-07-02,10695.0,9.277531621516506,0.009582936920009999
2019-07-03,11403.0,9.341631757657359,0.06410013614085308
2019-07-04,11587.0,9.357639058997062,0.016007301339703517
2019-07-05,11136.0,9.317938382574201,-0.03970067642286068
2019-07-08,12330.0,9.41979059615839,0.10185221358418772
2019-07-09,12563.0,9.438511265004419,0.018720668846029298
2019-07-10,11947.0,9.388235479817224,-0.050275785187194444
2019-07-11,11299.0,9.332469505209247,-0.0557659746079775
2019-07-12,11628.0,9.361171261678766,0.02870175646951978
2019-07-15,10753.0,9.282940064390527,-0.07823119728823968
2019-07-16,9643.2,9.17400828272878,-0.108931781661747
2019-07-17,9842.52,9.194467054819892,0.020458772091112465
2019-07-18,10593.0,9.267948684596496,0.07348162977660344
2019-07-19,10406.0,9.250137841850249,-0.01781084274624689
2019-07-22,10267.0,9.236690147298965,-0.013447694551283362
2019-07-23,10121.0,9.222367752188902,-0.014322395110063724
2019-07-24,9784.74,9.188579308194578,-0.03378844399432346
2019-07-25,9891.2,9.199400751937798,0.010821443743219916
2019-07-26,9861.93,9.196437168807147,-0.0029635831306507043
2019-07-29,9505.7,9.1596468976606,-0.03679027114654687
2019-07-30,9578.54,9.167280458515647,0.007633560855046184
2019-07-31,10050.0,9.215327913487222,0.048047454971575476
2019-08-01,10417.0,9.251194365984448,0.035866452497225865
2019-08-02,10471.0,9.256364810287462,0.0051704443030136105
2019-08-05,11737.0,9.370501524100124,0.11413671381266255
2019-08-06,11377.0,9.339349052539717,-0.031152471560407236
2019-08-07,11947.0,9.388235479817224,0.04888642727750714
2019-08-08,11723.0,9.369308003071827,-0.018927476745396632
2019-08-09,11820.0,9.377548290960089,0.008240287888261477
2019-08-12,11403.0,9.341631757657359,-0.03591653330273026
2019-08-13,10870.0,9.293761980115255,-0.047869777542103975
2019-08-14,10194.0,9.229554590899987,-0.0642073892152677
2019-08-15,10341.0,9.243871855184976,0.014317264284988696
2019-08-16,10471.0,9.256364810287462,0.012492955102485936
2019-08-19,10730.0,9.280798835624744,0.024434025337281895
2019-08-20,10799.0,9.28720881623276,0.006409980608015786
2019-08-21,10060.0,9.21632244365373,-0.07088637257902874
2019-08-22,10142.0,9.224440496354964,0.008118052701233225
2019-08-23,10428.0,9.252249775053393,0.027809278698429196
2019-08-26,10277.0,9.237663667625073,-0.014586107428320005
2019-08-27,10142.0,9.224440496354964,-0.01322317127010919
2019-08-28,9727.63,9.182725568943143,-0.04171492741182092
2019-08-29,9514.75,9.160598505081344,-0.022127063861798746
2019-08-30,9578.54,9.167280458515647,0.006681953434302557
2019-09-02,10384.0,9.248021438943871,0.08074098042822442
2019-09-03,10695.0,9.277531621516506,0.02951018257263449
2019-09-04,10672.0,9.275378768155404,-0.002152853361101492
2019-09-05,10560.0,9.264828557260252,-0.01055021089515229
2019-09-06,10384.0,9.248021438943871,-0.01680711831638071
2019-09-09,10288.0,9.2387334464774,-0.009287992466470385
2019-09-10,10101.0,9.220389707829185,-0.018343738648216146
2019-09-11,10173.0,9.227492430793749,0.007102722964564379
2019-09-12,10417.0,9.251194365984448,0.023701935190699075
2019-09-13,10225.0,9.232590980911002,-0.018603385073445722
2019-09-16,10309.0,9.240772579096385,0.008181598185382555
2019-09-17,10225.0,9.232590980911002,-0.008181598185382555
2019-09-18,10204.0,9.230535079261703,-0.002055901649299585
2019-09-19,10277.0,9.237663667625073,0.00712858836337027
2019-09-20,10163.0,9.226508953137767,-0.011154714487306094
2019-09-23,9746.59,9.184672759227595,-0.04183619391017146
2019-09-24,8673.03,9.067973489689196,-0.11669926953839926
2019-09-25,8605.85,9.060197483546437,-0.007776006142758973
2019-09-26,8090.61,8.998459408940501,-0.06173807460593572
2019-09-27,8012.82,8.988798038028945,-0.009661370911556943
2019-09-30,8271.3,9.020546970343512,0.03174893231456721
2019-10-01,8326.39,9.02718526787818,0.006638297534667714
2019-10-02,8278.15,9.021374792463424,-0.00581047541475499
2019-10-03,8196.72,9.011489353231005,-0.009885439232419913
2019-10-04,8210.18,9.013130126688475,0.0016407734574706012
2019-10-07,8216.93,9.01395193897072,0.0008218122822452045
2019-10-08,8169.93,9.008215619885886,-0.005736319084833852
2019-10-09,8568.98,9.055903984671763,0.04768836478587701
2019-10-10,8568.98,9.055903984671763,0.0
2019-10-11,8354.22,9.030522079400338,-0.025381905271425254
2019-10-14,8326.39,9.02718526787818,-0.0033368115221588113
2019-10-15,8163.27,9.007400102979327,-0.019785164898852514
2019-10-16,7987.22,8.985598043298275,-0.0218020596810522
2019-10-17,8071.03,8.996036386328987,0.010438343030712005
2019-10-18,7968.13,8.983205114392385,-0.012831271936601496
2019-10-21,8230.45,9.015595970183618,0.03239085579123291
2019-10-22,8110.3,9.000890137793975,-0.014705832389642737
2019-10-23,7446.02,8.915434940434965,-0.08545519735901053
2019-10-24,7457.12,8.91692455967662,0.0014896192416546938
2019-10-25,8650.52,9.06537471372599,0.148450154049371
2019-10-28,9460.74,9.154905883088059,0.0895311693620684
2019-10-29,9469.7,9.155852506692062,0.0009466236040029941
2019-10-30,9225.09,9.129682224958698,-0.02617028173336422
2019-10-31,9132.42,9.119585998707718,-0.010096226250979612
2019-11-01,9225.09,9.129682224958698,0.010096226250979612
2019-11-04,9398.5,9.14830538105665,0.018623156097952176
2019-11-05,9328.36,9.140814501327554,-0.0074908797290955675
2019-11-06,9345.79,9.142681253502257,0.0018667521747026683
2019-11-07,9233.61,9.130605366957328,-0.012075886544929304
2019-11-08,8802.82,9.082827403677161,-0.0477779632801667
2019-11-11,8718.4,9.073191013828835,-0.009636389848326488
2019-11-12,8771.93,9.079312129569779,0.006121115740944205
2019-11-13,8756.57,9.07755955474232,-0.0017525748274582753
2019-11-14,8658.01,9.066240183002414,-0.011319371739906714
2019-11-15,8474.58,9.044826373498513,-0.02141380950390115
2019-11-18,8216.93,9.01395193897072,-0.03087443452779226
2019-11-19,8143.32,9.004953238251186,-0.008998700719534014
2019-11-20,8090.61,8.998459408940501,-0.006493829310684873
2019-11-21,7639.42,8.941076963048417,-0.05738244589208463
2019-11-22,7342.14,8.90138563224872,-0.039691330799696445
2019-11-25,7230.66,8.886085597293523,-0.015300034955197717
2019-11-26,7163.32,8.876728839635863,-0.009356757657659642
2019-11-27,7547.17,8.928927937537997,0.052199097902134284
2019-11-28,7396.45,8.90875543435541,-0.020172503182587675
2019-11-29,7757.95,8.956473403019102,0.047717968663691934
2019-12-02,7352.94,8.902855512228209,-0.05361789079089263
2019-12-03,7331.38,8.899919044554885,-0.002936467673324117
2019-12-04,7225.43,8.885362026780586,-0.014557017774299297
2019-12-05,7423.9,8.912459804547732,0.02709777776714617
2019-12-06,7457.12,8.91692455967662,0.004464755128887887
2019-12-09,7347.54,8.902120842306834,-0.014803717369785474
2019-12-10,7251.63,8.888981550164994,-0.013139292141840286
2019-12-11,7204.61,8.882476377891562,-0.006505172273431725
2019-12-12,7199.42,8.881755746203819,-0.0007206316877432783
2019-12-13,7267.44,8.891159376464998,0.009403630261179075
2019-12-16,6901.31,8.83946652763762,-0.05169284882737735
2019-12-17,6600.66,8.79492492301485,-0.04454160462277024
2019-12-18,7363.77,8.904327308839678,0.10940238582482742
2019-12-19,7168.46,8.87744612670284,-0.026881182136838433
2019-12-20,7220.22,8.884640702336771,0.007194575633931777
2019-12-23,7299.27,8.895529622136149,0.010888919799377561
2019-12-24,7189.07,8.88031709603481,-0.015212526101338497
2019-12-26,7209.81,8.88319787764328,0.002880781608469718
2019-12-27,7230.66,8.886085597293523,0.002887719650242815
2019-12-30,7267.44,8.891159376464998,0.005073779171475223
2019-12-31,7194.24,8.881035984833378,-0.010123391631619683
2020-01-02,6968.64,8.849175362764585,-0.03186062206879292
2020-01-03,7326.01,8.899186308339193,0.05001094557460739
2020-01-06,7722.01,8.951829971824639,0.05264366348544591
2020-01-07,8032.13,8.991205027059495,0.039375055234856404
2020-01-08,8071.03,8.996036386328987,0.004831359269491742
2020-01-09,7806.4,8.962699189061572,-0.033337197267414354
2020-01-10,8071.03,8.996036386328987,0.033337197267414354
2020-01-13,8116.88,9.00170112286478,0.00566473653579358
2020-01-14,8748.91,9.076684400163424,0.07498327729864407
2020-01-15,8849.56,9.088123019251894,0.011438619088469437
2020-01-16,8718.4,9.073191013828835,-0.01493200542305928
2020-01-17,8865.25,9.089894418900295,0.01670340507146051
2020-01-20,8665.51,9.067106057890264,-0.02278836101003101
2020-01-21,8710.8,9.072318914078796,0.005212856188531845
2020-01-22,8643.04,9.064509651764606,-0.00780926231418988
2020-01-23,8396.31,9.035547602602884,-0.028962049161721737
2020-01-24,8481.76,9.045673254420826,0.010125651817942227
2020-01-27,8904.72,9.094336752219874,0.04866349779904766
2020-01-28,9149.13,9.121414071781777,0.027077319561902513
2020-01-29,9337.07,9.141747777510552,0.020333705728775797
2020-01-30,9560.23,9.16536706433345,0.023619286822897934
2020-01-31,9310.99,9.138950701889456,-0.026416362443994146
2020-02-03,9276.44,9.13523313148935,-0.003717570400105785
2020-02-04,9182.74,9.125080914025284,-0.010152217464066027
2020-02-05,9624.64,9.172081755859088,0.047000841833803264
2020-02-06,9671.18,9.176905607889946,0.004823852030858333
2020-02-07,9727.63,9.182725568943143,0.0058199610531968204
2020-02-10,9842.52,9.194467054819892,0.01174148587674928
2020-02-11,10225.0,9.232590980911002,0.03812392609111015
2020-02-12,10352.0,9.244935016740682,0.012344035829679356
2020-02-13,10215.0,9.231612507251722,-0.013322509488959966
2020-02-14,10363.0,9.245997049184217,0.014384541932495054
2020-02-17,9633.91,9.173044445232476,-0.07295260395174097
2020-02-18,10183.0,9.228474942171665,0.055430496939189666
2020-02-19,9680.54,9.177872963838658,-0.050601978333007835
2020-02-20,9624.64,9.172081755859088,-0.00579120797956989
2020-02-21,9718.17,9.181752608124222,0.009670852265134755
2020-02-24,9643.2,9.17400828272878,-0.007744325395442786
2020-02-25,9389.67,9.147365427814783,-0.026642854913996317
2020-02-26,8795.07,9.081946616207638,-0.06541881160714524
2020-02-27,8795.07,9.081946616207638,0.0
2020-02-28,8620.69,9.061920406857908,-0.020026209349730095
2020-03-02,8936.55,9.097904887646393,0.035984480788485484
2020-03-03,8787.35,9.081068466271951,-0.016836421374442523
2020-03-04,8756.57,9.07755955474232,-0.0035089115296305096
2020-03-05,9082.65,9.114121279235611,0.03656172449329098
2020-03-06,9132.42,9.119585998707718,0.005464719472106694
2020-03-09,7886.44,8.972900107960973,-0.14668589074674543
2020-03-10,7968.13,8.983205114392385,0.010305006431412522
2020-03-11,7993.61,8.986397751491221,0.003192637098836215
2020-03-12,5783.69,8.662797166275029,-0.3236005852161927
2020-03-13,5437.74,8.601118812353924,-0.061678353921104545
2020-03-16,4940.71,8.50526432455092,-0.09585448780300432
2020-03-17,5461.5,8.605478756283597,0.10021443173267741
2020-03-18,5353.32,8.585472208169517,-0.020006548114080758
2020-03-19,6297.23,8.747865133151231,0.16239292498171487
2020-03-20,5963.03,8.693334020135103,-0.054531113016128785
2020-03-23,6468.31,8.774670147810689,0.08133612767558596
2020-03-24,6784.26,8.822360502209035,0.04769035439834646
2020-03-25,6706.91,8.810893617193543,-0.011466885015492423
2020-03-26,6724.95,8.813579769498162,0.002686152304619327
2020-03-27,6693.44,8.808883221265555,-0.004696548232606901
2020-03-30,6544.5,8.786380281231773,-0.022502940033781726
2020-03-31,6459.95,8.773376856808614,-0.01300342442315916
2020-04-01,6377.55,8.760539290047953,-0.012837566760660835
2020-04-02,6844.63,8.831219682207522,0.07068039215956823
2020-04-03,6788.87,8.823039785495538,-0.008179896711983048
2020-04-06,7299.27,8.895529622136149,0.07248983664061015
2020-04-07,7183.91,8.879599082063917,-0.01593054007223138
2020-04-08,7336.76,8.900652607261712,0.021053525197794798
2020-04-09,7315.29,8.89772195723436,-0.002930650027352044
2020-04-13,6839.95,8.830535700648358,-0.06718625658600175
2020-04-14,6858.71,8.833274656389714,0.002738955741355298
2020-04-15,6738.54,8.815598563230774,-0.01767609315893992
2020-04-16,7082.15,8.865332812905043,0.04973424967426965
2020-04-17,7077.14,8.864625150273785,-0.0007076626312585432
2020-04-20,6868.13,8.834647150201652,-0.02997800007213236
2020-04-21,6901.31,8.83946652763762,0.004819377435968164
2020-04-22,7102.27,8.868169730240258,0.028703202602637035
2020-04-23,7598.78,8.935742987072905,0.06757325683264703
2020-04-24,7530.12,8.926666256921939,-0.009076730150965773
2020-04-27,7739.94,8.954149214615741,0.02748295769380249
2020-04-28,7739.94,8.954149214615741,0.0
2020-04-29,8865.25,9.089894418900295,0.13574520428455372
2020-04-30,8764.24,9.07843508509622,-0.01145933380407449
2020-05-01,8733.62,9.074935224969849,-0.003499860126371601
2020-05-04,8952.55,9.099693686889106,0.024758461919256902
2020-05-05,8968.61,9.101485982064101,0.001792295174995573
2020-05-06,9293.68,9.137089878236589,0.03560389617248738
2020-05-07,9881.42,9.198411505110865,0.06132162687427645
2020-05-08,9960.16,9.206348414706643,0.007936909595777308
2020-05-11,8583.69,9.057619169958512,-0.14872924474813054
2020-05-12,8764.24,9.07843508509622,0.02081591513770853
2020-05-13,9354.54,9.143617065933222,0.06518198083700177
2020-05-14,9765.63,9.186624357358735,0.043007291425512406
2020-05-15,9337.07,9.141747777510552,-0.044876579848182274
2020-05-18,9689.92,9.17884144891678,0.0370936714062271
2020-05-19,9680.54,9.177872963838658,-0.0009684850781219723
2020-05-20,9551.1,9.164411610087768,-0.013461353750889415
2020-05-21,9099.18,9.115939578554691,-0.04847203153307689
2020-05-22,9174.31,9.124162465735107,0.008222887180416194
2020-05-25,8904.72,9.094336752219874,-0.029825713515233332
2020-05-26,8849.56,9.088123019251894,-0.006213732967980334
2020-05-27,9074.41,9.11321364324546,0.025090623993566652
2020-05-28,9442.87,9.153015238356911,0.03980159511145054
2020-05-29,9398.5,9.14830538105665,-0.004709857300261078
2020-06-01,9652.51,9.17497326413889,0.026667883082239996
2020-06-02,9523.81,9.16155025780675,-0.013423006332139664
2020-06-03,9587.73,9.168239434957519,0.006689177150768444
2020-06-04,9775.17,9.187600776006688,0.01936134104916931
2020-06-05,9727.63,9.182725568943143,-0.004875207063545162
2020-06-08,9718.17,9.181752608124222,-0.0009729608189203987
2020-06-09,9823.18,9.192500177847814,0.010747569723591255
2020-06-10,9852.22,9.195452089482378,0.0029519116345646523
2020-06-11,9345.79,9.142681253502257,-0.05277083598012133
2020-06-12,9425.07,9.151128439344333,0.008447185842076266
2020-06-15,9442.87,9.153015238356911,0.0018867990125777112
2020-06-16,9505.7,9.1596468976606,0.006631659303689474
2020-06-17,9407.34,9.149245514616343,-0.010401383044257528
2020-06-18,9363.3,9.144553071438082,-0.004692443178260675
2020-06-19,9302.33,9.138020185396444,-0.006532886041638264
2020-06-22,9689.92,9.17884144891678,0.04082126352033555
2020-06-23,9652.51,9.17497326413889,-0.0038681847778896383
2020-06-24,9267.84,9.134305621700182,-0.040667642438707574
2020-06-25,9302.33,9.138020185396444,0.0037145636962616635
2020-06-26,9165.9,9.123245355125201,-0.014774830271242934
2020-06-29,9208.1,9.12783881046438,0.004593455339179542
2020-06-30,9165.9,9.123245355125201,-0.004593455339179542
2020-07-01,9242.14,9.13152873955179,0.008283384426588825
2020-07-02,9140.77,9.120499905976365,-0.011028833575425168
2020-07-03,9082.65,9.114121279235611,-0.00637862674075329
2020-07-06,9285.05,9.136160858801924,0.02203957956631264
2020-07-07,9250.69,9.132453422319028,-0.003707436482896398
2020-07-08,9433.96,9.152071223852179,0.01961780153315118
2020-07-09,9250.69,9.132453422319028,-0.01961780153315118
2020-07-10,9233.61,9.130605366957328,-0.0018480553616999629
2020-07-13,9250.69,9.132453422319028,0.0018480553616999629
2020-07-14,9242.14,9.13152873955179,-0.0009246827672377833
2020-07-15,9225.09,9.129682224958698,-0.0018465145930921523
2020-07-16,9124.09,9.118673447450323,-0.011008777508374479
2020-07-17,9165.9,9.123245355125201,0.0045719076748778065
2020-07-20,9174.31,9.124162465735107,0.0009171106099064019
2020-07-21,9380.86,9.146426722232478,0.022264256497370738
2020-07-22,9379.98,9.146332909801835,-9.381243064332523e-05
2020-07-23,9618.53,9.171446725330819,0.025113815528984063
2020-07-24,9594.72,9.168968226150445,-0.0024784991803734613
2020-07-27,11131.0,9.317489287493226,0.14852106134278031
2020-07-28,11027.0,9.308102089758679,-0.009387197734547215
2020-07-29,11286.0,9.331318298529085,0.023216208770406865
2020-07-30,11094.0,9.31415970061518,-0.017158597913905282
2020-07-31,11328.0,9.3350328159335,0.020873115318320146
2020-08-03,11260.0,9.329011901693681,-0.006020914239819319
2020-08-04,11246.0,9.327767788852148,-0.0012441128415332514
2020-08-05,11777.0,9.373903755841548,0.046135966989400146
2020-08-06,11742.0,9.37092743662413,-0.002976319217417256
2020-08-07,11508.0,9.35079772467144,-0.02012971195269131
2020-08-10,11839.0,9.379154445411636,0.028356720740196906
2020-08-11,11311.0,9.33353098253138,-0.04562346288025587
2020-08-12,11516.0,9.351492651732066,0.017961669200685648
2020-08-13,11698.0,9.36717316600297,0.015680514270904666
2020-08-14,11810.0,9.376701909191407,0.00952874318843655
2020-08-17,12334.0,9.420114955551439,0.043413046360031515
2020-08-18,12074.0,9.398809659356372,-0.021305296195066603
2020-08-19,11712.0,9.368369236201092,-0.030440423155280172
2020-08-20,11831.0,9.378478484253662,0.010109248052570408
2020-08-21,11678.0,9.365462008843483,-0.01301647541017914
2020-08-24,11762.0,9.372629275019902,0.007167266176418607
2020-08-25,11314.0,9.333796175903101,-0.03883309911680044
2020-08-26,11478.0,9.348187438668308,0.014391262765206747
2020-08-27,11284.0,9.331141072121888,-0.017046366546420444
2020-08-28,11513.0,9.351232110673664,0.020091038551775853
2020-08-31,11640.0,9.36220272128543,0.010970610611765963
2020-09-01,12028.0,9.394992544108419,0.03278982282298948
2020-09-02,11386.0,9.340139809511028,-0.05485273459739126
2020-09-03,10736.0,9.281357859211463,-0.05878195029956501
2020-09-04,10588.0,9.267476563346992,-0.013881295864470289
2020-09-07,10161.0,9.22631214148588,-0.04116442186111158
2020-09-08,10032.0,9.213535262872702,-0.012776878613179221
2020-09-09,10245.0,9.234545060673,0.021009797800298102
2020-09-10,10349.0,9.244645175668174,0.010100114995173826
2020-09-11,10338.0,9.243581705755984,-0.0010634699121894187
2020-09-14,10717.0,9.279586544712997,0.03600483895701245
2020-09-15,10856.0,9.292473201514705,0.012886656801708085
2020-09-16,11020.0,9.307467082706905,0.014993881192200575
2020-09-17,10962.0,9.302190025606063,-0.005277057100842697
2020-09-18,10878.0,9.294497679982905,-0.007692345623157237
2020-09-21,10509.0,9.259987311865597,-0.03451036811730823
2020-09-22,10551.0,9.263975921142093,0.0039886092764955805
2020-09-23,10258.0,9.235813167949214,-0.028162753192878753
2020-09-24,10653.0,9.273596821611198,0.03778365366198422
2020-09-25,10732.0,9.280985211545515,0.007388389934316564
2020-09-28,10890.0,9.295600215927006,0.014615004381491659
2020-09-29,10770.0,9.284519770150434,-0.011080445776572745
2020-09-30,10709.0,9.278839788400875,-0.005679981749558749
2020-10-01,10605.0,9.269080866998783,-0.009758921402092113
2020-10-02,10524.0,9.261413642160184,-0.0076672248385989406
2020-10-05,10743.0,9.282009658666542,0.02059601650635834
2020-10-06,10575.0,9.266248003914479,-0.015761654752063592
2020-10-07,10664.0,9.274628861858545,0.008380857944066733
2020-10-08,10885.0,9.295140973668648,0.020512111810102596
2020-10-09,11046.0,9.309823650461134,0.014682676792485694
2020-10-12,11689.0,9.366403507607771,0.05657985714663738
2020-10-13,11453.0,9.346006983397716,-0.02039652421005478
2020-10-14,11383.0,9.339876293325217,-0.006130690072499334
2020-10-15,11507.0,9.350710824823459,0.010834531498241873
2020-10-16,11325.0,9.334767950351235,-0.015942874472223423
2020-10-19,11757.0,9.372204086867741,0.037436136516506124
2020-10-20,11927.0,9.386560016578668,0.014355929710927029
2020-10-21,12942.0,9.468233115617211,0.08167309903854303
2020-10-22,13153.0,9.48440514846878,0.016172032851567764
2020-10-23,12929.0,9.467228129254554,-0.017177019214225098
2020-10-26,13054.0,9.476849879195163,0.009621749940608382
2020-10-27,13737.0,9.527848201325206,0.050998322130043405
2020-10-28,13268.0,9.493110400066943,-0.03473780125826309
2020-10-29,13418.0,9.504352368122833,0.011241968055889728
2020-10-30,13637.0,9.520541965857834,0.016189597735001726
2020-11-02,13580.0,9.516353401112687,-0.004188564745147616
2020-11-03,13832.0,9.534740027363126,0.01838662625043952
2020-11-04,14123.0,9.555559953069064,0.020819925705938047
2020-11-05,15555.0,9.652137409331738,0.09657745626267378
2020-11-06,15486.0,9.647691668946669,-0.004445740385069286
2020-11-09,15249.0,9.632269206115012,-0.015422462831656603
2020-11-10,15385.0,9.641148287756142,0.008879081641129716
2020-11-11,15813.0,9.668587665523317,0.027439377767175088
2020-11-12,16220.0,9.694000327669404,0.025412662146086618
2020-11-13,16210.0,9.693383614729722,-0.000616712939681463
2020-11-16,16734.0,9.725197856855544,0.03181424212582229
2020-11-17,17597.0,9.775483711951761,0.050285855096216636
2020-11-18,17838.0,9.789086292226152,0.013602580274390874
2020-11-19,17889.0,9.791941277791215,0.0028549855650634726
2020-11-20,18640.0,9.833065088239582,0.04112381044836688
2020-11-23,18421.0,9.821246597152218,-0.011818491087364436
2020-11-24,19122.0,9.858594783645392,0.037348186493174396
2020-11-25,18756.0,9.839268980209477,-0.01932580343591539
2020-11-26,17196.0,9.752432077616172,-0.0868369025933049
2020-11-27,17079.0,9.745604917619191,-0.00682715999698047
2020-11-30,19484.0,9.877348894926433,0.13174397730724152
2020-12-01,18939.0,9.848978567035735,-0.028370327890698377
2020-12-02,19118.0,9.858385578623707,0.009407011587972747
2020-12-03,19479.0,9.877092241176596,0.018706662552888886
2020-12-04,18979.0,9.85108838373692,-0.026003857439675926
2020-12-07,19124.0,9.858699369745993,0.007610986009073173
2020-12-08,18550.0,9.82822506803558,-0.030474301710412988
2020-12-09,18561.0,9.828817884199099,0.0005928161635182505
2020-12-10,18336.0,9.816621619514466,-0.012196264684632752
2020-12-11,17990.0,9.79757132694458,-0.01905029256988655
2020-12-14,19282.0,9.866927297224326,0.06935597027974616
2020-12-15,19472.0,9.876732815227308,0.009805518002982794
2020-12-16,21377.0,9.97007085667928,0.09333804145197178
2020-12-17,23024.0,10.044292429127148,0.07422157244786831
2020-12-18,22774.0,10.03337481337055,-0.010917615756598664
2020-12-21,23173.0,10.050743086817882,0.017368273447331717
2020-12-22,23743.0,10.075043029177243,0.024299942359361282
2020-12-23,23281.0,10.05539285624928,-0.019650172927962117
2020-12-24,23333.0,10.057623946547059,0.0022310902977782376
2020-12-28,26821.0,10.196940441748334,0.13931649520127465
2020-12-29,27043.0,10.205183470748327,0.00824302899999374
2020-12-30,28742.0,10.266114746634193,0.06093127588586533
2020-12-31,29170.0,10.280896062861768,0.014781316227574948
2021-01-04,31388.0,10.354180933247363,0.07328487038559572
2021-01-05,34285.0,10.442463219718466,0.08828228647110237
2021-01-06,36074.0,10.493327663230145,0.050864443511679625
2021-01-07,39632.0,10.58739215172914,0.0940644884989954
2021-01-08,39037.0,10.572265193312061,-0.01512695841707945
2021-01-11,34468.0,10.447786636359657,-0.12447855695240406
2021-01-12,33683.0,10.424748538023646,-0.023038098336011004
2021-01-13,37219.0,10.524574662559651,0.09982612453600481
2021-01-14,38941.0,10.569802959130607,0.04522829657095606
2021-01-15,35585.0,10.479679479733372,-0.09012347939723497
2021-01-18,36506.0,10.50523190962273,0.025552429889357242
2021-01-19,36695.0,10.510395784979163,0.005163875356434033
2021-01-20,35030.0,10.463960116191533,-0.04643566878763039
2021-01-21,30824.0,10.336048886305994,-0.12791122988553916
2021-01-22,33555.0,10.42094116259234,0.08489227628634666
2021-01-25,32487.0,10.38859528829649,-0.03234587429585112
2021-01-26,32657.0,10.393814506824773,0.0052192185282837755
2021-01-27,30611.0,10.329114700468233,-0.06469980635653982
2021-01-28,33548.0,10.420732528104303,0.0916178276360693
2021-01-29,34569.0,10.450712605682124,0.029980077577821618
2021-02-01,33560.0,10.421090160581143,-0.029622445100981665
2021-02-02,35652.0,10.481560525250607,0.06047036466946487
2021-02-03,37309.0,10.526989863390185,0.04542933813957717
2021-02-04,37295.0,10.526614548389263,-0.0003753150009213613
2021-02-05,37771.0,10.539296891395203,0.012682343005939956
2021-02-08,44715.0,10.708064294780282,0.168767403385079
2021-02-09,46827.0,10.754215238626523,0.04615094384624108
2021-02-10,45214.0,10.719162052375765,-0.03505318625075837
2021-02-11,47678.0,10.772225354550736,0.05306330217497113
2021-02-12,47678.0,10.772225354550736,0.0
2021-02-15,48246.0,10.784068201776204,0.011842847225468134
2021-02-16,49150.0,10.802632125575313,0.01856392379910865
2021-02-17,52127.0,10.861438327669577,0.05880620209426368
2021-02-18,51840.0,10.855917331026156,-0.005520996643420872
2021-02-19,55353.0,10.921486137209993,0.06556880618383687
2021-02-22,54151.0,10.899531719479302,-0.021954417730690068
2021-02-23,48685.0,10.793126253412856,-0.10640546606644641
2021-02-24,48797.0,10.795424114541712,0.0022978611288557715
2021-02-25,48165.0,10.782387895191723,-0.013036219349988443
2021-02-26,46234.0,10.741470737141523,-0.0409171580502008
2021-03-01,49138.0,10.8023879452062,0.06091720806467826
2021-03-02,47819.0,10.775178329041257,-0.027209616164943995
2021-03-03,50618.0,10.832062523243502,0.05688419420224555
2021-03-04,48251.0,10.784171831940965,-0.04789069130253765
2021-03-05,49254.0,10.804745861576322,0.02057402963535715
2021-03-08,51605.0,10.851373846000033,0.04662798442371141
2021-03-09,54777.0,10.911025676804842,0.059651830804808625
2021-03-10,56928.0,10.949542590465562,0.038516913660719965
2021-03-11,57924.0,10.966887085448493,0.01734449498293067
2021-03-12,56750.0,10.94641093534365,-0.020476150104842716
2021-03-15,56107.0,10.935015860910363,-0.011395074433286467
2021-03-16,56338.0,10.939124542042725,0.004108681132361625
2021-03-17,58326.0,10.973803242049124,0.034678700006399055
2021-03-18,57740.0,10.963705453216926,-0.010097788832197807
2021-03-19,58411.0,10.975259507243907,0.01155405402698051
2021-03-22,54618.0,10.908118777733344,-0.06714072951056238
2021-03-23,54407.0,10.904248101036515,-0.0038706766968292783
2021-03-24,52684.0,10.872067083118937,-0.0321810179175781
2021-03-25,51741.0,10.85400578295951,-0.018061300159427418
2021-03-26,54010.0,10.896924493586937,0.04291871062742736
2021-03-29,57537.0,10.960183498102946,0.0632590045160093
2021-03-30,58754.0,10.981114514795102,0.020931016692156135
2021-03-31,58962.0,10.984648447590482,0.003533932795379613
2021-04-01,58737.0,10.980825130925382,-0.0038233166651000516
2021-04-05,58668.0,10.979649712366646,-0.001175418558736041
2021-04-06,57947.0,10.96728407866167,-0.012365633704975565
2021-04-07,56224.0,10.937098990986824,-0.0301850876748464
2021-04-08,57677.0,10.962613759510507,0.025514768523683173
2021-04-09,58377.0,10.974677255626265,0.012063496115757744
2021-04-12,60017.0,11.002383134406262,0.027705878779997306
2021-04-13,63111.0,11.052650359802138,0.050267225395876025
2021-04-14,62826.0,11.048124279515518,-0.004526080286620271
2021-04-15,63436.0,11.057786802618491,0.009662523102972997
2021-04-16,61831.0,11.032160135800446,-0.025626666818045152
2021-04-19,56338.0,10.939124542042725,-0.09303559375772075
2021-04-20,57016.0,10.951087209181706,0.011962667138980976
2021-04-21,54837.0,10.912120427584714,-0.03896678159699185
2021-04-22,51728.0,10.853754499965214,-0.05836592761949966
2021-04-23,50963.0,10.838855158215019,-0.014899341750195916
2021-04-26,53379.0,10.885172689174945,0.046317530959926856
2021-04-27,55353.0,10.921486137209993,0.0363134480350471
2021-04-28,54828.0,10.911956291351272,-0.00952984585872052
2021-04-29,53353.0,10.884685487576283,-0.02727080377498936
2021-04-30,57081.0,10.952226590708511,0.06754110313222839
2021-05-03,57136.0,10.953189669834229,0.0009630791257180249
2021-05-04,54386.0,10.903862046781907,-0.04932762305232252
2021-05-05,56825.0,10.947731648720744,0.04386960193883738
2021-05-06,56382.0,10.93990523761112,-0.007826411109624232
2021-05-07,57657.0,10.962266940702515,0.022361703091394958
2021-05-10,55766.0,10.928919643662725,-0.033347297039789225
2021-05-11,56580.0,10.943410844855558,0.014491201192832648
2021-05-12,54564.0,10.907129603613011,-0.036281241242546614
2021-05-13,49598.0,10.811705789319397,-0.09542381429361413
2021-05-14,50193.0,10.823630853725772,0.011925064406375085
2021-05-17,43607.0,10.682972966908995,-0.14065788681677738
2021-05-18,42996.0,10.668862367092954,-0.014110599816040903
2021-05-19,38742.0,10.564679561854522,-0.10418280523843215
2021-05-20,40700.0,10.613983371430686,0.049303809576164426
2021-05-21,36187.0,10.496455217294162,-0.11752815413652407
2021-05-24,38697.0,10.563517356633247,0.06706213933908423
2021-05-25,38007.0,10.545525632270163,-0.017991724363083605
2021-05-26,39111.0,10.574159036330888,0.028633404060725454
2021-05-27,39049.0,10.572572546745315,-0.0015864895855735028
2021-05-28,35813.0,10.486066234965218,-0.08650631178009682
2021-05-31,36885.0,10.515560243318403,0.029494008353184498
2021-06-01,36391.0,10.50207677030558,-0.0134834730128226
2021-06-02,37794.0,10.539905638849984,0.037828868544403704
2021-06-03,38773.0,10.565479407088418,0.02557376823843427
2021-06-04,36866.0,10.515044996056119,-0.050434411032298954
2021-06-07,34148.0,10.438459298130198,-0.07658569792592118
2021-06-08,33551.0,10.420821948214945,-0.017637349915252898
2021-06-09,36657.0,10.509359684984632,0.08853773676968757
2021-06-10,36615.0,10.50821327149517,-0.0011464134894616507
2021-06-11,37251.0,10.525434069084952,0.0172207975897809
2021-06-14,40267.0,10.603287553926174,0.07785348484122245
2021-06-15,39960.0,10.59563423276249,-0.007653321163683557
2021-06-16,38761.0,10.565169865465496,-0.030464367296994865
2021-06-17,37747.0,10.538661281320572,-0.026508584144924185
2021-06-18,35283.0,10.471156540519146,-0.0675047408014251
2021-06-21,31575.0,10.360120947218691,-0.1110355933004552
2021-06-22,32464.0,10.387887062065596,0.027766114846905054
2021-06-23,33342.0,10.414573142507976,0.026686080442379634
2021-06-24,34807.0,10.45757379496002,0.04300065245204365
2021-06-25,32173.0,10.37888287047015,-0.07869092448986947
2021-06-28,34740.0,10.455647039795096,0.0767641693249459
2021-06-29,36246.0,10.498084309366796,0.04243726957169969
2021-06-30,34796.0,10.457257716627431,-0.04082659273936429
2021-07-01,33488.0,10.418942444685781,-0.03831527194165041
2021-07-02,33320.0,10.41391309628078,-0.005029348405001244
2021-07-05,34165.0,10.438957007214878,0.02504391093409808
2021-07-06,33763.0,10.427120807321092,-0.011836199893785704
2021-07-07,34242.0,10.441208239764762,0.014087432443670167
2021-07-08,32689.0,10.394793908855744,-0.04641433090901792
2021-07-09,33457.0,10.4180163112265,0.0232224023707559
2021-07-12,32875.0,10.400467769480066,-0.017548541746434054
2021-07-13,32579.0,10.391423188007874,-0.009044581472192448
2021-07-14,32860.0,10.400011391591258,0.008588203583384413
2021-07-15,31729.0,10.364986368165066,-0.03502502342619174
2021-07-16,31911.0,10.370706056919774,0.005719688754707519
2021-07-19,30782.0,10.334685382539899,-0.03602067437987522
2021-07-20,29695.0,10.29873396044996,-0.035951422089938845
2021-07-21,31832.0,10.368227352106764,0.06949339165680435
2021-07-22,32182.0,10.379162569019096,0.010935216912331569
2021-07-23,32274.0,10.382017231501298,0.0028546624822016753
2021-07-26,37207.0,10.524252194602111,0.14223496310081352
2021-07-27,38258.0,10.5521079677126,0.027855773110488258
2021-07-28,40103.0,10.59920642346389,0.04709845575129101
2021-07-29,39579.0,10.586053953551886,-0.01315246991200425
2021-07-30,39920.0,10.5946327304254,0.008578776873514826
2021-08-02,39226.0,10.577095071221457,-0.01753765920394379
2021-08-03,38304.0,10.553309608357699,-0.023785462863758156
2021-08-04,39833.0,10.592450993449742,0.03914138509204257
2021-08-05,40955.0,10.620229181949702,0.027778188499960166
2021-08-06,42948.0,10.667745360554026,0.04751617860432411
2021-08-09,45714.0,10.730159875701064,0.06241451514703833
2021-08-10,45733.0,10.730575416949513,0.00041554124844900286
2021-08-11,46363.0,10.744257006317746,0.013681589368232494
2021-08-12,44260.0,10.697836613605041,-0.046420392712704484
2021-08-13,46471.0,10.746583741107225,0.048747127502183574
2021-08-16,46064.0,10.737787012851957,-0.008796728255267894
2021-08-17,44771.0,10.709315887371531,-0.02847112548042574
2021-08-18,44625.0,10.70604951908194,-0.0032663682895908153
2021-08-19,46631.0,10.750020834993819,0.04397131591187886
2021-08-20,48688.0,10.793187872136752,0.043167037142932685
2021-08-23,49556.0,10.81085862223563,0.017670750098877974
2021-08-24,48200.0,10.783114300038692,-0.027744322196937787
2021-08-25,49080.0,10.801206898824848,0.01809259878615599
2021-08-26,47266.0,10.763546499940231,-0.0376603988846167
2021-08-27,48328.0,10.785766381818577,0.022219881878346115
2021-08-30,48412.0,10.787502995858494,0.0017366140399168728
2021-08-31,46979.0,10.757455972332892,-0.030047023525602512
2021-09-01,48445.0,10.788184412819104,0.030728440486212705
2021-09-02,49831.0,10.816392559306074,0.028208146486969454
2021-09-03,50543.0,10.83057973810414,0.014187178798065858
2021-09-06,52110.0,10.86111214790326,0.030532409799119975
2021-09-07,46516.0,10.747551618412935,-0.11356052949032502
2021-09-08,46066.0,10.73783042976285,-0.009721188650084756
2021-09-09,46468.0,10.746519182633365,0.008688752870515515
2021-09-10,45656.0,10.728890312216544,-0.017628870416821485
2021-09-13,45163.0,10.718033446526634,-0.010856865689909512
2021-09-14,46707.0,10.751649325357784,0.03361587883114936
2021-09-15,48183.0,10.782761540731007,0.031112215373223506
2021-09-16,47683.0,10.772330219222972,-0.01043132150803494
2021-09-17,47522.0,10.768948040692958,-0.0033821785300141016
2021-09-20,43493.0,10.680355284587607,-0.088592756105351
2021-09-21,41423.0,10.631591561105106,-0.048763723482501575
2021-09-22,43254.0,10.674844993632634,0.043253432527528446
2021-09-23,44691.0,10.707527418047702,0.03268242441506786
2021-09-24,42425.0,10.655493090102427,-0.052034327945275294
2021-09-27,43105.0,10.671394278644025,0.015901188541597833
2021-09-28,41845.0,10.641727594466975,-0.029666684177049873
2021-09-29,41247.0,10.627333661845343,-0.014393932621631578
2021-09-30,43752.0,10.686292605026608,0.058958943181265155
2021-10-01,48047.0,10.779934977485716,0.093642372459108
2021-10-04,48928.0,10.79810510872879,0.018170131243072873
2021-10-05,51779.0,10.854739940643181,0.056634831914392336
2021-10-06,55102.0,10.916941292122916,0.06220135147973416
2021-10-07,54301.0,10.902297921958713,-0.014643370164202807
2021-10-08,54693.0,10.909491009471575,0.007193087512861851
2021-10-11,57146.0,10.95336467552236,0.04387366605078569
2021-10-12,55994.0,10.932999821119937,-0.020364854402423305
2021-10-13,57527.0,10.960009681791586,0.027009860671649122
2021-10-14,57760.0,10.964051773566707,0.004042091775120937
2021-10-15,61448.0,11.025946567678519,0.061894794111811535
2021-10-18,61782.0,11.031367338884806,0.005420771206287256
2021-10-19,64107.0,11.068308841314574,0.03694150242976768
2021-10-20,65820.0,11.094679022497331,0.02637018118275769
2021-10-21,62555.0,11.0438014487515,-0.05087757374583113
2021-10-22,60994.0,11.018530777661985,-0.025270671089515417
2021-10-25,62826.0,11.048124279515518,0.029593501853533155
2021-10-26,60698.0,11.013666027575601,-0.034458251939916806
2021-10-27,58810.0,10.982067187454001,-0.031598840121599636
2021-10-28,60724.0,11.014094286052606,0.0320270985986042
2021-10-29,62629.0,11.04498370860291,0.030889422550304246
2021-11-01,61143.0,11.02097066195449,-0.0240130466484203
2021-11-02,62980.0,11.050572494655016,0.029601832700526742
2021-11-03,62869.0,11.048808475413166,-0.0017640192418504341
2021-11-04,61188.0,11.021706370843155,-0.02710210457001061
2021-11-05,60953.0,11.017858354370803,-0.0038480164723520005
2021-11-08,66538.0,11.105528492012237,0.0876701376414335
2021-11-09,67313.0,11.117108661912011,0.011580169899774617
2021-11-10,65206.0,11.085306768220624,-0.031801893691387306
2021-11-11,65206.0,11.085306768220624,0.0
2021-11-12,64156.0,11.069072896457268,-0.016233871763356333
2021-11-15,63971.0,11.066185134649654,-0.0028877618076137423
2021-11-16,60621.0,11.012396646681605,-0.053788487968049026
2021-11-17,60017.0,11.002383134406262,-0.010013512275342862
2021-11-18,56693.0,10.945406025304303,-0.0569771091019593
2021-11-19,57847.0,10.965556873023031,0.020150847718728215
2021-11-22,56744.0,10.946305202881923,-0.019251670141107624
2021-11-23,57607.0,10.961399367077858,0.015094164195934567
2021-11-24,57016.0,10.951087209181706,-0.01031215789615203
2021-11-25,58928.0,10.984071638684847,0.0329844295031414
2021-11-26,54526.0,10.906432931112562,-0.07763870757228553
2021-11-29,58106.0,10.970024207731752,0.0635912766191904
2021-11-30,57330.0,10.956579325902428,-0.013444881829324018
2021-12-01,57068.0,10.951998818234705,-0.004580507667723666
2021-12-02,56863.0,10.94840014498095,-0.00359867325375518
2021-12-03,53482.0,10.88710042767444,-0.061299717306509294
2021-12-06,50823.0,10.836104287009055,-0.050996140665384715
2021-12-07,50370.0,10.827151038739697,-0.008953248269358838
2021-12-08,50158.0,10.822933302103584,-0.00421773663611269
2021-12-09,47920.0,10.777288232789331,-0.045645069314252495
2021-12-10,48389.0,10.78702779414709,0.00973956135775822
2021-12-13,46924.0,10.756284550625612,-0.030743243521477837
2021-12-14,48347.0,10.786159451386606,0.029874900760994194
2021-12-15,48709.0,10.793619096924486,0.007459645537879922
2021-12-16,47854.0,10.775909987953623,-0.01770910897086253
2021-12-17,46157.0,10.739803907735464,-0.03610608021815942
2021-12-20,46810.0,10.753852134294116,0.014048226558651677
2021-12-21,49276.0,10.805192426081865,0.05134029178774924
2021-12-22,48996.0,10.799493941107576,-0.005698484974288931
2021-12-23,50785.0,10.835356314373602,0.035862373266025926
2021-12-24,51156.0,10.84263506655321,0.007278752179608716
2021-12-27,50989.0,10.839365202168324,-0.003269864384886745
2021-12-28,47730.0,10.773315409999942,-0.06604979216838203
2021-12-29,47310.0,10.764476968625194,-0.008838441374747319
2021-12-30,47019.0,10.758307054322177,-0.0061699143030171655
2021-12-31,45933.0,10.734939091973205,-0.023367962348972426
2022-01-03,46219.0,10.741146247938758,0.006207155965553213
2022-01-04,46153.0,10.739717243235356,-0.0014290047034020148
2022-01-05,43405.0,10.678329920825908,-0.06138732240944833
2022-01-06,43191.0,10.673387419194466,-0.004942501631441942
2022-01-07,41916.0,10.643422894594833,-0.029964524599632725
2022-01-10,41601.0,10.635879484421974,-0.007543410172859311
2022-01-11,42726.0,10.662562913210179,0.026683428788205177
2022-01-12,43862.0,10.68880362056745,0.02624070735727102
2022-01-13,42626.0,10.660219674721183,-0.028583945846266445
2022-01-14,43129.0,10.671950903655498,0.01173122893431433
2022-01-17,42098.0,10.647755512603787,-0.024195391051710757
2022-01-18,42486.0,10.656929888879828,0.00917437627604123
2022-01-19,42003.0,10.645496323286036,-0.011433565593792494
2022-01-20,41201.0,10.626217806887722,-0.019278516398314238
2022-01-21,38441.0,10.556879877314014,-0.06933792957370777
2022-01-24,36389.0,10.502021810151676,-0.05485806716233732
2022-01-25,36789.0,10.512954166430136,0.010932356278459565
2022-01-26,36490.0,10.504793529430493,-0.008160636999642534
2022-01-27,36719.0,10.511049611248131,0.006256081817637593
2022-01-28,37780.0,10.5395351410555,0.028485529807369403
2022-01-31,38438.0,10.55680183259435,0.017266691538848633
2022-02-01,38710.0,10.563853243571694,0.007051410977345185
2022-02-02,37074.0,10.520671194289035,-0.04318204928265956
2022-02-03,36959.0,10.517564469112537,-0.003106725176497349
2022-02-04,40575.0,10.610907392382792,0.09334292327025473
2022-02-07,44111.0,10.694464463438248,0.08355707105545562
2022-02-08,44111.0,10.694464463438248,0.0
2022-02-09,44611.0,10.705735744369607,0.011271280931358874
2022-02-10,43941.0,10.690603103986417,-0.01513264038318951
2022-02-11,42353.0,10.653794535823947,-0.03680856816247058
2022-02-14,42693.0,10.66179025135177,0.007995715527822966
2022-02-15,44172.0,10.695846383167021,0.03405613181525169
2022-02-16,44039.0,10.692830883948481,-0.00301549921853983
2022-02-17,40732.0,10.614769303291556,-0.07806158065692514
2022-02-18,40067.0,10.598308331848083,-0.016460971443473582
2022-02-21,37601.0,10.534785924769006,-0.06352240707907697
2022-02-22,37913.0,10.543049340172319,0.00826341540331299
2022-02-23,37651.0,10.536114793300285,-0.006934546872033209
2022-02-24,37859.0,10.541624011313584,0.005509218013298067
2022-02-25,39156.0,10.575308946381321,0.03368493506773795
2022-02-28,43107.0,10.671440675897315,0.09613172951599402
2022-03-01,44156.0,10.695484097138243,0.024043421240927287
2022-03-02,44082.0,10.693806814848333,-0.0016772822899095985
2022-03-03,42510.0,10.657494621352836,-0.036312193495497525
2022-03-04,39502.0,10.584106582518803,-0.07338803883403244
2022-03-07,38183.0,10.550145669363118,-0.033960913155684835
2022-03-08,38574.0,10.560333753369742,0.0101880840066233
2022-03-09,41899.0,10.643017239276974,0.08268348590723207
2022-03-10,39457.0,10.582966750330653,-0.06005048894632026
2022-03-11,38401.0,10.555838779903407,-0.02712797042724624
2022-03-14,39347.0,10.580175012057389,0.024336232153981285
2022-03-15,39488.0,10.58375210726506,0.0035770952076710216
2022-03-16,40890.0,10.618640813358688,0.034888706093628485
2022-03-17,41010.0,10.621571218386105,0.002930405027417038
2022-03-18,41755.0,10.63957448358733,0.01800326520122475
2022-03-21,41166.0,10.625367951918946,-0.014206531668383704
2022-03-22,42544.0,10.658294113482802,0.032926161563855416
2022-03-23,42510.0,10.657494621352836,-0.0007994921299658841
2022-03-24,43973.0,10.691331088184912,0.033836466832076084
2022-03-25,44543.0,10.70421029372945,0.012879205544537697
2022-03-28,47664.0,10.771931674953063,0.06772138122361326
2022-03-29,47308.0,10.764434693371008,-0.007496981582054474
2022-03-30,47001.0,10.757924157061597,-0.006510536309411563
2022-03-31,45775.0,10.731493369542711,-0.026430787518885168
2022-04-01,46356.0,10.744106012454282,0.012612642911570049
2022-04-04,46481.0,10.746798905924305,0.0026928934700229945
2022-04-05,45960.0,10.735526731962691,-0.011272173961613063
2022-04-06,43863.0,10.688826419085547,-0.04670031287714416
2022-04-07,43499.0,10.680493228306789,-0.008333190778758492
2022-04-08,42741.0,10.662913925885341,-0.01757930242144745
2022-04-11,39452.0,10.582840022073885,-0.0800739038114564
2022-04-12,39712.0,10.589408688004333,0.0065686659304482475
2022-04-13,41220.0,10.62667885444445,0.03727016644011627
2022-04-14,39973.0,10.595959505181005,-0.03071934926344433
2022-04-18,40805.0,10.616559901903344,0.020600396722338488
2022-04-19,41293.0,10.628448273058389,0.011888371155045263
2022-04-20,41504.0,10.63354508711617,0.005096814057781174
2022-04-21,40737.0,10.614892049366905,-0.018653037749265522
2022-04-22,39516.0,10.584460932164365,-0.030431117202539326
2022-04-25,40235.0,10.602492542580233,0.01803161041586776
2022-04-26,38335.0,10.554118595992994,-0.04837394658723859
2022-04-27,39234.0,10.577298996789331,0.023180400796336542
2022-04-28,39836.0,10.59252630505153,0.015227308262199202
2022-04-29,38322.0,10.553779422789644,-0.038746882261886384
2022-05-02,38638.0,10.561991527152498,0.008212104362854689
2022-05-03,37791.0,10.539826258020412,-0.022165269132086607
2022-05-04,39750.0,10.590365120082478,0.050538862062065704
2022-05-05,36454.0,10.503806470784879,-0.08655864929759893
2022-05-06,36000.0,10.491274217438248,-0.012532253346630995
2022-05-09,30826.0,10.336113768706666,-0.15516044873158208
2022-05-10,30282.0,10.318308755568317,-0.017805013138348258
2022-05-11,28870.0,10.27055827265698,-0.047750482911336434
2022-05-12,28407.0,10.25439087265161,-0.016167400005370425
2022-05-13,30041.0,10.310318394272075,0.05592752162046466
2022-05-16,30101.0,10.31231367277647,0.0019952785043955146
2022-05-17,30523.0,10.326235776766852,0.013922103990381629
2022-05-18,29118.0,10.279111818633272,-0.0471239581335805
2022-05-19,30244.0,10.31705309667816,0.03794127804488845
2022-05-20,29277.4,10.284571166318281,-0.032481930359878675
2022-05-23,29290.0,10.285001439821778,0.00043027350349689186
2022-05-24,29545.0,10.293669803779775,0.008668363957996306
2022-05-25,29790.9,10.301958256731332,0.008288452951557446
2022-05-26,29548.0,10.293771338648629,-0.008186918082703443
2022-05-27,28819.6,10.268810990206674,-0.024960348441954494
2022-05-30,31777.8,10.366523211766225,0.09771222155955073
2022-05-31,31672.4,10.363200918158098,-0.0033222936081269694
2022-06-01,29550.1,10.293842406923273,-0.0693585112348245
2022-06-02,30330.0,10.319892600682627,0.026050193759353135
2022-06-03,29531.9,10.293226314015934,-0.026666286666692685
2022-06-06,31478.5,10.357060052094932,0.06383373807899773
2022-06-07,31385.5,10.354101281802047,-0.002958770292885049
2022-06-08,30386.4,10.321750418874153,-0.03235086292789369
2022-06-09,30120.7,10.312967922015623,-0.008782496858529498
2022-06-10,28945.4,10.273166575730109,-0.03980134628551468
2022-06-13,23015.7,10.043931870735591,-0.2292347049945178
2022-06-14,21474.9,9.974640090264199,-0.06929178047139217
2022-06-15,22192.8,10.007523190931538,0.03288310066733935
2022-06-16,20985.9,9.95160606262502,-0.05591712830651829
2022-06-17,20512.6,9.928794610462637,-0.022811452162383006
2022-06-20,20388.0,9.922701771459932,-0.006092839002704409
2022-06-21,20964.9,9.950604889738967,0.0279031182790348
2022-06-22,19983.0,9.90263719108129,-0.04796769865767736
2022-06-23,20673.8,9.936622477094987,0.03398528601369755
2022-06-24,21230.9,9.963212946639072,0.026590469544084172
2022-06-27,20784.0,9.94193873891038,-0.021274207728691152
2022-06-28,20370.0,9.921818509220852,-0.020120229689528202
2022-06-29,20270.8,9.916936705860133,-0.004881803360719417
2022-06-30,18797.2,9.841463201555735,-0.07547350430439792
2022-07-01,19380.0,9.871996885444757,0.030533683889022
2022-07-04,19932.8,9.900121895059826,0.02812500961506892
2022-07-05,20345.5,9.920615036196718,0.02049314113689249
2022-07-06,20332.5,9.91997587004093,-0.0006391661557874073
2022-07-07,21653.4,9.982917764980444,0.06294189493951308
2022-07-08,21811.1,9.990174293503852,0.007256528523408079
2022-07-11,20231.3,9.914986189095659,-0.07518810440819301
2022-07-12,19328.4,9.869330795884634,-0.04565539321102463
2022-07-13,19903.1,9.898630777474784,0.02929998159014957
2022-07-14,20468.5,9.926642398002617,0.028011620527832903
2022-07-15,21122.4,9.958089367727712,0.03144696972509564
2022-07-18,21653.4,9.982917764980444,0.02482839725273145
2022-07-19,23659.2,10.071507324619223,0.08858955963877868
2022-07-20,23608.9,10.069379038566407,-0.0021282860528160086
2022-07-21,23216.4,10.052614204472441,-0.016764834093965675
2022-07-22,22586.8,10.025120943828124,-0.027493260644316564
2022-07-25,22029.7,10.000146821909748,-0.024974121918376113
2022-07-26,20940.0,9.949416484424528,-0.050730337485219934
2022-07-27,22682.6,10.029353389719175,0.07993690529464637
2022-07-28,23931.5,10.08295086176284,0.053597472043664496
2022-07-29,23908.8,10.082001870987128,-0.0009489907757114224
2022-08-01,23028.2,10.04447483083702,-0.03752704015010799
2022-08-02,23095.1,10.047375752796878,0.002900921959858138
2022-08-03,23278.6,10.05528976258,0.0079140097831214
2022-08-04,22494.7,10.021035004889388,-0.03425475769061137
2022-08-05,22917.8,10.039669180183326,0.01863417529393807
2022-08-08,23852.8,10.079656889844884,0.03998770966155796
2022-08-09,23195.8,10.051726506782924,-0.027930383061960384
2022-08-10,23960.1,10.08414522584338,0.032418719060457235
2022-08-11,24191.8,10.09376901174932,0.00962378590593893
2022-08-12,24166.2,10.092710241643381,-0.001058770105938578
2022-08-15,24019.0,10.086600462793985,-0.006109778849396008
2022-08-16,23949.0,10.083681848313908,-0.0029186144800767977
2022-08-17,23336.3,10.057765367138561,-0.025916481175347172
2022-08-18,23362.3,10.058878890999512,0.0011135238609512044
2022-08-19,21353.1,9.968952207179639,-0.08992668381987379
2022-08-22,21094.3,9.956758140789091,-0.01219406639054732
2022-08-23,21489.2,9.975305762326597,0.018547621537505776
2022-08-24,21587.7,9.979878987032746,0.004573224706149404
2022-08-25,21583.5,9.979684412871581,-0.00019457416116530624
2022-08-26,20658.0,9.935857932566579,-0.043826480305002136
2022-08-29,20206.5,9.913759613806732,-0.02209831875984669
2022-08-30,19886.1,9.897776274190756,-0.015983339615976533
2022-08-31,20286.3,9.917701060350698,0.019924786159942087
2022-09-01,20086.4,9.907798248123212,-0.009902812227485569
2022-09-02,19907.7,9.898861870546035,-0.008936377577176913
2022-09-05,19752.5,9.891035344596888,-0.007826525949147012
2022-09-06,18977.4,9.851004076479068,-0.04003126811782032
2022-09-07,19363.7,9.871155458272767,0.02015138179369913
2022-09-08,19335.0,9.869672204041397,-0.0014832542313705233
2022-09-09,21270.1,9.965057609640683,0.09538540559928599
2022-09-12,22343.1,10.014272827544179,0.04921521790349637
2022-09-13,20132.1,9.910070835100285,-0.10420199244389394
2022-09-14,20207.6,9.913814050253432,0.003743215153146906
2022-09-15,19827.0,9.894799924138562,-0.019014126114869967
2022-09-16,19623.0,9.884457626629322,-0.010342297509239984
2022-09-19,19515.3,9.878954052286717,-0.005503574342604622
2022-09-20,18900.6,9.846948946575585,-0.03200510571113213
2022-09-21,18468.3,9.823811027809432,-0.02313791876615312
2022-09-22,19173.9,9.861305258227492,0.037494230418060326
2022-09-23,18820.1,9.842680726621534,-0.01862453160595834
2022-09-26,19094.5,9.857155614451639,0.014474887830104421
2022-09-27,18995.9,9.851978445388996,-0.005177169062642761
2022-09-28,19618.6,9.88423337481398,0.03225492942498498
2022-09-29,19433.3,9.874743368403136,-0.009490006410844742
2022-09-30,19473.3,9.876799575529603,0.0020562071264667026
2022-10-03,19555.0,9.880986287189614,0.0041867116600116105
2022-10-04,20296.9,9.918223444009012,0.037237156819397654
2022-10-05,20055.8,9.906273667710227,-0.011949776298784798
2022-10-06,19915.3,9.899243559524377,-0.007030108185849926
2022-10-07,19464.4,9.876342435012573,-0.022901124511804483
2022-10-10,19244.0,9.864954602819344,-0.01138783219322903
2022-10-11,19004.3,9.852420548332496,-0.012534054486847523
2022-10-12,19181.4,9.86169633847432,0.009275790141824558
2022-10-13,19402.7,9.873167510625175,0.011471172150853803
2022-10-14,19187.8,9.862029939386478,-0.011137571238696964
2022-10-17,19515.2,9.878948928088974,0.016918988702496307
2022-10-18,19299.8,9.867850012144983,-0.011098915943991372
2022-10-19,19195.6,9.862436365086513,-0.005413647058469806
2022-10-20,19068.8,9.85580877055266,-0.006627594533853198
2022-10-21,19205.7,9.86296238895721,0.007153618404549533
2022-10-24,19365.9,9.871269066469205,0.008306677511995986
2022-10-25,20232.5,9.915045501369857,0.04377643490065175
2022-10-26,20745.8,9.940099095532695,0.02505359416283781
2022-10-27,20411.9,9.923873343092888,-0.01622575243980684
2022-10-28,20623.6,9.934191330111133,0.01031798701824549
2022-10-31,20473.3,9.92687687719122,-0.007314452919914061
2022-11-01,20473.7,9.926896414642071,1.9537450851814242e-05
2022-11-02,20110.3,9.908987400606694,-0.017909014035376813
2022-11-03,20189.8,9.912932805363813,0.003945404757118354
2022-11-04,21129.1,9.958406516233973,0.04547371087016039
2022-11-07,20465.5,9.926495820585048,-0.031910695648925014
2022-11-08,18525.4,9.82689804237382,-0.09959777821122806
2022-11-09,16102.8,9.686748448894912,-0.14014959347890787
2022-11-10,17884.9,9.79171206039988,0.10496361150496725
2022-11-11,16679.0,9.721905722077173,-0.06980633832270655
2022-11-14,16389.6,9.70440226631499,-0.01750345576218315
2022-11-15,16862.8,9.732865291314019,0.028463024999028974
2022-11-16,16649.3,9.720123452482756,-0.012741838831262342
2022-11-17,16700.5,9.72319393807641,0.003070485593653416
2022-11-18,16613.0,9.71794080038648,-0.005253137689930298
2022-11-21,15721.0,9.662752677191515,-0.05518812319496469
2022-11-22,16162.8,9.690467584392769,0.027714907201254135
2022-11-23,16494.6,9.710788333595993,0.020320749203223798
2022-11-24,16599.5,9.717127853409076,0.006339519813083783
2022-11-25,16520.2,9.712339153539215,-0.0047886998698611905
2022-11-28,16212.5,9.693537828624699,-0.01880132491451647
2022-11-29,16490.9,9.710563992596734,0.01702616397203549
2022-11-30,17158.1,9.75022564430103,0.039661651704296474
2022-12-01,16965.8,9.73895483201575,-0.011270812285280485
2022-12-02,17024.4,9.742402888105941,0.003448056090190832
2022-12-05,16940.3,9.737450677612397,-0.004952210493543774
2022-12-06,16973.8,9.739426257733683,0.001975580121285958
2022-12-07,16842.7,9.731672607485997,-0.007753650247686039
2022-12-08,17202.2,9.75279256159889,0.02111995411289236
2022-12-09,17096.6,9.746634892312008,-0.006157669286881884
2022-12-12,17160.9,9.750388819219076,0.003753926907068106
2022-12-13,17772.6,9.785413224458226,0.035024405239150624
2022-12-14,17837.2,9.78904144314331,0.0036282186850833398
2022-12-15,17344.4,9.76102496670406,-0.02801647643924987
2022-12-16,16889.2,9.73442964337516,-0.026595323328900022
2022-12-19,16418.9,9.706188389288577,-0.0282412540865824
2022-12-20,16870.1,9.73329810320472,0.027109713916143363
2022-12-21,16766.1,9.727114269631882,-0.006183833572839248
2022-12-22,16799.6,9.729110355584089,0.0019960859522072383
2022-12-23,16812.0,9.729848196125007,0.0007378405409177446
2022-12-27,16683.1,9.722151509963465,-0.0076966861615410664
2022-12-28,16508.9,9.711654908407445,-0.010496601556020835
2022-12-29,16610.9,9.717814385365799,0.006159476958353949
2022-12-30,16590.7,9.716597576387171,-0.001216808978627526
2023-01-02,16692.6,9.722720786428471,0.006123210041300453
2023-01-03,16670.8,9.721413964995257,-0.0013068214332143668
2023-01-04,16821.4,9.730407164308108,0.008993199312850919
2023-01-05,16833.0,9.731096524419081,0.0006893601109734249
2023-01-06,16905.9,9.735417952411638,0.004321427992556082
2023-01-09,17204.6,9.75293206890581,0.017514116494172782
2023-01-10,17435.2,9.76624643022262,0.013314361316810519
2023-01-11,17558.2,9.77327635624028,0.007029926017658283
2023-01-12,18918.1,9.847874414730178,0.07459805848989909
2023-01-13,19458.6,9.87604441070597,0.028169995975792617
2023-01-16,21188.4,9.961209141096752,0.08516473039078143
2023-01-17,21234.1,9.963363658990705,0.002154517893952601
2023-01-18,20811.8,9.943275412523542,-0.020088246467162563
2023-01-19,21065.8,9.95540615138009,0.012130738856548362
2023-01-20,22267.2,10.01087002266559,0.055463871285498456
2023-01-23,22928.4,10.04013159583343,0.029261573167840282
2023-01-24,22757.4,10.032645646214016,-0.00748594961941329
2023-01-25,22945.8,10.040890192205005,0.008244545990988783
2023-01-26,23008.1,10.043601606825654,0.002711414620648611
2023-01-27,23131.0,10.0489289881863,0.005327381360647365
2023-01-30,22730.8,10.03147611200374,-0.01745287618256164
2023-01-31,23181.8,10.05112276702816,0.019646655024420312
2023-02-01,23715.2,10.07387147175704,0.022748704728879687
2023-02-02,23562.1,10.06739476791895,-0.006476703838089293
2023-02-03,23341.4,10.057983886903687,-0.009410881015263328
2023-02-06,22883.1,10.038153925826348,-0.019829961077338254
2023-02-07,23234.6,10.053397825963101,0.015243900136752586
2023-02-08,22930.5,10.040223181109198,-0.013174644853902961
2023-02-09,21769.7,9.988274373701856,-0.0519488074073422
2023-02-10,21715.2,9.985767755149856,-0.0025066185519992956
2023-02-13,21648.1,9.982672969764275,-0.003094785385581389
2023-02-14,22195.4,10.007640339182784,0.02496736941850841
2023-02-15,24164.6,10.09264403127647,0.08500369209368586
2023-02-16,24031.1,10.087104103796012,-0.005539927480457507
2023-02-17,24806.0,10.118840838375275,0.031736734579263626
2023-02-20,24699.7,10.11454637679332,-0.004294461581954678
2023-02-21,24382.4,10.101616839535597,-0.012929537257724277
2023-02-22,24100.9,10.090004463179802,-0.01161237635579404
2023-02-23,23868.4,10.080310687341832,-0.009693775837970264
2023-02-24,23191.9,10.051558358760529,-0.028752328581303388
2023-02-27,23472.5,10.063584802132702,0.01202644337217329
2023-02-28,23158.9,10.050134434876766,-0.013450367255936513
2023-03-01,23535.6,10.066269447455465,0.016135012578699204
2023-03-02,23467.1,10.063354719216623,-0.0029147282388422013
2023-03-03,22286.4,10.011731905933766,-0.05162281328285623
2023-03-06,22433.0,10.018288368013305,0.006556462079538861
2023-03-07,22108.3,10.003708382609593,-0.01457998540371186
2023-03-08,21788.9,9.989155944791994,-0.014552437817599184
2023-03-09,20342.5,9.920467572570812,-0.06868837222118174
2023-03-10,19976.9,9.902331885009584,-0.01813568756122841
2023-03-13,24299.4,10.098206937665779,0.19587505265619498
2023-03-14,24804.0,10.118760209469768,0.020553271803988693
2023-03-15,24466.5,10.105060113922194,-0.013700095547573454
2023-03-16,25039.0,10.128189888314331,0.023129774392137037
2023-03-17,26838.0,10.197574072660903,0.06938418434657123
2023-03-20,28059.8,10.242093226047302,0.04451915338639978
2023-03-21,28121.7,10.244296799289295,0.0022035732419922738
2023-03-22,27289.1,10.214242634045332,-0.030054165243962316
2023-03-23,28277.4,10.249818178018769,0.03557554397343665
2023-03-24,27610.1,10.225936926793773,-0.023881251224995736
2023-03-27,27183.4,10.210361771861182,-0.015575154932591317
2023-03-28,27207.1,10.211233247633604,0.0008714757724224143
2023-03-29,28304.4,10.25077254857783,0.03953930094422553
2023-03-30,28076.4,10.242684644792563,-0.008087903785266803
2023-03-31,28441.6,10.255608141125146,0.012923496332582829
2023-04-03,27720.0,10.22990945330384,-0.02569868782130591
2023-04-04,28224.1,10.24793150188414,0.018022048580300876
2023-04-05,28191.0,10.246758057051174,-0.0011734448329665526
2023-04-06,27998.9,10.239920502671351,-0.006837554379822919
2023-04-10,29246.0,10.283498091171824,0.04357758850047233
2023-04-11,30219.1,10.316229453781661,0.03273136260983733
2023-04-12,29967.5,10.307868740081254,-0.008360713700406919
2023-04-13,30312.7,10.319322045596216,0.011453305514962153
2023-04-14,30315.8,10.31942430773375,0.00010226213753306013
2023-04-17,29469.9,10.29112468244468,-0.02829962528906904
2023-04-18,30376.8,10.321434438146348,0.030309755701667385
2023-04-19,29176.1,10.28110515995728,-0.04032927818906806
2023-04-20,28232.7,10.24823615960709,-0.032869000350189026
2023-04-21,27258.3,10.213113340870102,-0.03512281873698875
2023-04-24,27415.2,10.218852883087846,0.005739542217744642
2023-04-25,28280.8,10.249938408153536,0.031085525065689623
2023-04-26,28679.8,10.263948321188545,0.014009913035009092
2023-04-27,29656.8,10.29744672045809,0.03349839926954523
2023-04-28,29351.3,10.287092117290667,-0.010354603167423093
2023-05-01,27993.0,10.239709757902132,-0.04738235938853563
2023-05-02,28674.9,10.263777454633164,0.024067696731032484
2023-05-03,28931.0,10.272668963567046,0.008891508933881909
2023-05-04,28850.3,10.269875670495699,-0.002793293071347236
2023-05-05,29557.8,10.294102947393956,0.02422727689825699
2023-05-08,27562.1,10.22419691961224,-0.06990602778171606
2023-05-09,27625.2,10.226483678612851,0.0022867590006114824
2023-05-10,27536.1,10.223253150054255,-0.0032305285585962906
2023-05-11,27004.9,10.203773610002175,-0.01947954005207997
2023-05-12,26442.5,10.182727843202208,-0.021045766799966614
2023-05-15,27381.6,10.21762653395027,0.03489869074806151
2023-05-16,27026.5,10.204573145129922,-0.013053388820347678
2023-05-17,27378.6,10.217516965321849,0.012943820191926747
2023-05-18,26931.0,10.201033318424798,-0.01648364689705062
2023-05-19,26839.0,10.197611332567385,-0.0034219858574129347
2023-05-22,26913.9,10.200398160756203,0.0027868281888174806
2023-05-23,27202.1,10.21104945518622,0.010651294430017444
2023-05-24,26367.1,10.179872299845126,-0.03117715534109422
2023-05-25,26476.6,10.184016603015573,0.004144303170447117
2023-05-26,26785.3,10.195608508551013,0.01159190553543965
2023-05-29,27675.0,10.228284757576837,0.03267624902582433
2023-05-30,27730.2,10.230277350989152,0.001992593412314392
2023-05-31,27095.1,10.207108178711248,-0.02316917227790327
2023-06-01,26897.6,10.199792342278794,-0.007315836432454148
2023-06-02,27252.5,10.212900539002513,0.01310819672371899
2023-06-05,25669.3,10.153051004307555,-0.05984953469495835
2023-06-06,27064.6,10.20598187988669,0.05293087557913445
2023-06-07,26133.4,10.170969468687543,-0.03501241119914589
2023-06-08,26579.8,10.18790680778445,0.016937339096907422
2023-06-09,26410.5,10.181516937334608,-0.006389870449842405
2023-06-12,25931.5,10.163213724912024,-0.018303212422583925
2023-06-13,25844.1,10.159837614040637,-0.003376110871387894
2023-06-14,25119.0,10.131379810872541,-0.028457803168095097
2023-06-15,25555.6,10.148611749698036,0.017231938825494453
2023-06-16,26378.6,10.180308354355056,0.031696604657019734
2023-06-19,26761.9,10.194734513216446,0.014426158861390093
2023-06-20,28134.2,10.244741197128658,0.05000668391221197
2023-06-21,29882.5,10.305028303752136,0.06028710662347869
2023-06-22,30060.4,10.310963969938326,0.005935666186189792
2023-06-23,30901.8,10.338569713616414,0.027605743678087435
2023-06-26,30165.5,10.3144541662389,-0.02411554737751409
2023-06-27,30723.0,10.332766838743547,0.01831267250464741
2023-06-28,30134.0,10.313409381361234,-0.01935745738231276
2023-06-29,30413.1,10.322628715627133,0.009219334265898382
2023-06-30,30377.2,10.321447606003609,-0.0011811096235234686
2023-07-03,31052.1,10.343421717924869,0.021974111921259976
2023-07-04,30810.5,10.335610819956274,-0.007810897968594688
2023-07-05,30474.8,10.32465539157158,-0.010955428384693988
2023-07-06,30222.0,10.316325414973706,-0.008329976597874378
2023-07-07,30224.4,10.316404824169332,7.940919562621218e-05
2023-07-10,30343.4,10.320334309906698,0.0039294857373661785
2023-07-11,30570.5,10.327790770655605,0.0074564607489069346
2023-07-12,30355.4,10.32072970487847,-0.007061065777135056
2023-07-13,31266.5,10.350302515821594,0.02957281094312414
2023-07-14,30132.8,10.313369558440483,-0.036932957381111464
2023-07-17,30249.2,10.317225016828287,0.0038554583878038784
2023-07-18,29807.5,10.302515318680287,-0.014709698147999717
2023-07-19,29933.6,10.306736874268468,0.004221555588181047
2023-07-20,29879.3,10.304921211930838,-0.0018156623376306413
2023-07-21,29867.2,10.304516167278333,-0.00040504465250457145
2023-07-24,29163.8,10.280683493132953,-0.02383267414538004
2023-07-25,29226.9,10.282844797058507,0.0021613039255541366
2023-07-26,29467.2,10.291033059341341,0.008188262282834202
2023-07-27,29179.2,10.281211405662567,-0.009821653678773856
2023-07-28,29313.9,10.285817085242135,0.004605679579567479
2023-07-31,29238.3,10.283234772638663,-0.002582312603472303
2023-08-01,29225.7,10.28280373814923,-0.00043103448943249134
2023-08-02,29162.9,10.280652632480797,-0.0021511056684335728
2023-08-03,29221.4,10.282656596545703,0.0020039640649063273
2023-08-04,28998.4,10.274995935032765,-0.007660661512938205
2023-08-07,29162.2,10.280628629092888,0.005632694060123455
2023-08-08,29849.0,10.303906617422061,0.023277988329173382
2023-08-09,29501.2,10.292186219466688,-0.01172039795537394
2023-08-10,29434.8,10.289932926807037,-0.0022532926596507963
2023-08-11,29360.1,10.287391888717202,-0.002541038089834302
2023-08-14,29372.3,10.287807332328411,0.00041544361120848805
2023-08-15,29197.8,10.281848642952234,-0.005958689376177162
2023-08-16,28897.2,10.27149998359364,-0.010348659358593082
2023-08-17,26234.7,10.174838240949656,-0.09666174264398464
2023-08-18,26062.5,10.168252778541158,-0.006585462408498444
2023-08-21,26192.4,10.173224571333032,0.004971792791874208
2023-08-22,25661.2,10.15273540246977,-0.020489168863262464
2023-08-23,26314.8,10.177886797530991,0.025151395061222104
2023-08-24,26081.7,10.168989197965281,-0.008897599565710124
2023-08-25,25945.3,10.163745754656555,-0.005243443308726725
2023-08-28,25969.4,10.164674200808847,0.0009284461522920395
2023-08-29,27661.4,10.227793218543802,0.06311901773495521
2023-08-30,27259.6,10.21316103162856,-0.014632186915241263
2023-08-31,26021.4,10.166674555384636,-0.0464864762439241
2023-09-01,25630.0,10.151518819358117,-0.015155736026519762
2023-09-04,25670.5,10.153097751665364,0.0015789323072468164
2023-09-05,25722.4,10.155117486595406,0.002019734930042816
2023-09-06,25710.8,10.154666416072994,-0.00045107052241277756
2023-09-07,26140.9,10.171256416577863,0.016590000504869806
2023-09-08,25874.4,10.161009341893019,-0.010247074684844648
2023-09-11,25139.9,10.132211504411586,-0.02879783748143261
2023-09-12,26100.9,10.169725075474888,0.03751357106330211
2023-09-13,26232.0,10.174735318524483,0.005010243049595076
2023-09-14,26535.4,10.186234969578376,0.01149965105389228
2023-09-15,26402.5,10.18121398162063,-0.005020987957745859
2023-09-18,26843.4,10.197775259664901,0.016561278044271432
2023-09-19,27161.8,10.209566853408866,0.011791593743964768
2023-09-20,27108.2,10.207591544124611,-0.0019753092842549336
2023-09-21,26612.6,10.189140066827367,-0.018451477297244168
2023-09-22,26540.4,10.186423379362676,-0.0027166874646908923
2023-09-25,26276.5,10.176430282602821,-0.009993096759854936
2023-09-26,26154.1,10.171761244966058,-0.004669037636762852
2023-09-27,26257.5,10.17570694149693,0.003945696530871956
2023-09-28,27004.5,10.203758797765786,0.028051856268856312
2023-09-29,26918.5,10.200569061552422,-0.0031897362133648244
2023-10-02,27480.2,10.221221024330179,0.02065196277775705
2023-10-03,27399.8,10.21829099307945,-0.0029300312507292148
2023-10-04,27688.1,10.228757996981585,0.01046700390213573
2023-10-05,27458.0,10.22041284345755,-0.008345153524034643
2023-10-06,27960.3,10.23854092590392,0.018128082446368765
2023-10-09,27626.9,10.226545214735479,-0.011995711168440337
2023-10-10,27428.7,10.219345189443619,-0.007200025291860257
2023-10-11,26720.7,10.193193824912221,-0.026151364531397547
2023-10-12,26749.1,10.194256106898338,0.0010622819861172417
2023-10-13,26771.3,10.195085697158246,0.0008295902599080307
2023-10-16,28435.1,10.255379576527401,0.06029387936915498
2023-10-17,28497.9,10.2575856793314,0.0022061028039992436
2023-10-18,28276.5,10.249786349975077,-0.007799329356323881
2023-10-19,28615.3,10.261696818800127,0.011910468825050202
2023-10-20,29544.3,10.293646110826904,0.03194929202677699
2023-10-23,31642.4,10.36225327235506,0.06860716152815627
2023-10-24,34144.7,10.438362655297139,0.0761093829420787
2023-10-25,34559.5,10.450437755220742,0.012075099923603005
2023-10-26,34113.8,10.437457273487965,-0.012980481732776994
2023-10-27,33708.8,10.425514209849016,-0.011943063638948814
2023-10-30,34477.6,10.448065116786603,0.0225509069375871
2023-10-31,34573.7,10.450848556404535,0.0027834396179322596
2023-11-01,35285.0,10.47121322343493,0.0203646670303943
2023-11-02,34793.0,10.457171496104019,-0.014041727330910803
2023-11-03,34616.2,10.452077059563093,-0.005094436540925784
2023-11-06,35125.3,10.46667694752484,0.014599887961747271
2023-11-07,35298.0,10.471581584092512,0.004904636567671261
2023-11-08,35781.3,10.485180689549686,0.013599105457174687
2023-11-09,36559.9,10.506707290334587,0.02152660078490065
2023-11-10,37241.7,10.525184380187964,0.018477089853377038
2023-11-13,36477.7,10.50445639395503,-0.02072798623293437
2023-11-14,35613.6,10.480482866360026,-0.02397352759500393
2023-11-15,37724.7,10.538070331318147,0.057587464958121615
2023-11-16,36221.6,10.497410904950973,-0.040659426367174234
2023-11-17,36468.5,10.504204153261236,0.006793248310263067
2023-11-20,37455.0,10.530895491381983,0.026691338120746977
2023-11-21,36382.2,10.501834923030954,-0.02906056835102966
2023-11-22,37461.0,10.531055670783255,0.029220747752301435
2023-11-23,37310.2,10.527022026694002,-0.004033644089252775
2023-11-24,37833.5,10.540950232512126,0.013928205818123374
2023-11-27,37084.6,10.520957068080401,-0.019993164431724608
2023-11-28,37877.7,10.542117827399576,0.021160759319174716
2023-11-29,37795.1,10.539934743575403,-0.002183083824172982
2023-11-30,37691.1,10.537179271295628,-0.0027554722797749065
2023-12-01,38775.3,10.565538724958717,0.02835945366308934
2023-12-04,41955.1,10.644355277807467,0.07881655284874967
2023-12-05,44290.9,10.698534517324918,0.05417923951745074
2023-12-06,43777.0,10.686863844288563,-0.011670673036354273
2023-12-07,43151.2,10.672465506090122,-0.014398338198441607
2023-12-08,44351.9,10.699910827857279,0.027445321767157083
2023-12-11,41266.8,10.627813581577074,-0.07209724628020453
2023-12-12,41212.1,10.626487181539739,-0.001326400037335418
2023-12-13,42977.4,10.668429675114036,0.04194249357429669
2023-12-14,43078.0,10.670767704937301,0.002338029823265586
2023-12-15,42229.1,10.650864835837284,-0.01990286910001693
2023-12-18,42498.3,10.657219354112486,0.006354518275202281
2023-12-19,42312.1,10.65282837613875,-0.004390977973736554
2023-12-20,43613.0,10.68311055003235,0.030282173893599662
2023-12-21,43957.3,10.690973987159056,0.007863437126706785
2023-12-22,43690.6,10.68488825497089,-0.006085732188166659
2023-12-26,42461.5,10.656353062000184,-0.028535192970705836
2023-12-27,43350.8,10.677080436479006,0.020727374478822114
2023-12-28,42643.7,10.660634828058283,-0.016445608420722735
2023-12-29,42025.1,10.646022337809976,-0.014612490248307353
2024-01-02,44998.4,10.714382212564788,0.06835987475481176
2024-01-03,42765.5,10.663486981750578,-0.050895230814209214
2024-01-04,44377.3,10.700483356420452,0.036996374669874044
2024-01-05,43970.1,10.691265136450186,-0.009218219970266617
2024-01-08,47041.9,10.75879397291327,0.06752883646308483
2024-01-09,46275.5,10.742367942353612,-0.016426030559658855
2024-01-10,46911.7,10.756022390273625,0.013654447920012913
2024-01-11,46402.8,10.745115081221257,-0.010907309052367253
2024-01-12,43707.0,10.685263551322105,-0.05985152989915221
2024-01-15,42576.9,10.659067131663726,-0.02619641965837971
2024-01-16,43199.5,10.673584200091147,0.01451706842742162
2024-01-17,42674.4,10.661354487809847,-0.012229712281300209
2024-01-18,41312.9,10.628930078846714,-0.03242440896313248
2024-01-19,41658.3,10.637255907453309,0.008325828606594143
2024-01-22,39784.5,10.591232668182078,-0.04602323927123031
2024-01-23,39428.9,10.582254328942586,-0.008978339239492428
2024-01-24,39855.2,10.593008165040375,0.01075383609778946
2024-01-25,39934.8,10.595003403200725,0.0019952381603491887
2024-01-26,41942.7,10.64405968006616,0.04905627686543568
2024-01-29,43111.2,10.671538103122735,0.027478423056574997
2024-01-30,43326.9,10.676528968209643,0.004990865086908158
2024-01-31,42632.2,10.660365115277305,-0.016163852932338685
2024-02-01,42914.7,10.666969703565146,0.00660458828784094
2024-02-02,42942.4,10.66761496181312,0.0006452582479745672
2024-02-05,42449.1,10.656060990101313,-0.011553971711807165
2024-02-06,43186.6,10.673285540929642,0.0172245508283293
2024-02-07,44151.8,10.695388975302953,0.022103434373310193
2024-02-08,45275.7,10.720525743703325,0.02513676840037249
2024-02-09,47598.6,10.770558628022272,0.05003288431894681
2024-02-12,50042.5,10.820627923364862,0.05006929534259008
2024-02-13,49541.0,10.81055588854814,-0.010072034816721143
2024-02-14,51847.0,10.856052352774507,0.045496464226365774
2024-02-15,51695.0,10.853116344020794,-0.0029360087537124713
2024-02-16,51866.1,10.856420676548764,0.003304332527969578
2024-02-19,51939.4,10.85783293335949,0.001412256810725765
2024-02-20,52202.6,10.86288758105945,0.005054647699960668
2024-02-21,51515.0,10.849628306379168,-0.013259274680281763
2024-02-22,51445.8,10.848284105277008,-0.0013442011021602696
2024-02-23,51077.4,10.841097408302838,-0.007186696974169848
2024-02-26,54695.6,10.909538546417847,0.06844113811500918
2024-02-27,56915.8,10.949328261709026,0.03978971529117814
2024-02-28,61304.1,11.02360200386384,0.07427374215481386
2024-02-29,61260.2,11.022885645154535,-0.0007163587093046431
2024-03-01,62749.0,11.046897920612066,0.024012275457531373
2024-03-04,67997.6,11.127227689417746,0.08032976880567944
2024-03-05,63491.2,11.058656592600151,-0.06857109681759432
2024-03-06,65997.8,11.097376687119661,0.038720094519510084
2024-03-07,67204.3,11.115492512559328,0.018115825439666722
2024-03-08,69179.7,11.144462745968314,0.028970233408985635
2024-03-11,72455.8,11.190731999755071,0.0462692537867575
2024-03-12,71167.2,11.172787317099825,-0.01794468265524607
2024-03-13,72987.9,11.198048952967254,0.025261635867428467
2024-03-14,71514.3,11.177652708684766,-0.02039624428248743
2024-03-15,67918.1,11.126057846506786,-0.05159486217798026
2024-03-18,67691.9,11.122721806247442,-0.00333604025934342
2024-03-19,62584.4,11.044271324754437,-0.0784504814930056
2024-03-20,67489.5,11.119727309205045,0.07545598445060797
2024-03-21,65385.1,11.088049682742202,-0.03167762646284267
2024-03-22,63493.2,11.058688092532428,-0.029361590209774135
2024-03-25,70324.9,11.160881211387618,0.10219311885519033
2024-03-26,70250.3,11.159819857649508,-0.0010613537381107818
2024-03-27,69415.5,11.147865464497055,-0.01195439315245217
2024-03-28,70863.1,11.168505125698495,0.020639661201439452
2024-04-01,69612.6,11.150700864420505,-0.017804261277989397
2024-04-02,65708.2,11.092979006425862,-0.057721857994643244
2024-04-03,65927.4,11.09630941556453,0.003330409138667889
2024-04-04,67787.4,11.124131615949999,0.027822200385468676
2024-04-05,67412.2,11.118581289422341,-0.005550326527657745
2024-04-08,71697.9,11.18021673745586,0.061635448033518614
2024-04-09,69182.1,11.14449743762454,-0.03571929983131916
2024-04-10,70015.2,11.15646764031654,0.011970202691999887
2024-04-11,70120.3,11.157967617405939,0.0014999770893986408
2024-04-12,66758.7,11.108839904848008,-0.04912771255793125
2024-04-15,63273.9,11.055228200829184,-0.05361170401882376
2024-04-16,64029.0,11.067091384711677,0.011863183882493189
2024-04-17,61291.4,11.023394818444384,-0.043696566267293235
2024-04-18,63547.7,11.059546083987831,0.03615126554344705
2024-04-19,64264.0,11.070754877853648,0.011208793865817412
2024-04-22,66546.4,11.105654727694423,0.03489984984077488
2024-04-23,66350.3,11.102703561227148,-0.0029511664672750015
2024-04-24,64337.2,11.071893281039705,-0.030810280187443695
2024-04-25,64683.0,11.077253694804662,0.005360413764957883
2024-04-26,63811.7,11.06369183809974,-0.013561856704923159
2024-04-29,63092.2,11.052352427576347,-0.011339410523392601
2024-04-30,60113.1,11.003983066821196,-0.04836936075515119
2024-05-01,57800.7,10.964756165313778,-0.03922690150741737
2024-05-02,59115.6,10.987250127953901,0.022493962640123044
2024-05-03,62035.5,11.035462080810639,0.04821195285673774
2024-05-06,63555.4,11.059667245470273,0.024205164659633738
2024-05-07,63078.3,11.052132090808938,-0.007535154661335142
2024-05-08,61474.1,11.026371226879625,-0.025760863929312094
2024-05-09,62533.6,11.043459291269384,0.017088064389758628
2024-05-10,60620.0,11.012380150611794,-0.031079140657590543
2024-05-13,62893.0,11.049190148737244,0.036809998125450605
2024-05-14,61672.4,11.029591784043607,-0.019598364693637293
2024-05-15,65895.2,11.095820880205032,0.06622909616142536
2024-05-16,65468.1,11.089318280088406,-0.006502600116625956
2024-05-17,66953.6,11.111755121144933,0.022436841056526546
2024-05-20,69707.2,11.15205889127008,0.04030377012514741
2024-05-21,69756.8,11.152770185971097,0.000711294701016385
2024-05-22,69469.5,11.14864308630965,-0.0041270996614457545
2024-05-23,67872.0,11.125378857364408,-0.023264228945242493
2024-05-24,69160.1,11.14417938571868,0.01880052835427115
2024-05-27,69734.0,11.152443282688543,0.008263896969863183
2024-05-28,68314.4,11.131875857889842,-0.020567424798700884
2024-05-29,67626.0,11.121747803470134,-0.010128054419707766
2024-05-30,68392.9,11.133024297053337,0.011276493583203262
2024-05-31,67658.9,11.122234184443155,-0.01079011261018259
2024-06-03,69062.6,11.142768618656962,0.02053443421380763
2024-06-04,70620.4,11.16507433358415,0.022305714927187026
2024-06-05,71145.0,11.172475326979791,0.0074009933956418195
2024-06-06,70718.3,11.166459658561058,-0.006015668418733355
2024-06-07,69188.3,11.14458705216644,-0.021872606394618188
2024-06-10,69566.6,11.150039846083354,0.005452793916914445
2024-06-11,67382.7,11.118143587395469,-0.03189625868788504
2024-06-12,68513.7,11.134789004252983,0.016645416857514306
2024-06-13,66930.3,11.111407058379578,-0.02338194587340503
2024-06-14,65470.7,11.089357993297941,-0.022049065081636954
2024-06-17,66527.4,11.105369171858051,0.016011178560109585
2024-06-18,65184.3,11.084973921372349,-0.02039525048570212
2024-06-19,64978.5,11.081811724930796,-0.0031621964415524673
2024-06-20,65004.2,11.082207162174905,0.0003954372441086207
2024-06-21,64305.3,11.07139733295639,-0.010809829218514366
2024-06-24,60036.2,11.002702992605188,-0.06869434035120214
2024-06-25,61905.7,11.033367538439677,0.03066454583448852
2024-06-26,61013.1,11.018843874197449,-0.014523664242227952
2024-06-27,61448.8,11.025959586731902,0.007115712534453422
2024-06-28,60064.0,11.003165939386236,-0.022793647345666912
2024-07-01,63077.5,11.052119408078536,0.048953468692300106
2024-07-02,61858.9,11.03261126399237,-0.019508144086165302
2024-07-03,60203.2,11.005480786030354,-0.027130477962016286
2024-07-04,58461.4,10.97612198637712,-0.029358799653234513
2024-07-05,56481.2,10.941663118400344,-0.034458867976775664
2024-07-08,56666.8,10.944943780302697,0.0032806619023535433
2024-07-09,57799.1,10.964728483604985,0.0197847033022871
2024-07-10,57445.5,10.958591951227303,-0.006136532377681192
2024-07-11,57458.3,10.958814746296795,0.0002227950694919656
2024-07-12,57657.1,10.962268675095793,0.0034539287989971967
2024-07-15,63564.3,11.059807270974023,0.09753859587823044
2024-07-16,64522.3,11.074766179464904,0.014958908490880773
2024-07-17,64323.9,11.07168653634302,-0.0030796431218842457
2024-07-18,63837.3,11.064092937996223,-0.007593598346796071
2024-07-19,66977.4,11.112110528037295,0.048017590041071756
2024-07-22,67853.6,11.125107722072132,0.012997194034836568
2024-07-23,65880.0,11.095590184291577,-0.029517537780554548
2024-07-24,65618.0,11.091605327537964,-0.003984856753612931
2024-07-25,65818.9,11.094662310112161,0.0030569825741970647
2024-07-26,67928.3,11.126208016110384,0.03154570599822293
2024-07-29,67492.7,11.11977472286404,-0.006433293246344007
2024-07-30,66283.5,11.1016962764227,-0.018078446441339935
2024-07-31,64953.6,11.081428447814444,-0.020267828608256266
2024-08-01,64818.8,11.079350963719484,-0.0020774840949595585
2024-08-02,62631.5,11.045023625416276,-0.034327338303208776
2024-08-05,54426.5,10.904606446586529,-0.1404171788297468
2024-08-06,56491.7,10.941849003688413,0.03724255710188373
2024-08-07,55435.7,10.922979069528187,-0.0188699341602252
2024-08-08,61090.3,11.020108376419119,0.09712930689093113
2024-08-09,60732.3,11.014230960725108,-0.005877415694010679
2024-08-12,58976.1,10.984887556073105,-0.029343404652003358
2024-08-13,61037.3,11.019240431690372,0.03435287561726774
2024-08-14,58918.4,10.983908714742814,-0.035331716947558434
2024-08-15,57638.5,10.961946026180113,-0.02196268856270045
2024-08-16,59698.6,10.99706384851946,0.03511782233934646
2024-08-19,58980.6,10.984963855257503,-0.01209999326195721
2024-08-20,59297.5,10.990322425581102,0.00535857032359921
2024-08-21,61238.4,11.022529722715745,0.03220729713464365
2024-08-22,60548.8,11.011204930452896,-0.011324792262849215
2024-08-23,63622.1,11.060716173246265,0.04951124279336838
2024-08-26,63170.3,11.053589532971227,-0.007126640275037843
2024-08-27,60412.0,11.008943039686232,-0.04464649328499526
2024-08-28,59118.4,10.987297491656399,-0.02164554802983254
2024-08-29,59496.1,10.993666043166986,0.006368551510586684
2024-08-30,58776.8,10.98150249820517,-0.012163544961815376
2024-09-02,59037.1,10.985921338826772,0.004418840621601916
2024-09-03,58097.3,10.969874470159477,-0.016046868667295655
2024-09-04,58093.6,10.969810781867169,-6.368829230751771e-05
2024-09-05,56130.8,10.935439960462505,-0.0343708214046643
2024-09-06,53512.8,10.88767615660427,-0.047763803858234866
2024-09-09,57464.6,10.95892438501991,0.07124822841564082
2024-09-10,57503.9,10.959608050572314,0.0006836655524029567
2024-09-11,57353.2,10.956983918734098,-0.0026241318382158596
2024-09-12,57916.6,10.96675932367913,0.009775404945031596
2024-09-13,59693.6,10.996980090954008,0.030220767274878213
2024-09-16,57977.0,10.967801659156992,-0.029178431797015847
2024-09-17,60338.7,11.007728967900254,0.03992730874326256
2024-09-18,60201.4,11.005450886840453,-0.002278081059801096
2024-09-19,62899.0,11.04928554431096,0.043834657470506855
2024-09-20,62865.4,11.048751211848048,-0.0005343324629123458
2024-09-23,63386.2,11.057001451117577,0.008250239269528947
2024-09-24,64027.0,11.067060148377571,0.010058697259994531
2024-09-25,63427.2,11.057648070503676,-0.009412077873895086
2024-09-26,65063.9,11.083125142897195,0.02547707239351915
2024-09-27,65719.8,11.09315552893294,0.010030386035744243
2024-09-30,63686.5,11.061727888173506,-0.03142764075943383
2024-10-01,61153.1,11.021135834842635,-0.04059205333087057
2024-10-02,60815.7,11.015603258304472,-0.005532576538163525
2024-10-03,60799.8,11.015341778475165,-0.00026147982930702085
2024-10-04,62343.7,11.04041790350104,0.025076125025876195
2024-10-07,63355.2,11.0565122660428,0.01609436254175911
2024-10-08,62401.3,11.041341387473842,-0.015170878568957491
2024-10-09,60850.9,11.01618188877466,-0.02515949869918188
2024-10-10,60122.1,11.004132773396588,-0.012049115378072628
2024-10-11,63022.6,11.051248671204121,0.047115897807533
2024-10-14,65777.7,11.094036154096791,0.042787482892670425
2024-10-15,66421.3,11.103773067157146,0.009736913060354624
2024-10-16,67556.6,11.120721044018888,0.016947976861741765
2024-10-17,67064.5,11.113410121854734,-0.0073109221641534106
2024-10-18,68585.2,11.135832046997779,0.02242192514304442
2024-10-21,67786.4,11.124116863837127,-0.011715183160651677
2024-10-22,67486.4,11.119681375079018,-0.004435488758108619
2024-10-23,66343.7,11.102604084234889,-0.017077290844129678
2024-10-24,68306.4,11.131758745414887,0.029154661179997987
2024-10-25,66786.4,11.109254745982536,-0.022503999432350597
2024-10-28,69912.9,11.155005460550987,0.04575071456845059
2024-10-29,72616.8,11.192951579001567,0.03794611845058071
2024-10-30,72374.6,11.189610688089731,-0.003340890911836425
2024-10-31,70371.9,11.161549314738203,-0.028061373351528474
2024-11-01,69192.6,11.14464919947147,-0.01690011526673274
2024-11-04,67885.4,11.125576268334912,-0.019072931136557614
2024-11-05,69586.0,11.150318676663964,0.024742408329052168
2024-11-06,75684.1,11.23432337773401,0.08400470107004487
2024-11-07,75908.2,11.237279994438802,0.0029566167047931913
2024-11-08,76677.7,11.247366201926212,0.010086207487409737
2024-11-11,88143.7,11.386723716185195,0.13935751425898246
2024-11-12,88638.3,11.392319323096837,0.005595606911642292
2024-11-13,89785.1,11.405174316247166,0.012854993150329008
2024-11-14,87718.5,11.381888102522419,-0.02328621372474693
2024-11-15,91283.3,11.42172313638028,0.03983503385786058
2024-11-18,91239.2,11.42123990827571,-0.0004832281045690223
2024-11-19,91942.1,11.428914310082618,0.007674401806907483
2024-11-20,94225.8,11.453449308415028,0.024534998332409685
2024-11-21,98427.1,11.497071451627,0.043622143211973
2024-11-22,99189.6,11.504788449067325,0.007716997440324391
2024-11-25,94373.4,11.455014532765228,-0.049773916302097376
2024-11-26,91754.9,11.426876170485318,-0.0281383622799094
2024-11-27,96132.5,11.4734827271713,0.04660655668598146
2024-11-28,95650.7,11.468458293189764,-0.005024433981535736
2024-11-29,97373.8,11.48631245960546,0.01785416641569526
2024-12-02,95406.1,11.46589779669201,-0.020414662913449177
2024-12-03,96151.0,11.473675151378858,0.007777354686847815
2024-12-04,98312.9,11.49591052845097,0.022235377072112428
2024-12-05,96737.9,11.479760538471316,-0.016149989979654222
2024-12-06,101517.0,11.527981551124212,0.04822101265289547
2024-12-09,96993.2,11.482396151935399,-0.04558539918881266
2024-12-10,96898.2,11.48141622185493,-0.000979930080468705
2024-12-11,101252.0,11.525367737860115,0.0439515160051851
2024-12-12,100467.0,11.517584594350952,-0.007783143509163537
2024-12-13,101631.0,11.52910388569769,0.01151929134673857
2024-12-16,105844.0,11.569721590969639,0.04061770527194852
2024-12-17,105982.0,11.571024547353876,0.0013029563842366088
2024-12-18,101110.0,11.523964312085445,-0.04706023526843062
2024-12-19,98219.2,11.49495699457941,-0.02900731750603569
2024-12-20,96413.4,11.476400475087832,-0.018556519491577106
2024-12-23,95049.8,11.462156243758654,-0.014244231329177737
2024-12-24,98705.9,11.499900000737323,0.03774375697866894
2024-12-26,95708.4,11.469061347883779,-0.0308386528535447
2024-12-27,94500.0,11.456355113481834,-0.012706234401944627
2024-12-30,92611.4,11.436167523208026,-0.020187590273808453
2024-12-31,93315.7,11.443743647062597,0.007576123854571293
2025-01-02,96812.9,11.48053552884856,0.03679188178596249
2025-01-03,98303.2,11.495811859013342,0.015276330164782692
2025-01-06,102041.0,11.533129972286128,0.03731811327278578
2025-01-07,97128.8,11.483793211743716,-0.04933676054241154
2025-01-08,95261.6,11.464382070350686,-0.019411141393030462
2025-01-09,92466.7,11.43460385868496,-0.02977821166572525
2025-01-10,94616.3,11.45758504463701,0.0229811859520499
2025-01-13,94360.9,11.45488207141593,-0.0027029732210799295
2025-01-14,96688.4,11.47924871561082,0.024366644194889986
2025-01-15,99708.8,11.510009216849205,0.03076050123838492
2025-01-16,99820.3,11.511126848428821,0.0011176315796159741
2025-01-17,104748.0,11.55931274452335,0.0481858960945285
2025-01-20,103466.0,11.546998335303364,-0.012314409219985833
2025-01-21,106013.0,11.571317007083783,0.02431867178041891
2025-01-22,103803.0,11.550250151030383,-0.021066856053399974
2025-01-23,103996.0,11.552107715845384,0.0018575648150012114
2025-01-24,105020.0,11.56190608719185,0.009798371346466439
2025-01-27,101607.0,11.528867709390981,-0.033038377800869156
2025-01-28,101199.0,11.524844154363755,-0.004023555027226067
2025-01-29,103488.0,11.547210942936779,0.022366788573023655
2025-01-30,105119.0,11.562848320735593,0.015637377798814356
2025-01-31,101597.0,11.528769286131517,-0.03407903460407624
2025-02-03,101715.0,11.529930063786052,0.001160777654535039
2025-02-04,97688.6,11.489540147497108,-0.040389916288944505
2025-02-05,96502.7,11.477326266210277,-0.012213881286831096
2025-02-06,96945.2,11.481901149388404,0.00457488317812782
2025-02-07,95919.5,11.47126457701058,-0.010636572377825004
2025-02-10,97427.9,11.486867896250939,0.01560331924035907
2025-02-11,95537.4,11.467273072841184,-0.01959482340975427
2025-02-12,97817.6,11.490859798932417,0.023586726091233245
2025-02-13,96360.4,11.475850607820233,-0.015009191112184794
2025-02-14,97153.4,11.48404645161985,0.008195843799617464
2025-02-17,95867.1,11.470718136317602,-0.013328315302247873
2025-02-18,95267.1,11.464439804434859,-0.006278331882743515
2025-02-19,96527.8,11.47758632874072,0.013146524305861718
2025-02-20,98149.8,11.494250162005129,0.016663833264408012
2025-02-21,95143.8,11.46314471032802,-0.03110545167710832
2025-02-24,92437.6,11.434289101264605,-0.02885560906341489
2025-02-25,88719.3,11.39323273200214,-0.04105636926246525
2025-02-26,84219.7,11.341184139610311,-0.05204859239182902
2025-02-27,84604.5,11.34574273566906,0.004558596058748421
2025-02-28,84128.3,11.340098293517924,-0.005644442151135465
2025-03-03,86574.8,11.368764059132234,0.02866576561430989
2025-03-04,87456.9,11.378901379563976,0.01013732043174187
2025-03-05,90446.9,11.412518217157057,0.03361683759308143
2025-03-06,90297.5,11.410865053529024,-0.0016531636280330275
2025-03-07,87704.6,11.381729628524079,-0.029135425004945148
2025-03-10,79453.3,11.282924706659239,-0.09880492186483991
2025-03-11,83111.7,11.32794076515679,0.045016058497550304
2025-03-12,83634.4,11.334210197690364,0.006269432533574815
2025-03-13,81362.3,11.306667299742731,-0.027542897947633094
2025-03-14,84147.4,11.340325301934255,0.03365800219152426
2025-03-17,84055.5,11.339232573935577,-0.0010927279986781002
2025-03-18,82370.2,11.318979000000818,-0.020253573934759572
2025-03-19,86148.9,11.363832473447397,0.04485347344657953
2025-03-20,84092.9,11.339677419091602,-0.024155054355794903
2025-03-21,84170.8,11.34060334673453,0.0009259276429283148
2025-03-24,87437.0,11.378673813021223,0.038070466286692195
2025-03-25,87492.8,11.379311783245765,0.0006379702245418173
2025-03-26,86834.1,11.371754680643136,-0.0075571026026288735
2025-03-27,87355.3,11.37773898916514,0.005984308522004156
2025-03-28,83761.9,11.335733529145788,-0.042005460019352014
2025-03-31,82519.1,11.32078506067879,-0.014948468466997156
2025-04-01,85176.6,11.352482027207445,0.03169696652865461
2025-04-02,84792.4,11.347961195122137,-0.004520832085308513
2025-04-03,82688.3,11.322833395791612,-0.02512779933052478
2025-04-04,84016.6,11.338769677348997,0.015936281557385357
2025-04-07,79192.8,11.279640664579127,-0.059129012769870926
2025-04-08,77016.6,11.251776262016424,-0.027864402562702395
2025-04-09,83277.8,11.329937286033097,0.0781610240166728
2025-04-10,79672.3,11.285677251042683,-0.044260034990413644
2025-04-11,83869.3,11.337014913693478,0.05133766265079487
2025-04-14,84721.3,11.347122324822339,0.010107411128860377
2025-04-15,84211.9,11.341091520410522,-0.0060308044118162485
2025-04-16,84510.8,11.344634615829067,0.003543095418544695
2025-04-17,85070.1,11.351230901471766,0.006596285642698874
2025-04-21,87284.4,11.376927031701914,0.025696130230148384
2025-04-22,93010.2,11.44046444354062,0.06353741183870554
2025-04-23,93513.8,11.445864297968805,0.005399854428185691
2025-04-24,93382.0,11.444453886158065,-0.0014104118107400865
2025-04-25,95333.4,11.465135500434334,0.02068161427626869
2025-04-28,94541.1,11.456789939566189,-0.008345560868145085
2025-04-29,94726.5,11.458749071074172,0.0019591315079825478
2025-04-30,94400.1,11.455297411455065,-0.0034516596191060955
2025-05-01,96455.2,11.47683393082562,0.021536519370554785
2025-05-02,96935.8,11.481804182692262,0.004970251866641462
2025-05-05,94663.8,11.458086946326594,-0.023717236365667915
2025-05-06,94679.9,11.458257007438093,0.0001700611114987538
2025-05-07,97121.3,11.48371599170621,0.0254589842681181
2025-05-08,102778.0,11.540326601318167,0.05661060961195652
2025-05-09,103184.0,11.544269081250158,0.003942479931991372
2025-05-12,102482.0,11.537442452383305,-0.006826628866853923
2025-05-13,104342.0,11.555429244496953,0.017986792113648065
2025-05-14,103616.0,11.548447037037308,-0.00698220745964484
2025-05-15,103288.0,11.545276481854554,-0.003170555182753887
2025-05-16,103924.0,11.551415141750752,0.0061386598961981065
2025-05-19,105474.0,11.566219756027946,0.014804614277194261
2025-05-20,106619.0,11.57701701122941,0.010797255201463685
2025-05-21,108456.0,11.594099839759226,0.017082828529815686
2025-05-22,110868.0,11.616095583458746,0.021995743699520176
2025-05-23,108696.0,11.596310273904159,-0.019785309554587016
2025-05-26,109324.0,11.602071229200641,0.005760955296482351
2025-05-27,108871.0,11.597918974099873,-0.004152255100768443
2025-05-28,107542.0,11.58563674792181,-0.012282226178061961
2025-05-29,106421.0,11.57515820483615,-0.010478543085660874
2025-05-30,104584.0,11.557745855241697,-0.017412349594453147
2025-06-02,104952.0,11.561258381760867,0.0035125265191702226
2025-06-03,105455.0,11.566039600619716,0.004781218858848746
2025-06-04,104983.0,11.561553711269765,-0.004485889349950867
2025-06-05,101619.0,11.528985804516742,-0.032567906753023124
2025-06-06,104303.0,11.555055403758336,0.026069599241594688
2025-06-09,109947.0,11.607753710481058,0.052698306722721355
2025-06-10,109918.0,11.607489912239698,-0.00026379824135958074
2025-06-11,108551.0,11.594975387608546,-0.012514524631152213
2025-06-12,105971.0,11.570920750757367,-0.024054636851179367
2025-06-13,105248.0,11.564074748988784,-0.0068460017685829655
2025-06-16,108567.0,11.595122772901604,0.031048023912820355
2025-06-17,104579.0,11.55769804563865,-0.03742472726295354
2025-06-18,105106.0,11.562724643722712,0.005026598084061362
2025-06-19,104395.0,11.555937060563476,-0.006787583159235666
2025-06-20,103437.0,11.546718010704978,-0.009219049858497641
2025-06-23,103788.0,11.550105636094512,0.003387625389533966
2025-06-24,106105.0,11.57218444884515,0.022078812750637056
2025-06-25,107677.0,11.586891284163555,0.014706835318404998
2025-06-26,107106.0,11.581574277275607,-0.005317006887947784
2025-06-27,106883.0,11.579490057238825,-0.002084220036781659
2025-06-30,107173.0,11.582199630223712,0.0027095729848873873
2025-07-01,105808.0,11.569381409914444,-0.012818220309268824
2025-07-02,109496.0,11.603643297891102,0.0342618879766583
2025-07-03,109864.0,11.606998516210117,0.0033552183190153073
2025-07-04,107484.0,11.585097278263195,-0.021901237946922336
2025-07-07,108221.0,11.591930711590182,0.006833433326987048
2025-07-08,108900.0,11.598185308921051,0.006254597330869416
2025-07-09,110857.0,11.615996361449419,0.017811052528367455
2025-07-10,116482.0,11.665492033612775,0.049495672163356375
2025-07-11,118028.0,11.678677163435019,0.013185129822243624
2025-07-14,120035.0,11.695538645904396,0.01686148246937691
2025-07-15,117548.0,11.674602039786896,-0.020936606117500034
2025-07-16,119345.0,11.689773737299134,0.01517169751223868
2025-07-17,120334.0,11.698026488797767,0.008252751498632804
2025-07-18,117437.0,11.673657298562937,-0.02436919023483064
2025-07-21,117274.0,11.672268356193772,-0.0013889423691644254
2025-07-22,119435.0,11.69052756931406,0.01825921312028811
2025-07-23,118120.0,11.679456335857859,-0.011071233456201313
2025-07-24,118598.0,11.683494901997165,0.004038566139305644
2025-07-25,116758.0,11.667858695667526,-0.01563620632963847
2025-07-28,118118.0,11.679439403780885,0.01158070811335854
2025-07-29,117598.0,11.675027307499326,-0.00441209628155903
2025-07-30,117315.0,11.672617903703822,-0.002409403795503806
2025-07-31,116545.0,11.66603274350077,-0.0065851602030519985
2025-08-01,113290.0,11.637706181867534,-0.02832656163323577
2025-08-04,115105.0,11.653600034252998,0.015893852385463703
2025-08-05,113606.0,11.640491600775833,-0.013108433477164283
2025-08-06,115083.0,11.653408886147387,0.012917285371553788
2025-08-07,117152.0,11.671227515919963,0.017818629772575534
2025-08-08,116483.0,11.66550061859335,-0.005726897326612246
2025-08-11,118724.0,11.684556750555993,0.019056131962642553
2025-08-12,119903.0,11.694438361553297,0.009881610997304335
2025-08-13,122579.0,11.716510999068774,0.0220726375154765
2025-08-14,117979.0,11.67826192150826,-0.0382490775605131
2025-08-15,116974.0,11.669706966862654,-0.008554954645607182
2025-08-18,116719.0,11.667524615647972,-0.002182351214681688
2025-08-19,113430.0,11.638941185553088,-0.02858343009488351
2025-08-20,114390.0,11.64736894151972,0.008427755966630812
2025-08-21,112619.0,11.631765719351677,-0.015603222168042663
2025-08-22,116617.0,11.66665033986972,0.034884620518043974
2025-08-25,109899.0,11.60731704116924,-0.059333298700479986
2025-08-26,111607.0,11.622739050976616,0.015422009807375403
2025-08-27,111549.0,11.622219235230626,-0.0005198157459904706
2025-08-28,112047.0,11.626673705108937,0.004454469878311329
2025-08-29,108198.0,11.591718160935327,-0.034955544173609354
2025-09-01,107811.0,11.58813497306755,-0.0035831878677772266
2025-09-02,111198.0,11.619067675025365,0.0309327019578145
2025-09-03,112034.0,11.62655767563732,0.007490000611955594
2025-09-04,110522.0,11.612969875145785,-0.013587800491535518
2025-09-05,111683.0,11.623419780099594,0.010449904953809153
2025-09-08,112348.0,11.629356475941897,0.0059366958423030525
2025-09-09,111322.0,11.620182181701937,-0.00917429423996019
2025-09-10,113879.0,11.642891760180254,0.022709578478316672
2025-09-11,114539.0,11.648670655335264,0.005778895155010844
2025-09-12,116612.0,11.66660746355502,0.01793680821975485
2025-09-15,115562.0,11.65756246145706,-0.009045002097959554
2025-09-16,116847.0,11.668620665696473,0.011058204239413172
2025-09-17,116096.0,11.662172714034753,-0.006447951661719742
2025-09-18,117357.0,11.672975850117952,0.01080313608319905
2025-09-19,115210.0,11.6545118290321,-0.018464021085852877
2025-09-22,113049.0,11.635576632023472,-0.018935197008627114
2025-09-23,112217.0,11.628189775744987,-0.007386856278484899
2025-09-24,113407.0,11.638738396765731,0.010548621020744164
2025-09-25,109467.0,11.603378412954656,-0.03535998381107497
2025-09-26,109223.0,11.601146942825716,-0.002231470128940316
2025-09-29,114268.0,11.646301845581009,0.04515490275529288
2025-09-30,114232.0,11.64598674711013,-0.00031509847087818343
2025-10-01,117637.0,11.67535889081267,0.029372143702540043
2025-10-02,120246.0,11.697294923381483,0.021936032568811825
2025-10-03,122679.0,11.717326466907062,0.020031543525579565
2025-10-06,125173.0,11.737452059439185,0.020125592532123093
2025-10-07,122101.0,11.712603850073448,-0.024848209365737617
2025-10-08,123322.0,11.722554099838087,0.009950249764639096
2025-10-09,121534.0,11.707949338007067,-0.014604761831019886
2025-10-10,116781.0,11.668055664910987,-0.039893673096079496
2025-10-13,115804.0,11.659654385838795,-0.008401279072192125
2025-10-14,113196.0,11.636876108437853,-0.02277827740094196
2025-10-15,110886.0,11.61625792551381,-0.020618182924042827
2025-10-16,108487.0,11.594385629115978,-0.021872296397832613
2025-10-17,106480.0,11.575712453068993,-0.018673176046984707
2025-10-20,110607.0,11.613738657206813,0.038026204137819875
2025-10-21,110931.0,11.616663665386024,0.0029250081792113747
2025-10-22,107231.0,11.582740664919099,-0.03392300046692576
2025-10-23,109586.0,11.60446490811068,0.021724243191581394
2025-10-24,110541.0,11.61314177184534,0.008676863734660145
2025-10-27,114111.0,11.644926937864167,0.031785166018826416
2025-10-28,113246.0,11.637317722633211,-0.007609215230955257
2025-10-29,111050.0,11.617735829322573,-0.01958189331063842
2025-10-30,107901.0,11.588969419043872,-0.02876641027870086
2025-10-31,109497.0,11.603652430603107,0.014683011559235126
2025-11-03,106479.0,11.575703061589882,-0.027949369013224867
2025-11-04,101240.0,11.52524921465906,-0.050453846930821555
2025-11-05,103758.0,11.549816543553977,0.024567328894915974
2025-11-06,101432.0,11.527143902207785,-0.02267264134619218
2025-11-07,103531.0,11.547626363749538,0.020482461541753594
2025-11-10,106002.0,11.571213240840736,0.023586877091197778
2025-11-11,102989.0,11.542377465392157,-0.02883577544857907
2025-11-12,101975.0,11.532482964185759,-0.009894501206398232
2025-11-13,99812.3,11.511046701198316,-0.021436262987442944
2025-11-14,94332.5,11.454581053995984,-0.05646564720233194
2025-11-17,92161.6,11.431298836890127,-0.023282217105856873
2025-11-18,93132.4,11.441777415612085,0.010478578721958343
2025-11-19,90399.5,11.411994015391521,-0.02978340022056436
2025-11-20,87970.8,11.384760220214691,-0.02723379517683
2025-11-21,84522.9,11.344777782546954,-0.0399824376677369
2025-11-24,88651.6,11.39246935984484,0.04769157729788631
2025-11-25,87604.7,11.38058992845325,-0.011879431391589534
2025-11-26,90404.4,11.412048217762168,0.03145828930891703
2025-11-27,91362.5,11.422590388788647,0.010542171026479252
2025-11-28,91239.2,11.42123990827571,-0.0013504805129365138
2025-12-01,86590.5,11.368945388764013,-0.0522945195116975
2025-12-02,92025.9,11.429825338150499,0.06087994938648578
2025-12-03,93809.5,11.44902140918361,0.01919607103311094
2025-12-04,92386.4,11.433735060649646,-0.015286348533964045
2025-12-05,89391.8,11.400784234359753,-0.03295082628989299
2025-12-08,90876.8,11.417260022067442,0.016475787707689094
2025-12-09,92913.4,11.439423155519663,0.022163133452220762
2025-12-10,92532.6,11.435316293843227,-0.004106861676435258
2025-12-11,92423.1,11.434132226384984,-0.0011840674582437316
2025-12-12,90240.4,11.410232499346176,-0.02389972703880794
2025-12-15,86268.6,11.365220963817931,-0.04501153552824455
2025-12-16,87783.9,11.38263339151023,0.01741242769229956
2025-12-17,86322.2,11.36584208616887,-0.01679130534136064
2025-12-18,85557.8,11.356947449915781,-0.008894636253089061
2025-12-19,87953.8,11.38456695559959,0.02761950568380911
2025-12-22,88654.0,11.392496431747816,0.00792947614822559
2025-12-23,87373.6,11.3779484565179,-0.014547975229914911
2025-12-24,87984.0,11.384910258747595,0.006961802229694669
2025-12-26,87627.8,11.38085357817729,-0.00405668057030617
2025-12-29,87290.5,11.376996915745984,-0.0038566624313052245
2025-12-30,88368.8,11.389274245150869,0.012277329404884796
2025-12-31,87623.2,11.380801082043162,-0.008473163107707293
2026-01-02,89748.0,11.404761021979668,0.023959939936506913
2026-01-05,94181.4,11.452977988838898,0.04821696685922916
2026-01-06,93341.0,11.44401473296688,-0.008963255872018294
2026-01-07,91126.9,11.4200083195737,-0.024006413393179216
2026-01-08,91092.9,11.419635143877157,-0.0003731756965432709
2026-01-09,90229.0,11.410106162138701,-0.0095289817384554
2026-01-12,91211.7,11.420938457307717,0.010832295169015183
2026-01-13,95650.7,11.468458293189764,0.047519835882047445
2026-01-14,96878.5,11.481212895035268,0.012754601845504254
2026-01-15,95561.1,11.467521112466,-0.01369178256926773
2026-01-16,95396.1,11.465792976097603,-0.001728136368397415
2026-01-19,92529.1,11.435278468620607,-0.03051450747699569
2026-01-20,88429.8,11.389964295891321,-0.045314172729286284
2026-01-21,89759.3,11.404886922152139,0.01492262626081775
2026-01-22,89316.0,11.399935922147911,-0.004951000004227879
2026-01-23,89453.4,11.401473098275988,0.0015371761280764673
2026-01-26,88083.2,11.386037101345158,-0.015435996930829532
2026-01-27,89172.6,11.39832909649234,0.012291995147181822
2026-01-28,89298.4,11.399738849570818,0.0014097530784784595
2026-01-29,84468.7,11.344136330523796,-0.055602519047022625
2026-01-30,83842.6,11.336696510524407,-0.00743981999938903
2026-02-02,78756.2,11.274112283747554,-0.0625842267768526
2026-02-03,75662.9,11.234043226820695,-0.04006905692685869
2026-02-04,72414.4,11.190160453624438,-0.04388277319625722
2026-02-05,63798.7,11.063488092949736,-0.12667236067470178
2026-02-06,70048.1,11.156937427914078,0.09344933496434216
2026-02-09,70358.1,11.161353194507347,0.0044157665932687
2026-02-10,68641.7,11.136655500754916,-0.02469769375243125
2026-02-11,67401.3,11.118419584548219,-0.018235916206696956
2026-02-12,66287.5,11.101756621445386,-0.016662963102833217
2026-02-13,68780.9,11.138681369099832,0.036924747654445866
2026-02-16,68570.6,11.135619150422423,-0.0030622186774085236
2026-02-17,67530.6,11.120336107469443,-0.015283042952979997
2026-02-18,66403.7,11.103508056803628,-0.016828050665814942
2026-02-19,66936.6,11.111501181721563,0.00799312491793458
2026-02-20,67692.4,11.122729192628286,0.01122801090672354
2026-02-23,64725.7,11.077913619547738,-0.04481557308054818
2026-02-24,64154.3,11.069046398194851,-0.008867221352886645
2026-02-25,68485.6,11.134378783173108,0.065332384978257
2026-02-26,67629.7,11.12180251465792,-0.012576268515188005
2026-02-27,65590.9,11.091192245797544,-0.030610268860376877
2026-03-02,69415.5,11.147865464497055,0.05667321869951181
2026-03-03,68258.4,11.13105578239694,-0.016809682100115353
2026-03-04,72715.6,11.19431122097019,0.06325543857325044
2026-03-05,71229.6,11.173663741345232,-0.02064747962495872
2026-03-06,68145.8,11.12940480646546,-0.04425893487977106
2026-03-09,68629.4,11.136476293332043,0.007071486866582433
2026-03-10,69686.4,11.15176045575863,0.015284162426587145
2026-03-11,70356.6,11.161331874773161,0.009571419014530846
2026-03-12,70192.6,11.158998171352138,-0.0023337034210229035
2026-03-13,71376.0,11.175716957368046,0.016718786015907483
2026-03-16,74760.7,11.222047624821544,0.04633066745349801
2026-03-17,74307.4,11.215965821977969,-0.006081802843574735
2026-03-18,71154.1,11.17260322659423,-0.04336259538373888
2026-03-19,70194.1,11.159019540897829,-0.01358368569640156
2026-03-20,70076.5,11.15734278144071,-0.0016767594571192035
2026-03-23,70777.9,11.167302084061173,0.009959302620464072
2026-03-24,70317.0,11.160768869332964,-0.006533214728209558
2026-03-25,71373.0,11.175674925549954,0.014906056216990038
2026-03-26,68869.5,11.139968688457213,-0.03570623709274123
2026-03-27,66023.5,11.097766018240089,-0.042202670217124094
2026-03-30,66815.8,11.109694858502756,0.011928840262667606
2026-03-31,68257.5,11.13104259711962,0.02134773861686412
2026-04-01,68403.6,11.133180733804597,0.0021381366849766437
2026-04-02,66936.1,11.111493711938703,-0.021687021865893996
2026-04-03,66885.1,11.110731500832106,-0.0007622111065970216
2026-04-06,69519.2,11.1493582523932,0.03862675156109496
2026-04-07,69920.7,11.155117021720951,0.005758769327750102
2026-04-08,71565.5,11.178368393249398,0.02325137152844725
2026-04-09,72268.9,11.188149163461038,0.009780770211639478
2026-04-10,73224.1,11.20127988073614,0.013130717275101844
2026-04-13,73216.6,11.201177450195907,-0.00010243054023284515
2026-04-14,74329.5,11.216263190937667,0.01508574074176039
2026-04-15,74765.7,11.222114502643812,0.005851311706145168
2026-04-16,74959.7,11.224705914769823,0.0025914121260104395
2026-04-17,77402.3,11.256771774898588,0.03206586012876578
2026-04-20,76004.0,11.238541249462422,-0.018230525436166545
2026-04-21,75588.0,11.233052819409929,-0.0054884300524928875
2026-04-22,78802.2,11.274696194237974,0.0416433748280447
2026-04-23,77974.5,11.264137129143807,-0.010559065094167153
2026-04-24,77596.3,11.259275024622193,-0.00486210452161373
2026-04-27,76797.8,11.248931272892131,-0.010343751730061967
2026-04-28,76357.4,11.243180228019556,-0.005751044872575051
2026-04-29,75903.6,11.237219393088955,-0.005960834930601067
2026-04-30,76232.2,11.241539224594737,0.00431983150578219
2026-05-01,78331.2,11.26870127004478,0.027162045450042527
2026-05-04,80243.2,11.29281730219954,0.024116032154759992
2026-05-05,81407.3,11.307220228559249,0.014402926359709411
2026-05-06,81531.4,11.308743501102805,0.001523272543556331
2026-05-07,79753.7,11.286698414555204,-0.0220450865476014
2026-05-08,80142.3,11.291559083553699,0.004860668998494688
2026-05-11,81813.6,11.31219876794002,0.020639684386321022
2026-05-12,80595.7,11.297200577195634,-0.014998190744385909
2026-05-13,79375.1,11.28193999603672,-0.015260581158914377
2026-05-14,81364.3,11.30669188084994,0.024751884813220215
2026-05-15,79184.7,11.279538377322325,-0.027153503527614475
2026-05-18,77055.8,11.25228511371012,-0.027253263612205814
2026-05-19,76936.6,11.250736985051729,-0.0015481286583902687
2026-05-20,77438.3,11.257236769230161,0.006499784178432222
2026-05-21,77616.8,11.259539177585044,0.0023024083548826013
2026-05-22,75797.1,11.235815312323387,-0.023723865261656485
2026-05-25,77316.7,11.255665252639085,0.019849940315697978
2026-05-26,75806.9,11.23594459651132,-0.01972065612776497
2026-05-27,74377.6,11.216910100220108,-0.019034496291212122
2026-05-28,73716.9,11.207987359895792,-0.008922740324315726
2026-05-29,73496.4,11.204991704409553,-0.002995655486239812
2026-06-01,70976.3,11.17010129748199,-0.03489040692756262
2026-06-02,67485.0,11.119660629943382,-0.05044066753860754
2026-06-03,65676.2,11.092491886179733,-0.027168743763649417
2026-06-04,63250.7,11.054861473722202,-0.03763041245753129
2026-06-05,60403.6,11.008803984795746,-0.046057488926456
2026-06-08,63690.2,11.061785983570875,0.05298199877512921
2026-06-09,61755.0,11.030930222872115,-0.030855760698759838
2026-06-10,61313.5,11.023755326062584,-0.007174896809530651
2026-06-11,63457.0,11.058117790146436,0.03436246408385202
2026-06-12,63578.8,11.060035360426976,0.0019175702805398487
2026-06-15,66328.3,11.102371932762548,0.04233657233557153
2026-06-16,65724.6,11.093228563615318,-0.009143369147230018
2026-06-17,64219.4,11.070060624716023,-0.023167938899295137
2026-06-18,62952.4,11.050134164242161,-0.019926460473861596
2026-06-19,63026.6,11.051312138485171,0.001177974243010027
2026-06-22,64282.2,11.071038044530246,0.019725906045074737
2026-06-23,62543.7,11.043620791398055,-0.027417253132190567
2026-06-24,61044.0,11.019350194610766,-0.024270596787289378
2026-06-25,60130.4,11.004270816264938,-0.015079378345827621
2026-06-26,59794.3,10.998665617669948,-0.005605198594990313
2026-06-29,60401.4,11.008767562462229,0.010101944792280548
2026-06-30,58553.1,10.977689313824092,-0.031078248638136685
2026-07-01,60743.3,11.014412067054776,0.03672275323068419
2026-07-02,61536.9,11.027392273866576,0.012980206811800343
2026-07-03,62172.4,11.037666450346487,0.01027417647991058
2026-07-06,64416.8,11.073129747637115,0.03546329729062769
2026-07-07,63390.6,11.05707086444875,-0.016058883188364348
2026-07-08,62136.8,11.037093685000508,-0.019977179448241955
2026-07-09,63215.5,11.054304803229865,0.017211118229356615
2026-07-10,63854.5,11.064362336659318,0.010057533429453258
2026-07-13,62019.3,11.03520090590903,-0.029161430750288986
2026-07-14,64636.2,11.076529904338233,0.04132899842920423
2026-07-15,64795.7,11.078994522113884,0.002464617775650879
2026-07-16,64116.5,11.068457020080826,-0.010537502033058033
2026-07-17,64021.3,11.066971119472013,-0.00148590060881304
2026-07-20,65235.8,11.085763676980214,0.018792557508200858
2026-07-21,66316.5,11.102194013989537,0.01643033700932328
2026-07-22,66003.1,11.09745698960249,-0.004737024387047484
2026-07-23,65111.7,11.083859535550632,-0.013597454051858193
2026-07-24,64195.1,11.06968216277769,-0.01417737277294151
2026-07-27,64756.7,11.078392449112101,0.008710286334411066
2026-07-28,63900.2,11.065077770251182,-0.01331467886091886
2026-07-29,63754.3,11.06279191172635,-0.002285858524832207
2026-07-30,64651.6,11.07676813254032,0.01397622081396932
2026-07-31,62920.7,11.049630482348727,-0.027137650191592755
2026-08-03,63522.7,11.05915260131488,0.00952211896615296
2026-08-04,64115.3,11.068438303974526,0.009285702659646233
2026-08-05,64655.0,11.076820720729952,0.008382416755425837
2026-08-06,64360.0,11.07224760110632,-0.004573119623632493
2026-08-07,64901.7,11.08062909649396,0.008381495387640214
2026-08-10,63920.2,11.065390709346401,-0.01523838714755854
2026-08-11,63620.9,11.060697311697888,-0.004693397648512843
2026-08-12,63405.9,11.057312196032418,-0.00338511566546984
2026-08-13,63414.3,11.05744466704275,0.00013247101033186937
2026-08-14,62903.3,11.049353905541267,-0.008090761501483357
2026-08-17,64308.2,11.07144242931098,0.02208852376971393
2026-08-18,64539.0,11.075024971218793,0.0035825419078125975
2026-08-19,69643.2,11.15114034342953,0.07611537221073661
2026-08-20,72671.2,11.193700436478334,0.04256009304880415
2026-08-21,76924.8,11.250583600251861,0.0568831637735272
2026-08-24,78952.7,11.276604217959058,0.026020617707196436
2026-08-25,78534.2,11.271289477684217,-0.005314740274840801
2026-08-26,78274.2,11.267973325765501,-0.003316151918715704
