Date,Close,Log_Price,Log_Return
2015-08-07,2.7721199989,1.0196123700371518,
2015-08-08,0.7533249855,-0.28325855664000227,-1.302870926677154
2015-08-09,0.7018970251,-0.3539685736077849,-0.07071001696778262
2015-08-10,0.7084479928,-0.3446786272033832,0.009289946404401672
2015-08-11,1.0678600073,0.06565665263924379,0.410335279842627
2015-08-12,1.2174400091,0.1967503009207765,0.1310936482815327
2015-08-13,1.8276699781,0.6030419195887462,0.4062916186679697
2015-08-14,1.8278700113,0.6031513607114145,0.00010944112266830786
2015-08-15,1.6888999939,0.5240774258299202,-0.07907393488149428
2015-08-16,1.5660300255,0.4485437707564521,-0.07553365507346815
2015-08-17,1.2036099434,0.18532532712214722,-0.26321844363430486
2015-08-18,1.0870499611,0.08346756945633989,-0.10185775766580733
2015-08-19,1.258859992,0.23020654315957131,0.1467389737032314
2015-08-20,1.4649200439,0.3818006634369603,0.15159412027738897
2015-08-21,1.3952900171,0.3331022912283494,-0.048698372208610896
2015-08-22,1.3792300224,0.3215253886718111,-0.011576902556538315
2015-08-23,1.3525899649,0.30202124701244637,-0.019504141659364704
2015-08-24,1.2312699556,0.20804612096672856,-0.09397512604571781
2015-08-25,1.1401900053,0.131194919834073,-0.07685120113265556
2015-08-26,1.1599800587,0.14840281419464812,0.017207894360575127
2015-08-27,1.1476999521,0.13775989796883953,-0.010642916225808596
2015-08-28,1.191380024,0.17511231924294451,0.037352421274104985
2015-08-29,1.1825499535,0.16767308446632936,-0.00743923477661515
2015-08-30,1.3192700148,0.27707856453591295,0.10940548006958359
2015-08-31,1.3582400084,0.30618975019199457,0.029111185656081617
2015-09-01,1.3516099453,0.3012964339990236,-0.0048933161929709534
2015-09-02,1.2947900295,0.25834854262325113,-0.042947891375772485
2015-09-03,1.2649300098,0.23501679242747722,-0.02333175019577391
2015-09-04,1.2744100094,0.24248333378875836,0.007466541361281137
2015-09-05,1.338809967,0.2917811350539435,0.049297801265185126
2015-09-06,1.2958300114,0.2591514252841178,-0.03262970976982571
2015-09-07,1.2466499805,0.2204599380430875,-0.038691487241030276
2015-09-08,1.2424299717,0.21706911659548794,-0.003390821447599557
2015-09-09,1.2065099478,0.1877318512209433,-0.029337265374544647
2015-09-10,1.1657700539,0.15338185913178118,-0.03434999208916212
2015-09-11,0.9829779863,-0.017168553490611946,-0.17055041262239312
2015-09-12,1.0387400389,0.038008477634922856,0.055177031125534806
2015-09-13,0.9360030293,-0.0661365660781583,-0.10414504371308114
2015-09-14,0.8756219745,-0.13282081714308763,-0.06668425106492934
2015-09-15,0.9444100261,-0.057194857456950306,0.07562595968613733
2015-09-16,0.9071750045,-0.09741989874712917,-0.04022504129017886
2015-09-17,0.8742309809,-0.13441065803651403,-0.03699075928938486
2015-09-18,0.8536850214,-0.15819298062759016,-0.023782322591076127
2015-09-19,0.882390976,-0.12512003774971528,0.03307294287787488
2015-09-20,0.938444972,-0.0635310586650234,0.06158897908469188
2015-09-21,0.919046998,-0.08441801756410679,-0.020886958899083388
2015-09-22,0.9017959833,-0.10336696709688911,-0.018948949532782325
2015-09-23,0.8934059739,-0.11271418338398978,-0.009347216287100668
2015-09-24,0.8136100173,-0.2062741220079485,-0.09355993862395873
2015-09-25,0.7362229824,-0.30622224092056366,-0.09994811891261515
2015-09-26,0.7859640121,-0.24084427373346298,0.06537796718710068
2015-09-27,0.7208390236,-0.3273394348638093,-0.0864951611303463
2015-09-28,0.5828859806,-0.5397636853435578,-0.2124242504797485
2015-09-29,0.6611459851,-0.4137806085985149,0.1259830767450429
2015-09-30,0.7386440039,-0.3029392008945271,0.11084140770398782
2015-10-01,0.6902149916,-0.37075214789344607,-0.06781294699891899
2015-10-02,0.6785740256,-0.38776170381608716,-0.017009555922641084
2015-10-03,0.6871709824,-0.3751721350476322,0.012589568768454962
2015-10-04,0.6683790088,-0.4028998879006691,-0.027727752853036913
2015-10-05,0.6286429763,-0.4641917886769595,-0.061291900776290376
2015-10-06,0.6506450176,-0.42979107336188604,0.03440071531507344
2015-10-07,0.6093879938,-0.49530011429838644,-0.0655090409365004
2015-10-08,0.6217160225,-0.47527184596237515,0.02002826833601129
2015-10-09,0.6506279707,-0.42981727370594036,0.04545457225643479
2015-10-10,0.6278570294,-0.4654427986235363,-0.03562552491759596
2015-10-11,0.634962976,-0.4541885873010889,0.011254211322447416
2015-10-12,0.6260300279,-0.46835694114108734,-0.014168353839998427
2015-10-13,0.6076549888,-0.4981480107097265,-0.02979106956863914
2015-10-14,0.5229679942,-0.6482350133481174,-0.15008700263839092
2015-10-15,0.5618780255,-0.5764704891211389,0.07176452422697854
2015-10-16,0.5364949703,-0.6226980919786288,-0.04622760285748995
2015-10-17,0.5471779704,-0.6029811722561322,0.019716919722496562
2015-10-18,0.5177339911,-0.6582936993196812,-0.055312527063548944
2015-10-19,0.4890139997,-0.7153641606737202,-0.05707046135403904
2015-10-20,0.4348289967,-0.8328024362163343,-0.1174382755426141
2015-10-21,0.4473290145,-0.8044609047851959,0.028341531431138378
2015-10-22,0.5677019954,-0.5661586539270116,0.23830225085818435
2015-10-23,0.5396569967,-0.6168215325395718,-0.05066287861256025
2015-10-24,0.5635899901,-0.5734282597611822,0.04339327277838967
2015-10-25,0.6160389781,-0.484445041314104,0.08898321844707818
2015-10-26,0.7313169837,-0.31290828299021933,0.17153675832388465
2015-10-27,0.869641006,-0.13967478927310056,0.17323349371711877
2015-10-28,1.0024800301,0.002476959900428839,0.1421517491735294
2015-10-29,1.2066600323,0.18785623906053284,0.185379279160104
2015-10-30,1.0412199497,0.04039305425052975,-0.1474631848100031
2015-10-31,0.9166269898,-0.08705466178094827,-0.12744771603147803
2015-11-01,1.055670023,0.0541756582328811,0.14123032001382937
2015-11-02,0.9897890091,-0.01026348068846009,-0.06443913892134119
2015-11-03,1.0133600235,0.013271565383418931,0.02353504607187902
2015-11-04,0.8990499973,-0.10641663170766037,-0.1196881970910793
2015-11-05,0.8956369758,-0.11022010904457573,-0.0038034773369153563
2015-11-06,0.9260320067,-0.07684648046245293,0.0333736285821228
2015-11-07,0.9279739857,-0.07475157923972064,0.002094901222732287
2015-11-08,1.0274699926,0.027099462679560763,0.1018510419192814
2015-11-09,0.9992780089,-0.0007222518610932943,-0.027821714540654057
2015-11-10,0.9343479872,-0.06790633284105536,-0.06718408097996206
2015-11-11,0.79182899,-0.23340983219933306,-0.16550349935827768
2015-11-12,0.8957110047,-0.11013745743154692,0.12327237476778614
2015-11-13,0.9040960073,-0.10081972146358834,0.009317735967958582
2015-11-14,0.8888120055,-0.11786953320968901,-0.01704981174610068
2015-11-15,0.9063680172,-0.09830985541604369,0.019559677793645328
2015-11-16,0.9289619923,-0.07368745349178182,0.024622401924261864
2015-11-17,1.0079799891,0.00794831736878841,0.08163577086057024
2015-11-18,0.993318975,-0.006703442953253347,-0.014651760322041758
2015-11-19,0.9555320144,-0.0454870104732541,-0.03878356752000075
2015-11-20,0.9249200225,-0.07804800736994218,-0.03256099689668808
2015-11-21,0.9761400223,-0.024149237387919676,0.053898769982022504
2015-11-22,0.9680179954,-0.03250460158910112,-0.008355364201181447
2015-11-23,0.9469689727,-0.05448895011316219,-0.021984348524061066
2015-11-24,0.900191009,-0.10514830595367612,-0.05065935584051393
2015-11-25,0.8635370135,-0.14671851780913855,-0.04157021185546243
2015-11-26,0.8841829896,-0.12309123595645736,0.02362728185268119
2015-11-27,0.8679509759,-0.14162004529468714,-0.01852880933822977
2015-11-28,0.9157029986,-0.0880632042205415,0.05355684107414564
2015-11-29,0.8786140084,-0.129409603565741,-0.0413463993451995
2015-11-30,0.8731189966,-0.1356834247568968,-0.006273821191155798
2015-12-01,0.8748000264,-0.13375996000119827,0.0019234647556985174
2015-12-02,0.8212100267,-0.19697638409699272,-0.06321642409579445
2015-12-03,0.8121430278,-0.20807881172090986,-0.011102427623917138
2015-12-04,0.8400409818,-0.17430460047772373,0.033774211243186136
2015-12-05,0.8624380231,-0.1479919899338423,0.026312610543881426
2015-12-06,0.8355000019,-0.17972492867260134,-0.03173293873875904
2015-12-07,0.8112639785,-0.20916178029564514,-0.029436851623043797
2015-12-08,0.8221179843,-0.1958713610141841,0.013290419281461047
2015-12-09,0.7921670079,-0.23298304083675503,-0.03711167982257094
2015-12-10,0.840395987,-0.17388208512978448,0.05910095570697055
2015-12-11,0.9297620058,-0.07282663332674452,0.10105545180303996
2015-12-12,0.9769729972,-0.02329626580646296,0.04953036752028156
2015-12-13,0.9528840184,-0.04826208430814928,-0.02496581850168632
2015-12-14,0.9930220246,-0.007002435323920807,0.04125964898422847
2015-12-15,1.0141500235,0.014050846394773902,0.021053281718694708
2015-12-16,0.9911820292,-0.008857079178615184,-0.022907925573389085
2015-12-17,0.9407010078,-0.06112992867494444,-0.05227284949632926
2015-12-18,0.9201269746,-0.0832436025927997,-0.022113673917855257
2015-12-19,0.9080719948,-0.09643161409677146,-0.013188011503971767
2015-12-20,0.9038850069,-0.101053131437809,-0.004621517341037537
2015-12-21,0.9007710218,-0.10450419151913086,-0.003451060081321858
2015-12-22,0.8642020226,-0.14594871505658713,-0.04144452353745627
2015-12-23,0.8580769897,-0.15306145193473103,-0.007112736878143899
2015-12-24,0.8632619977,-0.1470370445172748,0.006024407417456218
2015-12-25,0.8703629971,-0.13884491630711976,0.008192128210155053
2015-12-26,0.8546029925,-0.15711825414014985,-0.01827333783303009
2015-12-27,0.856365025,-0.1550585626615197,0.002059691478630138
2015-12-28,0.8450049758,-0.16841276312159043,-0.013354200460070714
2015-12-29,0.8730540276,-0.13575783777225056,0.032654925349339864
2015-12-30,0.9119579792,-0.09216136540790779,0.043596472364342775
2015-12-31,0.9335420132,-0.0687693109070517,0.023392054500856088
2016-01-01,0.9480239749,-0.053375487067998405,0.015393823839053293
2016-01-02,0.9371240139,-0.06493965342036889,-0.011564166352370488
2016-01-03,0.9719049931,-0.028497223023206925,0.03644243039716197
2016-01-04,0.9544799924,-0.046588597377042934,-0.01809137435383601
2016-01-05,0.9501760006,-0.05110804775729345,-0.004519450380250513
2016-01-06,0.9508600235,-0.05038841601875927,0.0007196317385341766
2016-01-07,0.9420049787,-0.0597447191755795,-0.009356303156820227
2016-01-08,0.9867889881,-0.01329905359065899,0.046445665584920505
2016-01-09,0.9868329763,-0.013254477475475136,4.4576115183854806e-05
2016-01-10,0.9992309809,-0.0007693149468724493,0.012485162528602687
2016-01-11,1.0615999699,0.05977717568243156,0.060546490629304006
2016-01-12,1.1410000324,0.13190509927608193,0.07212792359365038
2016-01-13,1.1252000332,0.11796082713942997,-0.013944272136651961
2016-01-14,1.1895899773,0.17360869085931754,0.05564786371988757
2016-01-15,1.2080099583,0.18897434310447245,0.015365652245154904
2016-01-16,1.2202899456,0.1990884908362921,0.01011414773181965
2016-01-17,1.327469945,0.28327483357634314,0.08418634274005105
2016-01-18,1.4263399839,0.3551117114572655,0.07183687788092236
2016-01-19,1.3713899851,0.31582481315807304,-0.03928689829919246
2016-01-20,1.5318200588,0.4264566093286263,0.11063179617055324
2016-01-21,1.5535700321,0.44055552904086964,0.014098919712243363
2016-01-22,1.5012700558,0.4063114537233199,-0.03424407531754975
2016-01-23,1.9726699591,0.6793879343352136,0.2730764806118937
2016-01-24,2.1412000656,0.7613664501741148,0.08197851583890114
2016-01-25,2.4992699623,0.9159986741494495,0.15463222397533471
2016-01-26,2.2763700485,0.8225820902626271,-0.09341658388682239
2016-01-27,2.3885500431,0.8706865053135541,0.048104415050926996
2016-01-28,2.5264899731,0.9268309770500847,0.05614447173653059
2016-01-29,2.4949600697,0.9142727249471579,-0.012558252102926715
2016-01-30,2.4450600147,0.8940696685151606,-0.02020305643199738
2016-01-31,2.3060400486,0.8355317888252884,-0.05853787968987212
2016-02-01,2.211689949,0.7937569061141563,-0.041774882711132166
2016-02-02,2.4396400452,0.8918505059635858,0.09809359984942956
2016-02-03,2.5286900997,0.9277014215079401,0.03585091554435427
2016-02-04,2.5780398846,0.9470293755377377,0.01932795402979759
2016-02-05,2.5389900208,0.9317663723485315,-0.015263003189206148
2016-02-06,2.5344600677,0.9299806233119676,-0.0017857490365639217
2016-02-07,2.9643399715,1.0866544010924386,0.15667377778047098
2016-02-08,3.17979002,1.1568151631653727,0.07016076207293409
2016-02-09,4.0446400642,1.3973925636587827,0.24057740049341003
2016-02-10,4.4362602234,1.4898117294898614,0.09241916583107868
2016-02-11,6.0131001472,1.7939404470326565,0.30412871754279514
2016-02-12,5.5469799042,1.7132536182433873,-0.08068682878926925
2016-02-13,5.3853201866,1.6836767678193811,-0.02957685042400615
2016-02-14,5.2397298813,1.6562699476340073,-0.02740682018537388
2016-02-15,5.2883501053,1.6655063078653292,0.009236360231321905
2016-02-16,4.3152899742,1.462164523714324,-0.20334178415100523
2016-02-17,3.757240057,1.3236846604781758,-0.13847986323614814
2016-02-18,4.3991298676,1.4814067640040134,0.1577221035258376
2016-02-19,4.7378897667,1.5555918396786892,0.0741850756746758
2016-02-20,4.3413300514,1.468180764618202,-0.08741107506048729
2016-02-21,4.6536197662,1.5376453611127003,0.06946459649449843
2016-02-22,5.6164999008,1.7257086764372416,0.18806331532454124
2016-02-23,5.586209774,1.7203010203445428,-0.005407656092698776
2016-02-24,6.2364702225,1.830414352858847,0.11011333251430422
2016-02-25,6.1048002243,1.809075383734866,-0.021338969123980922
2016-02-26,5.92166996,1.7786184969544587,-0.030456886780407366
2016-02-27,6.4258599281,1.8603304627747992,0.08171196582034046
2016-02-28,6.4683499336,1.8669210425395724,0.0065905797647731745
2016-02-29,6.3369898796,1.8464038733068082,-0.020517169232764143
2016-03-01,7.6536898613,2.0351878663628584,0.1887839930560502
2016-03-02,8.4653902054,2.135986110848744,0.10079824448588548
2016-03-03,9.2941503525,2.229385207904433,0.09339909705568905
2016-03-04,10.4060001373,2.3423825760624224,0.11299736815798944
2016-03-05,11.0037002563,2.3982316031693336,0.0558490271069112
2016-03-06,11.382900238,2.432112250182738,0.03388064701340454
2016-03-07,9.5526304245,2.256816553687218,-0.17529569649552013
2016-03-08,9.8472099304,2.2871881592625427,0.0303716055753247
2016-03-09,11.8979997635,2.4763702988884235,0.18918213962588082
2016-03-10,11.3050003052,2.425245132726837,-0.05112516616158658
2016-03-11,11.0827999115,2.405394348989836,-0.019850783737001
2016-03-12,13.5333003998,2.605153344424301,0.19975899543446518
2016-03-13,14.4750003815,2.6724230498148445,0.06726970539054333
2016-03-14,12.4525995255,2.5219293983445246,-0.1504936514703199
2016-03-15,13.0100002289,2.565718310118572,0.043788911774047534
2016-03-16,12.5208997726,2.5273992299107424,-0.0383190802078297
2016-03-17,11.0815000534,2.4052770560364336,-0.12212217387430879
2016-03-18,10.9981002808,2.3977225561382522,-0.007554499898181355
2016-03-19,10.5306997299,2.3542947750207297,-0.043427781117522546
2016-03-20,10.3198003769,2.334064416542689,-0.020230358478040777
2016-03-21,11.8641004562,2.4735170721126627,0.13945265556997377
2016-03-22,11.2748003006,2.4225701735334404,-0.0509468985792223
2016-03-23,12.4167003632,2.5190423699685414,0.09647219643510097
2016-03-24,11.2349996567,2.4190338750809945,-0.10000849488754682
2016-03-25,10.7432003021,2.3742730244049413,-0.04476085067605329
2016-03-26,10.9739999771,2.3955288365500333,0.02125581214509209
2016-03-27,10.4191999435,2.3436502525232936,-0.05187858402673973
2016-03-28,11.665599823,2.456644324897213,0.11299407237391934
2016-03-29,11.6563997269,2.455855361964807,-0.0007889629324058234
2016-03-30,11.9528999329,2.4809739211465867,0.02511855918177952
2016-03-31,11.4034996033,2.4339202910365016,-0.04705363011008501
2016-04-01,11.663599968,2.4564728783818746,0.02255258734537291
2016-04-02,11.5988998413,2.4509102523473603,-0.005562626034514295
2016-04-03,11.6183004379,2.452581478927842,0.0016712265804819104
2016-04-04,11.1572999954,2.4120939917858975,-0.04048748714194472
2016-04-05,10.4380998611,2.3454625602476935,-0.06663143153820394
2016-04-06,10.6854000092,2.368878324588866,0.02341576434117254
2016-04-07,10.0697002411,2.309530938770031,-0.05934738581883492
2016-04-08,9.7195901871,2.2741434557625255,-0.035387483007505605
2016-04-09,9.1506204605,2.213821686879154,-0.06032176888337171
2016-04-10,8.936340332,2.190126146538532,-0.0236955403406216
2016-04-11,8.6437902451,2.156841172396954,-0.03328497414157816
2016-04-12,7.4423098564,2.007181265230741,-0.14965990716621302
2016-04-13,8.0444202423,2.0849787134970583,0.07779744826631729
2016-04-14,8.3872404099,2.126711552179506,0.04173283868244759
2016-04-15,8.2427797318,2.109337633125214,-0.017373919054291864
2016-04-16,8.6094999313,2.152866236764546,0.043528603639332086
2016-04-17,9.3091001511,2.2309924326004893,0.07812619583594316
2016-04-18,9.0360002518,2.201216626472069,-0.029775806128420346
2016-04-19,8.7148799896,2.1650319083206573,-0.036184718151411666
2016-04-20,8.4657897949,2.136033312461398,-0.028998595859259346
2016-04-21,8.1021699905,2.092131925861308,-0.04390138660009013
2016-04-22,7.8212599754,2.0568456637523496,-0.035286262108958244
2016-04-23,8.2947902679,2.115627639163626,0.05878197541127639
2016-04-24,8.0013504028,2.07961032778466,-0.03601731137896591
2016-04-25,7.5543398857,2.022122217413617,-0.05748811037104318
2016-04-26,7.3970398903,2.001079905358528,-0.021042312055088885
2016-04-27,7.7599701881,2.048978492448057,0.04789858708952899
2016-04-28,7.1725301743,1.9702584758077195,-0.07872001664033745
2016-04-29,7.4572901726,2.0091921005845133,0.03893362477679374
2016-04-30,8.8139801025,2.17633910892916,0.16714700834464669
2016-05-01,8.8465003967,2.1800219454135124,0.003682836484352414
2016-05-02,10.1632003784,2.3187733904229373,0.13875144500942493
2016-05-03,9.3112697601,2.231225468680886,-0.0875479217420514
2016-05-04,9.413769722,2.2421734814518115,0.010948012770925608
2016-05-05,9.8261003494,2.2850421463342427,0.04286866488243124
2016-05-06,9.3466396332,2.2350168811831126,-0.05002526515113015
2016-05-07,9.3705101013,2.237567534608451,0.002550653425338556
2016-05-08,9.4829301834,2.2494933595840743,0.011925824975623112
2016-05-09,9.2977304459,2.229770332301805,-0.019723027282269268
2016-05-10,9.3615198135,2.2366076505455728,0.006837318243767765
2016-05-11,9.9962797165,2.302212995424331,0.06560534487875813
2016-05-12,10.057800293,2.308348482014769,0.006135486590438166
2016-05-13,10.5066003799,2.3520036672819966,0.04365518526722756
2016-05-14,10.2397003174,2.3262723533042013,-0.025731313977795267
2016-05-15,9.9623498917,2.298812976670323,-0.027459376633878207
2016-05-16,11.1712999344,2.4133479836061267,0.11453500693580354
2016-05-17,12.198800087,2.501337593377596,0.08798960977146919
2016-05-18,13.5586004257,2.607021063741423,0.10568347036382697
2016-05-19,14.7697000504,2.6925777883072874,0.0855567245658646
2016-05-20,13.63560009,2.6126840263301965,-0.07989376197709097
2016-05-21,14.0150003433,2.640128209111935,0.027444182781738657
2016-05-22,14.2861003876,2.659287063699552,0.01915885458761668
2016-05-23,13.4615001678,2.599833771780217,-0.059453291919334905
2016-05-24,12.7322998047,2.54414205648003,-0.05569171530018702
2016-05-25,12.5260000229,2.5278064859314187,-0.016335570548611233
2016-05-26,12.4303998947,2.520145076742852,-0.007661409188566726
2016-05-27,11.295800209,2.42443099371416,-0.095714083028692
2016-05-28,11.8929004669,2.4759416226610673,0.05151062894690739
2016-05-29,12.350399971,2.5136884488653504,0.037746826204283046
2016-05-30,12.7252998352,2.5435921248466133,0.029903675981262978
2016-05-31,14.0773000717,2.644563576071005,0.10097145122439155
2016-06-01,14.0015001297,2.6391644759963087,-0.005399100074696239
2016-06-02,13.7379999161,2.620165709684542,-0.01899876631176678
2016-06-03,13.8466997147,2.628046916491019,0.007881206806477081
2016-06-04,13.7404003143,2.6203404213261208,-0.007706495164898186
2016-06-05,13.9750003815,2.63727004633991,0.016929625013789362
2016-06-06,13.9341001511,2.6343390841161862,-0.0029309622237239097
2016-06-07,14.5120000839,2.674975899154203,0.04063681503801675
2016-06-08,14.4176998138,2.668456605527052,-0.006519293627150979
2016-06-09,14.3985996246,2.6671309535613665,-0.0013256519656854593
2016-06-10,13.9085998535,2.632507343320514,-0.034623610240852365
2016-06-11,14.1915998459,2.6526502294185885,0.020142886098074353
2016-06-12,15.7437000275,2.756440286997033,0.10379005757844428
2016-06-13,17.6026992798,2.868052258454865,0.1116119714578323
2016-06-14,18.8931999207,2.9388020647691704,0.07074980631430527
2016-06-15,18.3542995453,2.9098638547006064,-0.028938210068564008
2016-06-16,20.5886001587,3.0247375322642105,0.11487367756360412
2016-06-17,15.3767995834,2.732859852918021,-0.29187767934618947
2016-06-18,11.3306999207,2.4275158490100637,-0.30534400390795735
2016-06-19,12.2341995239,2.504235269654197,0.0767194206441335
2016-06-20,11.8395004272,2.471441434917034,-0.03279383473716324
2016-06-21,13.3066997528,2.588267649204928,0.11682621428789419
2016-06-22,13.0951004028,2.5722381451925957,-0.016029504012332385
2016-06-23,13.676199913,2.6156570894678177,0.04341894427522197
2016-06-24,14.3320999146,2.662501770852959,0.04684468138514131
2016-06-25,14.2829999924,2.65907001834839,-0.0034317525045688413
2016-06-26,13.8501996994,2.6282996512586405,-0.030770367089749673
2016-06-27,13.8838996887,2.630729873016655,0.00243022175801455
2016-06-28,12.1756000519,2.4994339533311614,-0.1312959196854937
2016-06-29,12.6112003326,2.5345853343919296,0.035151381060768205
2016-06-30,12.4615001678,2.522643904811805,-0.011941429580124563
2016-07-01,12.1995000839,2.501394974170134,-0.021248930641671215
2016-07-02,12.1283998489,2.4955497974281178,-0.005845176742016012
2016-07-03,11.720199585,2.4613138134407273,-0.03423598398739047
2016-07-04,11.4709997177,2.4398220866892446,-0.021491726751482698
2016-07-05,10.6113996506,2.3619288619839054,-0.07789322470533921
2016-07-06,10.5289001465,2.3541238711654864,-0.007804990818419011
2016-07-07,10.1093997955,2.3134656638615594,-0.040658207303926996
2016-07-08,11.3945999146,2.433139551471339,0.1196738876097796
2016-07-09,10.9654998779,2.3947539693304996,-0.038385582140839425
2016-07-10,10.9476003647,2.393120287470529,-0.0016336818599707037
2016-07-11,10.4589996338,2.347462816759223,-0.04565747071130577
2016-07-12,10.5160999298,2.352907409466076,0.005444592706852713
2016-07-13,10.5004997253,2.3514228489166866,-0.001484560549389169
2016-07-14,11.5131998062,2.4434941863746,0.0920713374579134
2016-07-15,11.9516000748,2.4808651668868564,0.0373709805122564
2016-07-16,11.6527996063,2.455546460695642,-0.025318706191214346
2016-07-17,11.1586999893,2.4122194617538844,-0.04332699894175773
2016-07-18,11.0343999863,2.4010176645376013,-0.011201797216283005
2016-07-19,11.619099617,2.4526502627933717,0.05163259825577038
2016-07-20,12.4505996704,2.5217687880479467,0.06911852525457496
2016-07-21,12.6506996155,2.537712519217355,0.01594373116940817
2016-07-22,14.6618995667,2.6852522628734192,0.14753974365606437
2016-07-23,14.2996997833,2.6602385428706556,-0.025013720002763584
2016-07-24,12.7495002747,2.5454920766951483,-0.11474646617550732
2016-07-25,13.8360996246,2.627281091439286,0.08178901474413758
2016-07-26,11.9895000458,2.4840312705720553,-0.1432498208672306
2016-07-27,12.9728002548,2.562854877476584,0.07882360690452872
2016-07-28,12.8436002731,2.5528456540597015,-0.010009223416882485
2016-07-29,12.7945995331,2.549023170419319,-0.0038224836403824014
2016-07-30,12.4610004425,2.5226038024715236,-0.026419367947795536
2016-07-31,11.8759002686,2.474511159139745,-0.04809264333177854
2016-08-01,10.9415998459,2.392572024501341,-0.08193913463840419
2016-08-02,8.7872800827,2.1733052306728418,-0.21926679382849912
2016-08-03,10.2938995361,2.3315514417211163,0.15824621104827452
2016-08-04,11.0427999496,2.4017786273163715,0.0702271855952552
2016-08-05,10.9253997803,2.3910903334746116,-0.010688293841759844
2016-08-06,10.8810997009,2.387027311770385,-0.004063021704226788
2016-08-07,10.9116001129,2.3898264538845173,0.002799142114132458
2016-08-08,11.2454004288,2.4199591942748304,0.030132740390313106
2016-08-09,12.2442998886,2.5050605134816895,0.08510131920685904
2016-08-10,12.1431999207,2.4967693358001086,-0.00829117768158083
2016-08-11,11.6908998489,2.458810748475287,-0.037958587324821824
2016-08-12,11.7784996033,2.4662758019705135,0.007465053495226748
2016-08-13,11.5712995529,2.4485278558055836,-0.017747946164929918
2016-08-14,11.1948003769,2.415449418440195,-0.03307843736538851
2016-08-15,11.2184000015,2.4175552875640127,0.0021058691238176053
2016-08-16,11.1396999359,2.4105152984002784,-0.007039989163734273
2016-08-17,10.7527999878,2.3751661846402135,-0.035349113760065
2016-08-18,10.7560997009,2.375473007692405,0.00030682305219142947
2016-08-19,10.7487001419,2.37478483023006,-0.0006881774623450632
2016-08-20,11.2474002838,2.4201370160615276,0.04535218583146783
2016-08-21,11.1792001724,2.414054924237546,-0.00608209182398145
2016-08-22,11.1209001541,2.408826234655946,-0.0052286895816000545
2016-08-23,11.0305995941,2.400673192087128,-0.008153042568818325
2016-08-24,11.0360002518,2.4011626791712772,0.0004894870841494203
2016-08-25,11.3573999405,2.4298695086192166,0.02870682944793934
2016-08-26,11.2953996658,2.424395533605599,-0.005473975013617682
2016-08-27,11.1482000351,2.4112780530450113,-0.013117480560587591
2016-08-28,10.9293003082,2.391447284421147,-0.019830768623864348
2016-08-29,10.9837999344,2.3964214540244786,0.004974169603331635
2016-08-30,11.2288999557,2.4184908080930576,0.022069354068579017
2016-08-31,11.6724004745,2.4572271213327084,0.038736313239650766
2016-09-01,11.9948997498,2.4844815385910386,0.02725441725833022
2016-09-02,12.1129999161,2.4942792491082226,0.009797710517184033
2016-09-03,11.7587003708,2.464593423676429,-0.029685825431793766
2016-09-04,11.6799001694,2.457869430223143,-0.0067239934532858925
2016-09-05,11.7170000076,2.4610407793346485,0.003171349111505517
2016-09-06,11.6891002655,2.458656806354265,-0.0023839729803833976
2016-09-07,11.5479001999,2.4465036195655614,-0.012153186788703696
2016-09-08,11.3458995819,2.4288564083363884,-0.01764721122917301
2016-09-09,11.6527996063,2.455546460695642,0.026690052359253702
2016-09-10,12.1684999466,2.498850641111629,0.04330418041598705
2016-09-11,11.6384000778,2.4543099824953005,-0.04454065861632861
2016-09-12,11.893699646,2.4760088184012323,0.0216988359059318
2016-09-13,11.9187002182,2.4781086135943666,0.0020997951931343017
2016-09-14,11.9231996536,2.4784860529324737,0.0003774393381070773
2016-09-15,11.9370002747,2.4796428431253834,0.0011567901929097069
2016-09-16,12.5558004379,2.5301827450894625,0.05053990196407909
2016-09-17,12.6985998154,2.541491736630579,0.01130899154111642
2016-09-18,12.4312000275,2.520209443702563,-0.021282292928015867
2016-09-19,13.1890001297,2.5793831586777003,0.05917371497513724
2016-09-20,14.4302997589,2.6693301458825607,0.08994698720486038
2016-09-21,13.7685003281,2.6223833981748745,-0.04694674770768614
2016-09-22,13.2475996017,2.5838163738845403,-0.038567024290334206
2016-09-23,13.3312997818,2.590114637449023,0.00629826356448282
2016-09-24,12.8779001236,2.555512673502752,-0.03460196394627113
2016-09-25,13.1008996964,2.572680906963307,0.017168233460555182
2016-09-26,12.82310009,2.551248238952248,-0.021432668011059253
2016-09-27,13.0982999802,2.5724824492821092,0.02123421032986128
2016-09-28,13.2748003006,2.585867523745548,0.01338507446343895
2016-09-29,13.0733995438,2.570579596630866,-0.015287927114682187
2016-09-30,13.2248001099,2.58209386306681,0.011514266435943998
2016-10-01,13.1726999283,2.5781465006896727,-0.003947362377137331
2016-10-02,13.1997003555,2.5801941289937593,0.0020476283040866683
2016-10-03,13.4524002075,2.5991575442160304,0.018963415222271074
2016-10-04,13.2770004272,2.586033247089708,-0.01312429712632257
2016-10-05,13.0356998444,2.5676917355798246,-0.01834151150988328
2016-10-06,12.8542995453,2.5536783503417975,-0.014013385238027087
2016-10-07,12.6670999527,2.5390080772653425,-0.014670273076454965
2016-10-08,12.2190999985,2.5030003011539135,-0.036007776111429024
2016-10-09,12.0537004471,2.4893717038395033,-0.013628597314410129
2016-10-10,11.7554998398,2.464321202551228,-0.02505050128827513
2016-10-11,11.7856998444,2.466886918960935,0.0025657164097068197
2016-10-12,11.9335002899,2.479349595414418,0.012462676453482757
2016-10-13,11.9630002975,2.481818578057111,0.0024689826426933514
2016-10-14,11.9381999969,2.4797433425714495,-0.002075235485661686
2016-10-15,11.9834003448,2.4835223875389434,0.0037790449674939275
2016-10-16,11.9516000748,2.4808651668868564,-0.0026572206520869557
2016-10-17,12.0050001144,2.4853232392025792,0.004458072315722816
2016-10-18,12.5885000229,2.532783700601053,0.04746046139847371
2016-10-19,12.022600174,2.4867882263454066,-0.04599547425564632
2016-10-20,12.0989999771,2.4931228026666226,0.006334576321215923
2016-10-21,12.1753997803,2.4994175045938296,0.006294701927207047
2016-10-22,12.0714998245,2.4908472879116963,-0.008570216682133314
2016-10-23,12.0360002518,2.4879021796883705,-0.002945108223325832
2016-10-24,11.9689998627,2.4823199624199326,-0.0055822172684378835
2016-10-25,11.4139995575,2.434840633346336,-0.04747932907359642
2016-10-26,11.531999588,2.4451257440494816,0.010285110703145417
2016-10-27,11.4996995926,2.4423209126454,-0.002804831404081387
2016-10-28,11.085100174,2.4056018799241494,-0.036719032721250766
2016-10-29,10.4446001053,2.3460851085216614,-0.05951677140248801
2016-10-30,11.182800293,2.414376909798424,0.0682918012767626
2016-10-31,10.9982004166,2.3977316609237684,-0.01664524887465557
2016-11-01,10.7660999298,2.3764023020759963,-0.021329358847772095
2016-11-02,10.7525997162,2.3751475594016442,-0.001254742674352105
2016-11-03,10.8009996414,2.379638689235707,0.004491129834062857
2016-11-04,11.0907001495,2.406106932777922,0.026468243542214775
2016-11-05,11.0024995804,2.398122481566322,-0.007984451211600074
2016-11-06,10.8734998703,2.386328624498823,-0.011793857067498692
2016-11-07,10.8087997437,2.3803605934514516,-0.005968031047371536
2016-11-08,10.8337001801,2.382661662872713,0.0023010694212612925
2016-11-09,10.655500412,2.3660762294407207,-0.016585433431992147
2016-11-10,10.5244998932,2.3537058623540092,-0.012370367086711465
2016-11-11,10.289899826,2.3311628147159675,-0.022543047638041713
2016-11-12,9.8779602051,2.2903060334709173,-0.04085678124505021
2016-11-13,10.1014995575,2.3126838838660837,0.022377850395166377
2016-11-14,9.9664802551,2.299227488051946,-0.0134563958141376
2016-11-15,10.217499733,2.324101910324658,0.02487442227271197
2016-11-16,10.0591001511,2.308477712470069,-0.015624197854589017
2016-11-17,9.9911804199,2.3017027458302515,-0.006774966639817581
2016-11-18,9.4761600494,2.248779176128578,-0.05292356970167367
2016-11-19,9.6627597809,2.268279299026906,0.019500122898328254
2016-11-20,9.5792798996,2.2596024221012168,-0.008676876925689303
2016-11-21,9.6208200455,2.2639295048595365,0.0043270827583197224
2016-11-22,9.9057197571,2.2931123435478207,0.029182838688284196
2016-11-23,9.8436203003,2.2868235600965647,-0.0062887834512559415
2016-11-24,9.2316703796,2.222640005012219,-0.06418355508434592
2016-11-25,9.4020500183,2.2409277525516256,0.018287747539406762
2016-11-26,9.3281097412,2.2330323942473376,-0.007895358304288003
2016-11-27,8.9984703064,2.197054596934814,-0.035977797312523485
2016-11-28,8.724820137,2.1661718532055185,-0.03088274372929556
2016-11-29,8.1741199493,2.1009730595267087,-0.06519879367880987
2016-11-30,8.5875396729,2.150312277380591,0.04933921785388229
2016-12-01,8.4525003433,2.134462296215106,-0.015849981165485083
2016-12-02,7.7599601746,2.0489772020427828,-0.08548509417232308
2016-12-03,7.9213399887,2.0695603820076616,0.020583179964878795
2016-12-04,7.4436798096,2.0073653246362095,-0.062195057371452034
2016-12-05,6.8216600418,1.92010285012504,-0.08726247451116964
2016-12-06,7.868929863,2.062922076436495,0.14281922631145494
2016-12-07,8.381480217,2.1260245357690444,0.06310245933254954
2016-12-08,8.230509758,2.107847951774483,-0.018176583994561568
2016-12-09,8.4460096359,2.1336940973943594,0.025846145619876637
2016-12-10,8.1251602173,2.0949654470736907,-0.038728650320668745
2016-12-11,8.1936197281,2.1033557694683194,0.008390322394628669
2016-12-12,8.5222101212,2.1426757110985646,0.039319941630245214
2016-12-13,8.4228496552,2.13094820985658,-0.011727501241984406
2016-12-14,8.2652301788,2.1120575807097497,-0.018890629146830484
2016-12-15,7.8284702301,2.057767118003061,-0.05429046270668891
2016-12-16,7.8582100868,2.061558856182294,0.003791738179233395
2016-12-17,7.8765897751,2.0638950405406127,0.002336184358318505
2016-12-18,7.8653202057,2.062463248421487,-0.0014317921191255856
2016-12-19,7.643819809,2.0338974532325738,-0.028565795188913334
2016-12-20,7.6600399017,2.036017192838149,0.0021197396055754325
2016-12-21,7.9144001007,2.068683897750519,0.03266670491236967
2016-12-22,7.5850000381,2.0261726178235673,-0.042511279926951584
2016-12-23,7.1661500931,1.9693685638350589,-0.05680405398850841
2016-12-24,7.2657699585,1.9831742733060798,0.013805709471020888
2016-12-25,7.1750798225,1.9706138866709095,-0.012560386635170229
2016-12-26,7.2740898132,1.9843186936428199,0.013704806971910344
2016-12-27,7.1708202362,1.9700200464227902,-0.014298647220029714
2016-12-28,7.5201101303,2.017580782841214,0.04756073641842362
2016-12-29,8.2841596603,2.1143452166817474,0.09676443384053357
2016-12-30,8.1599798203,2.0992416959705067,-0.015103520711240659
2016-12-31,7.9690999985,2.0755715627745763,-0.023670133195930365
2017-01-01,8.1725702286,2.100783452861656,0.02521189008707969
2017-01-02,8.3785104752,2.125670151105518,0.024886698243861805
2017-01-03,9.7252502441,2.2747256212145777,0.14905547010905984
2017-01-04,11.2516002655,2.420510364356674,0.14578474314209622
2017-01-05,10.2544002533,2.3277069064694165,-0.09280345788725741
2017-01-06,10.254699707,2.327736108501744,2.9202032327368954e-05
2017-01-07,9.867190361,2.2892151483817424,-0.03852096012000139
2017-01-08,10.2897996902,2.331153083203618,0.041937934821875356
2017-01-09,10.3255996704,2.3346262166181773,0.0034731334145594595
2017-01-10,10.5495996475,2.3560879110977626,0.021461694479585347
2017-01-11,9.7177600861,2.273955148099219,-0.08213276299854355
2017-01-12,9.8613300323,2.2886210512314706,0.014665903132251579
2017-01-13,9.7694997787,2.279265265020297,-0.009355786211173722
2017-01-14,9.6466598511,2.2666117260145917,-0.012653539005705206
2017-01-15,9.9042596817,2.2929649354793615,0.026353209464769822
2017-01-16,9.6365003586,2.2655580093696495,-0.02740692610971207
2017-01-17,10.3023004532,2.332367215268689,0.06680920589903971
2017-01-18,10.2278003693,2.3251095391801893,-0.00725767608849992
2017-01-19,10.3971996307,2.3415365036098073,0.016426964429617996
2017-01-20,10.6006002426,2.36091062617517,0.01937412256536275
2017-01-21,10.9091997147,2.389606443781437,0.02869581760626705
2017-01-22,10.7032003403,2.370542793971502,-0.019063649809935246
2017-01-23,10.8207998276,2.38147019190626,0.010927397934758165
2017-01-24,10.6324996948,2.3639153194412073,-0.017554872465052718
2017-01-25,10.5705003738,2.3580671378156146,-0.005848181625592641
2017-01-26,10.589099884,2.3598251592114594,0.0017580213958447999
2017-01-27,10.5373001099,2.3549213537435447,-0.00490380546791469
2017-01-28,10.5649995804,2.357546611351976,0.0026252576084311308
2017-01-29,10.484000206,2.3498503051101487,-0.0076963062418271555
2017-01-30,10.5712003708,2.3581333573699177,0.008283052259768997
2017-01-31,10.7274999619,2.372810534331923,0.014677176962005323
2017-02-01,10.7320995331,2.373239206942659,0.0004286726107358696
2017-02-02,10.8213996887,2.38152562629958,0.008286419356921204
2017-02-03,11.1145000458,2.4082505662695706,0.02672493996999048
2017-02-04,11.4335002899,2.4365476680123277,0.028297101742757125
2017-02-05,11.3529996872,2.4294819986302074,-0.0070656693821202765
2017-02-06,11.3893995285,2.4326830568858915,0.003201058255684064
2017-02-07,11.5152997971,2.443676568287621,0.010993511401729439
2017-02-08,11.4312000275,2.43634646157832,-0.00733010670930101
2017-02-09,11.0321998596,2.400818256679331,-0.03552820489898911
2017-02-10,11.2789001465,2.4229337365731087,0.022115479893777934
2017-02-11,11.3494997025,2.4291736638810106,0.006239927307901905
2017-02-12,11.3992004395,2.4335432160547783,0.004369552173767666
2017-02-13,11.2694997787,2.4220999418581144,-0.01144327419666391
2017-02-14,13.0251998901,2.566885934170424,0.14478599231230982
2017-02-15,12.9196996689,2.5587532526431,-0.00813268152732416
2017-02-16,12.9036998749,2.5575140822526774,-0.0012391703904226503
2017-02-17,12.6765003204,2.5397499109456247,-0.017764171307052656
2017-02-18,12.8101997375,2.550241708097779,0.010491797152154092
2017-02-19,12.7585000992,2.546197723922804,-0.004043984174974646
2017-02-20,12.430100441,2.5201209860209457,-0.026076737901858493
2017-02-21,12.6683998108,2.539110688866714,0.018989702845768175
2017-02-22,12.5996999741,2.533673002094567,-0.005437686772146844
2017-02-23,13.1194000244,2.5740920526227407,0.04041905052817363
2017-02-24,13.0691995621,2.5702582833812446,-0.0038337692414960323
2017-02-25,13.5487003326,2.6062906263121524,0.036032342930907735
2017-02-26,14.5200004578,2.675527040925575,0.06923641461342278
2017-02-27,15.3964996338,2.734140187077324,0.05861314615174873
2017-02-28,15.817199707,2.761097937000145,0.026957749922821073
2017-03-01,17.3497009277,2.853575268647757,0.09247733164761218
2017-03-02,19.0301990509,2.9460271411009633,0.09245187245320619
2017-03-03,19.4589996338,2.9683096691569633,0.02228252805599995
2017-03-04,18.6189002991,2.924177209906088,-0.04413245925087539
2017-03-05,19.3022994995,2.9602242338654454,0.03604702395935755
2017-03-06,19.6056995392,2.9758203167807618,0.015596082915316334
2017-03-07,18.8885993958,2.9385585334918907,-0.037261783288871086
2017-03-08,16.6513004303,2.8124883172984223,-0.12607021619346837
2017-03-09,17.754699707,2.8766502531007974,0.06416193580237506
2017-03-10,19.3323001862,2.961777281805587,0.08512702870478961
2017-03-11,21.4724998474,3.0667730395514785,0.10499575774589154
2017-03-12,23.4377002716,3.154345848615722,0.08757280906424336
2017-03-13,28.5928993225,3.3531584115632955,0.19881256294757366
2017-03-14,28.6546001434,3.3553139937412735,0.002155582177977955
2017-03-15,35.0559005737,3.556943946635602,0.2016299528943284
2017-03-16,46.3457984924,3.836130640489978,0.27918669385437633
2017-03-17,46.827999115,3.8464812957184766,0.010350655228498429
2017-03-18,34.1601982117,3.531061171353769,-0.31542012436470745
2017-03-19,44.7401008606,3.800870210431369,0.2698090390775998
2017-03-20,43.3902015686,3.7702336453076506,-0.030636565123718373
2017-03-21,43.1450996399,3.764568845377004,-0.0056647999306465024
2017-03-22,42.3420982361,3.7457818213068785,-0.018787024070125558
2017-03-23,43.6783981323,3.7768536579688567,0.031071836661978214
2017-03-24,53.1074981689,3.9723181267327785,0.19546446876392176
2017-03-25,51.25,3.9367156180185177,-0.03560250871426085
2017-03-26,50.5215988159,3.922400944168781,-0.014314673849736614
2017-03-27,49.6669006348,3.9053387280340393,-0.017062216134741792
2017-03-28,50.7748985291,3.927402109022305,0.022063380988265546
2017-03-29,53.1260986328,3.9726683071775732,0.045266198155268444
2017-03-30,52.2057991028,3.955193582641492,-0.017474724536081343
2017-03-31,50.0373001099,3.9127687295048172,-0.042424853136674656
2017-04-01,50.6995010376,3.9259160690812545,0.013147339576437211
2017-04-02,48.7486991882,3.8866785137688757,-0.039237555312378714
2017-04-03,44.3563995361,3.7922569945375515,-0.09442151923132425
2017-04-04,44.6418991089,3.7986728599302344,0.006415865392682907
2017-04-05,45.3040008545,3.813395347672973,0.014722487742738544
2017-04-06,43.242099762,3.766814552230276,-0.04658079544269711
2017-04-07,42.1626014709,3.741533607047191,-0.025280945183084658
2017-04-08,44.3070983887,3.791144898722813,0.04961129167562195
2017-04-09,43.266998291,3.7673901802335235,-0.023754718489289672
2017-04-10,43.4351997375,3.771270166239356,0.003879986005832503
2017-04-11,43.4071998596,3.7706253227297304,-0.00064484350962557
2017-04-12,46.2873001099,3.834867627783742,0.06424230505401152
2017-04-13,50.2193984985,3.916401376327961,0.08153374854421891
2017-04-14,47.5741004944,3.8622885058967977,-0.054112870431163085
2017-04-15,49.1015014648,3.8938896140640855,0.031601108167287784
2017-04-16,48.71849823,3.8860587984191675,-0.007830815644918054
2017-04-17,48.304599762,3.8775267892918386,-0.008532009127328877
2017-04-18,50.7075004578,3.926073837679056,0.04854704838721746
2017-04-19,48.3053016663,3.877541319982578,-0.04853251769647793
2017-04-20,49.6721992493,3.9054454053546754,0.02790408537209732
2017-04-21,48.2243995667,3.8758651080496898,-0.02958029730498568
2017-04-22,48.5530014038,3.8826560137080675,0.0067909056583776994
2017-04-23,48.4892997742,3.8813431503901854,-0.0013128633178820515
2017-04-24,50.03150177,3.912652842439167,0.031309692048981486
2017-04-25,49.8912010193,3.9098446549305517,-0.002808187508615223
2017-04-26,52.7202987671,3.9650005572324427,0.05515590230189105
2017-04-27,62.1677017212,4.129835599947934,0.1648350427154912
2017-04-28,70.1592025757,4.250766982202586,0.1209313822546525
2017-04-29,68.3768997192,4.225035044183604,-0.025731938018981992
2017-04-30,79.0212020874,4.369716197312488,0.1446811531288832
2017-05-01,76.2969970703,4.334633580639107,-0.03508261667338086
2017-05-02,77.2638015747,4.347225560981015,0.01259198034190856
2017-05-03,79.7182006836,4.378497924638297,0.03127236365728159
2017-05-04,96.9813995361,4.574519202755796,0.1960212781174988
2017-05-05,94.3984985352,4.547525167677506,-0.02699403507828979
2017-05-06,97.8134994507,4.583062598708595,0.03553743103108875
2017-05-07,94.0073013306,4.543372452983343,-0.039690145725251647
2017-05-08,91.4204025269,4.51546867594466,-0.02790377703868341
2017-05-09,91.162902832,4.512648047135087,-0.0028206288095722343
2017-05-10,89.5249023438,4.494516825057875,-0.018131222077212072
2017-05-11,89.879699707,4.498472106267934,0.003955281210058281
2017-05-12,88.6554031372,4.484756979757087,-0.01371512651084661
2017-05-13,90.8354034424,4.509049115367056,0.024292135609969456
2017-05-14,90.7864990234,4.5085105853823135,-0.0005385299847429081
2017-05-15,92.4149017334,4.526288239815353,0.017777654433039913
2017-05-16,89.43800354,4.49354568737769,-0.03274255243766344
2017-05-17,89.8603973389,4.49825732538719,0.004711638009499808
2017-05-18,96.9063034058,4.573744567408471,0.0754872420212811
2017-05-19,129.5269927979,4.86388929801311,0.29014473060463875
2017-05-20,126.5210037231,4.840408331721661,-0.0234809662914488
2017-05-21,157.93699646,5.062196196920141,0.22178786519847993
2017-05-22,174.2610015869,5.16055418444472,0.09835798752457947
2017-05-23,181.9519958496,5.203742893218123,0.04318870877340242
2017-05-24,190.046005249,5.247266175740522,0.043523282522399676
2017-05-25,174.4459991455,5.161615233265465,-0.08565094247505733
2017-05-26,160.4029998779,5.077689397738198,-0.08392583552726673
2017-05-27,157.7579956055,5.061062185433221,-0.01662721230497688
2017-05-28,170.5110015869,5.138799820078258,0.07773763464503691
2017-05-29,194.908996582,5.272532765437914,0.13373294535965563
2017-05-30,231.9109954834,5.446353657899839,0.1738208924619249
2017-05-31,230.6690063477,5.440983810023986,-0.00536984787585304
2017-06-01,222.2389984131,5.4037533722153706,-0.037230437808615235
2017-06-02,223.7749938965,5.410641055481838,0.0068876832664672705
2017-06-03,224.3760070801,5.413323247611746,0.0026821921299085005
2017-06-04,245.3320007324,5.502612398248732,0.0892891506369855
2017-06-05,248.4640045166,5.51529798400492,0.012685585756187834
2017-06-06,264.466003418,5.5777127115365275,0.062414727531607817
2017-06-07,258.0710144043,5.553234796676458,-0.02447791486006956
2017-06-08,261.6659851074,5.567068824425811,0.013834027749353162
2017-06-09,281.7369995117,5.6409740099270085,0.0739051855011974
2017-06-10,337.6679992676,5.8220631620711085,0.18108915214410004
2017-06-11,340.6090087891,5.830735217641277,0.008672055570168702
2017-06-12,401.4899902344,5.9951826021529975,0.16444738451172025
2017-06-13,397.5369873047,5.985287979588665,-0.0098946225643326
2017-06-14,359.0530090332,5.883470035062082,-0.10181794452658277
2017-06-15,361.933013916,5.891459150271999,0.00798911520991652
2017-06-16,370.2269897461,5.914116303333056,0.022657153061057755
2017-06-17,379.4140014648,5.938627961049806,0.0245116577167499
2017-06-18,371.4580078125,5.917435823616887,-0.021192137432919367
2017-06-19,370.0559997559,5.913654344877531,-0.003781478739355748
2017-06-20,359.0050048828,5.8833363295688175,-0.030318015308713697
2017-06-21,336.8720092773,5.819703063782814,-0.06363326578600326
2017-06-22,336.3710021973,5.818214724018584,-0.0014883397642302398
2017-06-23,341.7390136719,5.834047327821487,0.0158326038029033
2017-06-24,323.6960144043,5.779804848234526,-0.0542424795869616
2017-06-25,303.2479858398,5.714550905888829,-0.06525394234569681
2017-06-26,272.691986084,5.608342902122331,-0.10620800376649786
2017-06-27,293.0880126953,5.680472948536235,0.0721300464139043
2017-06-28,327.9270019531,5.792791028594063,0.11231808005782806
2017-06-29,302.8829956055,5.713346577815893,-0.07944445077816997
2017-06-30,294.9159851074,5.686690519531566,-0.0266560582843276
2017-07-01,274.6010131836,5.615319182997858,-0.07137133653370764
2017-07-02,287.9869995117,5.662915338532704,0.04759615553484586
2017-07-03,282.8980102539,5.645086444892543,-0.017828893640160715
2017-07-04,273.3030090332,5.610581102874145,-0.03450534201839872
2017-07-05,268.7739868164,5.593870828729362,-0.01671027414478221
2017-07-06,270.5490112305,5.6004532694174936,0.006582440688131186
2017-07-07,245.9909973145,5.505294938980182,-0.09515833043731181
2017-07-08,251.6970062256,5.5282260078536085,0.022931068873426774
2017-07-09,242.1369934082,5.489503654452691,-0.03872235340091734
2017-07-10,215.3569946289,5.372297091255442,-0.1172065631972492
2017-07-11,197.404006958,5.285252425466112,-0.08704466578933001
2017-07-12,230.7740020752,5.441438885634171,0.15618646016805915
2017-07-13,209.733001709,5.345835301343435,-0.09560358429073634
2017-07-14,199.6620025635,5.296625949726256,-0.04920935161717832
2017-07-15,170.6549987793,5.139643967506761,-0.1569819822194951
2017-07-16,157.3630065918,5.05855528035354,-0.0810886871532217
2017-07-17,193.4239959717,5.264884649633368,0.20632936927982826
2017-07-18,234.3910064697,5.456990688663447,0.1921060390300795
2017-07-19,199.7030029297,5.296831277513018,-0.16015941115042942
2017-07-20,227.2649993896,5.426116734794057,0.12928545728103913
2017-07-21,218.3049926758,5.385893134003483,-0.040223600790573855
2017-07-22,229.4759979248,5.435798439825626,0.04990530582214259
2017-07-23,225.9510040283,5.4203181794336075,-0.01548026039201833
2017-07-24,224.7109985352,5.4148151256355765,-0.005503053798030955
2017-07-25,206.7100067139,5.331316877290947,-0.08349824834462982
2017-07-26,203.9530029297,5.317889589507588,-0.013427287783358999
2017-07-27,204.3179931641,5.319677570212207,0.0017879807046190521
2017-07-28,193.1230010986,5.263327297299934,-0.05635027291227246
2017-07-29,205.7890014648,5.326851379138011,0.0635240818380769
2017-07-30,197.9779968262,5.2881558973790534,-0.03869548175895776
2017-07-31,203.8710021973,5.317487451661486,0.029331554282432393
2017-08-01,226.7689971924,5.423931865827214,0.10644441416572814
2017-08-02,219.9519958496,5.393409321859492,-0.030522543967721916
2017-08-03,225.3419952393,5.417619227047135,0.02420990518764299
2017-08-04,223.0729980469,5.407499063396063,-0.010120163651071934
2017-08-05,256.5069885254,5.547155909952727,0.13965684655666344
2017-08-06,261.566986084,5.566690411634446,0.01953450168171944
2017-08-07,269.1799926758,5.595380273596267,0.028689861961820995
2017-08-08,296.7690124512,5.692954100354722,0.09757382675845516
2017-08-09,296.0270080566,5.690450693596091,-0.0025034067586311437
2017-08-10,295.891998291,5.68999451710406,-0.00045617649203144595
2017-08-11,308.8640136719,5.732901094827624,0.04290657772356443
2017-08-12,310.6010131836,5.738509172729872,0.005608077902247821
2017-08-13,298.0639953613,5.697308212984588,-0.04120095974528404
2017-08-14,300.0969848633,5.7041057052892175,0.006797492304629671
2017-08-15,289.8179931641,5.6692531161720945,-0.03485258911712297
2017-08-16,302.266998291,5.711310727089717,0.042057610917622945
2017-08-17,301.4570007324,5.708627388193369,-0.0026833388963485305
2017-08-18,295.5899963379,5.6889733466133725,-0.019654041579996395
2017-08-19,297.4700012207,5.695313383668428,0.006340037055055703
2017-08-20,301.4280090332,5.708531211646423,0.013217827977994645
2017-08-21,321.591003418,5.773280562467002,0.06474935082057875
2017-08-22,314.7850036621,5.751889877740495,-0.021390684726506848
2017-08-23,317.5190124512,5.76053769827597,0.00864782053547497
2017-08-24,325.6109924316,5.785703394097823,0.025165695821852907
2017-08-25,331.9150085449,5.80487893778458,0.019175543686757557
2017-08-26,333.8819885254,5.810787602773474,0.005908664988893975
2017-08-27,347.8930053711,5.851894976670068,0.04110737389659391
2017-08-28,347.7470092773,5.851475230557512,-0.0004197461125556856
2017-08-29,370.6669921875,5.91530406434572,0.06382883378820736
2017-08-30,378.4849853516,5.936176403270596,0.020872338924876388
2017-08-31,383.0419921875,5.948144623346842,0.01196822007624565
2017-09-01,387.7409973145,5.960337584029536,0.012192960682694043
2017-09-02,348.9840087891,5.855026101064116,-0.10531148296542003
2017-09-03,347.4840087891,5.850718646072899,-0.004307454991216986
2017-09-04,295.1709899902,5.687554815506348,-0.1631638305665506
2017-09-05,312.9880065918,5.746164872207932,0.0586100567015837
2017-09-06,334.3380126953,5.812152495293488,0.06598762308555628
2017-09-07,329.4280090332,5.797357844587672,-0.014794650705816537
2017-09-08,296.4970092773,5.692037131632439,-0.10532071295523249
2017-09-09,294.4049987793,5.684956366259823,-0.007080765372616149
2017-09-10,288.7470092773,5.665550904301152,-0.01940546195867121
2017-09-11,294.5320129395,5.685387699864748,0.019836795563596077
2017-09-12,291.4639892578,5.674916462165522,-0.010471237699225533
2017-09-13,277.1119995117,5.624421754834991,-0.05049470733053152
2017-09-14,213.9080047607,5.365546038299314,-0.25887571653567676
2017-09-15,250.4640045166,5.523315215655359,0.15776917735604457
2017-09-16,246.5220031738,5.507451251867454,-0.015863963787905
2017-09-17,251.7489929199,5.528432531272498,0.020981279405043907
2017-09-18,293.4970092773,5.6818674493603565,0.15343491808785892
2017-09-19,282.8039855957,5.6447540272600945,-0.03711342210026203
2017-09-20,283.7420043945,5.648065390053221,0.0033113627931262712
2017-09-21,258.5799865723,5.555205071897796,-0.09286031815542461
2017-09-22,264.3099975586,5.577122647450267,0.02191757555247076
2017-09-23,286.1679992676,5.656579048388688,0.07945640093842155
2017-09-24,282.483001709,5.643618377834559,-0.012960670554129194
2017-09-25,292.3320007324,5.677890145195621,0.03427176736106219
2017-09-26,287.4379882813,5.66100714403773,-0.016883001157891542
2017-09-27,306.467010498,5.725110116624206,0.06410297258647635
2017-09-28,299.1549987793,5.700961829638935,-0.024148286985271383
2017-09-29,291.467010498,5.674926827852718,-0.02603500178621676
2017-09-30,301.4649963379,5.708653911045544,0.0337270831928258
2017-10-01,302.3370056152,5.711542307840293,0.0028883967947495037
2017-10-02,297.4750061035,5.695330208358907,-0.016212099481386133
2017-10-03,292.4630126953,5.6783382063523815,-0.01699200200652573
2017-10-04,292.657989502,5.679004655901054,0.0006664495486727873
2017-10-05,295.8630065918,5.689896531623636,0.010891875722581545
2017-10-06,308.5880126953,5.732007095024574,0.04211056340093844
2017-10-07,311.1239929199,5.740191523783843,0.008184428759268947
2017-10-08,308.608001709,5.732071868656421,-0.008119655127422298
2017-10-09,297.391998291,5.695051128119373,-0.037020740537047736
2017-10-10,299.8699951172,5.703349031123791,0.008297903004417684
2017-10-11,303.4559936523,5.715236603783293,0.0118875726595018
2017-10-12,304.1359863281,5.717474924834612,0.0022383210513190477
2017-10-13,338.7569885254,5.825283002314392,0.10780807747978027
2017-10-14,339.6279907227,5.827850873663426,0.002567871349033801
2017-10-15,336.5950012207,5.818880430846372,-0.008970442817053836
2017-10-16,333.3840026855,5.809294986818474,-0.009585444027898404
2017-10-17,317.0820007324,5.759160417815328,-0.050134569003145835
2017-10-18,314.3190002441,5.750408394550631,-0.00875202326469715
2017-10-19,308.0880126953,5.730385497657467,-0.020022896893163278
2017-10-20,304.0060119629,5.717047477404425,-0.013338020253041982
2017-10-21,300.1870117188,5.704405652836337,-0.012641824568087934
2017-10-22,295.4460144043,5.688486127784634,-0.015919525051703687
2017-10-23,286.950012207,5.659308027094883,-0.029178100689750686
2017-10-24,298.3280029297,5.698193562172375,0.03888553507749215
2017-10-25,297.924987793,5.69684173600347,-0.00135182616890539
2017-10-26,296.5270080566,5.692138303856325,-0.004703432147144859
2017-10-27,297.4230041504,5.695155381910219,0.00301707805389384
2017-10-28,296.2980041504,5.691365718648632,-0.0037896632615863624
2017-10-29,305.0880126953,5.720600301194288,0.02923458254565592
2017-10-30,307.7510070801,5.729291037455959,0.008690736261670828
2017-10-31,305.8789978027,5.723189591731203,-0.006101445724755905
2017-11-01,291.6940002441,5.675705308421145,-0.04748428331005794
2017-11-02,287.4289855957,5.660975823102593,-0.014729485318552449
2017-11-03,305.7109985352,5.722640206447823,0.06166438334522972
2017-11-04,300.4689941406,5.705344567755241,-0.017295638692581328
2017-11-05,296.2630004883,5.691247574991298,-0.014096992763943383
2017-11-06,298.891998291,5.700082298409642,0.008834723418344126
2017-11-07,294.658996582,5.6858187439316605,-0.014263554477981444
2017-11-08,309.0700073242,5.733567812156437,0.047749068224776536
2017-11-09,320.8840026855,5.771079695472441,0.03751188331600375
2017-11-10,299.2529907227,5.701289338448961,-0.06979035702347947
2017-11-11,314.6809997559,5.751559426511734,0.050270088062772444
2017-11-12,307.907989502,5.729801002960154,-0.021758423551579753
2017-11-13,316.716003418,5.758005484058244,0.02820448109808993
2017-11-14,337.6310119629,5.8219536185826035,0.06394813452435955
2017-11-15,333.3569946289,5.809213971681491,-0.012739646901112955
2017-11-16,330.9240112305,5.801888775699322,-0.007325195982168964
2017-11-17,332.3940124512,5.806321049736023,0.0044322740367013225
2017-11-18,347.6119995117,5.85108691383021,0.04476586409418726
2017-11-19,354.3859863281,5.870386675985522,0.019299762155311484
2017-11-20,366.7300109863,5.904625912432903,0.03423923644738114
2017-11-21,360.4010009766,5.887217303134876,-0.01740860929802679
2017-11-22,380.6520080566,5.94188559307418,0.05466828993930406
2017-11-23,410.1659851074,6.016561919497419,0.07467632642323885
2017-11-24,474.9110107422,6.163127440677329,0.14656552117990973
2017-11-25,466.2760009766,6.144777735572802,-0.018349705104526493
2017-11-26,471.3299865723,6.155558457138659,0.01078072156585641
2017-11-27,480.3550109863,6.174525436749498,0.018966979610839374
2017-11-28,472.9020080566,6.158888195901335,-0.015637240848162648
2017-11-29,427.5230102539,6.0580081120836144,-0.10088008381772084
2017-11-30,447.1140136719,6.102813626233194,0.04480551414957912
2017-12-01,466.5400085449,6.145343779835881,0.04253015360268719
2017-12-02,463.449005127,6.138696357652152,-0.006647422183728935
2017-12-03,465.8529968262,6.14387012690397,0.005173769251817895
2017-12-04,470.2040100098,6.153166664376282,0.009296537472311961
2017-12-05,463.2810058594,6.138333794084665,-0.014832870291616729
2017-12-06,428.5880126953,6.060496114135285,-0.07783767994938007
2017-12-07,434.407989502,6.073984160490189,0.013488046354904526
2017-12-08,456.0310058594,6.122560802508512,0.04857664201832268
2017-12-09,473.5020141602,6.160156166387307,0.03759536387879514
2017-12-10,441.7210083008,6.090678479845889,-0.0694776865414184
2017-12-11,515.1359863281,6.244430916930899,0.15375243708500985
2017-12-12,651.4310302734,6.479171527988495,0.23474061105759603
2017-12-13,702.7670288086,6.555025441166627,0.07585391317813261
2017-12-14,695.8159790039,6.545085227392208,-0.009940213774418893
2017-12-15,684.4479980469,6.528612671129507,-0.016472556262701055
2017-12-16,696.208984375,6.545649880170544,0.017037209041036228
2017-12-17,719.9749755859,6.5792164552753984,0.033566575104854834
2017-12-18,794.6450195313,6.677895498623408,0.09867904334800937
2017-12-19,826.8229980469,6.717590643152379,0.03969514452897105
2017-12-20,819.0859985352,6.708189082656985,-0.009401560495393646
2017-12-21,821.0629882813,6.710599827923986,0.002410745267000358
2017-12-22,674.8599853516,6.514505240247396,-0.1960945876765896
2017-12-23,719.3870239258,6.578399493742441,0.06389425349504485
2017-12-24,694.1480102539,6.542685209026945,-0.03571428471549609
2017-12-25,765.833984375,6.640965415670185,0.09828020664324022
2017-12-26,773.8359985352,6.651359962940836,0.010394547270650811
2017-12-27,762.8419799805,6.637050906271332,-0.014309056669503661
2017-12-28,737.0230102539,6.602619113213353,-0.03443179305797894
2017-12-29,753.5919799805,6.624851080929117,0.022231967715764078
2017-12-30,717.257019043,6.575434240861692,-0.049416840067425305
2017-12-31,756.7329711914,6.629010445093504,0.05357620423181242
2018-01-01,772.6409912109,6.6498145050128175,0.02080405991931311
2018-01-02,884.4439697266,6.784959164760784,0.13514465974796686
2018-01-03,962.7199707031,6.869762581040659,0.08480341627987453
2018-01-04,980.9219970703,6.8884929427141754,0.018730361673516605
2018-01-05,997.7199707031,6.905472646460735,0.01697970374655977
2018-01-06,1041.6800537109,6.9485901249822755,0.04311747852154024
2018-01-07,1153.1700439453,7.050269988965962,0.10167986398368623
2018-01-08,1148.5300292969,7.046238168323603,-0.004031820642358852
2018-01-09,1299.7399902344,7.169919515933458,0.12368134760985505
2018-01-10,1255.8199462891,7.135543981886487,-0.03437553404697091
2018-01-11,1154.9300537109,7.051795061564428,-0.08374892032205938
2018-01-12,1273.1999511719,7.149288657057246,0.09749359549281866
2018-01-13,1396.4200439453,7.2416671291419705,0.09237847208472427
2018-01-14,1366.7700195313,7.220205585212228,-0.021461543929742533
2018-01-15,1291.9200439453,7.1638847969363075,-0.056320788275920464
2018-01-16,1053.6899414063,6.960053512585068,-0.20383128435123954
2018-01-17,1014.25,6.9219047020865565,-0.03814881049851149
2018-01-18,1036.2800292969,6.943392684844488,0.021487982757931512
2018-01-19,1039.0999755859,6.946110209363172,0.0027175245186841224
2018-01-20,1155.1500244141,7.051985505788373,0.105875296425201
2018-01-21,1049.5799560547,6.956145321260814,-0.09584018452755938
2018-01-22,1003.2600097656,6.9110099864365,-0.04513533482431331
2018-01-23,986.2290039063,6.893888583118569,-0.01712140331793144
2018-01-24,1058.7800292969,6.9648726085363215,0.0709840254177525
2018-01-25,1056.0300292969,6.962271900696074,-0.0026007078402479067
2018-01-26,1055.1700439453,6.961457212017283,-0.0008146886787905316
2018-01-27,1107.0699462891,7.009472116158862,0.04801490414157872
2018-01-28,1246.0100097656,7.127701732834873,0.11822961667601106
2018-01-29,1182.3599853516,7.075267707733263,-0.05243402510160955
2018-01-30,1071.1300048828,6.976469449526202,-0.09879825820706145
2018-01-31,1118.3100585938,7.01957394853344,0.043104499007237784
2018-02-01,1036.7900390625,6.943884718166153,-0.0756892303672867
2018-02-02,915.7849731445,6.819781591641662,-0.12410312652449118
2018-02-03,964.0189819336,6.871110985219174,0.05132939357751187
2018-02-04,834.6820068359,6.727050822179996,-0.14406016303917735
2018-02-05,697.9509887695,6.54814888363446,-0.17890193854553615
2018-02-06,793.1220092773,6.67597706765278,0.12782818401831975
2018-02-07,757.0679931641,6.629453068643176,-0.04652399900960358
2018-02-08,817.8070068359,6.706626375802739,0.07717330715956283
2018-02-09,883.8649902344,6.784304324994658,0.07767794919191928
2018-02-10,860.4149780273,6.757414805456024,-0.026889519538634055
2018-02-11,814.6599731445,6.702770815318551,-0.054643990137473786
2018-02-12,868.7069702148,6.767005864964317,0.06423504964576665
2018-02-13,845.2579956055,6.7396419009996285,-0.027363963964688764
2018-02-14,923.5609741211,6.828236822496121,0.08859492149649295
2018-02-15,936.9760131836,6.842657682320139,0.01442085982401764
2018-02-16,944.2100219727,6.850348622303579,0.007690939983439726
2018-02-17,974.1149902344,6.881529356462939,0.031180734159359957
2018-02-18,923.9210205078,6.828626592347525,-0.05290276411541406
2018-02-19,943.8649902344,6.849983137097842,0.021356544750317674
2018-02-20,895.3709716797,6.797238125893028,-0.052745011204814674
2018-02-21,849.9710083008,6.745202241021263,-0.05203588487176436
2018-02-22,812.8449707031,6.700540403422487,-0.04466183759877662
2018-02-23,864.1890258789,6.761791524827642,0.06125112140515565
2018-02-24,840.5150146484,6.734014816637238,-0.027776708190404342
2018-02-25,844.8099975586,6.73911174711327,0.005096930476032213
2018-02-26,869.3150024414,6.767705548007422,0.028593800894151755
2018-02-27,878.2650146484,6.777948387098177,0.010242839090754963
2018-02-28,855.1989746094,6.751334160703335,-0.0266142263948419
2018-03-01,872.200012207,6.771018769404309,0.019684608700973882
2018-03-02,856.8530273438,6.753266407208862,-0.017752362195446736
2018-03-03,857.2249755859,6.753700399416104,0.00043399220724182896
2018-03-04,866.6779785156,6.76466748738967,0.010967087973566159
2018-03-05,853.6840209961,6.749561126488506,-0.01510636090116435
2018-03-06,816.9509887695,6.705579103794357,-0.043982022694148526
2018-03-07,752.8309936523,6.623840758587715,-0.08173834520664247
2018-03-08,704.5960083008,6.557624600692112,-0.06621615789560309
2018-03-09,728.916015625,6.5915585204680855,0.03393391977597382
2018-03-10,686.8900146484,6.532174184279701,-0.059384336188384346
2018-03-11,723.3389892578,6.58387797708624,0.05170379280653847
2018-03-12,699.8309936523,6.5508388682530745,-0.03303910883316519
2018-03-13,690.8270263672,6.53788946879501,-0.012949399458064725
2018-03-14,614.291015625,6.420468782676311,-0.11742068611869882
2018-03-15,611.3040161133,6.4155944068042,-0.0048743758721112584
2018-03-16,601.666015625,6.399702500034574,-0.015891906769625486
2018-03-17,552.7789916992,6.314958268292816,-0.08474423174175794
2018-03-18,538.6439819336,6.289054836779135,-0.02590343151368124
2018-03-19,556.7260131836,6.322073221569656,0.03301838479052055
2018-03-20,557.174987793,6.322879351797243,0.0008061302275876869
2018-03-21,561.7319946289,6.331024858266751,0.008145506469507957
2018-03-22,539.7020263672,6.291017184235299,-0.04000767403145211
2018-03-23,539.6190185547,6.29086336936612,-0.00015381486917931397
2018-03-24,526.4390258789,6.266135514571014,-0.024727854795106197
2018-03-25,524.2869873047,6.262039220091962,-0.0040962944790514655
2018-03-26,489.9509887695,6.194305363182659,-0.06773385690930311
2018-03-27,450.1159973145,6.109505321356921,-0.08480004182573797
2018-03-28,446.2789916992,6.100944298376724,-0.008561022980196675
2018-03-29,385.9679870605,5.955754430949102,-0.1451898674276224
2018-03-30,394.6449890137,5.9779865987817695,0.02223216783266757
2018-03-31,396.4570007324,5.982567588113135,0.004580989331365082
2018-04-01,379.6069946289,5.939136492880288,-0.043431095232846495
2018-04-02,386.424987793,5.956937768448811,0.017801275568523067
2018-04-03,416.8930053711,6.032829607032164,0.07589183858335247
2018-04-04,380.5429992676,5.941599178190487,-0.09123042884167631
2018-04-05,383.2319946289,5.9486405359017835,0.0070413577112962145
2018-04-06,370.2850036621,5.914272989292595,-0.034367546609188615
2018-04-07,385.3139953613,5.954058574256372,0.039785584963777154
2018-04-08,400.5079956055,5.992733730367812,0.03867515611143979
2018-04-09,398.5260009766,5.987772743219963,-0.004960987147849316
2018-04-10,414.2430114746,6.026452785855616,0.0386800426356535
2018-04-11,430.5400085449,6.065040254613237,0.03858746875762087
2018-04-12,492.9410095215,6.200389510740321,0.1353492561270837
2018-04-13,492.7349853516,6.199971474440417,-0.0004180362999033349
2018-04-14,501.4779968262,6.217559731716037,0.017588257275619412
2018-04-15,531.7020263672,6.276083231613055,0.058523499897018105
2018-04-16,511.1470031738,6.236657226276319,-0.039426005336736125
2018-04-17,502.8940124512,6.220379437064488,-0.01627778921183065
2018-04-18,524.7890014648,6.262996279835571,0.04261684277108291
2018-04-19,567.8889770508,6.3419259366770495,0.07892965684147857
2018-04-20,615.7180175781,6.422789095055829,0.08086315837877933
2018-04-21,605.3950195313,6.405881169813276,-0.01690792524255258
2018-04-22,621.8599853516,6.432714963463151,0.026833793649874593
2018-04-23,642.5479736328,6.465441481114686,0.032726517651535225
2018-04-24,708.1580200195,6.562667260908002,0.09722577979331604
2018-04-25,615.416015625,6.42229848728931,-0.14036877361869227
2018-04-26,662.8090209961,6.496486895894458,0.0741884086051483
2018-04-27,647.0319824219,6.472395725152293,-0.024091170742165602
2018-04-28,683.6779785156,6.52748701512151,0.05509128996921753
2018-04-29,688.8809814453,6.535068515083939,0.00758149996242885
2018-04-30,669.9240112305,6.507164289879042,-0.027904225204896882
2018-05-01,673.6129760742,6.512655726510685,0.005491436631642976
2018-05-02,687.1489868164,6.532551134527534,0.019895408016848748
2018-05-03,779.5430297852,6.658707888751306,0.12615675422377226
2018-05-04,785.6240234375,6.666478336304758,0.007770447553451909
2018-05-05,816.1199951172,6.704561396992604,0.03808306068784617
2018-05-06,792.3109741211,6.674953958842204,-0.0296074381503999
2018-05-07,753.7249755859,6.625027547604231,-0.04992641123797359
2018-05-08,752.8569946289,6.623875295592466,-0.0011522520117646096
2018-05-09,752.2750244141,6.623101981044056,-0.00077331454841012
2018-05-10,727.2769775391,6.589307391962788,-0.033794589081267645
2018-05-11,679.5859985352,6.521483787077008,-0.06782360488578032
2018-05-12,686.0479736328,6.530947557690058,0.009463770613050038
2018-05-13,733.4959716797,6.597822105652073,0.06687454796201475
2018-05-14,730.5490112305,6.5937963216581394,-0.004025783993933274
2018-05-15,708.8709716797,6.563673523623212,-0.030122798034927456
2018-05-16,707.049987793,6.561101367489094,-0.0025721561341178756
2018-05-17,672.6569824219,6.511235515345824,-0.04986585214327022
2018-05-18,694.3670043945,6.543000645504196,0.031765130158372124
2018-05-19,696.5300292969,6.546110906858868,0.0031102613546716285
2018-05-20,715.3690185547,6.5727985194218315,0.026687612562963814
2018-05-21,699.2219848633,6.549968266729302,-0.02283025269252903
2018-05-22,647.741027832,6.473490968064159,-0.07647729866514386
2018-05-23,583.5850219727,6.369190151433572,-0.10430081663058655
2018-05-24,601.7550048828,6.3998503938413895,0.030660242407817506
2018-05-25,586.7340087891,6.374571580485176,-0.025278813356213625
2018-05-26,587.2800292969,6.375501757688269,0.0009301772030934075
2018-05-27,572.6680297852,6.350306194173375,-0.02519556351489438
2018-05-28,516.0360107422,6.246176551306553,-0.10412964286682236
2018-05-29,565.3880004883,6.33751222198564,0.09133567067908732
2018-05-30,559.5900268555,6.327204420715966,-0.010307801269673789
2018-05-31,577.6450195313,6.3589595269431,0.03175510622713418
2018-06-01,580.0430297852,6.363102290073404,0.004142763130303706
2018-06-02,591.8079833984,6.383182229902832,0.020079939829427573
2018-06-03,618.3289794922,6.427020645096129,0.043838415193297564
2018-06-04,620.3344116211,6.4302587062119105,0.0032380611157813988
2018-06-05,609.3029785156,6.412315645664624,-0.017943060547286116
2018-06-06,607.1240234375,6.408733092161424,-0.0035825535032003586
2018-06-07,605.1870117188,6.40553752054511,-0.003195571616314119
2018-06-08,601.0770263672,6.398723089995491,-0.0068144305496185
2018-06-09,597.5620117188,6.392858063723775,-0.005865026271716367
2018-06-10,526.4790039063,6.266211452158344,-0.12664661156543122
2018-06-11,533.283996582,6.279054108872031,0.012842656713687006
2018-06-12,496.8429870605,6.2082740547755035,-0.07078005409652732
2018-06-13,477.4939880371,6.168551569343304,-0.039722485432199583
2018-06-14,519.7420043945,6.253332543059429,0.08478097371612492
2018-06-15,491.0039978027,6.196452269925731,-0.05688027313369748
2018-06-16,499.641998291,6.213891838551323,0.017439568625591484
2018-06-17,500.4479980469,6.215503693351102,0.001611854799778989
2018-06-18,518.8909912109,6.251693824902691,0.036190131551589566
2018-06-19,537.9569702148,6.2877785759497495,0.036084751047058106
2018-06-20,536.2680053711,6.284634046128154,-0.003144529821595299
2018-06-21,527.3670043945,6.2678967091909135,-0.016737336937240777
2018-06-22,465.816986084,6.143792823260237,-0.12410388593067623
2018-06-23,474.5199890137,6.162303743640454,0.01851092038021651
2018-06-24,457.6719970703,6.126152763944564,-0.03615097969588987
2018-06-25,460.3099975586,6.131900170245377,0.005747406300812941
2018-06-26,432.7720031738,6.070211037763871,-0.06168913248150609
2018-06-27,442.3649902344,6.092135311078515,0.021924273314644083
2018-06-28,422.3649902344,6.045869845989266,-0.04626546508924889
2018-06-29,436.0090026855,6.0776628914970985,0.031793045507832574
2018-06-30,455.1799926758,6.12069292902499,0.04303003752789181
2018-07-01,453.9179992676,6.117916563374585,-0.002776365650404955
2018-07-02,475.3469848633,6.164045031802488,0.04612846842790308
2018-07-03,464.1950073242,6.140304738341308,-0.023740293461180784
2018-07-04,467.3179931641,6.1470099534891744,0.0067052151478668165
2018-07-05,474.4119873047,6.1620761157131385,0.015066162223964064
2018-07-06,474.0119934082,6.161232623923918,-0.0008434917892206073
2018-07-07,491.6600036621,6.1977874281402885,0.036554804216370584
2018-07-08,489.1189880371,6.192605789194317,-0.005181638945971123
2018-07-09,476.6820068359,6.166849616241225,-0.025756172953092182
2018-07-10,434.4240112305,6.074021041563833,-0.0928285746773918
2018-07-11,446.5180053711,6.101479725082671,0.02745868351883729
2018-07-12,430.074005127,6.063957298825763,-0.03752242625690805
2018-07-13,434.0270080566,6.073106762709326,0.009149463883563413
2018-07-14,436.0859985352,6.077839468245715,0.004732705536389048
2018-07-15,449.8500061035,6.108914207430984,0.031074739185268818
2018-07-16,480.657989502,6.175155976660164,0.06624176922917968
2018-07-17,501.0020141602,6.216610121356624,0.04145414469646003
2018-07-18,480.5130004883,6.174854284211453,-0.04175583714517028
2018-07-19,469.6189880371,6.151921702187704,-0.02293258202374915
2018-07-20,450.6979980469,6.110797487811654,-0.04112421437605018
2018-07-21,462.4360046387,6.13650817902994,0.025710691218286286
2018-07-22,459.6570129395,6.130480587322713,-0.006027591707227664
2018-07-23,450.8529968262,6.1111413369820475,-0.019339250340665082
2018-07-24,479.3729858398,6.172478970474727,0.06133763349267962
2018-07-25,472.4930114746,6.158022956294469,-0.014456014180257881
2018-07-26,464.0369873047,6.139964263068012,-0.01805869322645748
2018-07-27,469.6659851074,6.15202177207423,0.012057509006218048
2018-07-28,466.8980102539,6.1461108403569735,-0.005910931717256318
2018-07-29,466.6650085449,6.145611673810857,-0.0004991665461169248
2018-07-30,457.081,6.1248606180769425,-0.020751055733914114
2018-07-31,433.867,6.072738035521611,-0.05212258255533175
2018-08-01,420.747,6.042031702920719,-0.03070633260089206
2018-08-02,412.621,6.022529496094258,-0.019502206826460977
2018-08-03,418.262,6.036108030429653,0.013578534335395354
2018-08-04,407.252,6.0094321584584325,-0.026675871971220566
2018-08-05,410.516,6.017414904990396,0.007982746531963514
2018-08-06,406.658,6.00797253735669,-0.00944236763370565
2018-08-07,380.215,5.940736882195599,-0.06723565516109176
2018-08-08,356.613,5.876651160176785,-0.06408572201881402
2018-08-09,365.588,5.901507016284205,0.024855856107420138
2018-08-10,334.176,5.811667800297138,-0.0898392159870669
2018-08-11,322.112,5.774899311153895,-0.03676848914324271
2018-08-12,319.57,5.766976342152138,-0.007922969001756819
2018-08-13,286.495,5.657721083995526,-0.10925525815661263
2018-08-14,278.932,5.6309680245164015,-0.026753059479124097
2018-08-15,282.364,5.643197018739439,0.012228994223037581
2018-08-16,288.046,5.663120189603932,0.01992317086449269
2018-08-17,315.729,5.7548842507052855,0.09176406110135371
2018-08-18,295.812,5.689724117405161,-0.06516013330012438
2018-08-19,300.834,5.706558617602953,0.01683450019779187
2018-08-20,274.315,5.614277081100248,-0.09228153650270521
2018-08-21,281.944,5.641708469657901,0.02743138855765359
2018-08-22,271.341,5.603376332463506,-0.03833213719439499
2018-08-23,277.104,5.624392886986687,0.02101655452318063
2018-08-24,282.967,5.645330283070171,0.020937396083484217
2018-08-25,279.646,5.633524517571522,-0.011805765498649201
2018-08-26,275.197,5.61748720483698,-0.01603731273454212
2018-08-27,285.603,5.654602734611942,0.037115529774961686
2018-08-28,296.499,5.692043845750811,0.037441111138869054
2018-08-29,289.312,5.667505690554956,-0.024538155195855005
2018-08-30,284.105,5.649343888142092,-0.01816180241286336
2018-08-31,283.004,5.645461031818968,-0.0038828563231243507
2018-09-01,295.341,5.6881306209679785,0.042669589149010534
2018-09-02,294.371,5.68484087656796,-0.0032897444000186127
2018-09-03,289.259,5.66732248054219,-0.017518396025770322
2018-09-04,285.723,5.655022810021654,-0.0122996705205356
2018-09-05,232.331,5.448163079000375,-0.20685973102127875
2018-09-06,230.215,5.4390136548947146,-0.009149424105660664
2018-09-07,217.203,5.38083240011909,-0.05818125477562486
2018-09-08,197.951,5.2880195253201325,-0.09281287479895717
2018-09-09,196.924,5.282817867501085,-0.005201657819047689
2018-09-10,197.079,5.283604663581298,0.0007867960802130369
2018-09-11,185.066,5.220712518212522,-0.0628921453687763
2018-09-12,183.331,5.211293262204687,-0.009419256007834775
2018-09-13,211.354,5.353534452785917,0.1422411905812302
2018-09-14,211.749,5.355401610970835,0.0018671581849183383
2018-09-15,223.074,5.407503554978902,0.05210194400806678
2018-09-16,220.589,5.3963012415688985,-0.011202313410003661
2018-09-17,197.875,5.287635518201176,-0.1086657233677224
2018-09-18,209.975,5.346988476011691,0.05935295781051497
2018-09-19,209.969,5.3469599007730855,-2.8575238605554887e-05
2018-09-20,224.591,5.414280970263714,0.0673210694906281
2018-09-21,246.584,5.5077027062246415,0.09342173596092795
2018-09-22,240.48,5.482636926004664,-0.025065780219977185
2018-09-23,244.33,5.498519770560679,0.015882844556014852
2018-09-24,228.73,5.432542268639268,-0.06597750192141127
2018-09-25,218.505,5.386808897569021,-0.045733371070246776
2018-09-26,215.847,5.374569823364248,-0.012239074204773104
2018-09-27,228.494,5.431509951783817,0.05694012841956919
2018-09-28,222.402,5.404486555141748,-0.02702339664206921
2018-09-29,231.635,5.445162856906182,0.040676301764434264
2018-09-30,232.848,5.450385880170971,0.005223023264788296
2018-10-01,230.768,5.441412876841154,-0.008973003329816542
2018-10-02,227.181,5.42574705658952,-0.01566582025163399
2018-10-03,220.489,5.395847807021207,-0.029899249568313024
2018-10-04,222.218,5.40365888202536,0.007811075004153345
2018-10-05,227.601,5.427594095915635,0.0239352138902742
2018-10-06,225.12,5.416633593366079,-0.010960502549555606
2018-10-07,226.119,5.421061409366743,0.004427816000664109
2018-10-08,229.255,5.434834921149552,0.013773511782808612
2018-10-09,227.982,5.429266678469512,-0.005568242680039859
2018-10-10,225.769,5.41951235265363,-0.00975432581588187
2018-10-11,189.499,5.2443837474637025,-0.17512860518992746
2018-10-12,196.727,5.281816980845414,0.03743323338171134
2018-10-13,199.841,5.2975220503679505,0.015705069522536697
2018-10-14,195.715,5.276659519395234,-0.02086253097271662
2018-10-15,209.704,5.345697012594812,0.06903749319957786
2018-10-16,210.12,5.347678796085761,0.0019817834909492404
2018-10-17,207.083,5.333119679083485,-0.014559117002275634
2018-10-18,203.352,5.314938467564272,-0.018181211519213036
2018-10-19,203.727,5.316780862313575,0.0018423947493024784
2018-10-20,205.43,5.32510534330442,0.008324480990845373
2018-10-21,205.142,5.323702422271147,-0.00140292103327333
2018-10-22,204.044,5.318335656861786,-0.005366765409361207
2018-10-23,204.336,5.3197656977539065,0.001430040892120843
2018-10-24,203.852,5.3173942403527725,-0.0023714574011339806
2018-10-25,202.719,5.311820783648271,-0.005573456704501822
2018-10-26,203.329,5.314825356796745,0.0030045731484742433
2018-10-27,204.21,5.3191488761279695,0.004323519331224546
2018-10-28,205.366,5.324793753120884,0.005644876992914938
2018-10-29,197.247,5.284456750484848,-0.040337002636036345
2018-10-30,197.556,5.286022088453885,0.0015653379690370173
2018-10-31,197.381,5.285135871100467,-0.0008862173534183171
2018-11-01,198.872,5.29266140169188,0.00752553059141281
2018-11-02,200.635,5.301487336878858,0.008825935186978384
2018-11-03,200.186,5.299246934365969,-0.0022404025128892613
2018-11-04,207.486,5.33506386751504,0.03581693314907142
2018-11-05,209.091,5.342769563901385,0.007705696386344663
2018-11-06,218.452,5.386566310768672,0.04379674686728752
2018-11-07,217.183,5.380740316120001,-0.005825994648671617
2018-11-08,212.231,5.357675304105648,-0.02306501201435296
2018-11-09,210.074,5.3474598495982635,-0.010215454507384258
2018-11-10,212.533,5.359097270425235,0.011637420826971834
2018-11-11,211.34,5.353468211012885,-0.005629059412350479
2018-11-12,210.418,5.349096028535047,-0.004372182477838216
2018-11-13,206.826,5.331877860069997,-0.017218168465049644
2018-11-14,181.397,5.200687999506795,-0.13118986056320203
2018-11-15,180.806,5.197424633248146,-0.003263366258648759
2018-11-16,175.177,5.165796891345696,-0.03162774190244999
2018-11-17,174.001,5.159061046324451,-0.006735845021244913
2018-11-18,177.067,5.176528192022463,0.017467145698011777
2018-11-19,149.175,5.005120113408146,-0.17140807861431728
2018-11-20,130.339,4.870138748632973,-0.13498136477517253
2018-11-21,136.701,4.917796058992101,0.04765731035912779
2018-11-22,126.706,4.841869442164794,-0.07592661682730739
2018-11-23,123.296,4.814587968443747,-0.027281473721046723
2018-11-24,113.494,4.731749972088013,-0.08283799635573352
2018-11-25,116.45,4.75746199633035,0.02571202424233654
2018-11-26,108.335,4.685228278158671,-0.07223371817167923
2018-11-27,110.01,4.700571270751344,0.015342992592673355
2018-11-28,122.438,4.807604779412603,0.10703350866125927
2018-11-29,117.542645204,4.766801205644566,-0.040803573768037005
2018-11-30,113.171421096,4.728903670078474,-0.03789753556609199
2018-12-01,118.635558644,4.776056261559157,0.04715259148068274
2018-12-02,116.388899329,4.756937164160308,-0.019119097398848872
2018-12-03,108.925017829,4.690659735684925,-0.06627742847538354
2018-12-04,110.214189589,4.702425650580315,0.01176591489539014
2018-12-05,102.475555559,4.629624287785806,-0.07280136279450922
2018-12-06,91.7610561566,4.519187982743978,-0.11043630504182733
2018-12-07,93.2945640148,4.535761842648947,0.016573859904968735
2018-12-08,92.1596396877,4.523522287301266,-0.012239555347680842
2018-12-09,95.1420594843,4.555371137651283,0.031848850350017166
2018-12-10,91.6856567551,4.51836595214393,-0.03700518550735321
2018-12-11,88.9453032129,4.488021610164621,-0.03034434197930924
2018-12-12,90.5933019065,4.506380279924115,0.018358669759494184
2018-12-13,86.5393148885,4.4605988180621425,-0.04578146186197252
2018-12-14,84.30829593,4.4344802697744425,-0.026118548287699994
2018-12-15,84.4408095289,4.4360508099651925,0.0015705401907499805
2018-12-16,85.2620969271,4.445730005534976,0.009679195569783694
2018-12-17,95.1338271163,4.55528460679178,0.10955460125680361
2018-12-18,101.112455798,4.616233321187343,0.06094871439556293
2018-12-19,101.268575225,4.617776148172448,0.0015428269851049947
2018-12-20,116.21687011,4.755458015549507,0.13768186737705967
2018-12-21,109.496233553,4.695890151888717,-0.059567863660790366
2018-12-22,116.759499161,4.760116256502579,0.06422610461386213
2018-12-23,130.765259805,4.873403805924649,0.1132875494220702
2018-12-24,140.23800256,4.9433409974995675,0.06993719157491807
2018-12-25,129.84435176,4.866336438972464,-0.0770045585271033
2018-12-26,131.865627374,4.881783429659096,0.015446990686632134
2018-12-27,116.575910514,4.758542653206452,-0.12324077645264442
2018-12-28,137.647013306,4.92469253361257,0.16614988040611856
2018-12-29,138.018334779,4.927386537049393,0.0026940034368223564
2018-12-30,139.859452892,4.940638010441957,0.013251473392564606
2018-12-31,133.368263445,4.893114199967695,-0.047523810474262795
2019-01-01,140.819413158,4.947478311762321,0.054364111794626524
2019-01-02,155.047677215,5.0437326645571074,0.09625435279478634
2019-01-03,149.135003379,5.004851958664513,-0.03888070589259485
2019-01-04,154.58194227,5.040724326420593,0.03587236775608016
2019-01-05,155.638589483,5.047536585385746,0.006812258965153362
2019-01-06,157.746199308,5.060987407996372,0.013450822610625579
2019-01-07,151.699213451,5.02189970144322,-0.03908770655315141
2019-01-08,150.359633438,5.013029980797288,-0.008869720645932055
2019-01-09,150.80311047,5.015975081820019,0.002945101022731045
2019-01-10,128.625185944,4.856902639781935,-0.15907244203808446
2019-01-11,127.548324868,4.848495311361635,-0.008407328420299898
2019-01-12,125.9665328,4.836016258971765,-0.012479052389870127
2019-01-13,116.89780148,4.761300061457716,-0.07471619751404912
2019-01-14,129.068732601,4.86034507332883,0.09904501187111414
2019-01-15,122.032712316,4.8042891425295355,-0.056055930799294273
2019-01-16,123.547061541,4.816622148590475,0.012333006060939233
2019-01-17,123.741921671,4.8181981198917425,0.0015759713012677423
2019-01-18,121.010265197,4.795875378337185,-0.02232274155455727
2019-01-19,124.519021209,4.824458485030146,0.02858310669296049
2019-01-20,119.474828958,4.783105712849889,-0.04135277218025646
2019-01-21,117.157852232,4.763522189869343,-0.019583522980545887
2019-01-22,118.747550914,4.77699981881997,0.013477628950626652
2019-01-23,117.452609248,4.766034926677651,-0.01096489214231866
2019-01-24,117.362886414,4.765270728061938,-0.0007641986157134184
2019-01-25,116.37834358,4.756846466269357,-0.008424261792581156
2019-01-26,116.488738462,4.757794602771107,0.0009481365017505183
2019-01-27,113.405291898,4.730968055972035,-0.02682654679907248
2019-01-28,106.589976822,4.668989481250979,-0.0619785747210555
2019-01-29,105.598213782,4.65964145618592,-0.009348025065059495
2019-01-30,108.90753982,4.690499263722183,0.030857807536262882
2019-01-31,107.061013064,4.673398887502195,-0.017100376219987723
2019-02-01,107.609786895,4.678511599864647,0.005112712362452143
2019-02-02,110.430261898,4.704384207676258,0.025872607811610493
2019-02-03,107.492671458,4.677422672760147,-0.02696153491611053
2019-02-04,107.821603427,4.680478041244795,0.0030553684846479356
2019-02-05,107.443520166,4.676965315695379,-0.0035127255494158405
2019-02-06,104.919289868,4.653191386657049,-0.02377392903833009
2019-02-07,104.535298574,4.649524799765351,-0.003666586891697854
2019-02-08,119.267748863,4.7813709561188364,0.13184615635348518
2019-02-09,119.430883307,4.78273782167576,0.0013668655569238908
2019-02-10,124.806484949,4.826764417317683,0.044026595641923016
2019-02-11,121.298395992,4.798253592383595,-0.028510824934087964
2019-02-12,122.572291057,4.808700987003463,0.010447394619867545
2019-02-13,122.553602552,4.808548506131197,-0.00015248087226549245
2019-02-14,121.390203726,4.799010181184933,-0.00953832494626461
2019-02-15,122.100387372,4.804843553691479,0.005833372506546475
2019-02-16,123.260213055,4.814297674033333,0.009454120341853667
2019-02-17,133.59888295,4.894841899914896,0.08054422588156296
2019-02-18,146.09837101,4.9842801688656095,0.0894382689507136
2019-02-19,145.346183571,4.979118369838703,-0.005161799026906166
2019-02-20,149.554343958,5.007659831514687,0.02854146167598337
2019-02-21,146.130844289,4.9845024141267515,-0.023157417387935197
2019-02-22,149.092454265,5.004566611938729,0.020064197811977103
2019-02-23,158.79542978,5.067616768675969,0.06305015673724057
2019-02-24,135.852653564,4.911570868725388,-0.15604589995058138
2019-02-25,139.822855499,4.940376303554458,0.02880543482906983
2019-02-26,138.08968196,4.927903343358971,-0.012472960195486493
2019-02-27,136.125954509,4.913580593232213,-0.014322750126757988
2019-02-28,136.746252009,4.918127033314064,0.004546440081850456
2019-03-01,136.443622783,4.915911509404039,-0.0022155239100243307
2019-03-02,134.206955299,4.899383051055965,-0.01652845834807426
2019-03-03,132.249417118,4.884689663303365,-0.014693387752600096
2019-03-04,127.774121264,4.850264027416842,-0.0344256358865227
2019-03-05,137.822384799,4.925965789501601,0.07570176208475843
2019-03-06,138.789354083,4.932957345440931,0.006991555939330318
2019-03-07,138.03450239,4.927503671226924,-0.005453674214007442
2019-03-08,135.127074998,4.9062156319783785,-0.021288039248545054
2019-03-09,137.965335551,4.927002461943875,0.020786829965496523
2019-03-10,136.758683137,4.918217935717721,-0.008784526226153666
2019-03-11,133.83403156,4.896600461840839,-0.02161747387688262
2019-03-12,134.442888733,4.90113948978018,0.004539027939340912
2019-03-13,133.263076226,4.892325191259366,-0.008814298520813502
2019-03-14,133.711599756,4.895685239925655,0.0033600486662885842
2019-03-15,137.691783786,4.92501773645988,0.029332496534225427
2019-03-16,142.398175801,4.958627188509586,0.033609452049705446
2019-03-17,140.000549501,4.941646347608744,-0.01698084090084162
2019-03-18,139.374600609,4.9371652766246275,-0.004481070984116542
2019-03-19,140.519199188,4.945344128463084,0.00817885183845668
2019-03-20,140.68636173,4.946533027865673,0.0011888994025888167
2019-03-21,136.636060704,4.917320899882286,-0.029212127983386793
2019-03-22,137.181435033,4.921304392965578,0.003983493083292267
2019-03-23,138.239874551,4.928990397582822,0.007686004617244002
2019-03-24,136.986925231,4.9198854850037215,-0.009104912579100954
2019-03-25,135.031027518,4.9055045854974315,-0.014380899506289957
2019-03-26,135.460352857,4.908678998663034,0.0031744131656026298
2019-03-27,140.988157542,4.9486758977870595,0.039996899124025376
2019-03-28,139.416477555,4.937465694748412,-0.011210203038647393
2019-03-29,142.497417117,4.9593238740497,0.021858179301287528
2019-03-30,142.092680619,4.956479525113525,-0.00284434893617469
2019-03-31,141.514094106,4.952399317112444,-0.004080208001081331
2019-04-01,141.830324349,4.9546314441896095,0.002232127077165913
2019-04-02,163.961741819,5.099633119018352,0.14500167482874282
2019-04-03,161.458801333,5.084250010013881,-0.015383109004471152
2019-04-04,158.052537823,5.062927495622242,-0.021322514391639125
2019-04-05,165.514845948,5.109060894407282,0.04613339878503986
2019-04-06,165.947208019,5.111669713794265,0.0026088193869826526
2019-04-07,174.531647379,5.162106085536792,0.0504363717425278
2019-04-08,180.258815391,5.19439368143797,0.03228759590117747
2019-04-09,176.114574527,5.171134774865698,-0.023258906572271698
2019-04-10,177.337476528,5.178054564280303,0.0069197894146046934
2019-04-11,165.49701739,5.108953172842034,-0.06910139143826921
2019-04-12,164.736323365,5.104346155460245,-0.004607017381788481
2019-04-13,164.513349875,5.102991721167918,-0.001354434292327511
2019-04-14,167.838520685,5.123002330768583,0.02001060960066514
2019-04-15,161.574178302,5.084964345584426,-0.038037985184156575
2019-04-16,167.623441183,5.121720042128326,0.03675569654390021
2019-04-17,166.950761576,5.117698928080367,-0.004021114047959351
2019-04-18,173.814032352,5.157985948076142,0.040287019995775
2019-04-19,173.708441176,5.157378268358756,-0.000607679717385956
2019-04-20,173.751265406,5.157624767330612,0.0002464989718555799
2019-04-21,170.046521769,5.136072057077594,-0.02155271025301797
2019-04-22,171.874669558,5.146765545847352,0.010693488769757842
2019-04-23,171.447798826,5.14427884024967,-0.0024867055976818264
2019-04-24,165.82609059,5.110939592142594,-0.033339248107076
2019-04-25,154.459399951,5.039931278315496,-0.0710083138270976
2019-04-26,156.347087281,5.0520784542515855,0.012147175936089383
2019-04-27,158.43493242,5.065343988021054,0.013265533769468263
2019-04-28,157.29507397,5.058123493426383,-0.007220494594671223
2019-04-29,155.201995458,5.044727464998938,-0.013396028427444584
2019-04-30,162.166037089,5.088620730662644,0.04389326566370588
2019-05-01,160.818344256,5.080275431432131,-0.008345299230512637
2019-05-02,162.122791335,5.088354019320989,0.008078587888857847
2019-05-03,167.952408601,5.123680657134391,0.03532663781340162
2019-05-04,164.026580539,5.100028491148546,-0.023652165985844853
2019-05-05,163.450697022,5.096511397596735,-0.003517093551811179
2019-05-06,172.653208017,5.151285004705947,0.05477360710921264
2019-05-07,169.798657365,5.134613366690508,-0.01667163801543925
2019-05-08,170.948168196,5.141360400590638,0.006747033900129651
2019-05-09,170.289301603,5.137498764808657,-0.0038616357819805103
2019-05-10,173.142739021,5.154116335351767,0.01661757054310975
2019-05-11,194.304341538,5.269425700642252,0.11530936529048486
2019-05-12,187.325322672,5.232846798773914,-0.03657890186833779
2019-05-13,196.846276938,5.282423104018103,0.0495763052441891
2019-05-14,217.148571659,5.380581781289385,0.09815867727128147
2019-05-15,247.153065441,5.510007842836074,0.12942606154668912
2019-05-16,264.010023118,5.575987068781673,0.06597922594559957
2019-05-17,243.764593413,5.496202978498102,-0.07978409028357092
2019-05-18,234.595229584,5.457861601758582,-0.03834137673952043
2019-05-19,261.292219263,5.565639395056816,0.10777779329823378
2019-05-20,251.864416688,5.528890913706003,-0.03674848135081277
2019-05-21,255.215875873,5.542109759069401,0.013218845363398124
2019-05-22,244.698911619,5.500028522620998,-0.04208123644840267
2019-05-23,245.965672113,5.50519198193906,0.005163459318061392
2019-05-24,249.484984964,5.519398732875644,0.014206750936584633
2019-05-25,251.759872316,5.528475745590469,0.009077012714824306
2019-05-26,267.069644637,5.587509465724141,0.05903372013367214
2019-05-27,272.86264362,5.608968531646029,0.02145906592188851
2019-05-28,271.76871076,5.604951376473757,-0.004017155172272524
2019-05-29,269.455701828,5.596404005142811,-0.00854737133094563
2019-05-30,255.858948474,5.544626310109475,-0.05177769503333618
2019-05-31,268.113560321,5.591410623302621,0.0467843131931458
2019-06-01,265.391260671,5.581205192459933,-0.010205430842687768
2019-06-02,270.225527951,5.599256899046311,0.01805170658637767
2019-06-03,252.607929766,5.53183860200481,-0.06741829704150071
2019-06-04,241.338786302,5.486201698636373,-0.045636903368436954
2019-06-05,247.051016639,5.509594860397641,0.023393161761267933
2019-06-06,249.474338747,5.519356059188649,0.009761198791007786
2019-06-07,250.930360395,5.525175452010296,0.005819392821647007
2019-06-08,245.738091433,5.504266299798212,-0.02090915221208345
2019-06-09,233.086698165,5.451410479484231,-0.05285582031398128
2019-06-10,247.520125135,5.511491892379735,0.06008141289550384
2019-06-11,245.781827855,5.504444263784611,-0.007047628595123534
2019-06-12,260.903303733,5.564149854895012,0.059705591110400746
2019-06-13,256.168792302,5.545836572136881,-0.01831328275813071
2019-06-14,264.08745783,5.576280327944417,0.030443755807535666
2019-06-15,269.019322335,5.594783207263807,0.018502879319389542
2019-06-16,269.223201488,5.595540780862052,0.0007575735982454646
2019-06-17,274.35111507,5.614408727903505,0.01886794704145256
2019-06-18,265.051857677,5.5799254961887295,-0.03448323171477519
2019-06-19,269.43179794,5.596315289453448,0.016389793264718122
2019-06-20,271.695017157,5.604680176761003,0.00836488730755569
2019-06-21,294.910279603,5.686671173141819,0.08199099638081542
2019-06-22,309.380305299,5.734571281617134,0.04790010847531523
2019-06-23,307.827784126,5.72954048414709,-0.0050307974700443125
2019-06-24,310.424669171,5.737941260573096,0.008400776426006118
2019-06-25,318.126310017,5.7624485052279395,0.024507244654843774
2019-06-26,336.753188391,5.8193502833703725,0.056901778142433024
2019-06-27,294.267645009,5.684489710388374,-0.1348605729819985
2019-06-28,311.226103335,5.740519668397721,0.05602995800934707
2019-06-29,320.058914343,5.7685050861699745,0.027985417772253385
2019-06-30,290.695998902,5.672278043803099,-0.09622704236687518
2019-07-01,293.641117329,5.68235833233342,0.010080288530320836
2019-07-02,291.596440849,5.675370794466736,-0.006987537866684157
2019-07-03,303.099965055,5.714062668771768,0.03869187430503196
2019-07-04,284.523211373,5.650814836786714,-0.06324783198505379
2019-07-05,287.997523405,5.662951880810778,0.01213704402406357
2019-07-06,287.547125887,5.66138676293332,-0.0015651178774573893
2019-07-07,305.700559688,5.722606059735806,0.061219296802486056
2019-07-08,313.251403897,5.747006075480421,0.02440001574461448
2019-07-09,308.881016742,5.73295614365608,-0.014049931824341222
2019-07-10,290.002318276,5.66988891700374,-0.06306722665233977
2019-07-11,268.704039911,5.5936105505326115,-0.0762783664711284
2019-07-12,276.276710845,5.621402938999333,0.027792388466721718
2019-07-13,269.458810608,5.596415542334437,-0.02498739666489591
2019-07-14,227.578070731,5.427493347570669,-0.16892219476376802
2019-07-15,229.775995774,5.437104902926437,0.009611555355768076
2019-07-16,199.188675302,5.29425249264085,-0.14285241028558726
2019-07-17,211.484962906,5.3541538985876365,0.05990140594678639
2019-07-18,226.566159112,5.423036995481885,0.06888309689424865
2019-07-19,221.333421321,5.3996702583428835,-0.023366737139001614
2019-07-20,229.119221714,5.434242486917698,0.0345722285748149
2019-07-21,225.630768716,5.41889989647664,-0.015342590441058235
2019-07-22,217.560020158,5.382474767209655,-0.036425129266985046
2019-07-23,212.728522894,5.360016812388245,-0.022457954821410553
2019-07-24,217.046368323,5.380111009622207,0.020094197233962774
2019-07-25,219.61799494,5.391889650449356,0.011778640827148301
2019-07-26,219.62960287,5.391942504147637,5.2853698281118966e-05
2019-07-27,207.408317263,5.334689397513039,-0.05725310663459737
2019-07-28,211.186552032,5.3527418757139165,0.018052478200877076
2019-07-29,211.268057982,5.35312774415554,0.0003858684416231384
2019-07-30,210.522603615,5.349593027951377,-0.003534716204162791
2019-07-31,218.654145766,5.387491238420087,0.037898210468710225
2019-08-01,217.808443355,5.383615976299339,-0.0038752621207480686
2019-08-02,217.871561739,5.383905722827541,0.00028974652820235036
2019-08-03,222.490335375,5.404883664146048,0.020977941318506943
2019-08-04,222.66972669,5.405689627393867,0.0008059632478190082
2019-08-05,234.215027081,5.456239612559543,0.05054998516567544
2019-08-06,226.020649952,5.420626366567194,-0.03561324599234883
2019-08-07,226.391007833,5.422263627488125,0.0016372609209307498
2019-08-08,220.941859044,5.397899585656941,-0.024364041831183236
2019-08-09,210.48891334,5.3494329835168895,-0.04846660214005194
2019-08-10,206.733534292,5.331430690064842,-0.018002293452047624
2019-08-11,216.092871768,5.375708277165928,0.04427758710108609
2019-08-12,211.288063961,5.353222434436788,-0.022485842729140337
2019-08-13,208.709040675,5.3409411321434765,-0.012281302293311036
2019-08-14,186.60774116,5.229008772868935,-0.11193235927454115
2019-08-15,188.50206008,5.239108935634713,0.010100162765777299
2019-08-16,185.4400734,5.2227317754067215,-0.016377160227991183
2019-08-17,185.687679251,5.224066118559284,0.0013343431525623117
2019-08-18,194.493530508,5.270398900335637,0.04633278177635347
2019-08-19,203.091932563,5.313658746295696,0.043259845960058385
2019-08-20,196.565408066,5.280995241397721,-0.03266350489797443
2019-08-21,186.891630451,5.230528932565297,-0.050466308832424644
2019-08-22,191.332912454,5.254014907931268,0.02348597536597108
2019-08-23,194.706208556,5.271491799676631,0.017476891745363154
2019-08-24,191.289562719,5.253788315203457,-0.017703484473173603
2019-08-25,186.842392623,5.230265441284092,-0.02352287391936514
2019-08-26,188.929374951,5.2413732677168685,0.011107826432776413
2019-08-27,187.516661348,5.23386770198527,-0.007505565731598551
2019-08-28,173.88997343,5.15842276259622,-0.07544493938905017
2019-08-29,169.516734455,5.132951650295265,-0.02547111230095478
2019-08-30,168.834875179,5.128921167332335,-0.004030482962930293
2019-08-31,172.469788861,5.150222084095452,0.021300916763117073
2019-09-01,171.629420013,5.145337617655999,-0.00488446643945295
2019-09-02,178.347353576,5.183733073320827,0.03839545566482805
2019-09-03,179.49932195,5.190171430483873,0.006438357163045971
2019-09-04,175.992884274,5.170443563959463,-0.019727866524410054
2019-09-05,174.217126821,5.1603023765833065,-0.010141187376156324
2019-09-06,169.956174802,5.135540608532993,-0.024761768050313826
2019-09-07,178.262616376,5.183257835897677,0.04771722736468398
2019-09-08,181.355524085,5.200459326169316,0.017201490271639308
2019-09-09,181.149467473,5.199322477634861,-0.0011368485344549484
2019-09-10,179.787171751,5.191773772167373,-0.007548705467487871
2019-09-11,178.725492594,5.185851067805223,-0.005922704362149922
2019-09-12,181.01609158,5.198585931071027,0.012734863265803753
2019-09-13,181.109723362,5.1991030540168275,0.00051712294580053
2019-09-14,188.10550845,5.237003020567192,0.03789996655036454
2019-09-15,189.789129887,5.245913613129014,0.008910592561822028
2019-09-16,197.113177378,5.283778068230335,0.03786445510132097
2019-09-17,208.608748647,5.340460481509849,0.056682413279514066
2019-09-18,211.393034896,5.35371912538153,0.013258643871680853
2019-09-19,221.280858893,5.399432749384873,0.045713624003343334
2019-09-20,218.050055201,5.384724647446276,-0.01470810193859684
2019-09-21,215.516209164,5.373036123253463,-0.011688524192813077
2019-09-22,211.545386424,5.35443956848582,-0.018596554767642992
2019-09-23,201.92131273,5.30787808056983,-0.046561487915990796
2019-09-24,168.110736232,5.1246229065012034,-0.18325517406862613
2019-09-25,170.892695093,5.1410358454572735,0.0164129389560701
2019-09-26,166.727124473,5.1163584908153545,-0.024677354641919003
2019-09-27,174.710992913,5.163133139676661,0.04677464886130611
2019-09-28,174.572891745,5.162342372159106,-0.0007907675175546913
2019-09-29,170.503485433,5.138755738936916,-0.023586633222190123
2019-09-30,179.872201473,5.192246606909991,0.053490867973074785
2019-10-01,177.340419656,5.178071160341302,-0.014175446568688521
2019-10-02,180.710506299,5.196896338127138,0.01882517778583548
2019-10-03,175.199341492,5.165924419887921,-0.0309719182392163
2019-10-04,176.985006881,5.176065022098992,0.010140602211071048
2019-10-05,176.351522792,5.172479291700067,-0.003585730398925513
2019-10-06,173.059144782,5.153633413423634,-0.018845878276432693
2019-10-07,181.186333328,5.199525967629754,0.045892554206119485
2019-10-08,182.021563815,5.204125162558299,0.004599194928545103
2019-10-09,193.293257938,5.264208506857948,0.0600833442996489
2019-10-10,191.659672427,5.255721259778186,-0.008487247079761673
2019-10-11,182.569691851,5.207131973283714,-0.04858928649447236
2019-10-12,180.826640026,5.197538782380375,-0.009593190903338211
2019-10-13,182.075152956,5.204419530175025,0.006880747794649977
2019-10-14,186.960906402,5.230899538325398,0.026480008150372214
2019-10-15,181.406059693,5.200737942266427,-0.03016159605897073
2019-10-16,176.013511357,5.1705607611654205,-0.030177181101006312
2019-10-17,178.028348281,5.181942797617174,0.01138203645175384
2019-10-18,173.621340828,5.156876725707716,-0.025066071909458643
2019-10-19,172.913025758,5.1527887267977714,-0.004087998909944268
2019-10-20,175.534373653,5.167834884998261,0.015046158200489934
2019-10-21,174.920987616,5.164334372629855,-0.0035005123684062056
2019-10-22,172.300854142,5.149242100817012,-0.01509227181284345
2019-10-23,162.40278776,5.0900795935900955,-0.05916250722691618
2019-10-24,162.16854058,5.0886361683690895,-0.001443425221006045
2019-10-25,181.523214189,5.201383547393927,0.11274737902483789
2019-10-26,179.83547805,5.192042422094274,-0.009341125299653363
2019-10-27,184.242211278,5.21625125760063,0.02420883550635633
2019-10-28,182.662817561,5.207641926311543,-0.008609331289087585
2019-10-29,190.342582145,5.2488255125130925,0.041183586201549716
2019-10-30,184.692164388,5.218690462851044,-0.030135049662048274
2019-10-31,183.966917607,5.214755945829686,-0.003934517021358275
2019-11-01,183.969902446,5.214772170566311,1.622473662532542e-05
2019-11-02,183.925717366,5.214531966128786,-0.0002402044375253709
2019-11-03,182.425021922,5.2063392498216094,-0.00819271630717644
2019-11-04,186.355190781,5.227654480546715,0.021315230725105216
2019-11-05,189.304170553,5.243355089420026,0.015700608873311594
2019-11-06,191.593841453,5.255377722290526,0.012022632870499983
2019-11-07,187.976543734,5.236317187673513,-0.019060534617013403
2019-11-08,184.211470298,5.216084392772792,-0.020232794900721274
2019-11-09,185.028722122,5.220511067741072,0.004426674968280864
2019-11-10,189.477274196,5.2442690922438215,0.02375802450274911
2019-11-11,185.489646106,5.222999064349549,-0.021270027894272125
2019-11-12,186.843411554,5.230270894694356,0.007271830344806496
2019-11-13,188.258745224,5.23781732097416,0.007546426279803953
2019-11-14,185.999635946,5.225744716431716,-0.012072604542443521
2019-11-15,180.521180884,5.195848116506205,-0.02989659992551097
2019-11-16,183.348359202,5.2113879454835645,0.015539828977359171
2019-11-17,185.119235523,5.22100013380741,0.009612188323845139
2019-11-18,180.559604932,5.196060944491823,-0.02493918931558703
2019-11-19,177.45554544,5.178720129322724,-0.017340815169098356
2019-11-20,175.6983433,5.1687685660080165,-0.009951563314707812
2019-11-21,161.462725503,5.084274314184858,-0.08449425182315817
2019-11-22,150.26817098,5.012421504405698,-0.07185280977915998
2019-11-23,153.417791778,5.03316486511509,0.020743360709391645
2019-11-24,142.83470143,4.961688027596899,-0.07147683751819134
2019-11-25,146.476535696,4.986865249731584,0.025177222134685096
2019-11-26,148.96506618,5.003711823288764,0.016846573557180555
2019-11-27,153.010552055,5.030506886694013,0.026795063405248953
2019-11-28,151.717573997,5.022020726691538,-0.008486160002474818
2019-11-29,155.304145933,5.0453854260829125,0.02336469939137409
2019-11-30,152.539691345,5.0274248332975695,-0.01796059278534301
2019-12-01,151.18572935,5.0185090766852944,-0.008915756612275061
2019-12-02,149.059152693,5.004343225102224,-0.014165851583070044
2019-12-03,147.956415218,4.996917738622628,-0.007425486479596621
2019-12-04,146.747737819,4.988715043386665,-0.008202695235962842
2019-12-05,149.248994591,5.005616015841311,0.01690097245464628
2019-12-06,149.194447774,5.005250473766236,-0.00036554207507499825
2019-12-07,148.768162887,5.0023891404137375,-0.0028613333524987183
2019-12-08,151.264725315,5.019031449626567,0.01664230921282961
2019-12-09,148.225168781,4.998732528273842,-0.020298921352725152
2019-12-10,146.267046031,4.985434033378189,-0.013298494895653157
2019-12-11,143.607998355,4.967087353913976,-0.01834667946421309
2019-12-12,145.604010549,4.980890680362625,0.013803326448649678
2019-12-13,144.944741929,4.976352579642444,-0.004538100720181681
2019-12-14,142.869227238,4.961929717015235,-0.014422862627208488
2019-12-15,143.114989792,4.963648431544662,0.0017187145294270678
2019-12-16,133.61402998,4.894955270409234,-0.06869316113542823
2019-12-17,122.603888126,4.8089587369144065,-0.08599653349482761
2019-12-18,133.092194403,4.891042079075844,0.08208334216143776
2019-12-19,129.321129968,4.862298690585838,-0.028743388490005906
2019-12-20,129.066049932,4.860324288303474,-0.0019744022823644514
2019-12-21,128.13094934,4.853052782687825,-0.007271505615649154
2019-12-22,132.37251946,4.885620065011343,0.032567282323518576
2019-12-23,128.614088921,4.856816361953538,-0.028803703057805663
2019-12-24,129.0638929,4.860307575542635,0.0034912135890969864
2019-12-25,126.454637577,4.839883647627323,-0.02042392791531178
2019-12-26,126.361222911,4.839144653878506,-0.0007389937488166964
2019-12-27,127.214610889,4.845875509789048,0.006730855910541678
2019-12-28,128.322711714,4.8545482763294565,0.008672766540408716
2019-12-29,134.757985408,4.903480468946049,0.04893219261659265
2019-12-30,132.633488892,4.887589601611535,-0.01589086733451417
2019-12-31,129.610859432,4.864536572321408,-0.02305302929012676
2020-01-01,130.802008077,4.873684791175895,0.009148218854487133
2020-01-02,127.410182379,4.847411664426218,-0.02627312674967719
2020-01-03,134.171712485,4.899120416067174,0.05170875164095623
2020-01-04,135.069371268,4.905788507701396,0.00666809163422144
2020-01-05,136.276776707,4.9146879405245,0.008899432823104014
2020-01-06,144.30415371,4.971923250604624,0.057235310080123725
2020-01-07,143.543998337,4.966641596825068,-0.005281653779555917
2020-01-08,141.258134415,4.950588957147142,-0.016052639677925917
2020-01-09,138.979196656,4.934324257584542,-0.01626469956259946
2020-01-10,143.963781218,4.969561748620268,0.03523749103572538
2020-01-11,142.927114494,4.962334811471244,-0.007226937149023449
2020-01-12,145.873931189,4.982742763683563,0.020407952212318392
2020-01-13,144.226591141,4.971385612434324,-0.011357151249238306
2020-01-14,165.955358611,5.111718828159872,0.1403332157255477
2020-01-15,166.230685102,5.113376492948969,0.0016576647890973462
2020-01-16,164.391010988,5.102247803438636,-0.011128689510333523
2020-01-17,170.77995796,5.1403759323147735,0.0381281288761377
2020-01-18,175.36567147,5.166873345104821,0.02649741279004747
2020-01-19,166.969841975,5.117813209132916,-0.04906013597190473
2020-01-20,167.120509335,5.118715164963867,0.0009019558309510955
2020-01-21,169.69716391,5.134015459725748,0.01530029476188055
2020-01-22,168.294161709,5.1257134108089595,-0.00830204891678843
2020-01-23,162.928558428,5.093311812876053,-0.03240159793290687
2020-01-24,163.051182861,5.0940641567996305,0.000752343923577925
2020-01-25,161.283936353,5.083166391535804,-0.010897765263826464
2020-01-26,168.077100489,5.124422805608558,0.0412564140727536
2020-01-27,170.930890433,5.141259325297614,0.01683651968905675
2020-01-28,176.370320541,5.17258587851556,0.0313265532179452
2020-01-29,175.050337929,5.165073577870105,-0.007512300645454495
2020-01-30,184.690476436,5.218681323536884,0.053607745666778506
2020-01-31,180.160175239,5.193846317636243,-0.02483500590064036
2020-02-01,183.673947121,5.213162159196458,0.01931584156021504
2020-02-02,188.617538168,5.239721357222695,0.026559198026236963
2020-02-03,189.865063235,5.246313626353618,0.006592269130922368
2020-02-04,189.250602393,5.243072075366653,-0.0032415509869645476
2020-02-05,204.230244698,5.319248007877494,0.0761759325108411
2020-02-06,212.339079745,5.358184429701118,0.03893642182362367
2020-02-07,222.72606629,5.405942614068589,0.04775818436747148
2020-02-08,223.146521744,5.407828603877841,0.001885989809252031
2020-02-09,228.578569991,5.4318800023951095,0.02405139851726812
2020-02-10,223.52269963,5.40951297323636,-0.02236702915874922
2020-02-11,235.851199501,5.463201095581234,0.05368812234487397
2020-02-12,265.406126106,5.581261204171272,0.11806010859003813
2020-02-13,268.099256044,5.591357270318258,0.01009606614698555
2020-02-14,284.217509609,5.649739823930548,0.05838255361229017
2020-02-15,264.728585265,5.578705094581121,-0.07103472934942712
2020-02-16,259.894703492,5.560276562417089,-0.018428532164032063
2020-02-17,266.363446303,5.584861715674262,0.024585153257173253
2020-02-18,281.944579134,5.641710523730359,0.056848808056097155
2020-02-19,259.763962739,5.559773383063969,-0.08193714066639046
2020-02-20,257.949455024,5.552763654968908,-0.00700972809506073
2020-02-21,265.600612524,5.581993723789378,0.0292300688204703
2020-02-22,262.331720974,5.569609813506771,-0.012383910282607324
2020-02-23,273.754156046,5.612230462918663,0.0426206494118917
2020-02-24,265.216417336,5.580546161885838,-0.03168430103282471
2020-02-25,247.817592279,5.512692960537082,-0.06785320134875583
2020-02-26,225.680265514,5.4191192431996065,-0.09357371733747577
2020-02-27,226.753395276,5.423863062536945,0.004743819337338806
2020-02-28,226.760501479,5.423894400950394,3.1338413449155667e-05
2020-02-29,219.84851255,5.392938729854557,-0.03095567109583719
2020-03-01,218.970599927,5.388937473895902,-0.004001255958654859
2020-03-02,230.569781825,5.440553557726152,0.051616083830249515
2020-03-03,224.479622332,5.413784933940049,-0.02676862378610334
2020-03-04,224.517976367,5.413955776880877,0.00017084294082803098
2020-03-05,229.26818886,5.434892448709004,0.020936671828127196
2020-03-06,243.525299741,5.495220837499091,0.060328388790087395
2020-03-07,237.853095033,5.471653235335146,-0.023567602163945267
2020-03-08,200.689052256,5.301756706511816,-0.16989652882332962
2020-03-09,201.986327111,5.308200007540991,0.006443301029174897
2020-03-10,200.767247427,5.302146264090315,-0.006053743450675775
2020-03-11,194.868528471,5.272325118210743,-0.02982114587957252
2020-03-12,112.347123759,4.721593397582673,-0.55073172062807
2020-03-13,133.201807239,4.8918653258746065,0.1702719282919336
2020-03-14,123.306024593,4.814669270233723,-0.07719605564088372
2020-03-15,125.214304313,4.830026703841048,0.015357433607325
2020-03-16,110.605876012,4.705973216176061,-0.12405348766498658
2020-03-17,113.942750228,4.735696131271915,0.029722915095853786
2020-03-18,114.842273039,4.743559648151723,0.007863516879807797
2020-03-19,136.593857971,4.917011982516719,0.1734523343649963
2020-03-20,132.737170068,4.888371008129361,-0.028640974387357687
2020-03-21,132.818707849,4.888985099477682,0.0006140913483205779
2020-03-22,123.321147745,4.814791910021347,-0.07419318945633524
2020-03-23,134.911612009,4.904619838152596,0.08982792813124885
2020-03-24,138.761445013,4.932756235804893,0.028136397652297696
2020-03-25,136.195892908,4.914094238400246,-0.01866199740464758
2020-03-26,138.361557339,4.929870239708138,0.01577600130789225
2020-03-27,133.937940192,4.897376559776226,-0.03249367993191221
2020-03-28,130.986494884,4.875094225398206,-0.022282334378020074
2020-03-29,125.583730441,4.83297271093834,-0.04212151445986567
2020-03-30,132.904538063,4.889631111584681,0.056658400646340645
2020-03-31,133.593565057,4.894802094201521,0.005170982616840014
2020-04-01,135.634552336,4.909964153785016,0.01516205958349559
2020-04-02,142.029147631,4.956032301544324,0.0460681477593079
2020-04-03,142.091309874,4.956469878229493,0.00043757668516875015
2020-04-04,145.219384622,4.978245596386312,0.021775718156819224
2020-04-05,143.54664871,4.9666600604917,-0.01158553589461242
2020-04-06,169.135884595,5.1307024427053385,0.16404238221363876
2020-04-07,165.101942525,5.106563116604898,-0.024139326100440783
2020-04-08,172.641733789,5.151218544259442,0.04465542765454433
2020-04-09,170.807147486,5.140535127586632,-0.010683416672810253
2020-04-10,158.412448608,5.065202065989287,-0.07533306159734465
2020-04-11,158.216023679,5.0639613376821995,-0.0012407283070876574
2020-04-12,161.142420145,5.082288571132879,0.018327233450679437
2020-04-13,156.279549094,5.051646384938275,-0.030642186194604015
2020-04-14,157.596395681,5.060037307117839,0.008390922179564164
2020-04-15,153.286892905,5.032311282581239,-0.02772602453659978
2020-04-16,172.157382821,5.148409074842301,0.11609779226106198
2020-04-17,171.638582707,5.145391002730808,-0.0030180721114936304
2020-04-18,186.914005844,5.2306486492889315,0.08525764655812385
2020-04-19,181.614959142,5.201888836904587,-0.028759812384344663
2020-04-20,172.297157575,5.149220646444819,-0.05266819045976767
2020-04-21,172.737700531,5.151774262029139,0.0025536155843202124
2020-04-22,182.599574801,5.207295639576558,0.055521377547418815
2020-04-23,185.028670833,5.220510790546232,0.01321515096967385
2020-04-24,189.236941873,5.242999890586927,0.022489100040695043
2020-04-25,195.515300681,5.275638640715867,0.0326387501289398
2020-04-26,197.317530184,5.284814259482012,0.009175618766144922
2020-04-27,197.2247212,5.2843437953662615,-0.0004704641157502465
2020-04-28,198.415382994,5.2903627270970865,0.006018931730825017
2020-04-29,216.968223855,5.379750908970051,0.08938818187296427
2020-04-30,207.602055895,5.335623054397804,-0.044127854572247216
2020-05-01,214.219106382,5.366999352831191,0.031376298433387184
2020-05-02,215.32538422,5.372150299046106,0.005150946214914853
2020-05-03,210.93315693,5.351541291485996,-0.020609007560109305
2020-05-04,208.174010942,5.3383743210213686,-0.01316697046462778
2020-05-05,206.774404531,5.331628365781779,-0.0067459552395892075
2020-05-06,204.055782253,5.3183933988823195,-0.013234966899459799
2020-05-07,212.289405787,5.35795046537739,0.03955706649507018
2020-05-08,212.991579806,5.361252633500808,0.0033021681234179923
2020-05-09,211.600123566,5.354698283944276,-0.006554349556531669
2020-05-10,188.599570436,5.239626092550952,-0.11507219139332392
2020-05-11,185.91283695,5.225277945328827,-0.014348147222125185
2020-05-12,189.312502269,5.24339910077293,0.018121155444102754
2020-05-13,199.193283428,5.294275626851118,0.05087652607818871
2020-05-14,202.949100772,5.312955212489183,0.018679585638064822
2020-05-15,195.622658341,5.276187591080922,-0.036767621408261064
2020-05-16,200.677118596,5.301697241310859,0.02550965022993701
2020-05-17,207.158694333,5.333485138837431,0.03178789752657174
2020-05-18,214.525055208,5.368426539043111,0.03494140020568004
2020-05-19,213.451110911,5.363407817739502,-0.0050187213036085865
2020-05-20,210.096735593,5.347568070333771,-0.015839747405731686
2020-05-21,199.883605552,5.297735224896461,-0.049832845437309814
2020-05-22,207.169194624,5.33353582473757,0.03580059984110928
2020-05-23,208.694402844,5.340870994576414,0.007335169838843747
2020-05-24,202.370350969,5.310099439375684,-0.030771555200729495
2020-05-25,205.319750096,5.324568520547391,0.014469081171706755
2020-05-26,201.902309998,5.307783966551013,-0.016784553996378015
2020-05-27,208.863429364,5.341680590355463,0.03389662380445024
2020-05-28,219.840431324,5.3929019710225985,0.05122138066713511
2020-05-29,220.675124275,5.396691594064629,0.0037896230420306765
2020-05-30,242.345590189,5.490364766082922,0.09367317201829284
2020-05-31,230.975700856,5.442312513889255,-0.048052252193667044
2020-06-01,246.991760327,5.5093549770715535,0.06704246318229856
2020-06-02,237.219061533,5.468984024489266,-0.040370952582287956
2020-06-03,244.179324047,5.497902889979854,0.02891886549058853
2020-06-04,244.426387575,5.498914190270375,0.0010113002905205448
2020-06-05,241.221991758,5.485717637139497,-0.013196553130877753
2020-06-06,241.931320121,5.488653884724625,0.0029362475851284486
2020-06-07,245.167259144,5.501940668001326,0.013286783276700298
2020-06-08,246.309898559,5.5065904933526335,0.004649825351307868
2020-06-09,244.911453825,5.50089673226014,-0.005693761092493865
2020-06-10,247.444943732,5.511188107695493,0.010291375435353523
2020-06-11,231.702669421,5.445454952394838,-0.06573315530065482
2020-06-12,237.493210284,5.470139034788149,0.024684082393310547
2020-06-13,238.908842797,5.476082068284663,0.005943033496514261
2020-06-14,234.114695213,5.455811145756098,-0.02027092252856555
2020-06-15,229.928901759,5.4377701383479415,-0.018041007408156062
2020-06-16,234.416174104,5.457098057472489,0.019327919124547677
2020-06-17,233.028279483,5.451159817372489,-0.005938240099999881
2020-06-18,232.101162633,5.44717332245785,-0.003986494914639316
2020-06-19,227.138289785,5.425559038092018,-0.021614284365831793
2020-06-20,229.274256792,5.4349189148826715,0.00935987679065331
2020-06-21,228.989820504,5.433677550618624,-0.0012413642640476397
2020-06-22,242.53319314,5.4911385799383075,0.057461029319683554
2020-06-23,244.142144306,5.4977506143029435,0.006612034364636088
2020-06-24,235.772462091,5.462867196257923,-0.0348834180450206
2020-06-25,232.944486695,5.450800170650685,-0.012067025607238158
2020-06-26,229.66803925,5.4366349587427845,-0.014165211907900321
2020-06-27,222.959785939,5.406991423086221,-0.029643535656563635
2020-06-28,225.347168434,5.417642183865791,0.010650760779570057
2020-06-29,228.194866701,5.430199942437892,0.012557758572101285
2020-06-30,226.314997358,5.421927822463042,-0.008272119974850334
2020-07-01,231.113421712,5.442908593101475,0.020980770638432844
2020-07-02,229.392201582,5.435433209270005,-0.007475383831470062
2020-07-03,225.387063259,5.4178192053667065,-0.017614003903298148
2020-07-04,229.074112293,5.434045585663151,0.01622638029644463
2020-07-05,227.664598709,5.427873487592027,-0.006172098071123955
2020-07-06,241.510225122,5.486911812246002,0.05903832465397496
2020-07-07,239.075528329,5.4767795201212754,-0.01013229212472666
2020-07-08,246.670015358,5.508051473213631,0.03127195309235553
2020-07-09,243.015967829,5.493127152412113,-0.014924320801518398
2020-07-10,240.984985207,5.484734629504159,-0.008392522907954003
2020-07-11,239.45817693,5.478378775004893,-0.006355854499265234
2020-07-12,242.131695235,5.489481773322136,0.011102998317242374
2020-07-13,239.60458484,5.478990001450535,-0.010491771871600442
2020-07-14,240.211494177,5.481519761028048,0.002529759577512891
2020-07-15,238.423526948,5.4740486171843825,-0.007471143843665651
2020-07-16,233.640883013,5.4537852485392175,-0.02026336864516498
2020-07-17,232.773085613,5.450064097545736,-0.003721150993481359
2020-07-18,235.483805219,5.461642143444311,0.011578045898574807
2020-07-19,238.487523715,5.474316997492598,0.012674854048286832
2020-07-20,236.153167708,5.464480610217859,-0.009836387274738456
2020-07-21,245.01672849,5.501326487764805,0.03684587754694579
2020-07-22,262.190656292,5.5690719348899,0.06774544712509467
2020-07-23,274.689049046,5.61563972716644,0.046567792276539954
2020-07-24,279.215409484,5.631983560926824,0.016343833760384285
2020-07-25,304.056761197,5.717214398441062,0.08523083751423766
2020-07-26,309.643609292,5.735421988682477,0.01820759024141516
2020-07-27,321.514088181,5.7730413628762305,0.03761937419375361
2020-07-28,316.657252341,5.757819966035075,-0.015221396841155865
2020-07-29,318.190884419,5.762651468161477,0.004831502126402043
2020-07-30,334.586629282,5.812895827449448,0.05024435928797111
2020-07-31,345.554649307,5.845150805249377,0.03225497779992903
2020-08-01,385.199719325,5.953761951276249,0.10861114602687216
2020-08-02,370.671711492,5.915316796190089,-0.0384451550861602
2020-08-03,386.295173437,5.956601775255584,0.04128497906549544
2020-08-04,389.875485136,5.965827419264481,0.009225644008896694
2020-08-05,401.59058634,5.995433127714343,0.029605708449862433
2020-08-06,394.961957147,5.978789449242664,-0.016643678471679024
2020-08-07,379.512855039,5.9388884698825395,-0.03990097936012482
2020-08-08,393.987376065,5.976318868340465,0.03743039845792584
2020-08-09,391.120454943,5.969015581449812,-0.007303286890653737
2020-08-10,395.887569508,5.981130255559039,0.012114674109227508
2020-08-11,380.384068285,5.94118144831416,-0.039948807244878815
2020-08-12,391.024162058,5.968769353620857,0.027587905306696747
2020-08-13,394.3667405,5.977281289811505,0.00851193619064805
2020-08-14,394.3667405,5.977281289811505,0.0
2020-08-15,432.87136936,6.070440615416261,0.0931593256047556
2020-08-16,433.786609983,6.072552731118321,0.002112115702060713
2020-08-17,429.531252334,6.06269450323345,-0.00985822788487134
2020-08-18,423.669315654,6.048953235028941,-0.013741268204508827
2020-08-19,406.463786824,6.007494839715721,-0.04145839531321993
2020-08-20,416.439794883,6.031741901057685,0.024247061341963416
2020-08-21,389.126350308,5.9639040988694685,-0.06783780218821622
2020-08-22,395.835141215,5.980997814510257,0.01709371564078843
2020-08-23,391.384499842,5.969690452343362,-0.011307362166895096
2020-08-24,408.144207149,6.011620560850424,0.0419301085070618
2020-08-25,384.001043035,5.950645268821017,-0.06097529202940688
2020-08-26,386.466124211,5.957044216607937,0.006398947786919962
2020-08-27,382.632632123,5.947075343810845,-0.009968872797092132
2020-08-28,395.874666093,5.981097661392708,0.03402231758186325
2020-08-29,399.921471038,5.991268205429216,0.010170544036507856
2020-08-30,428.395717595,6.060047342246786,0.06877913681757075
2020-08-31,435.079745266,6.075529336737752,0.015481994490965434
2020-09-01,477.051924154,6.167625340632756,0.09209600389500405
2020-09-02,440.040506887,6.086866783781761,-0.08075855685099498
2020-09-03,385.671928369,5.954987081567332,-0.13187970221442935
2020-09-04,388.241140415,5.961626642489618,0.006639560922286236
2020-09-05,335.260079079,5.814906586076754,-0.1467200564128639
2020-09-06,353.362265679,5.867493779082862,0.052587193006107924
2020-09-07,352.673494754,5.865542684868945,-0.0019510942139167042
2020-09-08,337.602111896,5.82186801831835,-0.043674666550595376
2020-09-09,351.110016528,5.861099611756335,0.03923159343798499
2020-09-10,368.101907072,5.908359821224584,0.04726020946824949
2020-09-11,374.695588755,5.926113932992152,0.017754111767567693
2020-09-12,387.183109613,5.958897732583709,0.03278379959155675
2020-09-13,365.570005047,5.901457793126203,-0.05743993945750603
2020-09-14,377.268875067,5.932958129708461,0.03150033658225837
2020-09-15,364.83921823,5.899456758534747,-0.03350137117371421
2020-09-16,365.812291316,5.902120336584166,0.0026635780494190797
2020-09-17,389.019219686,5.963628750331076,0.061508413746910406
2020-09-18,384.364541978,5.951591430328528,-0.012037320002548313
2020-09-19,385.544383604,5.954656318941638,0.0030648886131103836
2020-09-20,371.052826188,5.916344441118034,-0.038311877823604235
2020-09-21,341.78607406,5.8341850269023805,-0.08215941421565365
2020-09-22,344.503162317,5.84210326985135,0.007918242948969478
2020-09-23,321.11631734,5.7718034168083765,-0.07029985304297348
2020-09-24,349.35558514,5.856090272104098,0.08428685529572189
2020-09-25,352.18324474,5.8641516217902065,0.008061349686108166
2020-09-26,355.48809037,5.873491747613206,0.009340125822999035
2020-09-27,357.43849724,5.878963311641917,0.0054715640287117395
2020-09-28,355.15942359,5.872566769204143,-0.006396542437774322
2020-09-29,359.75739393,5.885429898523606,0.012863129319462985
2020-09-30,359.93787376,5.885931443668852,0.0005015451452461406
2020-10-01,353.20591482,5.867051214965577,-0.018880228703275215
2020-10-02,346.2389138,5.8471290390828266,-0.01992217588275036
2020-10-03,346.52208572,5.847946556050345,0.0008175169675181948
2020-10-04,352.5790067,5.86527472962066,0.017328173570315464
2020-10-05,353.95677154,5.869174791383432,0.0039000617627715783
2020-10-06,340.81584538,5.831342288533942,-0.03783250284948991
2020-10-07,341.80866898,5.834251133086603,0.0029088445526612716
2020-10-08,350.76615934,5.860119788741015,0.025868655654411654
2020-10-09,365.59047723,5.901513792276872,0.041394003535857316
2020-10-10,370.96758819,5.916114695421761,0.014600903144889266
2020-10-11,375.14204941,5.927304752671066,0.011190057249304886
2020-10-12,387.7312655,5.960312484964187,0.03300773229312082
2020-10-13,381.19076126,5.943299935547213,-0.017012549416974387
2020-10-14,379.48403791,5.938812535107887,-0.004487400439325384
2020-10-15,377.44184574,5.933416505802135,-0.00539602930575267
2020-10-16,366.22901728,5.90325886798703,-0.03015763781510472
2020-10-17,368.85594038,5.910406162338215,0.007147294351184996
2020-10-18,378.21369795,5.935459374368049,0.02505321202983435
2020-10-19,379.93560927,5.940001789072805,0.004542414704755693
2020-10-20,369.13691491,5.911167618337584,-0.02883417073522132
2020-10-21,392.18996695,5.971746331971496,0.06057871363391243
2020-10-22,413.77299269,6.02531749660343,0.053571164631933677
2020-10-23,409.76669164,6.015587952950437,-0.009729543652992945
2020-10-24,412.45761883,6.022133458266088,0.0065455053156515675
2020-10-25,406.2177613,6.00688937369503,-0.015244084571058636
2020-10-26,393.88831313,5.976067399899744,-0.03082197379528573
2020-10-27,403.99704505,6.0014075637017275,0.02534016380198345
2020-10-28,388.65077072,5.962681178743862,-0.03872638495786518
2020-10-29,386.7301135,5.957727068609492,-0.004954110134370637
2020-10-30,382.81999199,5.947564883894292,-0.010162184715199807
2020-10-31,386.59033529,5.957365567211873,0.009800683317581438
2020-11-01,396.35818693,5.982318314879096,0.024952747667223107
2020-11-02,383.15673256,5.948444128865845,-0.033874186013250984
2020-11-03,387.60217328,5.959979487018436,0.011535358152590547
2020-11-04,402.14199843,5.996805256173391,0.03682576915495517
2020-11-05,414.06733818,6.026028613207509,0.029223357034117825
2020-11-06,454.71929029,6.1196802841448505,0.09365167093734161
2020-11-07,435.71313513,6.076984079857412,-0.04269620428743881
2020-11-08,453.55478553,6.117116068278578,0.04013198842116594
2020-11-09,444.16305707,6.096191740667199,-0.020924327611378857
2020-11-10,449.67962112,6.108535376138759,0.012343635471560255
2020-11-11,462.96052774,6.137641797190629,0.029106421051870335
2020-11-12,461.00527114,6.133409477074446,-0.004232320116183352
2020-11-13,474.62642092,6.162528012321517,0.029118535247071087
2020-11-14,460.14983674,6.131552168487454,-0.03097584383406282
2020-11-15,447.55909533,6.103808585599556,-0.027743582887898022
2020-11-16,459.94031258,6.131096725803329,0.02728814020377257
2020-11-17,480.36008258,6.1745359947052,0.043439268901870776
2020-11-18,479.48406975,6.172710671143872,-0.0018253235613272523
2020-11-19,471.63041968,6.156195669721231,-0.016515001422641618
2020-11-20,509.74457334,6.2339097636696,0.07771409394836937
2020-11-21,549.48662086,6.308984425703769,0.07507466203416868
2020-11-22,558.06809523,6.324480989398078,0.01549656369430874
2020-11-23,608.45402857,6.410921360797952,0.08644037139987404
2020-11-24,603.89774601,6.4034048889174215,-0.007516471880530062
2020-11-25,570.68661621,6.346840225734466,-0.0565646631829555
2020-11-26,518.80117389,6.251520715142119,-0.095319510592347
2020-11-27,517.49368769,6.248997327364648,-0.0025233877774706315
2020-11-28,538.22980058,6.288285607588586,0.03928828022393738
2020-11-29,575.75804789,6.355687516701234,0.06740190911264854
2020-11-30,614.84252202,6.421366173261012,0.06567865655977734
2020-12-01,587.32418713,6.375576945283381,-0.04578922797763063
2020-12-02,598.35234223,6.394179781493355,0.018602836209973717
2020-12-03,616.70875486,6.424396878199583,0.030217096706228297
2020-12-04,569.35419749,6.344502731654133,-0.0798941465454499
2020-12-05,596.59547474,6.391239286969749,0.046736555315615824
2020-12-06,601.90899244,6.400106258531839,0.00886697156208971
2020-12-07,591.84337934,6.38324203795565,-0.016864220576188416
2020-12-08,554.82775708,6.318657717975047,-0.06458431998060288
2020-12-09,573.47911163,6.351721513290587,0.033063795315539934
2020-12-10,559.67850106,6.3273625136176745,-0.024358999672912773
2020-12-11,545.79734103,6.302247736569443,-0.025114777048231396
2020-12-12,568.56731778,6.343119719161858,0.040871982592414646
2020-12-13,589.6632225,6.3795515646040695,0.036431845442211674
2020-12-14,586.01115197,6.373338820061461,-0.0062127445426085615
2020-12-15,589.35560245,6.37902974077824,0.005690920716778791
2020-12-16,636.18184867,6.455484448052954,0.07645470727471437
2020-12-17,642.86896702,6.465940919676168,0.010456471623213837
2020-12-18,654.81192689,6.484348059885159,0.018407140208990924
2020-12-19,659.29792646,6.491175521051363,0.006827461166204252
2020-12-20,638.29084637,6.458794051519986,-0.03238146953137733
2020-12-21,609.81787165,6.413160341520569,-0.04563370999941707
2020-12-22,634.85419947,6.45339536539508,0.04023502387451128
2020-12-23,583.71459689,6.369412159418049,-0.0839832059770309
2020-12-24,611.60718693,6.4160902250159495,0.04667806559790044
2020-12-25,626.41070163,6.440006228869738,0.023916003853788226
2020-12-26,635.83583086,6.454940402440848,0.014934173571110598
2020-12-27,682.6423591,6.525971090070243,0.07103068762939468
2020-12-28,730.39736483,6.593588721429234,0.06761763135899113
2020-12-29,731.52011874,6.595124723485932,0.0015360020566976829
2020-12-30,751.61897194,6.622229509290984,0.0271047858050526
2020-12-31,737.80339769,6.603677390315973,-0.018552118975011744
2021-01-01,730.36756913,6.593547926775267,-0.01012946354070543
2021-01-02,774.53496804,6.652262808017846,0.05871488124257862
2021-01-03,975.50767291,6.882958025649864,0.23069521763201806
2021-01-04,1040.23304833,6.947200051964832,0.06424202631496811
2021-01-05,1100.00609944,7.003071003716544,0.05587095175171175
2021-01-06,1207.11223389,7.095986202598976,0.09291519888243194
2021-01-07,1225.67813488,7.111249549304102,0.015263346705125969
2021-01-08,1224.19714489,7.110040516189123,-0.0012090331149785527
2021-01-09,1281.07729102,7.155456636548069,0.045416120358946266
2021-01-10,1262.24666381,7.140648478685423,-0.014808157862645999
2021-01-11,1090.14537315,6.994066336192605,-0.14658214249281798
2021-01-12,1043.43458391,6.95027303543865,-0.043793300753955045
2021-01-13,1130.73940242,7.030627036145119,0.08035400070646848
2021-01-14,1218.45297846,7.105337282628415,0.0747102464832965
2021-01-15,1171.83461074,7.06632584306296,-0.0390114395654555
2021-01-16,1233.53756838,7.117641392238489,0.05131554917552883
2021-01-17,1230.17227237,7.114909497396538,-0.0027318948419505773
2021-01-18,1257.27950247,7.136705540650686,0.021796043254147968
2021-01-19,1377.29584154,7.227877320634621,0.09117177998393533
2021-01-20,1382.27409433,7.231485316305042,0.003607995670420472
2021-01-21,1121.57091957,7.022485588314027,-0.20899972799101452
2021-01-22,1236.51220729,7.120049959367248,0.09756437105322036
2021-01-23,1230.99063605,7.1155745193724185,-0.0044754399948292445
2021-01-24,1391.60940757,7.23821620350932,0.12264168413690157
2021-01-25,1324.414778,7.188725963871183,-0.04949023963813737
2021-01-26,1357.0581398,7.21307450327964,0.02434853940845727
2021-01-27,1253.18713315,7.13344529182935,-0.0796292114502899
2021-01-28,1332.49224455,7.194806335797921,0.06136104396857078
2021-01-29,1382.52281244,7.231665234121111,0.03685889832319056
2021-01-30,1376.11553895,7.22701998222841,-0.004645251892701374
2021-01-31,1314.9862286,7.181581472009499,-0.04543851021891143
2021-02-01,1369.04046855,7.22186538551626,0.040283913506761415
2021-02-02,1515.19376962,7.323298610504141,0.10143322498788088
2021-02-03,1660.909542,7.41512064816642,0.09182203766227914
2021-02-04,1594.76269414,7.37448022304649,-0.04064042511993016
2021-02-05,1718.65087218,7.449294885383651,0.07481466233716105
2021-02-06,1677.84684697,7.425266611687667,-0.024028273695983593
2021-02-07,1614.22782334,7.386611993354287,-0.03865461833338024
2021-02-08,1746.61684904,7.465435966698246,0.07882397334395908
2021-02-09,1768.03501655,7.477624048742408,0.012188082044161774
2021-02-10,1744.24343196,7.464076177274059,-0.013547871468349015
2021-02-11,1783.79795026,7.486500050145226,0.022423872871167205
2021-02-12,1843.53258814,7.519438894838272,0.032938844693045866
2021-02-13,1814.10985253,7.503350187016813,-0.016088707821459103
2021-02-14,1805.08404652,7.498362432851925,-0.0049877541648877255
2021-02-15,1779.79097807,7.484251208340356,-0.014111224511569098
2021-02-16,1781.06747722,7.484968169837538,0.0007169614971820337
2021-02-17,1848.4582725,7.5221072044134845,0.03713903457594636
2021-02-18,1937.44925643,7.569127570654855,0.047020366241370404
2021-02-19,1960.16474353,7.580783801513751,0.011656230858895889
2021-02-20,1919.5340028,7.5598377286887475,-0.02094607282500327
2021-02-21,1935.60106022,7.568173182666482,0.008335453977734275
2021-02-22,1781.99297558,7.485487666148686,-0.08268551651779532
2021-02-23,1570.20392529,7.3589607786272895,-0.12652688752139696
2021-02-24,1626.57570543,7.394232289822536,0.03527151119524685
2021-02-25,1475.70373513,7.296890263556531,-0.09734202626600563
2021-02-26,1446.0336503,7.276579673748076,-0.020310589808454793
2021-02-27,1459.97312093,7.286173304210992,0.00959363046291628
2021-02-28,1416.0489059,7.255625811722211,-0.030547492488780748
2021-03-01,1564.70764686,7.3554542784054195,0.0998284666832081
2021-03-02,1492.60881427,7.308280749992727,-0.04717352841269218
2021-03-03,1575.85312451,7.3625520709670225,0.0542713209742951
2021-03-04,1541.91428551,7.340779966008894,-0.021772104958128757
2021-03-05,1533.27497556,7.3351612336674075,-0.005618732341486243
2021-03-06,1654.74151694,7.4114000924954855,0.07623885882807802
2021-03-07,1723.15379607,7.451911493177054,0.04051140068156833
2021-03-08,1834.72788609,7.5146514585333515,0.06273996535629767
2021-03-09,1868.04878133,7.532649732650174,0.01799827411682209
2021-03-10,1799.16622355,7.495078627430873,-0.03757110521930063
2021-03-11,1826.19498661,7.509989838920559,0.014911211489685883
2021-03-12,1772.10247833,7.479921961507492,-0.03006787741306649
2021-03-13,1924.68543997,7.562517825561582,0.08259586405409003
2021-03-14,1854.56437805,7.525405110832368,-0.03711271472921407
2021-03-15,1791.70230241,7.490921453847165,-0.03448365698520295
2021-03-16,1806.9717631,7.499407664072791,0.00848621022562579
2021-03-17,1823.44937973,7.508485249912776,0.00907758583998497
2021-03-18,1782.85512445,7.485971360748073,-0.02251388916470276
2021-03-19,1817.62409241,7.505285483506106,0.01931412275803268
2021-03-20,1812.63460132,7.502536646768726,-0.0027488367373802447
2021-03-21,1788.21700883,7.488974317960489,-0.013562328808236934
2021-03-22,1691.33401831,7.4332728564831525,-0.055701461477336345
2021-03-23,1678.65013849,7.4257452604329615,-0.007527596050191043
2021-03-24,1593.4134567,7.3736338221848605,-0.05211143824810094
2021-03-25,1595.359192,7.374854188611595,0.0012203664267342873
2021-03-26,1702.84201957,7.44005391039959,0.06519972178799538
2021-03-27,1716.49461243,7.448039474197802,0.007985563798212247
2021-03-28,1691.35596451,7.433285832073651,-0.014753642124151867
2021-03-29,1819.68496282,7.506418667736117,0.07313283566246653
2021-03-30,1846.03369779,7.520794669386977,0.014376001650860282
2021-03-31,1918.36206064,7.559227007513888,0.038432338126910714
2021-04-01,1977.27688844,7.589475868214636,0.03024886070074828
2021-04-02,2143.22563228,7.670067277975977,0.0805914097613405
2021-04-03,2028.4224386,7.6150136460762035,-0.055053631899773414
2021-04-04,2093.12285275,7.646412417689477,0.03139877161327398
2021-04-05,2107.88709669,7.653441348781923,0.007028931092445845
2021-04-06,2118.37895913,7.658406433258506,0.004965084476582504
2021-04-07,1971.07725542,7.58633550243734,-0.072070930821166
2021-04-08,2088.57365088,7.644236648280722,0.05790114584338202
2021-04-09,2072.10887563,7.636322148152348,-0.007914500128373803
2021-04-10,2135.9422007,7.666663140116589,0.030340991964241226
2021-04-11,2157.65703708,7.676778206904364,0.010115066787775184
2021-04-12,2139.35319598,7.6682588174615525,-0.008519389442811942
2021-04-13,2299.18778599,7.740311203023768,0.07205238556221527
2021-04-14,2435.10501889,7.797745163494263,0.05743396047049565
2021-04-15,2519.11610012,7.83166336505629,0.03391820156202652
2021-04-16,2431.94650379,7.79644724604725,-0.03521611900904009
2021-04-17,2344.89498097,7.759995895642994,-0.0364513504042554
2021-04-18,2237.13702776,7.712952214759394,-0.04704368088360056
2021-04-19,2166.1887655,7.680724573117299,-0.032227641642094795
2021-04-20,2330.21093719,7.753714073444897,0.07298950032759777
2021-04-21,2364.75182249,7.768428357783331,0.014714284338434247
2021-04-22,2403.53524134,7.784695949735363,0.016267591952032312
2021-04-23,2363.58620073,7.767935321211966,-0.016760628523397436
2021-04-24,2211.62580802,7.701483183784369,-0.06645213742759726
2021-04-25,2316.05965928,7.747622597981147,0.04613941419677836
2021-04-26,2534.4817987,7.8377444764701645,0.09012187848901743
2021-04-27,2662.86524559,7.887157982051421,0.049413505581256345
2021-04-28,2746.38005291,7.918038979121913,0.030880997070491745
2021-04-29,2756.87699416,7.921853794199682,0.0038148150777690404
2021-04-30,2773.20713193,7.927759738798044,0.005905944598362467
2021-05-01,2945.89270802,7.988167176814222,0.06040743801617765
2021-05-02,2952.05605494,7.990257174340891,0.002089997526669052
2021-05-03,3431.08613981,8.140632148870893,0.15037497453000181
2021-05-04,3253.62947001,8.087526412214276,-0.053105736656617
2021-05-05,3522.78318978,8.167006635085015,0.07948022287073897
2021-05-06,3490.88045894,8.157909263877666,-0.009097371207348104
2021-05-07,3484.72889546,8.15614552833511,-0.0017637355425570433
2021-05-08,3902.64773368,8.269410507837058,0.11326497950194891
2021-05-09,3928.84470583,8.27610069366406,0.006690185827002537
2021-05-10,3952.29387234,8.28205141651308,0.0059507228490183195
2021-05-11,4168.70104865,8.335359767142217,0.053308350629137635
2021-05-12,3785.84860304,8.2390253423379,-0.09633442480431675
2021-05-13,3715.14846639,8.220173920388312,-0.018851421949587888
2021-05-14,4079.05745857,8.313621225653746,0.09344730526543366
2021-05-15,3638.12204192,8.199222904947504,-0.11439832070624156
2021-05-16,3587.50620646,8.185212590090073,-0.014010314857431538
2021-05-17,3282.39779583,8.096329469616052,-0.08888312047402103
2021-05-18,3380.0700925,8.125651725688083,0.02932225607203165
2021-05-19,2460.67920048,7.808192688574535,-0.31745903711354817
2021-05-20,2784.29415835,7.9317496761995185,0.12355698762498335
2021-05-21,2430.62138539,7.7959022177975665,-0.135847458401952
2021-05-22,2295.70565666,7.738795550902535,-0.057106666895031744
2021-05-23,2109.57985208,7.654244084405681,-0.08455146649685386
2021-05-24,2643.5909947,7.879893497137174,0.2256494127314932
2021-05-25,2706.62898111,7.9034592211554635,0.02356572401828938
2021-05-26,2888.69868104,7.968561396321313,0.06510217516584937
2021-05-27,2736.48858585,7.914430839499082,-0.05413055682223078
2021-05-28,2419.90629016,7.791484095326594,-0.12294674417248785
2021-05-29,2279.51417661,7.731717618809415,-0.05976647651717926
2021-05-30,2390.305302,7.77917637818991,0.04745875938049515
2021-05-31,2714.94534372,7.906527100938881,0.12735072274897075
2021-06-01,2633.51841662,7.876076032109548,-0.030451068829332684
2021-06-02,2706.12497095,7.903272990572687,0.027196958463139076
2021-06-03,2855.12653096,7.956871440183356,0.05359844961066873
2021-06-04,2688.19499931,7.896625243397984,-0.06024619678537224
2021-06-05,2630.57680077,7.874958417007727,-0.02166682639025641
2021-06-06,2715.09266119,7.906581361137392,0.03162294412966471
2021-06-07,2590.26330395,7.859514811283134,-0.04706654985425818
2021-06-08,2517.43862412,7.830997244601387,-0.028517566681746764
2021-06-09,2608.26698585,7.866441289681901,0.035444045080513575
2021-06-10,2471.51867508,7.8125880888908315,-0.053853200791069256
2021-06-11,2353.76868661,7.763773019020039,-0.048815069870792094
2021-06-12,2372.48445358,7.77169297770392,0.007919958683880957
2021-06-13,2508.39163246,7.827397042855615,0.055704065151695126
2021-06-14,2537.8911584,7.83908876256358,0.011691719707964232
2021-06-15,2610.93672749,7.8674643353492035,0.02837557278562386
2021-06-16,2367.6634963,7.76965888130304,-0.09780545404616348
2021-06-17,2372.00202359,7.771489613232767,0.0018307319297266034
2021-06-18,2231.73314201,7.710533756321969,-0.0609558569107973
2021-06-19,2178.49913873,7.686391450207407,-0.024142306114562473
2021-06-20,2246.36453295,7.717068425312089,0.030676975104682036
2021-06-21,1888.44749682,7.543510340241022,-0.17355808507106651
2021-06-22,1874.95002135,7.536337282769253,-0.0071730574717694395
2021-06-23,1989.73627073,7.595757381664667,0.059420098895413886
2021-06-24,1988.45627579,7.595113875866894,-0.0006435057977727254
2021-06-25,1813.21723241,7.502858022887626,-0.0922558529792683
2021-06-26,1829.23921725,7.51165543111782,0.008797408230194037
2021-06-27,1978.89466209,7.590293716338516,0.07863828522069571
2021-06-28,2079.65743586,7.639958464833692,0.04966474849517599
2021-06-29,2160.76835244,7.678219156147528,0.03826069131383658
2021-06-30,2274.54771264,7.729536503989425,0.05131734784189668
2021-07-01,2113.60552345,7.656150547054767,-0.07338595693465777
2021-07-02,2150.04036404,7.673241894917573,0.01709134786280586
2021-07-03,2226.11428196,7.70801287012233,0.034770975204756915
2021-07-04,2321.72411157,7.750065340198775,0.0420524700764453
2021-07-05,2198.58246387,7.695568097069109,-0.054497243129666195
2021-07-06,2324.67944917,7.751337437191601,0.055769340122491684
2021-07-07,2315.16197531,7.747234931809207,-0.004102505382393318
2021-07-08,2120.02634294,7.659183793503952,-0.08805113830525535
2021-07-09,2146.69232351,7.671683482304518,0.012499688800565956
2021-07-10,2111.40345618,7.655108150468151,-0.016575331836366836
2021-07-11,2139.66474161,7.668404432943934,0.01329628247578274
2021-07-12,2036.72101006,7.619096445658744,-0.04930798728518937
2021-07-13,1940.08396596,7.57048653254344,-0.04860991311530416
2021-07-14,1994.33133747,7.598064103954248,0.027577571410807522
2021-07-15,1911.17561568,7.555473837286423,-0.042590266667824395
2021-07-16,1880.38298492,7.539230750459812,-0.01624308682661102
2021-07-17,1898.82521323,7.548990665096483,0.009759914636670253
2021-07-18,1895.5521368,7.547265440143932,-0.0017252249525503416
2021-07-19,1817.29665658,7.505105322312233,-0.04216011783169904
2021-07-20,1787.51071384,7.488579268306844,-0.016526054005389312
2021-07-21,1990.97088199,7.596377679140578,0.10779841083373398
2021-07-22,2025.20278418,7.613425114862733,0.017047435722155058
2021-07-23,2124.77667106,7.661421979863784,0.047996865001050715
2021-07-24,2189.21874674,7.691300022516489,0.02987804265270544
2021-07-25,2191.37373048,7.692283900348104,0.000983877831615132
2021-07-26,2233.36662352,7.711265422653585,0.01898152230548078
2021-07-27,2298.33346431,7.739939558546963,0.028674135893377972
2021-07-28,2296.54549893,7.739161315862207,-0.0007782426847562363
2021-07-29,2380.95675344,7.775257683129974,0.03609636726776699
2021-07-30,2466.96151071,7.810742514749766,0.03548483161979199
2021-07-31,2536.21003475,7.838426133401284,0.027683618651518138
2021-08-01,2561.85215266,7.848485773008539,0.0100596396072552
2021-08-02,2610.15342227,7.867164281068044,0.018678508059505106
2021-08-03,2502.3495771,7.824985400331805,-0.04217888073623932
2021-08-04,2724.61989291,7.910084208527504,0.08509880819569915
2021-08-05,2827.32894604,7.947087709622709,0.03700350109520478
2021-08-06,2890.9417282,7.969337585535101,0.022249875912391914
2021-08-07,3157.23877128,8.057453118032505,0.08811553249740456
2021-08-08,3013.73275583,8.010934707647406,-0.046518410385099074
2021-08-09,3167.85622304,8.060810367763011,0.04987566011560496
2021-08-10,3141.69117023,8.05251652316039,-0.008293844602620837
2021-08-11,3164.24504575,8.05966977397646,0.00715325081606899
2021-08-12,3043.41434022,8.020735302382649,-0.03893447159381047
2021-08-13,3322.21175551,8.10838603152221,0.08765072913956118
2021-08-14,3265.44335714,8.091150823346306,-0.017235208175904404
2021-08-15,3310.50417134,8.104855774397334,0.013704951051028758
2021-08-16,3156.50942728,8.057222084427647,-0.047633689969687865
2021-08-17,3014.84603892,8.011304042822596,-0.04591804160505042
2021-08-18,3020.08992003,8.013041884770024,0.001737841947427654
2021-08-19,3182.70222539,8.065485871347594,0.0524439865775701
2021-08-20,3286.93532606,8.097710897796784,0.0322250264491899
2021-08-21,3226.08393694,8.079024277236936,-0.01868662055984771
2021-08-22,3242.11555659,8.08398134527237,0.0049570680354342755
2021-08-23,3319.25727377,8.10749632416323,0.023514978890860405
2021-08-24,3172.45639017,8.062261453290754,-0.04523487087247702
2021-08-25,3224.91517738,8.078661927296384,0.016400474005630272
2021-08-26,3100.32543567,8.03926236421169,-0.03939956308469483
2021-08-27,3270.6008315,8.092728987532954,0.05346662332126506
2021-08-28,3244.40326129,8.084686717401578,-0.008042270131376483
2021-08-29,3227.00277414,8.079309051716915,-0.005377665684662247
2021-08-30,3224.37414829,8.078494147851565,-0.000814903865350658
2021-08-31,3433.73278118,8.141403222815185,0.06290907496362053
2021-09-01,3834.82800549,8.251879864161989,0.11047664134680346
2021-09-02,3790.99008761,8.240382500796482,-0.011497363365506885
2021-09-03,3940.61473675,8.279092014677252,0.03870951388076982
2021-09-04,3887.82849032,8.265606052035325,-0.013485962641926363
2021-09-05,3952.13349685,8.282010837864549,0.016404785829223556
2021-09-06,3928.3794378,8.275982263026972,-0.0060285748375772386
2021-09-07,3426.39431843,8.139263768125026,-0.13671849490194532
2021-09-08,3497.3151233,8.15975084547132,0.020487077346293958
2021-09-09,3427.34018594,8.139539783344292,-0.02021106212702861
2021-09-10,3211.50584011,8.074495215195338,-0.06504456814895399
2021-09-11,3270.27812481,8.092630313733174,0.01813509853783657
2021-09-12,3410.13459276,8.134507039516237,0.04187672578306234
2021-09-13,3285.5117662639,8.09727770760191,-0.03722933191432709
2021-09-14,3429.1696365975,8.140073422396306,0.042795714794396034
2021-09-15,3615.2826163789,8.192925310341737,0.052851887945431386
2021-09-16,3571.2949350055,8.180683535896486,-0.012241774445250542
2021-09-17,3398.5387778215,8.131100846997159,-0.04958268889932782
2021-09-18,3432.018234624,8.140903773712619,0.009802926715460458
2021-09-19,3329.4478948984,8.110561771900786,-0.03034200181183344
2021-09-20,2958.9935047283,7.992604457307669,-0.11795731459311654
2021-09-21,2764.431130865,7.9245901534998735,-0.0680143038077956
2021-09-22,3077.8679805271,8.031992422162235,0.10740226866236124
2021-09-23,3155.5237338612,8.056909762422471,0.024917340260236287
2021-09-24,2931.6692167197,7.983327238333654,-0.07358252408881683
2021-09-25,2925.5656086902,7.981243111464669,-0.002084126868985514
2021-09-26,3062.2653558037,8.026910233404557,0.04566712193988831
2021-09-27,2934.1387982986,7.9841692644342315,-0.04274096897032553
2021-09-28,2807.2967397712,7.939977284978734,-0.04419197945549769
2021-09-29,2853.1433729159,7.956176603338818,0.01619931836008437
2021-09-30,3001.6790517388,8.006927094998554,0.050750491659735886
2021-10-01,3307.5160778952,8.103952757018929,0.09702566202037488
2021-10-02,3391.6943469498,8.129084882872224,0.02513212585329505
2021-10-03,3418.3586596174,8.136915790767747,0.007830907895522543
2021-10-04,3380.0892003794,8.12565737877363,-0.011258411994116813
2021-10-05,3518.5185173668,8.165795304251018,0.04013792547738859
2021-10-06,3580.562049118,8.183275064032348,0.017479759781329207
2021-10-07,3587.974768108,8.185343190854072,0.002068126821724192
2021-10-08,3563.7592193153,8.178571227193805,-0.006771963660266778
2021-10-09,3575.7168601111,8.181920955337395,0.003349728143589914
2021-10-10,3425.8528528103,8.139105727818745,-0.04281522751865019
2021-10-11,3545.3540762503,8.173393314444034,0.034287586625289634
2021-10-12,3492.5732717933,8.158394070665748,-0.014999243778285987
2021-10-13,3606.2015802322,8.190410303540885,0.03201623287513655
2021-10-14,3786.0140899273,8.239069053349057,0.04865874980817253
2021-10-15,3862.6347654414,8.259104811326498,0.020035757977440838
2021-10-16,3830.3821491371,8.250719855039799,-0.008384956286699108
2021-10-17,3847.1045954765,8.25507609122503,0.004356236185230955
2021-10-18,3748.760140639,8.229180435131651,-0.02589565609337896
2021-10-19,3877.650974521,8.262984830339386,0.03380439520773493
2021-10-20,4155.9922109016,8.332306478035841,0.0693216476964551
2021-10-21,4054.322680585,8.307538919449957,-0.024767558585883975
2021-10-22,3970.1819041263,8.286567192310715,-0.020971727139242446
2021-10-23,4171.6635316783,8.33607016370207,0.04950297139135529
2021-10-24,4087.9030050266,8.315787404847311,-0.020282758854758498
2021-10-25,4217.8769262219,8.347087182382088,0.03129977753477675
2021-10-26,4131.1020027753,8.326299479121769,-0.020787703260319645
2021-10-27,3930.2572450471,8.276460159476095,-0.049839319645673896
2021-10-28,4287.3186319286,8.363416788988461,0.08695662951236649
2021-10-29,4414.7466822498,8.392705734778097,0.029288945789636145
2021-10-30,4325.6503660056,8.37231778170391,-0.020387953074187948
2021-10-31,4288.0744524723,8.363593065583181,-0.008724716120728004
2021-11-01,4324.6267937763,8.372081125186398,0.008488059603216414
2021-11-02,4584.7986683562,8.430501472789963,0.0584203476035654
2021-11-03,4607.1936070275,8.435374188586772,0.004872715796809146
2021-11-04,4537.3240812825,8.420092707856242,-0.015281480730530816
2021-11-05,4486.2434052108,8.408770972460358,-0.011321735395883437
2021-11-06,4521.5810828056,8.416617008742426,0.007846036282067814
2021-11-07,4620.5545029476,8.438269999156716,0.021652990414290585
2021-11-08,4812.0876135348,8.478886284230315,0.04061628507359849
2021-11-09,4735.0687550108,8.462751526108377,-0.016134758121937764
2021-11-10,4636.1742138137,8.441644782229366,-0.021106743879011347
2021-11-11,4730.3840385038,8.461761670262765,0.020116888033399505
2021-11-12,4667.1154372084,8.448296480421803,-0.013465189840962566
2021-11-13,4651.460545018,8.444936544966469,-0.0033599354553341954
2021-11-14,4626.3591259873,8.439525471854976,-0.00541107311149247
2021-11-15,4557.5037904508,8.424530338247656,-0.014995133607319744
2021-11-16,4216.3652329508,8.346728716675566,-0.0778016215720907
2021-11-17,4287.5939354912,8.36348100038666,0.01675228371109405
2021-11-18,4000.6508651381,8.294212343149693,-0.06926865723696629
2021-11-19,4298.3066195466,8.365976414710598,0.0717640715609047
2021-11-20,4409.9309250596,8.39161430506643,0.025637890355831416
2021-11-21,4269.7330337867,8.359306582906699,-0.032307722159730545
2021-11-22,4088.4578165556,8.315923115964264,-0.043383466942435334
2021-11-23,4340.7637274697,8.375805585684189,0.05988246971992517
2021-11-24,4239.9816819451,8.352314227920704,-0.023491357763484544
2021-11-25,4274.7432411819,8.360479319024908,0.00816509110420327
2021-11-26,4030.9090107593,8.30174719048813,-0.058732128536776784
2021-11-27,4096.9120879995,8.31798881966459,0.016241629176459327
2021-11-28,4294.453696226,8.365079631037545,0.047090811372955343
2021-11-29,4445.1050078407,8.399558771480148,0.034479140442602585
2021-11-30,4631.4787953361,8.440631490325856,0.04107271884570807
2021-12-01,4586.9901314905,8.430979343186639,-0.009652147139217249
2021-12-02,4511.3024876508,8.414341190724626,-0.016638152462013167
2021-12-03,4220.7059283582,8.34775767464152,-0.06658351608310653
2021-12-04,4119.5873499557,8.323508279549705,-0.024249395091814563
2021-12-05,4198.3228725403,8.342440408461737,0.018932128912032553
2021-12-06,4358.7375446631,8.37993774043788,0.03749733197614269
2021-12-07,4315.0615432082,8.36986686603649,-0.010070874401389318
2021-12-08,4439.3577040324,8.398264983707858,0.028398117671367018
2021-12-09,4119.8157981194,8.323563732149767,-0.07470125155809093
2021-12-10,3908.4961885009,8.270907972477845,-0.05265575967192149
2021-12-11,4084.4523285721,8.314942929413068,0.044034956935222525
2021-12-12,4134.4533314793,8.32711039351339,0.012167464100322434
2021-12-13,3784.2267878693,8.238596861745101,-0.0885135317682888
2021-12-14,3745.4403998743,8.228294485799525,-0.010302375945576259
2021-12-15,4018.3886028698,8.298636256195948,0.07034177039642309
2021-12-16,3962.4696385927,8.284622755971373,-0.014013500224574926
2021-12-17,3879.4866765735,8.26345812401273,-0.021164631958642488
2021-12-18,3960.8600159608,8.284216456416964,0.02075833240423286
2021-12-19,3922.5926443659,8.274508103032133,-0.00970835338483056
2021-12-20,3933.8445317309,8.277372479035133,0.0028643760030000465
2021-12-21,4020.2600395306,8.299101865971387,0.021729386936254258
2021-12-22,3982.0995306524,8.289564479453004,-0.009537386518383428
2021-12-23,4108.0155124594,8.320695347199887,0.03113086774688334
2021-12-24,4047.98288882,8.30597398388821,-0.014721363311677393
2021-12-25,4093.2809111356,8.317102106225187,0.011128122336977242
2021-12-26,4067.328096647,8.31074157554417,-0.006360530681016385
2021-12-27,4037.5476922425,8.303392779781271,-0.007348795762899485
2021-12-28,3800.8930853403,8.242991340559,-0.06040143922227159
2021-12-29,3628.531670825,8.196583347032036,-0.04640799352696412
2021-12-30,3713.8521625699,8.219824935673408,0.0232415886413726
2021-12-31,3682.6329054434,8.211383238776733,-0.008441696896674955
2022-01-01,3769.6969160089,8.234749883578724,0.023366644801990688
2022-01-02,3829.565044537,8.250506510330615,0.015756626751890934
2022-01-03,3761.3802740698,8.232541263188862,-0.017965247141752627
2022-01-04,3794.0566786784,8.241191089412998,0.008649826224136348
2022-01-05,3550.3868815397,8.174811857246903,-0.06637923216609565
2022-01-06,3418.4082471419,8.136930296900594,-0.03788156034630852
2022-01-07,3193.2104832854,8.068782110769323,-0.06814818613127116
2022-01-08,3091.9725838675,8.03656454287224,-0.0322175678970833
2022-01-09,3157.7514845574,8.057615497785365,0.021050954913125253
2022-01-10,3083.0979490511,8.03369019807596,-0.023925299709405934
2022-01-11,3238.1116493614,8.082745614607116,0.04905541653115719
2022-01-12,3372.2583258487,8.123337925276596,0.04059231066947966
2022-01-13,3248.288475802,8.085883513779125,-0.037454411497471085
2022-01-14,3310.0014227047,8.104703898191167,0.01882038441204159
2022-01-15,3330.5308455592,8.110886983350415,0.006183085159248591
2022-01-16,3350.9219689819,8.116990801575978,0.006103818225563273
2022-01-17,3212.3048970829,8.07474399493363,-0.042246806642348034
2022-01-18,3164.0252535298,8.059600310375856,-0.01514368455777415
2022-01-19,3095.8258381686,8.0378099793058,-0.021790331070056013
2022-01-20,3001.1200383969,8.006740844106222,-0.031069135199578213
2022-01-21,2557.9316232199,7.846954251218541,-0.1597865928876807
2022-01-22,2405.181065401,7.7853804667749555,-0.061573784443585744
2022-01-23,2535.0390510606,7.837964320664264,0.05258385388930886
2022-01-24,2440.3523259375,7.799897703739191,-0.038066616925073404
2022-01-25,2455.9349620985,7.806262807686147,0.006365103946955664
2022-01-26,2468.0302778127,7.811175653107521,0.004912845421374712
2022-01-27,2423.0012634172,7.792762242243216,-0.018413410864305035
2022-01-28,2547.0919776439,7.8427075864765845,0.04994534423336816
2022-01-29,2597.0846923895,7.86214482275576,0.019437236279175707
2022-01-30,2603.4665820569,7.864599136744466,0.0024543139887054366
2022-01-31,2688.2789217993,7.896656461810102,0.03205732506563663
2022-02-01,2792.1172443762,7.934555455972001,0.03789899416189879
2022-02-02,2682.8539830123,7.894636425915304,-0.03991903005669695
2022-02-03,2679.1625080027,7.893259527653618,-0.001376898261685966
2022-02-04,2983.5869952246,8.000881545318526,0.10762201766490787
2022-02-05,3014.6483097265,8.01123845550063,0.010356910182103718
2022-02-06,3057.4761243596,8.025345058654175,0.014106603153544839
2022-02-07,3142.4706148148,8.052764589526426,0.02741953087225113
2022-02-08,3122.6085685691,8.046424011153197,-0.006340578373228212
2022-02-09,3239.4571147106,8.083161037559014,0.036737026405816664
2022-02-10,3077.4822390496,8.031867086815181,-0.05129395074383325
2022-02-11,2927.3836328192,7.981864345004361,-0.050002741810819984
2022-02-12,2917.3626816608,7.978435295927329,-0.003429049077031898
2022-02-13,2883.4634878657,7.966747450539265,-0.011687845388063778
2022-02-14,2933.479035507,7.983944381760184,0.017196931220918366
2022-02-15,3179.8770759747,8.064597819673217,0.0806534379130337
2022-02-16,3127.8301165651,8.0480947896293,-0.016503030043917732
2022-02-17,2881.4820381633,7.966060037355054,-0.08203475227424573
2022-02-18,2785.7274909668,7.932264335832346,-0.033795701522707944
2022-02-19,2763.7012139901,7.924326079909153,-0.007938255923193083
2022-02-20,2628.6485428626,7.874225131070041,-0.05010094883911176
2022-02-21,2573.8162259349,7.853144989311548,-0.021080141758493376
2022-02-22,2639.2992632462,7.878268730318868,0.025123741007320177
2022-02-23,2590.3596208657,7.859551994809945,-0.01871673550892261
2022-02-24,2598.0671601064,7.862523047591726,0.0029710527817803367
2022-02-25,2764.5356561157,7.924627963548202,0.0621049159564766
2022-02-26,2781.1119039296,7.930606092162129,0.005978128613926437
2022-02-27,2621.8017939844,7.871617068020245,-0.05898902414188356
2022-02-28,2919.2012286555,7.979065306009892,0.10744823798964731
2022-03-01,2972.4850662484,7.997153604582056,0.018088298572163986
2022-03-02,2950.1185006395,7.989600618235389,-0.007552986346667012
2022-03-03,2834.4691051703,7.9496099341354745,-0.03999068409991491
2022-03-04,2617.1560278787,7.869843521646548,-0.0797664124889268
2022-03-05,2664.8311744433,7.887895985416303,0.018052463769755
2022-03-06,2555.0374406482,7.8458221564044885,-0.04207382901181411
2022-03-07,2497.7713203997,7.8231541414188355,-0.022668014985653073
2022-03-08,2576.7476117081,7.854283267054379,0.03112912563554371
2022-03-09,2729.7835041625,7.911977582529817,0.05769431547543746
2022-03-10,2608.048497585,7.866357518573416,-0.045620063956400614
2022-03-11,2559.5630442845,7.847591837078758,-0.018765681494658182
2022-03-12,2574.7542051655,7.853509354237124,0.005917517158366081
2022-03-13,2518.9446311693,7.831595295630408,-0.02191405860671569
2022-03-14,2590.6960509187,7.859681864116428,0.02808656848602009
2022-03-15,2620.1496247253,7.870986703798283,0.011304839681854695
2022-03-16,2772.0556183272,7.9273444244401094,0.056357720641826425
2022-03-17,2814.8544342078,7.942665828475748,0.015321404035638864
2022-03-18,2945.3430252396,7.987980566463904,0.04531473798815533
2022-03-19,2946.2571390434,7.9882908773423225,0.000310310878418818
2022-03-20,2860.4591299715,7.958737425884611,-0.029553451457711155
2022-03-21,2897.9766804407,7.971768076071406,0.013030650186794723
2022-03-22,2973.1311309304,7.997370929301014,0.02560285322960798
2022-03-23,3031.0670246895,8.016669989874844,0.019299060573829685
2022-03-24,3108.0619096249,8.04175463073088,0.025084640856036344
2022-03-25,3106.671279528,8.041307103837035,-0.00044752689384530697
2022-03-26,3143.1790657449,8.052990008049285,0.011682904212250378
2022-03-27,3291.5775859525,8.099122238239573,0.046132230190288226
2022-03-28,3336.634572264,8.112717964892799,0.01359572665322517
2022-03-29,3401.9877380385,8.132115168610246,0.01939720371744791
2022-03-30,3385.1578971365,8.127155830384476,-0.004959338225770438
2022-03-31,3281.6428781566,8.0960994534677,-0.03105637691677643
2022-04-01,3449.5521302967,8.145999684293106,0.049900230825405956
2022-04-02,3445.0593709592,8.144696417249676,-0.0013032670434292015
2022-04-03,3522.8334004961,8.167020888121767,0.022324470872090885
2022-04-04,3521.2411366589,8.16656880208664,-0.00045208603512669754
2022-04-05,3411.792508885,8.134993094595085,-0.03157570749155525
2022-04-06,3171.6920096725,8.06202048146821,-0.07297261312687553
2022-04-07,3233.2747071583,8.08125074385227,0.01923026238405967
2022-04-08,3192.0740436834,8.06842615494333,-0.01282458890893956
2022-04-09,3261.9161708653,8.090070084158315,0.021643929214985036
2022-04-10,3211.8668836881,8.07460763077326,-0.015462453385055142
2022-04-11,2981.0523144288,8.00003164281251,-0.07457598796074905
2022-04-12,3030.3764559966,8.016442133689074,0.01641049087656299
2022-04-13,3118.344281717,8.045057461006765,0.028615327317691452
2022-04-14,3019.9095098156,8.012982146282779,-0.03207531472398628
2022-04-15,3040.9165644004,8.01991425040534,0.00693210412256029
2022-04-16,3062.3103812058,8.026924936595123,0.007010686189783399
2022-04-17,2993.4032822558,8.004166240592006,-0.022758696003116086
2022-04-18,3057.6067162363,8.025387770054861,0.021221529462854605
2022-04-19,3104.1065209192,8.040481198020727,0.015093427965865658
2022-04-20,3077.7458333831,8.031952735740145,-0.008528462280581905
2022-04-21,2987.4806911944,8.002185733020353,-0.029767002719792046
2022-04-22,2964.8356126232,7.99457686727196,-0.007608865748392368
2022-04-23,2938.1139934399,7.985523155654348,-0.009053711617612592
2022-04-24,2922.7326431959,7.9802742943510845,-0.005248861303263297
2022-04-25,3009.3935456503,8.00949385759273,0.029219563241645652
2022-04-26,2808.2983318587,7.94033400304168,-0.06915985455105034
2022-04-27,2888.929764995,7.968641388988644,0.028307385946964025
2022-04-28,2936.9410161491,7.985123847969748,0.016482458981104564
2022-04-29,2815.6018973624,7.942931335608732,-0.04219251236101673
2022-04-30,2730.1868219832,7.912125318798457,-0.03080601681027506
2022-05-01,2827.7561442638,7.947238794254607,0.035113475456150844
2022-05-02,2857.4105184866,7.95767108056329,0.010432286308682315
2022-05-03,2783.4762086632,7.931455860313171,-0.02621522025011913
2022-05-04,2940.6448266526,7.9863841650770855,0.05492830476391486
2022-05-05,2749.2130422077,7.919069983237252,-0.06731418183983351
2022-05-06,2694.9796840564,7.899145944931159,-0.019924038306093017
2022-05-07,2636.0929579647,7.8770531597823625,-0.022092785148796423
2022-05-08,2517.4599862673,7.831005730232957,-0.04604742954940555
2022-05-09,2245.4305316346,7.716652555346771,-0.1143531748861859
2022-05-10,2343.5108884929,7.759405463604538,0.0427529082577669
2022-05-11,2072.1086793073,7.636322053406984,-0.12308341019755442
2022-05-12,1961.7015828311,7.581567530102069,-0.054754523304914926
2022-05-13,2014.4182339085,7.60808571503054,0.026518184928471022
2022-05-14,2056.2739146574,7.628650844674574,0.020565129644034563
2022-05-15,2145.7066657035,7.6712242249865,0.042573380311925924
2022-05-16,2022.7259340438,7.612201352974754,-0.05902287201174605
2022-05-17,2090.4092459523,7.645115137250725,0.032913784275971025
2022-05-18,1916.6561061743,7.558337335286003,-0.08677780196472185
2022-05-19,2018.3361706564,7.610028773093355,0.05169143780735208
2022-05-20,1961.3156499717,7.581370777022618,-0.028657996070736935
2022-05-21,1974.5183665274,7.588079782545888,0.0067090055232696955
2022-05-22,2043.17012556,7.622257863773574,0.03417808122768573
2022-05-23,1972.1818889757,7.586895766698016,-0.035362097075557486
2022-05-24,1978.982754263,7.590338231195217,0.003442464497200426
2022-05-25,1944.8278449212,7.5729287405265255,-0.01740949066869124
2022-05-26,1803.91329239,7.497713635382088,-0.07521510514443719
2022-05-27,1724.9228641135,7.452937612009707,-0.04477602337238107
2022-05-28,1792.4161559381,7.491319796449864,0.03838218444015684
2022-05-29,1812.0309589115,7.502203571948967,0.01088377549910291
2022-05-30,1996.4412844635,7.599121516836406,0.09691794488743888
2022-05-31,1942.3279982558,7.571642531734861,-0.027478985101544673
2022-06-01,1823.5693574295,7.508551044858287,-0.06309148687657462
2022-06-02,1834.1505700355,7.514336748702449,0.0057857038441619935
2022-06-03,1775.0786195244,7.481599993618427,-0.03273675508402185
2022-06-04,1801.6094459601,7.496435681026709,0.014835687408282006
2022-06-05,1805.2049888952,7.498429431573667,0.001993750546958495
2022-06-06,1859.2896664779,7.527949794021904,0.029520362448236526
2022-06-07,1814.0483019012,7.503316257609005,-0.02463353641289867
2022-06-08,1793.5723105532,7.49196461428236,-0.011351643326644734
2022-06-09,1789.8260449403,7.489873712514766,-0.002090901767594744
2022-06-10,1665.0422463295,7.417605775263522,-0.07226793725124381
2022-06-11,1529.6634560072,7.332803026796999,-0.08480274846652325
2022-06-12,1445.2165942978,7.2760144815614245,-0.056788545235574084
2022-06-13,1204.5828092361,7.0938885695764435,-0.18212591198498096
2022-06-14,1211.6628946396,7.099748988204926,0.0058604186284823
2022-06-15,1233.2064427734,7.117372920433477,0.017623932228550743
2022-06-16,1067.7307213128,6.973290854126873,-0.1440820663066038
2022-06-17,1086.5193049794,6.990734567582261,0.0174437134553882
2022-06-18,993.6368047205,6.901371752281127,-0.08936281530113366
2022-06-19,1127.6564667996,7.027896834963444,0.126525082682317
2022-06-20,1127.6423965514,7.027884357461302,-1.2477502142616004e-05
2022-06-21,1124.8245922873,7.025382384515206,-0.0025019729460957763
2022-06-22,1051.4219027762,6.957898720179207,-0.06748366433599884
2022-06-23,1143.3866855114,7.041749914115753,0.08385119393654605
2022-06-24,1226.8447502771,7.112200908814058,0.07045099469830518
2022-06-25,1243.4469231319,7.125642578884083,0.013441670070024614
2022-06-26,1199.8316334895,7.0899365205069484,-0.035706058377134475
2022-06-27,1193.680712662,7.084796848361343,-0.005139672145605623
2022-06-28,1144.5792743062,7.042792402442723,-0.04200444591861974
2022-06-29,1098.9438844421,7.002104892537748,-0.04068750990497527
2022-06-30,1067.2987999238,6.972886249515464,-0.029218643022283608
2022-07-01,1059.7673821799,6.965804712249589,-0.007081537265874793
2022-07-02,1066.512767701,6.972149509429995,0.0063447971804055925
2022-07-03,1073.7669875108,6.978928293905146,0.006778784475151234
2022-07-04,1151.0590761861,7.0484377333700845,0.06950943946493826
2022-07-05,1134.5409720818,7.0339834182278045,-0.014454315142280016
2022-07-06,1186.9739821393,7.079162475362956,0.0451790571351518
2022-07-07,1237.5934303651,7.120923990877847,0.04176151551489049
2022-07-08,1222.5061935053,7.108658287598198,-0.012265703279648932
2022-07-09,1216.9782836097,7.104126248629221,-0.004532038968976693
2022-07-10,1168.4016110715,7.063391949382457,-0.04073429924676386
2022-07-11,1097.2365145348,7.000550038253401,-0.06284191112905635
2022-07-12,1038.1916953961,6.945235724320585,-0.05531431393281583
2022-07-13,1113.5871531398,7.015341753180817,0.07010602886023154
2022-07-14,1191.5262140585,7.082990297185157,0.0676485440043404
2022-07-15,1233.129114296,7.117310213250584,0.03431991606542706
2022-07-16,1352.6264752695,7.20980351856269,0.09249330531210553
2022-07-17,1338.6357028739,7.199406242112664,-0.01039727645002575
2022-07-18,1578.7178948623,7.364368337662075,0.1649620955494111
2022-07-19,1542.9752735267,7.34146782730067,-0.022900510361404613
2022-07-20,1520.2007176133,7.32659765618373,-0.014870171116940334
2022-07-21,1576.7495606209,7.3631207668824885,0.036523110698758465
2022-07-22,1537.4051210638,7.337851287899337,-0.025269478983151572
2022-07-23,1549.2975301211,7.34555690081076,0.007705612911423465
2022-07-24,1599.4766489444,7.377431760311078,0.03187485950031732
2022-07-25,1445.3834222179,7.276129909444447,-0.1013018508666308
2022-07-26,1441.8067930933,7.273652323495861,-0.0024775859485854923
2022-07-27,1636.2327104034,7.400151750569902,0.12649942707404094
2022-07-28,1725.4681887069,7.453253706382544,0.05310195581264132
2022-07-29,1727.4069295678,7.454376678397592,0.0011229720150485178
2022-07-30,1695.969499599,7.436009832463134,-0.01836684593445792
2022-07-31,1681.5173192968,7.427451831036172,-0.008558001426962392
2022-08-01,1635.1957921226,7.399517826695531,-0.02793400434064086
2022-08-02,1632.9454389883,7.39814068089257,-0.0013771458029614436
2022-08-03,1618.8745428622,7.389486460163787,-0.008654220728782747
2022-08-04,1608.2058228875,7.382874440855846,-0.006612019307940642
2022-08-05,1732.2545836306,7.457179066560045,0.07430462570419838
2022-08-06,1691.6580874496,7.433464443770654,-0.023714622789390738
2022-08-07,1699.350770887,7.4380015576238945,0.004537113853240626
2022-08-08,1775.5161124135,7.481846427201724,0.04384486957782929
2022-08-09,1703.0250301169,7.440161378215806,-0.04168504898591774
2022-08-10,1851.7427029919,7.523882476284527,0.08372109806872086
2022-08-11,1881.2241473515,7.5396779861311325,0.015795509846605604
2022-08-12,1957.2464000865,7.579293866515161,0.0396158803840283
2022-08-13,1981.3365601897,7.591526926356877,0.012233059841716631
2022-08-14,1936.8020451588,7.568793461570627,-0.022733464786250046
2022-08-15,1904.2281567639,7.551832038405382,-0.016961423165245293
2022-08-16,1878.1393765348,7.538036872421623,-0.013795165983759183
2022-08-17,1832.9996383741,7.513709050553325,-0.024327821868298294
2022-08-18,1847.0078347878,7.521322222089431,0.0076131715361063
2022-08-19,1612.9873433097,7.385843231417238,-0.13547899067219316
2022-08-20,1577.0037422109,7.363281959953818,-0.022561271463419352
2022-08-21,1619.3189146712,7.389760916781415,0.02647895682759671
2022-08-22,1622.50581709,7.3917270338353,0.0019661170538851636
2022-08-23,1662.7698984728,7.41624010429954,0.02451307046423956
2022-08-24,1657.0591631515,7.412799721768938,-0.003440382530602193
2022-08-25,1696.4570581307,7.436297271867796,0.023497550098858788
2022-08-26,1507.7828626719,7.318395547929684,-0.11790172393811282
2022-08-27,1491.3950366074,7.307467227095172,-0.010928320834511673
2022-08-28,1430.5473363095,7.265812402686824,-0.04165482440834811
2022-08-29,1553.0373243486,7.347967856567931,0.08215545388110712
2022-08-30,1523.8388621862,7.328987997182792,-0.01897985938513891
2022-08-31,1553.6849376151,7.348384767525057,0.019396770342265057
2022-09-01,1586.1768003099,7.369081871587083,0.02069710406202585
2022-09-02,1577.2205133995,7.363419408132118,-0.005662463454965128
2022-09-03,1556.8726288379,7.350434362988645,-0.01298504514347254
2022-09-04,1577.6416253492,7.363686368736849,0.013252005748203288
2022-09-05,1617.1831725777,7.3884411324303265,0.024754763693477955
2022-09-06,1561.7485695818,7.353561350465976,-0.034879781964350265
2022-09-07,1629.9063749585,7.396277853475377,0.042716503009400775
2022-09-08,1635.3476570056,7.399610694982084,0.003332841506707318
2022-09-09,1719.0854510646,7.449547713899891,0.049937018917806775
2022-09-10,1776.2037540435,7.482233643347393,0.03268592944750193
2022-09-11,1761.8000273934,7.474091308224225,-0.008142335123167754
2022-09-12,1713.7652026662,7.4464481018313124,-0.027643206392912845
2022-09-13,1580.7879534271,7.365678706409848,-0.08076939542146455
2022-09-14,1634.7550431988,7.399248251433598,0.033569545023750536
2022-09-15,1471.6934316404,7.294169011049691,-0.10507924038390737
2022-09-16,1432.4477302011,7.267139959407361,-0.02702905164233016
2022-09-17,1469.7416421535,7.292841910689226,0.025701951281865476
2022-09-18,1335.3291310415,7.196933080554325,-0.09590883013490181
2022-09-19,1377.5413278193,7.228055542623696,0.031122462069371082
2022-09-20,1324.3882409563,7.188705926863137,-0.03934961576055862
2022-09-21,1252.6078412642,7.132982930062298,-0.05572299680083859
2022-09-22,1327.6801279905,7.191188433546117,0.058205503483818255
2022-09-23,1328.2595547377,7.1916247587835915,0.00043632523747483276
2022-09-24,1317.9932379184,7.18386558448662,-0.007759174296971594
2022-09-25,1294.2167741314,7.165660983543191,-0.018204600943429128
2022-09-26,1335.3202436085,7.196926424919868,0.03126544137667686
2022-09-27,1330.1277022309,7.193030233321452,-0.003896191598415477
2022-09-28,1337.4108666563,7.1984908347972025,0.005460601475750337
2022-09-29,1335.6523611534,7.197175111518914,-0.0013157232782887718
2022-09-30,1327.9786375008,7.191413243687718,-0.0057618678311959215
2022-10-01,1311.6444305439,7.179036919468338,-0.012376324219379953
2022-10-02,1276.0935583214,7.151558782785336,-0.02747813668300214
2022-10-03,1323.4392697039,7.187989134482055,0.03643035169671904
2022-10-04,1362.126586858,7.216802424283433,0.028813289801377984
2022-10-05,1352.8371404571,7.209959251714525,-0.006843172568907541
2022-10-06,1351.7095271331,7.2091253867249865,-0.0008338649895387462
2022-10-07,1332.5169819841,7.194824900412148,-0.014300486312838423
2022-10-08,1315.5004909841,7.181972473710305,-0.012852426701843278
2022-10-09,1322.6043002227,7.187358026575591,0.005385552865286414
2022-10-10,1291.3376254069,7.163433879046715,-0.023924147528876283
2022-10-11,1279.5756984091,7.154283816342271,-0.009150062704444295
2022-10-12,1294.9063205213,7.166193632151228,0.011909815808957447
2022-10-13,1288.1238946784,7.160942093558688,-0.005251538592539795
2022-10-14,1297.4220818412,7.168134560705951,0.00719246714726296
2022-10-15,1274.87164808,7.150600784352597,-0.01753377635335429
2022-10-16,1306.2966216886,7.174951406321065,0.024350621968467934
2022-10-17,1331.71360827,7.194221819176321,0.019270412855256325
2022-10-18,1310.4470366521,7.178123607335628,-0.016098211840692933
2022-10-19,1285.7442070375,7.159092979132529,-0.019030628203099198
2022-10-20,1283.2009226517,7.157112956136072,-0.0019800229964568317
2022-10-21,1299.9464423868,7.170078344436961,0.01296538830088867
2022-10-22,1314.2992270631,7.181058895390019,0.010980550953058277
2022-10-23,1363.4470578564,7.21777137341036,0.036712478020341166
2022-10-24,1344.998488552,7.204148168282148,-0.013623205128212135
2022-10-25,1461.6654237274,7.287331765780275,0.08318359749812654
2022-10-26,1566.566631173,7.3566416445486205,0.06930987876834571
2022-10-27,1514.3748569051,7.322757997079725,-0.03388364746889572
2022-10-28,1555.4778770898,7.349538093857768,0.02678009677804294
2022-10-29,1619.6984587987,7.389995274356861,0.04045718049909297
2022-10-30,1590.783325383,7.371981831372012,-0.018013442984848638
2022-10-31,1572.7144656013,7.360558364395054,-0.011423466976958174
2022-11-01,1579.7045469065,7.364993112906353,0.0044347485112989915
2022-11-02,1519.711823268,7.326276005910612,-0.03871710699574127
2022-11-03,1531.5416959633,7.334030151474079,0.007754145563467318
2022-11-04,1645.093397922,7.405552438440007,0.07152228696592822
2022-11-05,1627.9680581756,7.395087926084747,-0.010464512355260247
2022-11-06,1572.2347570875,7.360253298409213,-0.0348346276755338
2022-11-07,1568.5912808483,7.357933222206634,-0.0023200762025794575
2022-11-08,1332.8355929451,7.195063976446977,-0.16286924575965678
2022-11-09,1100.169759577,7.003219773767475,-0.1918442026795022
2022-11-10,1299.4646098434,7.169707620038828,0.1664878462713535
2022-11-11,1287.2211001564,7.160240987834374,-0.009466632204453873
2022-11-12,1255.2683256186,7.135104633986579,-0.025136353847795334
2022-11-13,1221.8192177316,7.108096189124214,-0.02700844486236509
2022-11-14,1241.6042130742,7.124159542685279,0.016063353561064808
2022-11-15,1251.7361998221,7.132286826441552,0.008127283756273584
2022-11-16,1215.6025437668,7.102995153642291,-0.02929167279926137
2022-11-17,1200.8086045885,7.090750446006853,-0.012244707635438168
2022-11-18,1212.3002469438,7.100274864451106,0.009524418444253335
2022-11-19,1218.4268090143,7.10531580479776,0.005040940346654033
2022-11-20,1142.4666845863,7.040944962243677,-0.06437084255408276
2022-11-21,1108.3530462394,7.010630450344336,-0.030314511899341312
2022-11-22,1108.3530462394,7.010630450344336,0.0
2022-11-23,1183.1995563302,7.075977536422044,0.06534708607770767
2022-11-24,1203.9832033323,7.093390675050773,0.017413138628729286
2022-11-25,1198.92593624,7.089181381843527,-0.004209293207245501
2022-11-26,1205.8979386345,7.094979745708053,0.005798363864525591
2022-11-27,1195.1269193712,7.086007667404697,-0.00897207830335578
2022-11-28,1170.086159542,7.064832665714651,-0.021175001690045825
2022-11-29,1216.9011876232,7.104062896283769,0.03923023056911745
2022-11-30,1295.6886059154,7.166797574828561,0.06273467854479176
2022-12-01,1276.2739220942,7.151700113353511,-0.015097461475049201
2022-12-02,1294.3033770767,7.165727896636598,0.014027783283086848
2022-12-03,1243.3348971959,7.125552481767271,-0.040175414869326964
2022-12-04,1280.2565936955,7.154815800648085,0.02926331888081357
2022-12-05,1259.6766997126,7.138610379491629,-0.016205421156455735
2022-12-06,1271.6538427321,7.1480735706473855,0.009463191155756334
2022-12-07,1232.437441428,7.116749147166573,-0.03132442348081277
2022-12-08,1281.1163124108,7.155487095909728,0.03873794874315539
2022-12-09,1264.2847501284,7.142261826336066,-0.013225269573662324
2022-12-10,1266.3840988056,7.143920952270031,0.001659125933965555
2022-12-11,1263.8685480864,7.141932572531675,-0.001988379738356194
2022-12-12,1274.6190567873,7.150402633958839,0.008470061427163778
2022-12-13,1320.5492376277,7.185803018151241,0.035400384192402434
2022-12-14,1288.5582212778,7.161279214386146,-0.024523803765095664
2022-12-15,1266.3539291602,7.14389712853061,-0.01738208585553558
2022-12-16,1168.2593542392,7.06327018860108,-0.0806269399295303
2022-12-17,1188.1495752325,7.080152397075073,0.016882208473993465
2022-12-18,1184.7152322367,7.077257714341297,-0.002894682733776577
2022-12-19,1167.6099151344,7.062714130837017,-0.014543583504279312
2022-12-20,1217.7035799175,7.1047220524096835,0.042007921572666085
2022-12-21,1213.5999925796,7.101346421919952,-0.0033756304897316625
2022-12-22,1218.1821518936,7.105114987083102,0.0037685651631500505
2022-12-23,1220.1594123975,7.106736795090847,0.0016218080077452512
2022-12-24,1221.1486016354,7.107547171566367,0.0008103764755196252
2022-12-25,1218.9620019434,7.105754957496989,-0.0017922140693773514
2022-12-26,1226.9743386769,7.112306530618456,0.006551573121466703
2022-12-27,1212.791637557,7.100680119710147,-0.011626410908308848
2022-12-28,1189.9860598507,7.081696871625784,-0.018983248084363247
2022-12-29,1201.5953389328,7.091405401951747,0.009708530325963416
2022-12-30,1199.2327542531,7.089437259835247,-0.0019681421165005375
2022-12-31,1196.7712389628,7.087382575316141,-0.0020546845191056207
2023-01-01,1200.9648315725,7.090880539030507,0.003497963714365504
2023-01-02,1214.6566756133,7.102216744332109,0.011336205301602398
2023-01-03,1214.7788025107,7.102317283653777,0.00010053932166798063
2023-01-04,1256.5265946029,7.136106522380748,0.03378923872697115
2023-01-05,1250.4385512172,7.131249609739804,-0.004856912640944344
2023-01-06,1269.3790036318,7.146283086347834,0.015033476608030227
2023-01-07,1264.2703412672,7.142250429423063,-0.004032656924771061
2023-01-08,1287.3594420315,7.160348455340608,0.018098025917544724
2023-01-09,1321.538946494,7.186552205039506,0.02620374969889827
2023-01-10,1336.5861138308,7.197873965849577,0.011321760810070636
2023-01-11,1387.9327050848,7.235570656523094,0.037696690673517
2023-01-12,1417.9385231112,7.256959351505689,0.02138869498259499
2023-01-13,1451.6148394124,7.280431898083852,0.02347254657816311
2023-01-14,1550.7068639574,7.3464661472209185,0.06603424913706668
2023-01-15,1552.4794799873,7.347608596320798,0.0011424490998797054
2023-01-16,1576.8335087654,7.363174006732318,0.015565410411519487
2023-01-17,1567.8460502316,7.3574580138399055,-0.005715992892412203
2023-01-18,1515.5070073176,7.323505320253318,-0.03395269358658748
2023-01-19,1552.5565530841,7.347658240251493,0.02415291999817537
2023-01-20,1659.7541193552,7.414424749509248,0.06676650925775451
2023-01-21,1627.1182183693,7.394565764917019,-0.019858984592229234
2023-01-22,1628.3820424137,7.395342188819123,0.0007764239021046393
2023-01-23,1628.251040897,7.3952617366997595,-8.045211936380525e-05
2023-01-24,1556.6042398404,7.350261958304438,-0.04499977839532132
2023-01-25,1611.711042612,7.385051653035883,0.034789694731444776
2023-01-26,1603.1059328512,7.379698234550361,-0.005353418485522177
2023-01-27,1598.1565187695,7.376606068194026,-0.0030921663563345803
2023-01-28,1572.4350441003,7.3603806803130265,-0.016225387880999698
2023-01-29,1646.1555880184,7.406197901689865,0.04581722137683819
2023-01-30,1567.3264809426,7.3571265684163505,-0.049071333273514206
2023-01-31,1586.5353739335,7.369307907612687,0.012181339196336793
2023-02-01,1641.7926937162,7.403544029737495,0.03423612212480798
2023-02-02,1643.2415885091,7.404426148316709,0.0008821185792138309
2023-02-03,1664.7455821274,7.417427587211809,0.01300143889509986
2023-02-04,1667.0592352492,7.418816416162186,0.0013888289503771745
2023-02-05,1631.645879411,7.397344526324234,-0.021471889837951785
2023-02-06,1616.2471265662,7.387862152244549,-0.009482374079685663
2023-02-07,1672.0035689791,7.421777928199247,0.03391577595469819
2023-02-08,1650.7167526788,7.408964868135097,-0.012813060064149617
2023-02-09,1546.4382885133,7.3437096873608185,-0.06525518077427872
2023-02-10,1514.8691459245,7.323084341886102,-0.020625345474716283
2023-02-11,1539.9267659675,7.339490139710362,0.01640579782425977
2023-02-12,1515.033688007,7.323192954004497,-0.016297185705864692
2023-02-13,1507.1659232596,7.317986294264222,-0.005206659740275121
2023-02-14,1556.8751525791,7.350435984019876,0.0324496897556541
2023-02-15,1673.7460217114,7.422819520131101,0.07238353611122506
2023-02-16,1640.0675952066,7.402492736558254,-0.02032678357284734
2023-02-17,1694.7833758702,7.435310209800709,0.03281747324245465
2023-02-18,1691.8194566737,7.433559830379324,-0.0017503794213844515
2023-02-19,1681.4361293747,7.427403546144124,-0.006156284235200538
2023-02-20,1702.6751158673,7.439955890805974,0.012552344661850512
2023-02-21,1658.0363984124,7.413389288658373,-0.02656660214760098
2023-02-22,1643.2317104289,7.404420136960887,-0.008969151697486133
2023-02-23,1651.073895645,7.409181201031778,0.004761064070891052
2023-02-24,1608.3731584143,7.382978486506784,-0.02620271452499434
2023-02-25,1594.9149529904,7.374575692788175,-0.008402793718608415
2023-02-26,1640.8171556492,7.402949662364896,0.028373969576720448
2023-02-27,1634.3263684101,7.39898599134449,-0.003963671020406068
2023-02-28,1605.8951307949,7.381436593990428,-0.01754939735406147
2023-03-01,1663.4336563449,7.416639212694424,0.03520261870399555
2023-03-02,1647.3192793728,7.406904566504191,-0.009734646190232787
2023-03-03,1569.1676527552,7.358300600278422,-0.04860396622576868
2023-03-04,1566.92394276,7.356869704330591,-0.001430895947831523
2023-03-05,1564.4687207107,7.355301569755156,-0.0015681345754350318
2023-03-06,1567.3987018259,7.357172646384339,0.0018710766291833991
2023-03-07,1561.9331204295,7.353679512856533,-0.003493133527806336
2023-03-08,1534.0882322774,7.335691498054995,-0.017988014801537666
2023-03-09,1438.660722311,7.271467905850823,-0.06422359220417206
2023-03-10,1429.1581327081,7.264840831505295,-0.006627074345527895
2023-03-11,1482.616649191,7.301563811885049,0.03672298037975352
2023-03-12,1590.2929484563,7.3716735225555166,0.07010971067046778
2023-03-13,1680.3089961384,7.426732981757799,0.05505945920228239
2023-03-14,1703.5071260037,7.440444420246777,0.013711438488978267
2023-03-15,1656.1805219909,7.412269339868023,-0.02817508037875438
2023-03-16,1677.2155034421,7.424890258899306,0.012620919031283151
2023-03-17,1792.4851405695,7.491358282659498,0.06646802376019245
2023-03-18,1761.6596834205,7.474011645628655,-0.01734663703084305
2023-03-19,1785.5765822409,7.48749665731655,0.0134850116878944
2023-03-20,1735.3212688367,7.458947844597558,-0.028548812718991456
2023-03-21,1806.7607367255,7.499290872708323,0.0403430281107644
2023-03-22,1737.7169855997,7.460327453440003,-0.03896341926831948
2023-03-23,1816.405182071,7.504614652154653,0.04428719871464981
2023-03-24,1752.0448567755,7.468538874350944,-0.03607577780370885
2023-03-25,1743.7647859083,7.463801724907661,-0.004737149443283073
2023-03-26,1775.6767503974,7.481936897074927,0.018135172167266234
2023-03-27,1715.4608138518,7.4474370196312005,-0.034499877443726845
2023-03-28,1772.7856574311,7.480307406172257,0.032870386541056895
2023-03-29,1793.0018848417,7.491646524826945,0.011339118654687397
2023-03-30,1792.7371357773,7.491498857044455,-0.00014766778248986867
2023-03-31,1822.0221185209,7.507702217439357,0.016203360394902333
2023-04-01,1813.8605590338,7.503212758389613,-0.004489459049744404
2023-04-02,1795.7080919438,7.493154703327057,-0.010058055062556193
2023-04-03,1810.2971389314,7.501246275941717,0.008091572614659981
2023-04-04,1871.0051760383,7.534231092725795,0.0329848167840785
2023-04-05,1909.1140628977,7.554394572018153,0.020163479292357955
2023-04-06,1872.9226620075,7.5352554106185545,-0.019139161399598592
2023-04-07,1865.6360612511,7.531357325542205,-0.003898085076349922
2023-04-08,1849.4981769721,7.522669625585134,-0.008687699957070194
2023-04-09,1859.3877707862,7.528002557032398,0.005332931447263434
2023-04-10,1911.2075109013,7.555490525943863,0.027487968911465543
2023-04-11,1892.189715911,7.545490017265087,-0.010000508678776221
2023-04-12,1920.682189487,7.560435708939713,0.014945691674626005
2023-04-13,2012.6346440046,7.607199910907973,0.04676420196825948
2023-04-14,2101.6355001253,7.6504711301801755,0.0432712192722029
2023-04-15,2092.4668534715,7.64609896160328,-0.0043721685768955965
2023-04-16,2120.0058201151,7.659174112999601,0.013075151396320983
2023-04-17,2076.2430038239,7.638315291300588,-0.02085882169901332
2023-04-18,2104.5372669455,7.651850896272179,0.01353560497159112
2023-04-19,1936.4034646782,7.568587647300769,-0.08326324897140935
2023-04-20,1943.0976697035,7.572038715588854,0.0034510682880846133
2023-04-21,1849.9998459932,7.522940834825448,-0.04909788076340593
2023-04-22,1874.2285806104,7.535952430072117,0.013011595246668506
2023-04-23,1862.0620571837,7.529439785522079,-0.006512644550037194
2023-04-24,1842.7574513807,7.519018343681193,-0.010421441840886558
2023-04-25,1866.7536026164,7.531956159800864,0.012937816119671375
2023-04-26,1866.564236591,7.531854713294718,-0.00010144650614662964
2023-04-27,1908.7864037137,7.554222928368629,0.022368215073911735
2023-04-28,1892.5127615707,7.545660728523056,-0.008562199845573382
2023-04-29,1908.9169855457,7.554291336947681,0.008630608424625485
2023-04-30,1876.9243269741,7.537389719830326,-0.016901617117355272
2023-05-01,1831.9547997998,7.513138872331339,-0.02425084749898687
2023-05-02,1870.7892659124,7.534115688136104,0.02097681580476518
2023-05-03,1904.651898117,7.552054540216278,0.01793885208017354
2023-05-04,1877.7041428906,7.53780510896082,-0.014249431255458411
2023-05-05,1995.0608851615,7.5984298477362175,0.06062473877539798
2023-05-06,1900.2217837952,7.549725886655575,-0.048703961080642344
2023-05-07,1873.0764708369,7.535337529606858,-0.014388357048717104
2023-05-08,1849.042756465,7.522423355221984,-0.012914174384873967
2023-05-09,1848.603129681,7.522185567829893,-0.0002377873920913487
2023-05-10,1842.4014364488,7.518825128167917,-0.003360439661975967
2023-05-11,1796.4906137076,7.4935903817737675,-0.025234746394149354
2023-05-12,1808.0197452174,7.499987461919811,0.0063970801460433435
2023-05-13,1796.1149274099,7.493381237577574,-0.006606224342236899
2023-05-14,1800.5010095513,7.495820243794855,0.0024390062172807703
2023-05-15,1817.5498870463,7.505244657199508,0.00942441340465372
2023-05-16,1824.1214554709,7.508853755846654,0.0036090986471455366
2023-05-17,1821.8595805464,7.507613005995062,-0.001240749851591616
2023-05-18,1801.7284805099,7.496501750072839,-0.011111255922223506
2023-05-19,1812.5895098483,7.502511770253333,0.0060100201804944575
2023-05-20,1820.4780014054,7.5068543837223185,0.004342613468985235
2023-05-21,1804.5313803255,7.498056213970707,-0.008798169751611518
2023-05-22,1817.5348253547,7.505236370354611,0.007180156383904013
2023-05-23,1854.3806307242,7.525306027494376,0.020069657139765162
2023-05-24,1800.1000165874,7.495597507111369,-0.029708520383007198
2023-05-25,1805.9536832882,7.498844087628243,0.003246580516874431
2023-05-26,1828.6897444971,7.511355002781032,0.012510915152788904
2023-05-27,1831.1183083015,7.5126821566239785,0.0013271538429462382
2023-05-28,1910.9141581907,7.555337023393932,0.04265486676995334
2023-05-29,1893.0780853441,7.545959399880032,-0.009377623513899813
2023-05-30,1901.0265676637,7.550149318016073,0.004189918136041193
2023-05-31,1874.1304352123,7.535900062944151,-0.014249255071922207
2023-06-01,1862.2014510177,7.52951464264954,-0.006385420294611421
2023-06-02,1907.2566362935,7.553421172473264,0.023906529823724654
2023-06-03,1892.4125288604,7.545607764354608,-0.007813408118656717
2023-06-04,1890.5135595696,7.544603795783234,-0.0010039685713731927
2023-06-05,1811.8283599458,7.5020917580245925,-0.042512037758641874
2023-06-06,1884.4948378065,7.541415073412645,0.039323315388052116
2023-06-07,1832.3959608921,7.513379657738219,-0.02803541567442558
2023-06-08,1846.3018693826,7.52093992790327,0.0075602701650510085
2023-06-09,1840.2251778375,7.5176432223748115,-0.00329670552845851
2023-06-10,1752.3847272043,7.468732840542429,-0.04891038183238283
2023-06-11,1753.4152398112,7.469320730693764,0.000587890151335202
2023-06-12,1742.5286400944,7.463092578708731,-0.006228151985032682
2023-06-13,1739.0375441046,7.4610871036005895,-0.002005475108141752
2023-06-14,1650.5192414211,7.408845209159921,-0.052241894440668624
2023-06-15,1665.5198178778,7.41789255661896,0.009047347459039123
2023-06-16,1716.668853444,7.448140978839734,0.030248422220774174
2023-06-17,1727.2041521169,7.45425928315608,0.00611830431634619
2023-06-18,1720.577491777,7.450415264488873,-0.003844018667207294
2023-06-19,1737.6594086455,7.460294319213563,0.009879054724690306
2023-06-20,1792.119945283,7.4911545250465865,0.03086020583302318
2023-06-21,1891.0071503552,7.544864849907364,0.05371032486077709
2023-06-22,1872.9430470581,7.535266294644937,-0.0095985552624267
2023-06-23,1892.8621079799,7.545845305439335,0.010579010794398158
2023-06-24,1876.0597024608,7.536928953399232,-0.008916352040102993
2023-06-25,1900.5061356568,7.549875516867554,0.012946563468322125
2023-06-26,1859.4328584009,7.52802680537304,-0.021848711494514284
2023-06-27,1889.7033733015,7.544175150393357,0.01614834502031748
2023-06-28,1827.9711912824,7.5109619921975685,-0.03321315819578885
2023-06-29,1852.2272895415,7.524144134210127,0.013182142012558629
2023-06-30,1933.1889822154,7.5669262407075335,0.042782106497406325
2023-07-01,1924.5659495846,7.562455740562009,-0.004470500145524525
2023-07-02,1937.4383914033,7.569121962736542,0.006666222174533054
2023-07-03,1955.3891053947,7.578344483507875,0.00922252077133301
2023-07-04,1936.6335891823,7.568706481435931,-0.009638002071944207
2023-07-05,1910.5880452173,7.555166350733375,-0.013540130702556219
2023-07-06,1848.6364873329,7.522203612455266,-0.03296273827810836
2023-07-07,1870.6025963313,7.53401590196661,0.011812289511343721
2023-07-08,1865.5396023891,7.531305621269494,-0.0027102806971157634
2023-07-09,1863.0098100363,7.529948636307692,-0.0013569849618022545
2023-07-10,1880.5564552602,7.539322998869063,0.009374362561371363
2023-07-11,1878.3361077979,7.538141614893177,-0.0011813839758865186
2023-07-12,1872.1137991587,7.53482344533877,-0.0033181695544071133
2023-07-13,2006.5115122091,7.604152927148324,0.06932948180955467
2023-07-14,1939.3470895149,7.570106643614665,-0.03404628353365968
2023-07-15,1931.4665891581,7.5660348840836225,-0.004071759531042218
2023-07-16,1923.681857036,7.5619962625821175,-0.004038621501504913
2023-07-17,1911.6461566209,7.555720011955976,-0.006276250626141788
2023-07-18,1897.5992249179,7.548344800349434,-0.007375211606541754
2023-07-19,1889.0079644853,7.543807083736825,-0.004537716612609266
2023-07-20,1890.9691089077,7.5448447326750525,0.0010376489382277754
2023-07-21,1892.0801319193,7.545432101737846,0.0005873690627931083
2023-07-22,1864.9122953499,7.5309693043500925,-0.014462797387753135
2023-07-23,1889.1916718834,7.543904329735409,0.012935025385316656
2023-07-24,1850.0020751716,7.52294203978612,-0.020962289949289392
2023-07-25,1857.741957571,7.527117027904806,0.004174988118686329
2023-07-26,1872.1599359835,7.534848089276721,0.00773106137191526
2023-07-27,1860.3572210048,7.528523802570836,-0.006324286705885029
2023-07-28,1874.7449256662,7.536227889505586,0.007704086934749554
2023-07-29,1881.0688769377,7.539595445822397,0.003367556316811182
2023-07-30,1861.6438552675,7.529215169546601,-0.01038027627579563
2023-07-31,1856.1623397384,7.52626637705255,-0.0029487924940516663
2023-08-01,1871.7921704215,7.534651630800368,0.008385253747817956
2023-08-02,1839.0897065368,7.517026003478125,-0.01762562732224282
2023-08-03,1835.1365255355,7.51487415855785,-0.002151844920274648
2023-08-04,1827.7129406804,7.510820705044135,-0.004053453513715333
2023-08-05,1834.9879173213,7.514793175900944,0.003972470856808741
2023-08-06,1827.462079169,7.5106834412959245,-0.004109734605019177
2023-08-07,1826.9387893514,7.510397052451348,-0.00028638884457610203
2023-08-08,1855.8073211753,7.526075093935169,0.015678041483820238
2023-08-09,1854.2975491247,7.525261223607123,-0.0008138703280460291
2023-08-10,1850.7534547452,7.523348107994544,-0.0019131156125782312
2023-08-11,1847.1243621559,7.521385309906502,-0.001962798088042561
2023-08-12,1848.8898822123,7.522340674293085,0.0009553643865833905
2023-08-13,1839.2801756372,7.517129565168043,-0.005211109125042412
2023-08-14,1844.1857646579,7.519793139095692,0.0026635739276494874
2023-08-15,1826.9327978014,7.510393772888913,-0.009399366206778836
2023-08-16,1805.6590014206,7.498680901874963,-0.011712871013950021
2023-08-17,1684.9334573891,7.429481350842927,-0.06919955103203623
2023-08-18,1660.9451284571,7.415142073822044,-0.014339277020883223
2023-08-19,1669.4718707311,7.420262610323586,0.00512053650154165
2023-08-20,1684.8520501855,7.429433034887248,0.009170424563662571
2023-08-21,1667.2690996991,7.4189422972567245,-0.010490737630523661
2023-08-22,1633.8926267598,7.398720561363519,-0.020221735893205306
2023-08-23,1679.2744714845,7.426117116906355,0.027396555542836154
2023-08-24,1659.9446226125,7.4145395209221485,-0.011577595984206823
2023-08-25,1652.9351167504,7.410307845236011,-0.004231675686137137
2023-08-26,1646.3068178601,7.406289765968428,-0.004018079267583019
2023-08-27,1657.5130726946,7.413073609024149,0.006783843055720773
2023-08-28,1652.4574355437,7.4100188137806136,-0.0030547952435355796
2023-08-29,1729.7256498746,7.455718091028556,0.04569927724794276
2023-08-30,1705.1121423041,7.441386160167069,-0.014331930861486875
2023-08-31,1645.6391241321,7.405884113051326,-0.03550204711574345
2023-09-01,1628.4911928866,7.395409216587817,-0.010474896463509076
2023-09-02,1637.0253385418,7.400636055896302,0.0052268393084853315
2023-09-03,1636.1176785766,7.400081445246099,-0.0005546106502034576
2023-09-04,1629.6552264676,7.396123753923286,-0.003957691322812984
2023-09-05,1633.6293448937,7.398559410577723,0.002435656654436791
2023-09-06,1632.2522842348,7.397716109505065,-0.0008433010726571766
2023-09-07,1647.5982186154,7.407073881361657,0.00935777185659159
2023-09-08,1636.1378400318,7.400093767911665,-0.006980113449992054
2023-09-09,1635.1623166873,7.3994973546651375,-0.000596413246527483
2023-09-10,1616.8288799491,7.3882220283427325,-0.011275326322405022
2023-09-11,1551.6376717999,7.347066214595578,-0.041155813747154824
2023-09-12,1592.4294382649,7.373016077682803,0.025949863087225467
2023-09-13,1607.9884846173,7.38273928840562,0.009723210722817122
2023-09-14,1626.9743262163,7.394477327264356,0.011738038858736033
2023-09-15,1641.6403441678,7.403451230800072,0.0089739035357157
2023-09-16,1635.2217116964,7.3995336776220695,-0.003917553178002464
2023-09-17,1622.8967525804,7.391967950321868,-0.0075657273002018854
2023-09-18,1637.3469881784,7.400832520809598,0.008864570487730816
2023-09-19,1643.5446568866,7.404610564555388,0.0037780437457897165
2023-09-20,1622.8906070275,7.3919641635347375,-0.012646401020650622
2023-09-21,1584.3070629356,7.367902406450717,-0.02406175708402092
2023-09-22,1593.2683304574,7.373542739201122,0.005640332750405541
2023-09-23,1593.857747399,7.373912612832677,0.000369873631554718
2023-09-24,1580.8533621681,7.365720082856117,-0.008192529976559726
2023-09-25,1588.3228677916,7.370433938390049,0.004713855533931444
2023-09-26,1593.4171931027,7.37363616708681,0.0032022286967610114
2023-09-27,1597.4912262036,7.376189694032289,0.0025535269454790566
2023-09-28,1652.8827456544,7.41027616103671,0.034086467004421195
2023-09-29,1667.9438329225,7.41934690904388,0.009070748007170337
2023-09-30,1671.1618111903,7.42127435885052,0.001927449806640169
2023-10-01,1733.8104784386,7.458076854042186,0.03680249519166523
2023-10-02,1663.6275288364,7.416755755481543,-0.041321098560642255
2023-10-03,1656.6856238037,7.412574273296954,-0.004181482184589136
2023-10-04,1647.8380903281,7.407219459482813,-0.005354813814141046
2023-10-05,1611.4764662364,7.384906097510261,-0.02231336197255196
2023-10-06,1645.8314874748,7.40600099900634,0.0210949014960784
2023-10-07,1634.5112732424,7.399099123199153,-0.006901875807186819
2023-10-08,1633.5485715949,7.39850996527607,-0.0005891579230823396
2023-10-09,1579.8066080951,7.365057718589719,-0.03345224668635183
2023-10-10,1567.7129669395,7.357373127354624,-0.007684591235094906
2023-10-11,1566.2547858612,7.356442561823295,-0.0009305655313287531
2023-10-12,1539.6124395074,7.339286001077782,-0.017156560745513083
2023-10-13,1552.0894675436,7.347357345694806,0.008071344617023968
2023-10-14,1555.2568092262,7.349395961605252,0.0020386159104459622
2023-10-15,1558.0697934299,7.3512030222372955,0.0018070606320437221
2023-10-16,1600.5342762528,7.37809277514611,0.026889752908814124
2023-10-17,1565.4395660008,7.355921936380822,-0.02217083876528747
2023-10-18,1563.7498838126,7.354841987480622,-0.0010799489002000229
2023-10-19,1567.4570729268,7.357209886439449,0.0023678989588269417
2023-10-20,1604.6668665067,7.380671454211688,0.023461567772239178
2023-10-21,1629.304476737,7.395908501349521,0.015237047137833137
2023-10-22,1663.4299449441,7.41663698152342,0.020728480173898944
2023-10-23,1765.3826429207,7.476122740726709,0.059485759203288247
2023-10-24,1784.4374604858,7.486858496356887,0.010735755630178367
2023-10-25,1787.3976241893,7.488515999747181,0.0016575033902936909
2023-10-26,1804.0393004004,7.497783485529622,0.009267485782441298
2023-10-27,1780.0453464483,7.484394118494388,-0.0133893670352343
2023-10-28,1776.6181755723,7.482466934820419,-0.0019271836739687132
2023-10-29,1795.5459625534,7.493064412087256,0.010597477266837352
2023-10-30,1810.0885684745,7.501131055921538,0.00806664383428135
2023-10-31,1816.4589317668,7.504644242964614,0.003513187043076016
2023-11-01,1847.0897463034,7.521366569329219,0.016722326364605244
2023-11-02,1800.6210046347,7.4958868869593855,-0.025479682369833334
2023-11-03,1832.795212562,7.513597519046176,0.017710632086790135
2023-11-04,1857.6985957472,7.5270936864877225,0.013496167441546802
2023-11-05,1894.1576842261,7.546529524887784,0.01943583840006191
2023-11-06,1899.837364376,7.549523563793998,0.0029940389062135253
2023-11-07,1888.124211378,7.543339134466172,-0.006184429327825924
2023-11-08,1889.3223471996,7.543973497305301,0.00063436283912921
2023-11-09,2120.5609463695,7.659435930010458,0.11546243270515699
2023-11-10,2078.2897139105,7.639300581532358,-0.02013534847810039
2023-11-11,2052.7138939829,7.626918047338069,-0.012382534194288475
2023-11-12,2045.1870407473,7.623244526762583,-0.003673520575486755
2023-11-13,2055.2652897926,7.628160213387906,0.004915686625323268
2023-11-14,1979.0526719014,7.590373560660914,-0.03778665272699211
2023-11-15,2060.4084021182,7.630659495589445,0.04028593492853094
2023-11-16,1960.8815523099,7.581149422694325,-0.04951007289511988
2023-11-17,1961.2807205392,7.581352967679417,0.00020354498509256302
2023-11-18,1963.2850130444,7.582374376322061,0.001021408642643884
2023-11-19,2013.2044472699,7.6074829839549505,0.025108607632889246
2023-11-20,2022.239127894,7.6119606556413055,0.004477671686355045
2023-11-21,1937.0668029372,7.56893015064772,-0.04303050499358552
2023-11-22,2064.4252149797,7.63260712039282,0.06367696974510029
2023-11-23,2062.2107269666,7.63153385478043,-0.0010732656123906281
2023-11-24,2081.1520427333,7.640676886066518,0.009143031286088288
2023-11-25,2084.413070743,7.6422425937614165,0.0015657076948984994
2023-11-26,2063.2862406283,7.632055253145046,-0.010187340616370832
2023-11-27,2027.4172988226,7.614517995427731,-0.017537257717314958
2023-11-28,2049.3381283931,7.625272155802099,0.010754160374368382
2023-11-29,2029.9291808773,7.615756185159953,-0.00951597064214571
2023-11-30,2052.5560758309,7.626841161699249,0.011084976539295965
2023-12-01,2087.1400074286,7.643549990322326,0.01670882862307632
2023-12-02,2165.7040009485,7.680500761227366,0.03695077090504029
2023-12-03,2193.691554531,7.693341045050046,0.012840283822679766
2023-12-04,2243.2159138525,7.715665791078882,0.022324746028836273
2023-12-05,2293.8416889044,7.7379832843682825,0.02231749328940058
2023-12-06,2231.6613482543,7.710501586297176,-0.027481698071106564
2023-12-07,2357.5796331574,7.765390792582896,0.05488920628572025
2023-12-08,2358.7319393053,7.765879439761151,0.0004886471782548085
2023-12-09,2341.1752332393,7.758408318700297,-0.007471121060854458
2023-12-10,2352.4627556082,7.763218039499225,0.004809720798928829
2023-12-11,2224.5787846632,7.7073228664151605,-0.055895173084064886
2023-12-12,2202.0379684959,7.697138559865987,-0.01018430654917335
2023-12-13,2260.6487681131,7.723407116607674,0.02626855674168649
2023-12-14,2316.5790072611,7.7478468105825,0.02443969397482615
2023-12-15,2219.3373100011,7.704963921295129,-0.042882889287370496
2023-12-16,2226.9265198074,7.708377671565912,0.0034137502707825007
2023-12-17,2196.4811590731,7.694611885675016,-0.013765785890895721
2023-12-18,2217.2733489138,7.704033498774484,0.009421613099467763
2023-12-19,2177.8726106679,7.686103812649154,-0.017929686125329525
2023-12-20,2201.9114564016,7.69708110593901,0.010977293289855972
2023-12-21,2239.5424133212,7.7140268442138105,0.01694573827480017
2023-12-22,2326.5249573928,7.752130998668729,0.03810415445491877
2023-12-23,2309.0463748006,7.744589893518593,-0.007541105150136396
2023-12-24,2265.6921427011,7.725635573003026,-0.01895432051556689
2023-12-25,2272.5616672175,7.7286629619727805,0.0030273889697545187
2023-12-26,2231.4653358627,7.710413749941366,-0.018249212031414608
2023-12-27,2378.7401102717,7.774326261070114,0.0639125111287484
2023-12-28,2347.5660660267,7.761134353828771,-0.013191907241343337
2023-12-29,2300.6907683964,7.740964690911379,-0.020169662917392195
2023-12-30,2292.0653348352,7.7372085830283535,-0.0037561078830252725
2023-12-31,2281.4713016936,7.732575821587314,-0.004632761441039079
2024-01-01,2352.327940665,7.763160729853828,0.030584908266513722
2024-01-02,2355.8364746171,7.764651134305368,0.0014904044515402504
2024-01-03,2210.761891527,7.701092482397389,-0.0635586519079796
2024-01-04,2269.0381829774,7.727111312746404,0.026018830349014976
2024-01-05,2268.6472266691,7.7269389974473155,-0.00017231529908823262
2024-01-06,2241.6247100644,7.714956198926875,-0.011982798520440596
2024-01-07,2222.8658884902,7.706552583080088,-0.008403615846787282
2024-01-08,2333.032746086,7.754924307964932,0.04837172488484409
2024-01-09,2344.8271586295,7.7599669718225694,0.005042663857637741
2024-01-10,2582.1035282908,7.856359666764958,0.09639269494238878
2024-01-11,2619.6190776851,7.870784195988437,0.014424529223478366
2024-01-12,2524.4601481181,7.833782516124894,-0.037001679863542414
2024-01-13,2576.5979052662,7.854225166373395,0.02044265024850045
2024-01-14,2472.241275463,7.812880417157323,-0.0413447492160719
2024-01-15,2511.3636967714,7.828581190075453,0.015700772918130212
2024-01-16,2587.6911147329,7.85852129561239,0.029940105536937267
2024-01-17,2528.3694055031,7.835329870186024,-0.023191425426365875
2024-01-18,2467.018846626,7.810765755991866,-0.024564114194157938
2024-01-19,2489.498622694,7.819836612836051,0.009070856844184405
2024-01-20,2469.589122734,7.811807068713559,-0.008029544122491572
2024-01-21,2453.9130976476,7.805439212112278,-0.006367856601281474
2024-01-22,2310.8264015416,7.745360489123823,-0.060078722988454736
2024-01-23,2240.6859395359,7.714537320979488,-0.030823168144334723
2024-01-24,2233.5617665404,7.711352795005897,-0.0031845259735909792
2024-01-25,2217.7102754507,7.704230535144996,-0.007122259860901536
2024-01-26,2267.1997994558,7.726300780481843,0.022070245336847094
2024-01-27,2267.886077765,7.7266034333237155,0.000302652841872586
2024-01-28,2257.2088341312,7.721884299843839,-0.004719133479876625
2024-01-29,2317.0641199179,7.748056197730045,0.026171897886205997
2024-01-30,2344.4936977657,7.759824750432917,0.011768552702871915
2024-01-31,2282.5445423885,7.733046127016282,-0.02677862341663495
2024-02-01,2303.8248223021,7.742325986938268,0.009279859921986322
2024-02-02,2308.0380704094,7.744153122470026,0.0018271355317578397
2024-02-03,2296.0382213414,7.738940404226596,-0.005212718243430281
2024-02-04,2289.5461210156,7.736108876474115,-0.0028315277524804117
2024-02-05,2298.8889049578,7.740181200393229,0.004072323919113607
2024-02-06,2372.2018047905,7.771573834403629,0.031392634010400045
2024-02-07,2423.7450539675,7.793069165901866,0.02149533149823668
2024-02-08,2419.9065225029,7.79148419133977,-0.001584974562095276
2024-02-09,2487.5156654863,7.819039766695852,0.02755557535608144
2024-02-10,2501.2283097031,7.824537214077474,0.0054974473816225
2024-02-11,2507.5705705477,7.827069663227778,0.002532449150304039
2024-02-12,2658.1160212768,7.8853728881613465,0.05830322493356821
2024-02-13,2642.185304207,7.87936162047549,-0.0060112676858565806
2024-02-14,2777.902245811,7.9294513340022075,0.05008971352671754
2024-02-15,2824.3789422913,7.946043775974723,0.016592441972515637
2024-02-16,2803.6914132082,7.938692189747421,-0.007351586227302143
2024-02-17,2786.6726715802,7.932603572281593,-0.006088617465827895
2024-02-18,2878.9981551892,7.965197649830172,0.03259407754857868
2024-02-19,2943.5748006563,7.987380040292979,0.0221823904628069
2024-02-20,3013.5036000099,8.010858667549861,0.023478627256882767
2024-02-21,2970.3555817277,7.996436949117782,-0.014421718432079622
2024-02-22,2971.0073275365,7.996656341813151,0.00021939269536908057
2024-02-23,2921.6583093606,7.979906648224697,-0.01674969358845413
2024-02-24,2992.3860957317,8.003826373460152,0.023919725235455047
2024-02-25,3112.6973529916,8.043244945346498,0.03941857188634579
2024-02-26,3178.9936936058,8.064319977142178,0.021075031795680488
2024-02-27,3244.5192465031,8.084722466083418,0.020402488941240193
2024-02-28,3385.7039697372,8.127317131150205,0.042594665066786774
2024-02-29,3341.9196033518,8.114300652418281,-0.013016478731923797
2024-03-01,3435.0539291971,8.141787904445026,0.027487252026745068
2024-03-02,3422.0499214588,8.137995042732287,-0.0037928617127391817
2024-03-03,3490.9936365072,8.157941684275302,0.019946641543015176
2024-03-04,3630.4338191612,8.197107429529014,0.03916574525371175
2024-03-05,3554.9646483227,8.176100397974873,-0.02100703155414152
2024-03-06,3819.2263127658,8.247803145162267,0.07170274718739478
2024-03-07,3874.34770171,8.262132592574932,0.014329447412665175
2024-03-08,3892.0611394225,8.266694152181097,0.004561559606164778
2024-03-09,3915.4188666516,8.27267759290661,0.005983440725513489
2024-03-10,3881.1931892574,8.263897908346296,-0.008779684560314749
2024-03-11,4066.4449901418,8.31052442994661,0.046626521600314774
2024-03-12,3980.2732438521,8.289105750156086,-0.02141867979052492
2024-03-13,4006.4569519054,8.295662576596667,0.006556826440581531
2024-03-14,3883.1403559222,8.264399475337022,-0.031263101259645154
2024-03-15,3735.2202545607,8.225562066259474,-0.038837409077547846
2024-03-16,3522.8601999489,8.167028495450248,-0.058533570809226276
2024-03-17,3642.4130062163,8.200401654796181,0.03337315934593299
2024-03-18,3517.9851297273,8.165643698377627,-0.03475795641855406
2024-03-19,3157.6181789707,8.05757328154346,-0.10807041683416685
2024-03-20,3513.3930322852,8.164337525394416,0.10676424385095551
2024-03-21,3492.9913315229,8.158513763132667,-0.0058237622617483
2024-03-22,3333.6879909565,8.111834474935232,-0.04667928819743494
2024-03-23,3336.59407842,8.112705828685238,0.0008713537500053548
2024-03-24,3454.6364675678,8.147472511437995,0.03476668275275685
2024-03-25,3590.883772924,8.18615362748786,0.03868111604986524
2024-03-26,3587.5050017026,8.18521225426972,-0.0009413732181400292
2024-03-27,3500.1152241991,8.160551168135356,-0.024661086134363686
2024-03-28,3561.2940584236,8.17787925735331,0.017328089217953035
2024-03-29,3511.8061663441,8.163885761416422,-0.013993495936887257
2024-03-30,3507.9443628819,8.162785493298427,-0.001100268117994574
2024-03-31,3647.8563802749,8.201894980977038,0.03910948767861022
2024-04-01,3505.0300386444,8.161954369658615,-0.03994061131842308
2024-04-02,3277.2346988709,8.094755266174166,-0.06719910348444813
2024-04-03,3311.4417832567,8.105138957597378,0.010383691423211161
2024-04-04,3330.0405943762,8.11073977340355,0.005600815806172221
2024-04-05,3318.8851690847,8.10738421307526,-0.003355560328289542
2024-04-06,3354.1838630574,8.117963759919823,0.010579546844562415
2024-04-07,3453.4945694385,8.147141916047264,0.029178156127441568
2024-04-08,3695.2928436091,8.214815084263275,0.06767316821601099
2024-04-09,3505.1633552903,8.16199240474222,-0.05282267952105535
2024-04-10,3543.7371333979,8.172937136682282,0.010944731940062624
2024-04-11,3505.2478538631,8.162016511337477,-0.010920625344805757
2024-04-12,3243.0349552157,8.084264884915802,-0.07775162642167466
2024-04-13,3004.9004445232,8.007999716478137,-0.07626516843766495
2024-04-14,3156.9419671803,8.057359106121154,0.04935938964301734
2024-04-15,3101.6004461125,8.03967353018973,-0.017685575931423614
2024-04-16,3084.9201649655,8.034281057549368,-0.005392472640362911
2024-04-17,2984.7276279516,8.001263774746063,-0.03301728280330529
2024-04-18,3066.0276299664,8.028138071121878,0.02687429637581573
2024-04-19,3059.2784549759,8.025934368113981,-0.002203703007896962
2024-04-20,3157.6272042778,8.057576139803606,0.031641771689624676
2024-04-21,3147.2884742744,8.054296559299393,-0.0032795805042127313
2024-04-22,3201.6520567626,8.071422223305792,0.017125664006398367
2024-04-23,3219.9115412341,8.077109166494672,0.005686943188880633
2024-04-24,3139.8052689528,8.05191606072214,-0.025193105772531865
2024-04-25,3156.5095419628,8.057222120759803,0.005306060037662874
2024-04-26,3130.1647111846,8.048840905531298,-0.008381215228505212
2024-04-27,3252.168175642,8.08707718385761,0.0382362783263126
2024-04-28,3262.7747417145,8.090333260105085,0.003256076247474482
2024-04-29,3215.4289697146,8.075716055365016,-0.014617204740069667
2024-04-30,3012.2867437495,8.01045478483655,-0.06526127052846498
2024-05-01,2969.7847870643,7.996244766903316,-0.014210017933234731
2024-05-02,2988.1685074957,8.002415939406795,0.006171172503479205
2024-05-03,3103.5421091631,8.040299354043631,0.037883414636835866
2024-05-04,3117.5765307871,8.044811226021793,0.004511871978161608
2024-05-05,3137.2489184783,8.051101554254778,0.006290328232985587
2024-05-06,3062.7286748572,8.027061521406493,-0.024040032848285264
2024-05-07,3006.5771141232,8.008557539285299,-0.018503982121194085
2024-05-08,2973.6572439316,7.997547869514591,-0.01100966977070783
2024-05-09,3036.0205832059,8.018302918204627,0.020755048690036304
2024-05-10,2909.791147181,7.975836586861718,-0.04246633134290967
2024-05-11,2911.6020562027,7.976458743454425,0.00062215659270759
2024-05-12,2928.7020128967,7.982314604846697,0.005855861392271677
2024-05-13,2949.3595613636,7.98934332792187,0.0070287230751731045
2024-05-14,2881.1580525016,7.965947593871879,-0.02339573404999129
2024-05-15,3037.0566448959,8.018644116467431,0.052696522595552686
2024-05-16,2945.1310661054,7.987908599715216,-0.030735516752215197
2024-05-17,3094.1187606136,8.03725841456365,0.04934981484843437
2024-05-18,3122.9490620548,8.046533046568824,0.009274632005173089
2024-05-19,3071.8429493039,8.030032969687253,-0.01650007688157018
2024-05-20,3663.8555706363,8.206271306522632,0.17623833683537882
2024-05-21,3789.3128212647,8.23993996798669,0.03366866146405734
2024-05-22,3737.2178676292,8.226096727927708,-0.013843240058982076
2024-05-23,3776.9272979593,8.236666073906417,0.010569345978709066
2024-05-24,3726.9345506864,8.223341338468183,-0.013324735438233759
2024-05-25,3749.2365712546,8.229307517240258,0.005966178772075281
2024-05-26,3825.8975522959,8.249548372928654,0.020240855688395953
2024-05-27,3892.0067337073,8.266680173445021,0.01713180051636698
2024-05-28,3840.2564321309,8.253294422552896,-0.013385750892124904
2024-05-29,3763.1964574929,8.23302399690882,-0.02027042564407644
2024-05-30,3746.8497204402,8.228670691354807,-0.0043533055540123655
2024-05-31,3760.0266864262,8.23218133381253,0.0035106424577229234
2024-06-01,3813.1988663448,8.24622371332178,0.01404237950925058
2024-06-02,3780.8958883416,8.23771626802957,-0.008507445292210036
2024-06-03,3766.389156937,8.233872038168705,-0.0038442298608654113
2024-06-04,3812.5159093596,8.24604459385374,0.012172555685035391
2024-06-05,3864.26094797,8.259525726170681,0.013481132316940148
2024-06-06,3811.6058513145,8.245805862606263,-0.013719863564418233
2024-06-07,3678.6291223463,8.210295440658205,-0.035510421948057314
2024-06-08,3680.9498987428,8.210926122512909,0.0006306818547034965
2024-06-09,3705.903804425,8.217682449796335,0.006756327283426344
2024-06-10,3666.7175217484,8.207052132583962,-0.01063031721237273
2024-06-11,3498.3305497967,8.160041147911233,-0.04701098467272935
2024-06-12,3559.6176452473,8.177408415057537,0.017367267146303433
2024-06-13,3469.2812508702,8.15170271917198,-0.025705695885555713
2024-06-14,3480.2719181115,8.154865707104316,0.0031629879323347154
2024-06-15,3565.5495056541,8.179073460003604,0.024207752899288337
2024-06-16,3620.5634464932,8.194384940910433,0.015311480906829544
2024-06-17,3511.379017106,8.163764121668224,-0.030620819242209052
2024-06-18,3483.6813541597,8.155844874019229,-0.007919247648995764
2024-06-19,3559.3473095853,8.177332467033114,0.021487593013885586
2024-06-20,3511.0869233634,8.163680933299569,-0.013651533733545662
2024-06-21,3516.0755619859,8.16510074946888,0.0014198161693119715
2024-06-22,3494.8133879808,8.15903525924549,-0.006065490223390313
2024-06-23,3418.6118772591,8.13698986382114,-0.02204539542434958
2024-06-24,3350.25635103,8.116792144586922,-0.020197719234218425
2024-06-25,3395.029004864,8.130067583362488,0.013275438775565362
2024-06-26,3369.4772002383,8.122512877851522,-0.007554705510965931
2024-06-27,3444.8005378863,8.144621282754507,0.022108404902985157
2024-06-28,3373.6359398066,8.123746355626317,-0.02087492712819028
2024-06-29,3372.9678619929,8.12354830699755,-0.00019804862876604545
2024-06-30,3432.8890895755,8.141157485792053,0.017609178794502967
2024-07-01,3440.3416247238,8.143326054949313,0.0021685691572592702
2024-07-02,3416.3547278949,8.13632939257771,-0.006996662371602014
2024-07-03,3292.9167872079,8.099529012457296,-0.036800380120414644
2024-07-04,3054.521964485,8.024378382924992,-0.07515062953230434
2024-07-05,2981.5986963517,8.000214910933835,-0.024163471991156982
2024-07-06,3069.3779282848,8.029230190825976,0.02901527989214081
2024-07-07,2929.3872316715,7.9825485441908475,-0.04668164663512808
2024-07-08,3018.7320323162,8.012592165355409,0.030043621164561607
2024-07-09,3064.0328836456,8.027487263063206,0.014895097707796623
2024-07-10,3102.2187944314,8.03987287459258,0.012385611529374785
2024-07-11,3100.3307531137,8.039264079334584,-0.0006087952579960643
2024-07-12,3134.1586628398,8.050116047939476,0.010851968604891127
2024-07-13,3177.1986392641,8.063755156477411,0.013639108537935485
2024-07-14,3244.0790922444,8.084586796024526,0.02083163954711509
2024-07-15,3489.5526866155,8.15752883695778,0.0729420409332544
2024-07-16,3443.5135017873,8.144247595925897,-0.01328124103188344
2024-07-17,3388.7523731072,8.128217101102472,-0.016030494823425556
2024-07-18,3426.2585906447,8.139224154916208,0.011007053813736789
2024-07-19,3505.7348409679,8.162155432549177,0.02293127763296887
2024-07-20,3519.2953440842,8.166016062212467,0.0038606296632899273
2024-07-21,3536.6054396998,8.170922630735342,0.004906568522875077
2024-07-22,3440.419892469,8.143348804682757,-0.02757382605258485
2024-07-23,3481.9959539767,8.155360958344891,0.01201215366213404
2024-07-24,3336.3394237401,8.112629504028341,-0.042731454316550455
2024-07-25,3174.4273153636,8.062882521943779,-0.049746982084561964
2024-07-26,3275.9514243808,8.09436361714044,0.03148109519666065
2024-07-27,3247.6079817268,8.08567399871615,-0.008689618424289947
2024-07-28,3271.4646364709,8.092993064674998,0.0073190659588480145
2024-07-29,3320.5392099336,8.107882461353633,0.01488939667863498
2024-07-30,3278.6677928161,8.095192458145782,-0.012690003207850964
2024-07-31,3231.2957066884,8.08063848336007,-0.014553974785711077
2024-08-01,3201.5644469308,8.071394858986077,-0.009243624373993953
2024-08-02,2986.0131528012,8.00169438291234,-0.06970047607373608
2024-08-03,2903.3857025544,7.973632818634959,-0.02806156427738138
2024-08-04,2686.3988610452,7.895956862352519,-0.07767595628244006
2024-08-05,2417.2061842115,7.790367682903583,-0.10558917944893587
2024-08-06,2458.7238702336,7.807397742390511,0.017030059486927485
2024-08-07,2336.5893752638,7.756447613180268,-0.05095012921024278
2024-08-08,2683.3527980054,7.894822335633246,0.1383747224529781
2024-08-09,2599.5985844241,7.863112321484001,-0.03171001414924479
2024-08-10,2610.0228477264,7.867114254196585,0.0040019327125833115
2024-08-11,2553.252240415,7.845123213933589,-0.021991040262995476
2024-08-12,2724.4318594324,7.910015193408463,0.0648919794748739
2024-08-13,2703.6718464697,7.902366071244205,-0.00764912216425806
2024-08-14,2662.914790813,7.887176587860396,-0.015189483383808877
2024-08-15,2570.0877300656,7.851695313518934,-0.03548127434146231
2024-08-16,2593.186442814,7.8606426853117,0.00894737179276639
2024-08-17,2614.5467678717,7.8688460413518095,0.008203356040109355
2024-08-18,2613.3571785326,7.868390949073211,-0.00045509227859863444
2024-08-19,2637.3062899278,7.877513330509999,0.009122381436788451
2024-08-20,2573.1068581158,7.852869341973514,-0.02464398853648575
2024-08-21,2631.3956043099,7.875269632454512,0.022400290480998564
2024-08-22,2622.9513546562,7.872055434005308,-0.003214198449204453
2024-08-23,2764.4471033,7.924595931321096,0.05254049731578814
2024-08-24,2769.3897324903,7.926382261728473,0.0017863304073770792
2024-08-25,2749.1576670875,7.919049840863036,-0.007332420865436617
2024-08-26,2681.3405143605,7.8940721403761795,-0.02497770048685677
2024-08-27,2458.7264730716,7.807398801003336,-0.08667333937284383
2024-08-28,2528.415504044,7.835348102537894,0.027949301534558657
2024-08-29,2528.7927147052,7.835497279967647,0.0001491774297530668
2024-08-30,2525.8219191284,7.834321801267851,-0.001175478699796173
2024-08-31,2513.3937400971,7.82938920656646,-0.004932594701391402
2024-09-01,2427.9022806575,7.794782904523293,-0.034606302043166615
2024-09-02,2538.1873755956,7.839205473601028,0.04442256907773512
2024-09-03,2420.603643795,7.791772227630562,-0.047433245970466054
2024-09-04,2448.976963363,7.8034256503595385,0.011653422728976182
2024-09-05,2367.7375740886,7.769690168109587,-0.033735482249951154
2024-09-06,2223.8765008293,7.707007123625961,-0.06268304448362638
2024-09-07,2274.1070647398,7.729342755321678,0.022335631695717062
2024-09-08,2297.2928618416,7.739486692098591,0.010143936776913165
2024-09-09,2358.4821965753,7.765773554073947,0.02628686197535579
2024-09-10,2389.5809379648,7.778873289788061,0.013099735714114047
2024-09-11,2339.84156536,7.757838498948406,-0.021034790839655315
2024-09-12,2361.7816231563,7.767171538273289,0.009333039324883607
2024-09-13,2441.6072730055,7.800411819872357,0.03324028159906778
2024-09-14,2418.5957742924,7.7909423921787235,-0.00946942769363357
2024-09-15,2320.8972417266,7.749709132018431,-0.041233260160292495
2024-09-16,2295.2837746294,7.73861176392672,-0.011097368091711246
2024-09-17,2341.7077628551,7.758635755353546,0.020023991426826093
2024-09-18,2369.7290255543,7.770530892383253,0.011895137029706682
2024-09-19,2464.7521329287,7.809846526828019,0.03931563444476627
2024-09-20,2561.072001704,7.848181200487642,0.038334673659623064
2024-09-21,2615.8571459406,7.869347103265157,0.021165902777514845
2024-09-22,2582.8624763883,7.856653549862068,-0.012693553403088309
2024-09-23,2648.5464300632,7.881766251532525,0.025112701670456872
2024-09-24,2654.3549330008,7.883956941067516,0.0021906895349905753
2024-09-25,2579.3885693151,7.85530766119186,-0.028649279875655687
2024-09-26,2632.1999118007,7.8755752438923965,0.020267582700536302
2024-09-27,2695.9005963054,7.89948760054585,0.023912356653453593
2024-09-28,2677.5391024938,7.8926534063212594,-0.0068341942245906395
2024-09-29,2659.3468478149,7.885835825690158,-0.006817580631101272
2024-09-30,2603.0626884402,7.864443987854859,-0.0213918378352993
2024-10-01,2448.9211886564,7.8034028754038856,-0.06104111245097332
2024-10-02,2365.2317288844,7.768631278741019,-0.03477159666286678
2024-10-03,2349.7911912798,7.762081748415832,-0.006549530325187014
2024-10-04,2414.7939387071,7.789369236859116,0.027287488443284325
2024-10-05,2415.6318483541,7.789716166795458,0.0003469299363416667
2024-10-06,2439.9578014551,7.799736023652081,0.010019856856623655
2024-10-07,2421.7967510959,7.792265002794839,-0.007471020857242827
2024-10-08,2439.8409399284,7.799688127608447,0.007423124813608517
2024-10-09,2368.2835389024,7.7699207265480705,-0.029767401060376564
2024-10-10,2383.8578440878,7.776475397249549,0.006554670701478749
2024-10-11,2436.5134816704,7.798323395479991,0.02184799823044159
2024-10-12,2476.5231023831,7.81461088062726,0.016287485147269187
2024-10-13,2467.6769628969,7.81103248622214,-0.0035783944051202
2024-10-14,2628.8998971244,7.874320747597349,0.06328826137520949
2024-10-15,2606.02186875,7.865580149341829,-0.008740598255520204
2024-10-16,2611.1020157232,7.867527639449913,0.00194749010808426
2024-10-17,2604.2734748503,7.864909018877997,-0.00261862057191653
2024-10-18,2641.5522859586,7.879122010449206,0.01421299157120881
2024-10-19,2648.6568927929,7.881807957588715,0.002685947139509537
2024-10-20,2746.3639932057,7.918033131514901,0.036225173926185406
2024-10-21,2665.7120469235,7.888226485499179,-0.029806646015721583
2024-10-22,2620.1975773667,7.871005005120525,-0.01722148037865434
2024-10-23,2509.0987847857,7.827678917765811,-0.043326087354714105
2024-10-24,2534.4986484849,7.837751124665034,0.010072206899223168
2024-10-25,2435.933985809,7.798085529040999,-0.03966559562403482
2024-10-26,2479.6032088937,7.815853829944405,0.01776830090340642
2024-10-27,2505.9406635993,7.826419457441973,0.010565627497567398
2024-10-28,2565.348032837,7.8498494337170195,0.023429976275046727
2024-10-29,2637.9575809217,7.877760253133457,0.02791081941643725
2024-10-30,2657.3725569813,7.885093153085482,0.007332899952025684
2024-10-31,2515.7992216016,7.830345814000797,-0.05474733908468554
2024-11-01,2511.8855479732,7.828788964437525,-0.001556849563272067
2024-11-02,2491.0685912815,7.820467050523989,-0.008321913913535539
2024-11-03,2456.4251725634,7.806462390148788,-0.014004660375201539
2024-11-04,2397.026458485,7.781984272539923,-0.02447811760886509
2024-11-05,2422.6507300945,7.792617562714525,0.010633290174602017
2024-11-06,2724.1691663972,7.909918767542757,0.11730120482823203
2024-11-07,2895.5854943256,7.970942612849041,0.06102384530628413
2024-11-08,2962.2967416903,7.993720172689687,0.022777559840646333
2024-11-09,3131.1444628132,8.049153859774371,0.0554336870846841
2024-11-10,3191.3313560604,8.068193461708344,0.01903960193397225
2024-11-11,3374.8128836903,8.124095159900133,0.05590169819178925
2024-11-12,3246.2572583493,8.08525799889261,-0.03883716100752288
2024-11-13,3192.5960434937,8.068589671555571,-0.01666832733703849
2024-11-14,3058.9487687218,8.02582659628977,-0.042763075265801476
2024-11-15,3103.0404086342,8.040137686804517,0.014311090514746994
2024-11-16,3133.2738277678,8.049833688271715,0.009696001467197846
2024-11-17,3075.6615116228,8.031275282835388,-0.018558405436326808
2024-11-18,3207.8563404704,8.073358186334799,0.04208290349941102
2024-11-19,3111.3839903555,8.042822919160416,-0.030535267174382597
2024-11-20,3072.1879396184,8.030145270657448,-0.012677648502968708
2024-11-21,3361.0539269185,8.120009872499244,0.08986460184179634
2024-11-22,3331.6008755241,8.111208210855034,-0.008801661644209702
2024-11-23,3396.2234332679,8.13041933833761,0.019211127482575918
2024-11-24,3363.6598928297,8.12078491396911,-0.009634424368499594
2024-11-25,3413.5439002968,8.135506297562745,0.01472138359363484
2024-11-26,3326.5174096597,8.109681212795092,-0.02582508476765355
2024-11-27,3657.2493022443,8.204466587071192,0.09478537427609979
2024-11-28,3579.8114770371,8.183065417962654,-0.021401169108537843
2024-11-29,3593.494300141,8.186880350749176,0.0038149327865220073
2024-11-30,3705.7052015214,8.217628857410798,0.030748506661621988
2024-12-01,3711.165095551,8.219101148228129,0.0014722908173308014
2024-12-02,3644.1985794337,8.200891751800023,-0.01820939642810515
2024-12-03,3620.7116867755,8.19442588405362,-0.00646586774640312
2024-12-04,3841.3311664084,8.253574243428654,0.059148359375033266
2024-12-05,3811.0082524796,8.245649066308303,-0.007925177120350568
2024-12-06,4005.8105426655,8.295501221713861,0.04985215540555821
2024-12-07,4002.6927008413,8.294722588831556,-0.0007786328823051747
2024-12-08,4005.7045763055,8.295474768200778,0.0007521793692220058
2024-12-09,3718.6904564265,8.221126857448507,-0.07434791075227132
2024-12-10,3631.8336303022,8.197492932037171,-0.023633925411335355
2024-12-11,3832.8220476388,8.251356637910643,0.053863705873471446
2024-12-12,3883.1015001391,8.264389469008654,0.013032831098010789
2024-12-13,3911.2052321329,8.27160084899439,0.007211379985736954
2024-12-14,3868.4052222836,8.260597613827317,-0.01100323516707391
2024-12-15,3951.9411400849,8.281962165053633,0.02136455122631631
2024-12-16,3987.4810414282,8.290914992581033,0.008952827527400231
2024-12-17,3886.7660426368,8.26533273934093,-0.02558225324010266
2024-12-18,3618.7913736086,8.193895374377496,-0.071437364963435
2024-12-19,3417.9278681825,8.136789759936908,-0.05710561444058726
2024-12-20,3472.5534066558,8.152645454396708,0.015855694459800063
2024-12-21,3337.2224715334,8.112894144654236,-0.03975130974247243
2024-12-22,3277.535187571,8.094846951681214,-0.01804719297302171
2024-12-23,3415.7854103169,8.136162733941383,0.04131578226016863
2024-12-24,3492.0497597155,8.158244166490126,0.022081432548743507
2024-12-25,3493.2352807716,8.158583600331584,0.00033943384145729283
2024-12-26,3331.2258824951,8.111095648111617,-0.047487952219967156
2024-12-27,3328.9168712443,8.110402266174116,-0.000693381937500348
2024-12-28,3397.902272888,8.130913541632303,0.020511275458186873
2024-12-29,3349.513340318,8.116570342719314,-0.014343198912989408
2024-12-30,3356.3926991904,8.118622074802987,0.0020517320836734854
2024-12-31,3332.5317212232,8.111487570754207,-0.007134504048780244
2025-01-01,3353.5041743827,8.117761100322884,0.006273529568677105
2025-01-02,3451.3926926647,8.146533107602192,0.028772007279307843
2025-01-03,3605.0096583348,8.190079728865197,0.04354662126300468
2025-01-04,3657.7066852496,8.204591641277036,0.014511912411839134
2025-01-05,3634.1036630331,8.198117774425183,-0.00647386685185225
2025-01-06,3688.6113395,8.213005335445574,0.014887561020390905
2025-01-07,3381.5773155737,8.12609754103683,-0.08690779440874508
2025-01-08,3326.3292760284,8.109624655462497,-0.016472885574332352
2025-01-09,3219.4307348981,8.07695983250487,-0.03266482295762607
2025-01-10,3267.4900400932,8.091777397320266,0.014817564815395201
2025-01-11,3282.2177217399,8.096274607578918,0.004497210258652018
2025-01-12,3265.9511514899,8.091306316740635,-0.004968290838283096
2025-01-13,3135.4997200989,8.050543840714662,-0.04076247602597327
2025-01-14,3223.6846292978,8.078280279145147,0.027736438430485677
2025-01-15,3450.5376123693,8.146285327557484,0.06800504841233668
2025-01-16,3308.3452690441,8.10420342465229,-0.04208190290519376
2025-01-17,3474.107275649,8.153092825900854,0.04888940124856411
2025-01-18,3305.7895906773,8.103430631672348,-0.049662194228506706
2025-01-19,3208.9643743573,8.073703539258672,-0.029727092413676104
2025-01-20,3278.0353650873,8.094999547862814,0.021296008604142713
2025-01-21,3327.4062612887,8.109948378959972,0.014948831097157722
2025-01-22,3240.2245269346,8.083397904821954,-0.026550474138018032
2025-01-23,3334.7142017869,8.112142258061937,0.0287443532399827
2025-01-24,3309.554998792,8.104569017880479,-0.007573240181457663
2025-01-25,3317.2695057658,8.106897285500487,0.002328267620008262
2025-01-26,3236.1341830842,8.082134743043115,-0.024762542457372305
2025-01-27,3178.9205191584,8.064296958760693,-0.01783778428242222
2025-01-28,3077.1126333315,8.031746979569713,-0.03254997919098024
2025-01-29,3112.998910374,8.043341820417133,0.011594840847420684
2025-01-30,3247.7799513503,8.085726950018,0.04238512960086638
2025-01-31,3298.2651884844,8.101151908766365,0.01542495874836547
2025-02-01,3118.3286253641,8.045052440267941,-0.05609946849842373
2025-02-02,2868.6928684244,7.961611758464367,-0.083440681803574
2025-02-03,2884.5666311078,7.967129953138175,0.005518194673808097
2025-02-04,2735.0512076664,7.913905437776383,-0.05322451536179251
2025-02-05,2787.7789694742,7.933000489495971,0.019095051719587808
2025-02-06,2688.4008590972,7.89670181965282,-0.03629866984315111
2025-02-07,2622.2111776681,7.8717732017623785,-0.024928617890441096
2025-02-08,2632.308332463,7.8756164331762895,0.0038432314139109636
2025-02-09,2628.7211134175,7.8742527382423155,-0.0013636949339739246
2025-02-10,2661.1668048351,7.886519954031893,0.01226721578957779
2025-02-11,2602.7820070465,7.86433615467489,-0.022183799357003764
2025-02-12,2736.9020036463,7.914581904105317,0.05024574943042737
2025-02-13,2675.9025200229,7.8920419930894425,-0.02253991101587438
2025-02-14,2726.0916324155,7.910624225930527,0.01858223284108451
2025-02-15,2693.5597988453,7.898618943041884,-0.012005282888643443
2025-02-16,2663.3158479393,7.88732718484136,-0.011291758200523638
2025-02-17,2743.1997499049,7.9168803099795975,0.02955312513823749
2025-02-18,2669.3387495962,7.889586061394394,-0.027294248585203462
2025-02-19,2715.7709077319,7.906831135979576,0.01724507458518243
2025-02-20,2740.3865429063,7.915854263485501,0.009023127505924933
2025-02-21,2659.6555266804,7.885951892141764,-0.029902371343736966
2025-02-22,2764.0293093467,7.924444788791795,0.03849289665003042
2025-02-23,2821.3102005204,7.944956666147917,0.02051187735612192
2025-02-24,2513.8211930964,7.829559262156289,-0.11539740399162746
2025-02-25,2493.592433124,7.8214796939297555,-0.008079568226533773
2025-02-26,2331.4526094027,7.754246789815203,-0.06723290411455274
2025-02-27,2305.4843934633,7.743046082360478,-0.011200707454724679
2025-02-28,2237.9052417047,7.71329554736096,-0.029750534999518408
2025-03-01,2216.6433281519,7.703749316273085,-0.009546231087874446
2025-03-02,2519.6944727218,7.831892932171774,0.12814361589868906
2025-03-03,2145.5738939222,7.671162345191181,-0.16073058698059306
2025-03-04,2170.015168597,7.68248943664694,0.011327091455759053
2025-03-05,2241.9773218864,7.7151134884544526,0.032624051807512267
2025-03-06,2202.4768379958,7.697337841521577,-0.01777564693287559
2025-03-07,2138.9874273084,7.668087831228946,-0.029250010292630968
2025-03-08,2201.5102217124,7.696898868252211,0.028811037023264596
2025-03-09,2015.5091088434,7.608627101943386,-0.08827176630882416
2025-03-10,1861.1513909157,7.528950602562867,-0.07967649938051924
2025-03-11,1919.8449490468,7.559999706056118,0.03104910349325074
2025-03-12,1908.9826851467,7.554325753567642,-0.005673952488476353
2025-03-13,1862.9696474371,7.529927078164573,-0.024398675403068282
2025-03-14,1909.4675210747,7.554579697395331,0.0246526192307579
2025-03-15,1937.3946766174,7.569099399294384,0.014519701899052606
2025-03-16,1887.4350177086,7.54297405282648,-0.026125346467903654
2025-03-17,1927.0029027556,7.563721174773169,0.020747121946689262
2025-03-18,1932.5434086744,7.566592242654009,0.002871067880839462
2025-03-19,2057.7491339808,7.629368010995321,0.06277576834131171
2025-03-20,1982.0998943118,7.591912114382622,-0.037455896612698325
2025-03-21,1964.8474809995,7.583169903478984,-0.008742210903638359
2025-03-22,1980.0378088165,7.590871218868135,0.007701315389151198
2025-03-23,2005.2992309006,7.603548570949577,0.012677352081442272
2025-03-24,2077.4790642279,7.638910449291534,0.035361878341956476
2025-03-25,2067.7642367492,7.63422322368878,-0.004687225602753919
2025-03-26,2009.1893459796,7.605486609243674,-0.02873661444510578
2025-03-27,2002.357436246,7.602080483522288,-0.0034061257213862106
2025-03-28,1895.5028729189,7.547239450607523,-0.05484103291476483
2025-03-29,1827.3203233799,7.510605868530404,-0.03663358207711909
2025-03-30,1806.2186461858,7.49899079319703,-0.011615075333374136
2025-03-31,1823.4800048352,7.508502044921382,0.009511251724352299
2025-04-01,1905.4914001311,7.552495207121416,0.04399316220003424
2025-04-02,1795.3132055131,7.492934773452193,-0.05956043366922348
2025-04-03,1815.6372608262,7.504191792968222,0.01125701951602931
2025-04-04,1815.3352305868,7.504025429691821,-0.0001663632764010714
2025-04-05,1805.9732407073,7.498854916983051,-0.005170512708770225
2025-04-06,1576.7280882451,7.3631071486627375,-0.13574776832031343
2025-04-07,1555.2409524507,7.349385765953807,-0.01372138270893064
2025-04-08,1472.553129615,7.294752996107428,-0.054632769846379325
2025-04-09,1668.0400320881,7.419404582683513,0.12465158657608555
2025-04-10,1522.5187737981,7.328121330409899,-0.09128325227361422
2025-04-11,1567.1498414994,7.357013860949318,0.028892530539419425
2025-04-12,1643.528527036,7.404600750444356,0.04758688949503753
2025-04-13,1596.6857525708,7.375685355258811,-0.0289153951855452
2025-04-14,1622.7698983048,7.391889781927322,0.016204426668511296
2025-04-15,1588.6324584921,7.3706288361268335,-0.02126094580048843
2025-04-16,1578.1053743846,7.363980276352875,-0.006648559773958063
2025-04-17,1582.5483016142,7.36679167589958,0.002811399546704507
2025-04-18,1588.9246734554,7.370812760413315,0.004021084513735396
2025-04-19,1612.9228087159,7.385803221255289,0.01499046084197353
2025-04-20,1587.5142283326,7.369924693455879,-0.015878527799410236
2025-04-21,1579.734555934,7.365012109333581,-0.0049125841222972255
2025-04-22,1757.3317029388,7.471551859747566,0.10653975041398489
2025-04-23,1796.1041889031,7.493375258818232,0.021823399070665772
2025-04-24,1769.8316871227,7.478639729025269,-0.01473552979296322
2025-04-25,1786.6344969706,7.488088959807735,0.009449230782466067
2025-04-26,1821.8811558834,7.507624848405684,0.019535888597949302
2025-04-27,1792.8650336325,7.491570196724214,-0.016054651681470133
2025-04-28,1798.8517797249,7.494903840186555,0.003333643462340774
2025-04-29,1799.1756569895,7.495083870645561,0.00018003045900627512
2025-04-30,1793.7753622537,7.4920778186434855,-0.0030060520020755988
2025-05-01,1839.2215835716,7.517097708684377,0.025019890040891113
2025-05-02,1842.7078282867,7.518991414601558,0.0018937059171815207
2025-05-03,1833.8397115605,7.514167250720241,-0.004824163881317567
2025-05-04,1808.5942798561,7.500305181554557,-0.013862069165683444
2025-05-05,1819.6974998047,7.506425557358095,0.006120375803537748
2025-05-06,1815.087467964,7.50388893725347,-0.0025366201046246317
2025-05-07,1811.6066452415,7.501969379836901,-0.0019195574165689067
2025-05-08,2206.5146753165,7.699169479635366,0.1972000997984642
2025-05-09,2345.5072621678,7.760256973976809,0.061087494341443005
2025-05-10,2582.422704863,7.856483270192726,0.09622629621591727
2025-05-11,2510.237906047,7.828132810919835,-0.028350459272890483
2025-05-12,2496.3976889157,7.822604047292636,-0.005528763627199673
2025-05-13,2680.129604376,7.893620432177394,0.07101638488475803
2025-05-14,2610.063120705,7.867129684202467,-0.026490747974926343
2025-05-15,2546.8568767538,7.842615280528101,-0.024514403674366747
2025-05-16,2536.2975988505,7.8384606583766345,-0.004154622151466114
2025-05-17,2475.7544701497,7.814300464973729,-0.024160193402905428
2025-05-18,2498.2335542663,7.82333918281872,0.009038717844990884
2025-05-19,2529.1666716605,7.835645148674142,0.012305965855421874
2025-05-20,2524.1732121799,7.833668847368211,-0.001976301305931294
2025-05-21,2552.3472007855,7.844768685675193,0.01109983830698269
2025-05-22,2664.1570470923,7.887642981533926,0.04287429585873248
2025-05-23,2526.4419813074,7.83456726041026,-0.05307572112366543
2025-05-24,2530.6462312159,7.836229976463615,0.0016627160533548846
2025-05-25,2551.7638148435,7.844540091139238,0.008310114675622593
2025-05-26,2564.1384181332,7.849377801814768,0.004837710675530182
2025-05-27,2663.0697270642,7.887234769122743,0.03785696730797472
2025-05-28,2682.2128400301,7.894397419391659,0.00716265026891616
2025-05-29,2632.6548758292,7.875748074501401,-0.018649344890257602
2025-05-30,2529.9436479287,7.835952307927538,-0.039795766573862856
2025-05-31,2529.0873780335,7.835613796501543,-0.00033851142599505835
2025-06-01,2536.2663088146,7.838448321406033,0.0028345249044896548
2025-06-02,2607.0974987606,7.865992812068321,0.027544490662288368
2025-06-03,2593.2802593803,7.860678862760317,-0.005313949308004773
2025-06-04,2608.6430329852,7.86658545438265,0.005906591622333757
2025-06-05,2416.2855921517,7.789986760740672,-0.07659869364197824
2025-06-06,2477.1948101373,7.814882074009757,0.02489531326908523
2025-06-07,2526.5053936495,7.83459235956028,0.019710285550522677
2025-06-08,2510.7870002709,7.82835152890524,-0.006240830655039886
2025-06-09,2681.5171951808,7.89413803092556,0.06578650202031966
2025-06-10,2813.5174722242,7.942190748992384,0.048052718066823985
2025-06-11,2773.5293199848,7.92787591091401,-0.014314838078373526
2025-06-12,2651.7952388213,7.882992138227351,-0.04488377268665911
2025-06-13,2579.486038699,7.855345448264165,-0.027646689963185977
2025-06-14,2533.4441915193,7.837334996459131,-0.018010451805034577
2025-06-15,2546.8371588019,7.842607538425115,0.005272541965984701
2025-06-16,2540.6050663562,7.840157546744736,-0.002449991680379071
2025-06-17,2510.7614921028,7.828341369422308,-0.011816177322428345
2025-06-18,2524.3015307665,7.833719681964068,0.005378312541759911
2025-06-19,2521.6536702769,7.832670183652195,-0.001049498311872732
2025-06-20,2407.3042762144,7.786262842844883,-0.04640734080731246
2025-06-21,2300.4956387858,7.7408798738257625,-0.04538296901912009
2025-06-22,2228.213144898,7.7089552629427045,-0.03192461088305798
2025-06-23,2421.8248913869,7.792276622319681,0.08332135937697682
2025-06-24,2448.0088600947,7.803030262945398,0.010753640625716265
2025-06-25,2419.3102483686,7.791237757189142,-0.011792505756255345
2025-06-26,2416.146699528,7.7899292772146325,-0.0013084799745097797
2025-06-27,2423.8668437067,7.79311941321613,0.0031901360014972013
2025-06-28,2437.1094865049,7.798567979372247,0.005448566156116996
2025-06-29,2500.9600353849,7.824429951295688,0.025861971923441196
2025-06-30,2486.4643327619,7.818617033697157,-0.005812917598531087
2025-07-01,2405.7928401072,7.78563479145911,-0.03298224223804702
2025-07-02,2571.3354950049,7.8521806907809,0.06654589932179
2025-07-03,2591.0072738951,7.859801987927949,0.0076212971470495106
2025-07-04,2508.5182007331,7.827447499522104,-0.032354488405845316
2025-07-05,2517.2800211176,7.8309342408811675,0.003486741359063572
2025-07-06,2571.2364783961,7.852142182186631,0.02120794130546333
2025-07-07,2543.0132490453,7.841104975414564,-0.011037206772066988
2025-07-08,2615.5057588635,7.869212764629499,0.028107789214935508
2025-07-09,2770.7776343245,7.926883294196029,0.05767052956653007
2025-07-10,2954.8452179122,7.991201548743189,0.06431825454715945
2025-07-11,2957.8861984773,7.992230170075388,0.0010286213321988313
2025-07-12,2942.9116629289,7.987154731788726,-0.005075438286661793
2025-07-13,2973.3589886215,7.997447565328867,0.010292833540140656
2025-07-14,3013.3508592513,8.010807980824417,0.013360415495550448
2025-07-15,3139.8897178037,8.05194295656695,0.04113497574253344
2025-07-16,3371.5067228454,8.123115022194716,0.07117206562776524
2025-07-17,3476.784397665,8.153863121936011,0.03074809974129522
2025-07-18,3549.0162446281,8.174425729876962,0.020562607940950883
2025-07-19,3595.2736693016,8.18737539223737,0.012949662360409064
2025-07-20,3759.4714417888,8.23203365251015,0.044658260272779415
2025-07-21,3763.3712526998,8.233070444430096,0.0010367919199456566
2025-07-22,3749.1454360316,8.229283209270108,-0.003787235159988356
2025-07-23,3629.703538566,8.196906254107207,-0.032376955162900956
2025-07-24,3708.0057054824,8.218249465379923,0.021343211272716545
2025-07-25,3727.2668943161,8.223430507947267,0.005181042567343752
2025-07-26,3741.3961036678,8.227214110504041,0.003783602556774568
2025-07-27,3875.246471143,8.262364545220963,0.03515043471692181
2025-07-28,3787.4256976649,8.23944183184695,-0.022922713374013526
2025-07-29,3793.4549246853,8.241032472457713,0.0015906406107628612
2025-07-30,3808.2016783566,8.244912356262141,0.0038798838044282746
2025-07-31,3696.7077813639,8.215197913714697,-0.029714442547444264
2025-08-01,3488.3659315359,8.157188691090228,-0.05800922262446839
2025-08-02,3392.7412703997,8.129393507942092,-0.027795183148136005
2025-08-03,3497.3791070805,8.159769140418431,0.03037563247633912
2025-08-04,3718.9860330916,8.221206338363192,0.06143719794476077
2025-08-05,3611.8993035851,8.19198903584957,-0.0292173025136222
2025-08-06,3683.9206273875,8.211732851917118,0.019743816067547826
2025-08-07,3914.325937012,8.27239841914703,0.06066556722991301
2025-08-08,4009.8489940375,8.296508862244302,0.024110443097271173
2025-08-09,4263.5989346759,8.357868902950024,0.061360040705721985
2025-08-10,4254.2175966744,8.355666145527328,-0.0022027574226957114
2025-08-11,4226.9670252014,8.34923999954308,-0.006426145984248066
2025-08-12,4590.9250193365,8.431836812017508,0.08259681247442785
2025-08-13,4756.2758757222,8.467220261957289,0.03538344993978093
2025-08-14,4548.1666260726,8.422479491418429,-0.044740770538860275
2025-08-15,4439.9886331233,8.398407095315628,-0.024072396102800653
2025-08-16,4426.1803113344,8.395292258898758,-0.003114836416870048
2025-08-17,4473.2715559761,8.405875311622731,0.010583052723973196
2025-08-18,4312.5050093174,8.369274222919787,-0.03660108870294465
2025-08-19,4073.4642014243,8.312249071550623,-0.05702515136916375
2025-08-20,4334.5003930871,8.374361632996683,0.062112561446060255
2025-08-21,4223.2098532759,8.348350746636989,-0.026010886359694396
2025-08-22,4831.3487230165,8.482880946386516,0.13453019974952696
2025-08-23,4776.0903527934,8.471377572982563,-0.011503373403952466
2025-08-24,4779.6473316152,8.472122042766804,0.0007444697842409198
2025-08-25,4372.9877668349,8.38320175397816,-0.08892028878864444
2025-08-26,4600.4267415471,8.433904348075869,0.05070259409770905
2025-08-27,4503.3928436231,8.412586356918977,-0.02131799115689148
2025-08-28,4507.1776761205,8.413426444172432,0.0008400872534544135
2025-08-29,4360.1530059699,8.380262428839693,-0.03316401533273883
2025-08-30,4374.153377662,8.38346826638827,0.003205837548577506
2025-08-31,4390.0191302417,8.387088863745758,0.0036205973574876538
2025-09-01,4314.4704289978,8.36972986805949,-0.01735899568626742
2025-09-02,4325.3658398186,8.372252003029976,0.002522134970485368
2025-09-03,4450.3889587396,8.4007467777989,0.028494774768924813
2025-09-04,4298.7442224093,8.366078217729125,-0.03466856006977537
2025-09-05,4306.9889316018,8.367994315188213,0.0019160974590874957
2025-09-06,4274.242062903,8.360362070424836,-0.007632244763376761
2025-09-07,4305.3476683497,8.367613172799519,0.007251102374683072
2025-09-08,4308.0723177354,8.36824582498204,0.0006326521825208431
2025-09-09,4309.0415754543,8.368470786085027,0.00022496110298675376
2025-09-10,4349.1461490643,8.377734817244377,0.009264031159350594
2025-09-11,4461.2333326552,8.40318053877166,0.02544572152728186
2025-09-12,4715.2463099665,8.458556433356668,0.05537589458500847
2025-09-13,4668.1797951756,8.44852450919761,-0.010031924159058292
2025-09-14,4609.5976124304,8.435895846374212,-0.012628662823397363
2025-09-15,4526.8202452582,8.417775039392955,-0.01812080698125662
2025-09-16,4503.5646113406,8.412624498037857,-0.0051505413550980705
2025-09-17,4592.7333695858,8.432230631168022,0.01960613313016424
2025-09-18,4589.9190472981,8.431617666144835,-0.0006129650231869732
2025-09-19,4470.9170788336,8.405348829614576,-0.026268836530258355
2025-09-20,4482.2656017202,8.40788391224815,0.0025350826335746035
2025-09-21,4451.3289723137,8.40095797603836,-0.006925936209791317
2025-09-22,4202.877304239,8.343524642154312,-0.057433333884047144
2025-09-23,4165.5039099082,8.33459253405531,-0.008932108099001468
2025-09-24,4153.4691550776,8.33169920500323,-0.0028933290520800625
2025-09-25,3868.334060876,8.260579218116929,-0.07111998688630194
2025-09-26,4035.8878258266,8.302981587684531,0.04240236956760235
2025-09-27,4018.6582363572,8.29870335384833,-0.004278233836201295
2025-09-28,4141.4765020661,8.328807646248494,0.030104292400164212
2025-09-29,4217.3415851884,8.34696025240784,0.018152606159345552
2025-09-30,4145.957727202,8.329889096899848,-0.017071155507991875
2025-10-01,4351.1123940134,8.378186814152938,0.04829771725309051
2025-10-02,4487.9240417001,8.409145522304428,0.03095870815148949
2025-10-03,4514.870454925,8.415131773285527,0.005986250981099062
2025-10-04,4489.1972307563,8.409429174273939,-0.005702599011588205
2025-10-05,4515.4229801185,8.415254144767287,0.0058249704933484026
2025-10-06,4687.7714716055,8.452712582544224,0.03745843777693736
2025-10-07,4451.1516686731,8.40091814362585,-0.05179443891837465
2025-10-08,4527.6481739748,8.417957916770305,0.017039773144455594
2025-10-09,4369.1437535162,8.382322331480912,-0.035635585289393035
2025-10-10,3843.0087946899,8.254010879058166,-0.12831145242274644
2025-10-11,3750.611530842,8.229674180560393,-0.024336698497773313
2025-10-12,4164.427884754,8.334334182561754,0.10466000200136172
2025-10-13,4245.4679886523,8.353607337345581,0.01927315478382674
2025-10-14,4125.4121155962,8.324921200589628,-0.028686136755952774
2025-10-15,3987.4595633605,8.29090960619165,-0.03401159439797752
2025-10-16,3894.7543902873,8.267385898624022,-0.02352370756762845
2025-10-17,3832.5589390337,8.251287989371018,-0.016097909253003806
2025-10-18,3890.3461852552,8.266253426291662,0.014965436920643782
2025-10-19,3984.6496513793,8.290204670516065,0.023951244224402757
2025-10-20,3980.7602219484,8.289228090578092,-0.0009765799379728435
2025-10-21,3876.7642814578,8.262756136611285,-0.026471953966806794
2025-10-22,3808.1222979572,8.244891511455736,-0.017864625155549874
2025-10-23,3856.0263019834,8.257392476760959,0.012500965305223488
2025-10-24,3934.5673056173,8.277556194352373,0.020163717591414
2025-10-25,3953.4710537324,8.28234921980273,0.004793025450357646
2025-10-26,4157.989373406,8.33278691271628,0.05043769291354927
2025-10-27,4120.121880126,8.323638024460871,-0.009148888255408494
2025-10-28,3982.2623442913,8.289605364998256,-0.03403265946261591
2025-10-29,3903.3530028652,8.26959120707369,-0.020014157924565623
2025-10-30,3804.3751436128,8.24390703699757,-0.02568417007612034
2025-10-31,3847.0803345867,8.255069784932676,0.01116274793510641
2025-11-01,3874.1880824757,8.262091392730532,0.007021607797856433
2025-11-02,3911.0633261075,8.271564566418727,0.009473173688194336
2025-11-03,3602.3080883088,8.189330054645884,-0.08223451177284247
2025-11-04,3292.5744588128,8.09942504803532,-0.08990500661056444
2025-11-05,3425.1712297982,8.138906743548326,0.03948169551300573
2025-11-06,3312.2578130297,8.10538535457395,-0.033521388974374844
2025-11-07,3435.3011355926,8.141859867653121,0.03647451307917038
2025-11-08,3400.3759603032,8.13164128105088,-0.01021858660224062
2025-11-09,3582.6213849019,8.18385004186437,0.05220876081348891
2025-11-10,3568.4599460325,8.17988939403329,-0.003960647831078745
2025-11-11,3415.2822903551,8.136015430478805,-0.043873963554485584
2025-11-12,3413.0942292875,8.135374557458345,-0.0006408730204601198
2025-11-13,3232.7570935962,8.081090641465163,-0.05428391599318161
2025-11-14,3103.7856129947,8.040377810939296,-0.040712830525867716
2025-11-15,3166.6313558242,8.060423638065995,0.020045827126699223
2025-11-16,3092.8475236004,8.03684747421819,-0.02357616384780492
2025-11-17,3024.5389330162,8.01451394001039,-0.022333534207799488
2025-11-18,3122.9790752804,8.046542657062233,0.03202871705184229
2025-11-19,3023.0707916252,8.014028412178176,-0.032514244884056964
2025-11-20,2831.7775766453,7.948659912409074,-0.06536849976910197
2025-11-21,2765.6991812811,7.92504875044669,-0.023611161962383775
2025-11-22,2767.6073253003,7.925738444427158,0.0006896939804681423
2025-11-23,2801.6759948199,7.937973086670515,0.012234642243356575
2025-11-24,2952.7134512271,7.990479840539505,0.05250675386899051
2025-11-25,2957.9362397882,7.992247087862026,0.0017672473225207597
2025-11-26,3027.8119318041,8.015595502920426,0.023348415058400462
2025-11-27,3014.5423285578,8.011203299482162,-0.00439220343826463
2025-11-28,3032.3045206796,8.01707817729929,0.00587487781712781
2025-11-29,2991.685213286,8.00359212409623,-0.013486053203060067
2025-11-30,2992.1124569761,8.00373492427577,0.0001428001795407141
2025-12-01,2800.1890230909,7.937442202131466,-0.06629272214430415
2025-12-02,2997.9397057398,8.005680566965909,0.06823836483444268
2025-12-03,3191.5717770643,8.068268794515062,0.06258822754915272
2025-12-04,3134.3164108537,8.050166378526127,-0.018102415988934695
2025-12-05,3024.4328645248,8.014478870086126,-0.03568750844000057
2025-12-06,3040.2078546944,8.01968116531766,0.005202295231534038
2025-12-07,3061.3018144057,8.026595534021283,0.006914368703622387
2025-12-08,3125.1981016897,8.047252952701983,0.0206574186807007
2025-12-09,3321.1149968371,8.108055847948904,0.06080289524692084
2025-12-10,3325.3901681629,8.1093422900141,0.001286442065195459
2025-12-11,3237.0568222808,8.082419807766861,-0.026922482247238477
2025-12-12,3084.1727000978,8.034038731850044,-0.04838107591681684
2025-12-13,3116.6954147837,8.044528557566853,0.010489825716808454
2025-12-14,3060.5947175714,8.02636452821001,-0.018164029356842804
2025-12-15,2964.1831013269,7.994356759584528,-0.0320077686254816
2025-12-16,2964.1810269898,7.994356059783687,-6.998008412750778e-07
2025-12-17,2831.403610221,7.948527843025276,-0.04582821675841142
2025-12-18,2827.0690009642,7.946995765235908,-0.001532077789367925
2025-12-19,2977.9707297345,7.998997384362373,0.05200161912646539
2025-12-20,2977.5825253315,7.99886701716157,-0.00013036720080350506
2025-12-21,3001.6137408732,8.006905336650973,0.008038319489403811
2025-12-22,3006.0737442684,8.00839010237009,0.0014847657191161545
2025-12-23,2963.3741143834,7.9940838016293085,-0.014306300740781097
2025-12-24,2945.590469923,7.988064575113381,-0.006019226515927123
2025-12-25,2903.5795333375,7.97369957666615,-0.014364998447231159
2025-12-26,2925.745692045,7.981304664626209,0.007605087960058654
2025-12-27,2947.9982787193,7.988881669428222,0.007577004802013398
2025-12-28,2948.5680372551,7.989074920383793,0.00019325095557043426
2025-12-29,2934.538353373,7.9843054297282805,-0.004769490655512243
2025-12-30,2971.4166717354,7.996794111921645,0.012488682193364298
2025-12-31,2967.0375791015,7.995319285900367,-0.0014748260212780195
2026-01-01,3000.3942677036,8.006498981582924,0.011179695682557167
2026-01-02,3124.4226584727,8.047004795813514,0.040505814230590076
2026-01-03,3125.9175708899,8.047483141756565,0.00047834594305129485
2026-01-04,3140.7103790175,8.052204288670831,0.004721146914265617
2026-01-05,3226.1303174393,8.079038653851683,0.026834365180851805
2026-01-06,3295.9466929416,8.100448717640564,0.021410063788881217
2026-01-07,3166.8440256362,8.06049079544777,-0.03995792219279437
2026-01-08,3104.3825522372,8.040570118630857,-0.019920676816912675
2026-01-09,3083.0470714564,8.03367369583849,-0.006896422792367574
2026-01-10,3082.3960759615,8.033462520264647,-0.0002111755738418708
2026-01-11,3118.8851971485,8.045230908347348,0.011768388082700199
2026-01-12,3092.3252908757,8.036678608208588,-0.00855230013875996
2026-01-13,3322.0954534128,8.108351023478917,0.07167241527032964
2026-01-14,3354.722693498,8.118124391294613,0.009773367815695266
2026-01-15,3317.1013075784,8.106846580409629,-0.011277810884983808
2026-01-16,3295.4822055088,8.100307780845,-0.006538799564628661
2026-01-17,3308.8641378231,8.104360248699455,0.004052467854455344
2026-01-18,3281.1576047996,8.09595156740621,-0.008408681293245124
2026-01-19,3186.6210068503,8.066716388880428,-0.0292351785257825
2026-01-20,2935.6057352647,7.984669094363201,-0.08204729451722681
2026-01-21,2978.9011678697,7.999309775885562,0.014640681522361199
2026-01-22,2949.6333654663,7.989436158717327,-0.009873617168235427
2026-01-23,2953.2564006211,7.990663705140629,0.0012275464233022504
2026-01-24,2948.7406688003,7.989133466257463,-0.0015302388831663905
2026-01-25,2815.902273554,7.943038012682128,-0.046095453575334844
2026-01-26,2926.4570308135,7.981547765832947,0.03850975315081939
2026-01-27,3022.2108646502,8.013743916920653,0.03219615108770579
2026-01-28,3006.60746389,8.008567633692483,-0.00517628322817032
2026-01-29,2818.2327433046,7.943865280710506,-0.06470235298197657
2026-01-30,2702.3752410632,7.901886384178825,-0.04197889653168119
2026-01-31,2445.0917915208,7.801837943748564,-0.10004844043026129
2026-02-01,2267.9649205864,7.726638197614445,-0.0751997461341185
2026-02-02,2344.3566038518,7.759766273874647,0.0331280762602022
2026-02-03,2227.5589163061,7.708661608515317,-0.05110466535933078
2026-02-04,2143.5040816423,7.670197190231367,-0.038464418283949975
2026-02-05,1821.6830538677,7.507516107620842,-0.16268108261052472
2026-02-06,2063.3869716329,7.632104072617506,0.12458796499666391
2026-02-07,2090.5492832985,7.64518212540441,0.013078052786903882
2026-02-08,2088.7628307079,7.644327222659331,-0.0008549027450790447
2026-02-09,2103.5677051558,7.651390089418126,0.007062866758795749
2026-02-10,2019.4974953874,7.610603994788487,-0.040786094629639
2026-02-11,1940.6213889743,7.570763504366129,-0.0398404904223586
2026-02-12,1946.9406908331,7.574014543086503,0.003251038720374133
2026-02-13,2048.5272381349,7.624876393522837,0.050861850436334066
2026-02-14,2086.0098623031,7.643008363403377,0.018131969880539778
2026-02-15,1966.0429302293,7.583778136801001,-0.059230226602375424
2026-02-16,1997.9177656402,7.599860800023233,0.01608266322223173
2026-02-17,1992.1942788934,7.596991962953805,-0.0028688370694283094
2026-02-18,1953.974080864,7.577620567859685,-0.01937139509411967
2026-02-19,1948.2010752593,7.574661700261197,-0.0029588675984877355
2026-02-20,1969.0223358864,7.585292422346447,0.010630722085249289
2026-02-21,1973.737158697,7.587684059505369,0.0023916371589223218
2026-02-22,1957.8058605249,7.57957966624654,-0.00810439325882939
2026-02-23,1855.5028072269,7.5259109934215775,-0.053668672824962016
2026-02-24,1852.9695223649,7.524544778424731,-0.0013662149968469706
2026-02-25,2054.6278376858,7.627850009646767,0.10330523122203683
2026-02-26,2026.7926102254,7.614209827564617,-0.013640182082150787
2026-02-27,1930.7618083545,7.565669923372403,-0.048539904192213434
2026-02-28,1965.050520974,7.583273234392193,0.017603311019789736
2026-03-01,1939.0666021861,7.569962003382041,-0.013311231010152191
2026-03-02,2027.2689230466,7.61444480812398,0.04448280474193922
2026-03-03,1982.768980449,7.592249621707422,-0.02219518641655771
2026-03-04,2126.5052916759,7.662235203134467,0.06998558142704514
2026-03-05,2071.6055757791,7.636079226078794,-0.026155977055672963
2026-03-06,1978.7512442967,7.59022124002469,-0.04585798605410485
2026-03-07,1969.4553984651,7.585512336033741,-0.0047089039909486985
2026-03-08,1936.6047430635,7.568691586344885,-0.01682074968885594
2026-03-09,1992.9382333263,7.5973653279243605,0.028673741579475553
2026-03-10,2037.120508335,7.619292574189752,0.021927246265391886
2026-03-11,2051.5732263557,7.626362205301134,0.007069631111381369
2026-03-12,2073.1363086976,7.6368178645903155,0.010455659289181796
2026-03-13,2092.5634721698,7.646145135079121,0.00932727048880544
2026-03-14,2097.0865585911,7.648304307394383,0.0021591723152623032
2026-03-15,2177.4763950111,7.68592186825968,0.03761756086529644
2026-03-16,2351.1760998079,7.762670949949223,0.07674908168954353
2026-03-17,2318.053425208,7.748483071609938,-0.014187878339285476
2026-03-18,2203.6716850377,7.697880195945148,-0.05060287566479005
2026-03-19,2137.4239290639,7.667356611435586,-0.030523584509562163
2026-03-20,2146.4971642647,7.671592566566468,0.004235955130882374
2026-03-21,2076.6898695269,7.638530496177888,-0.033062070388579556
2026-03-22,2053.0483534949,7.627080969345034,-0.011449526832854495
2026-03-23,2152.1459822005,7.674220754575973,0.047139785230939424
2026-03-24,2155.7043086641,7.675872774508243,0.0016520199322700435
2026-03-25,2168.0214842887,7.681570272237696,0.005697497729452827
2026-03-26,2059.5784351989,7.630256597734038,-0.05131367450365776
2026-03-27,1991.2719938523,7.596528906412375,-0.033727691321663755
2026-03-28,1992.6945753963,7.597243059796814,0.0007141533844396974
2026-03-29,1982.5596386773,7.592144035617591,-0.005099024179223477
2026-03-30,2023.514865447,7.612591310692197,0.02044727507460653
2026-03-31,2104.7082156245,7.6519321216033225,0.03934081091112507
2026-04-01,2138.7371453728,7.6679708148424846,0.016038693239162072
2026-04-02,2056.8525290288,7.628932194826649,-0.03903862001583569
2026-04-03,2053.385277504,7.627245065025194,-0.0016871298014544678
2026-04-04,2065.3516392147,7.633055776232227,0.005810711207032249
2026-04-05,2108.9955004806,7.65396704699172,0.02091127075949295
2026-04-06,2107.7615709292,7.6533817964943704,-0.0005852504973491435
2026-04-07,2241.8066430124,7.7150373568319575,0.06165556033758701
2026-04-08,2190.3354924744,7.691810003988396,-0.02322735284356181
2026-04-09,2189.144137419,7.69126594159493,-0.0005440623934660493
2026-04-10,2245.1487597314,7.716527060667672,0.02526111907274231
2026-04-11,2285.3901028007,7.734292012083082,0.017764951415410124
2026-04-12,2192.2011637269,7.692661415630355,-0.04163059645272682
2026-04-13,2370.7148127946,7.770946797428487,0.07828538179813194
2026-04-14,2323.3085365492,7.750747542095157,-0.020199255333330335
2026-04-15,2359.4369965289,7.766178308766665,0.01543076667150789
2026-04-16,2348.6450210982,7.761593854081408,-0.004584454685256922
2026-04-17,2421.071815246,7.791965619961965,0.0303717658805569
2026-04-18,2351.1005283508,7.76263880745184,-0.029326812510124256
2026-04-19,2264.9170352896,7.7252934082350615,-0.03734539921677893
2026-04-20,2315.2123791478,7.74725670276505,0.021963294529988353
2026-04-21,2327.9704245944,7.752752104558602,0.005495401793552013
2026-04-22,2376.088152884,7.773210781176451,0.02045867661784939
2026-04-23,2331.5140057621,7.754273123419739,-0.01893765775671241
2026-04-24,2315.6902078562,7.747463068025868,-0.006810055393870584
2026-04-25,2318.8289987238,7.748817595305872,0.0013545272800037367
2026-04-26,2369.728987655,7.770530876390158,0.021713281084285718
2026-04-27,2303.0639626176,7.7419956730423,-0.02853520334785742
2026-04-28,2289.4197528449,7.7360536814042185,-0.005941991638081845
2026-04-29,2253.4157589625,7.720202459121118,-0.015851222283100874
2026-04-30,2256.2513208609,7.721460007504133,0.0012575483830152834
2026-05-01,2295.0936938037,7.738528946848118,0.0170689393439849
2026-05-02,2316.2318654726,7.747696948307226,0.009168001459108233
2026-05-03,2321.6357023947,7.750027260369147,0.002330312061920914
2026-05-04,2346.3968872789,7.760636191067961,0.010608930698814412
2026-05-05,2361.1826077386,7.766917877482469,0.006281686414507881
2026-05-06,2350.8019208301,7.762511791834512,-0.004406085647957525
2026-05-07,2291.1075942567,7.736790645234053,-0.025721146600458766
2026-05-08,2306.9722532401,7.7436912308973085,0.006900585663255576
2026-05-09,2326.7272031491,7.75221792529529,0.008526694397981593
2026-05-10,2369.0438714636,7.770241722967303,0.01802379767201323
2026-05-11,2339.3608100364,7.757633012933174,-0.012608710034129444
2026-05-12,2274.6435218125,7.729578625398518,-0.028054387534655945
2026-05-13,2257.5764163398,7.72204713470265,-0.007531490695868115
2026-05-14,2280.9347102908,7.7323405985914375,0.010293463888787713
2026-05-15,2223.328938411,7.706760873512919,-0.025579725078518578
2026-05-16,2179.7518998278,7.686966341888139,-0.019794531624779843
2026-05-17,2127.6453342231,7.662771170322629,-0.024195171565509987
2026-05-18,2128.5161006052,7.663180349536145,0.0004091792135154648
2026-05-19,2109.9638041454,7.654426071889514,-0.008754277646630726
2026-05-20,2126.9834448465,7.662460031834968,0.008033959945453972
2026-05-21,2131.4106158677,7.664539300476197,0.002079268641229426
2026-05-22,2064.6368908418,7.6327096501474525,-0.03182965032874474
2026-05-23,2115.9514711216,7.657259858462644,0.02455020831519139
2026-05-24,2097.9939653036,7.6487369125477205,-0.008522945914923419
2026-05-25,2111.3703343566,7.655092463232678,0.006355550684957301
2026-05-26,2070.8580638781,7.6357183239808455,-0.01937413925183229
2026-05-27,2022.1981836564,7.611940408455135,-0.02377791552571029
2026-05-28,2007.5527564928,7.604671725173146,-0.007268683281989041
2026-05-29,2011.9784777323,7.60687383421028,0.0022021090371335816
2026-05-30,2019.4582405517,7.61058455667712,0.0037107224668400107
2026-05-31,2004.3415103683,7.603070862041318,-0.007513694635801649
2026-06-01,2003.2211658636,7.602511746876117,-0.0005591151652009074
2026-06-02,1857.7163603981,7.5271032491616685,-0.07540849771444869
2026-06-03,1811.7323055549,7.5020387414479215,-0.02506450771374702
2026-06-04,1769.580585566,7.478497840181712,-0.02354090126620978
2026-06-05,1580.8608001103,7.365724787862211,-0.11277305231950052
2026-06-06,1568.7676835165,7.358045675177677,-0.0076791126845341395
2026-06-07,1686.3961982577,7.430349103990672,0.07230342881299467
2026-06-08,1690.1485904969,7.432571727423033,0.002222623432361459
2026-06-09,1637.7066702116,7.401052170361736,-0.03151955706129694
2026-06-10,1620.1376874086,7.3902664168423255,-0.01078575351941069
2026-06-11,1672.2806727984,7.421943646062862,0.03167722922053606
2026-06-12,1665.1277566964,7.41765713021948,-0.0042865158433818
2026-06-13,1680.2146139429,7.426676810633012,0.009019680413532072
2026-06-14,1724.6132710458,7.452758113632882,0.026081302999870104
2026-06-15,1794.9611349635,7.492738648857055,0.03998053522417333
2026-06-16,1790.3982469274,7.4901933584058185,-0.002545290451236859
2026-06-17,1747.8854619815,7.466162028886404,-0.024031329519414335
2026-06-18,1709.5334650678,7.4439757848267964,-0.022186244059607674
2026-06-19,1710.9824424787,7.444823012284137,0.0008472274573403382
2026-06-20,1739.3013664451,7.461238798043133,0.016415785758995938
2026-06-21,1704.5805313191,7.441074336762327,-0.020164461280805845
2026-06-22,1726.5108642959,7.453857809480912,0.012783472718584932
2026-06-23,1665.4367249085,7.417842665262979,-0.036015144217932615
2026-06-24,1619.9249336997,7.39013508993042,-0.027707575332558854
2026-06-25,1564.8166938316,7.355523967572061,-0.03461112235835895
2026-06-26,1576.61608207,7.3630361090494905,0.0075121414774290685
2026-06-27,1571.5882933656,7.359842038792729,-0.003194070256761883
2026-06-28,1570.3612094029,7.359060941563759,-0.0007810972289696849
2026-06-29,1610.2058701702,7.384117319474811,0.025056377911051975
2026-06-30,1569.5838638111,7.358565808311708,-0.025551511163103058
2026-07-01,1608.9607128752,7.383343729587507,0.02477792127579903
2026-07-02,1698.1694272886,7.4373061423933144,0.0539624128058076
2026-07-03,1756.5186488676,7.471089088710495,0.033782946317180595
2026-07-04,1779.0330113904,7.483825243643419,0.012736154932923682
2026-07-05,1783.0059642233,7.486055962907069,0.0022307192636503714
2026-07-06,1797.5737078637,7.494193094520107,0.008137131613038306
2026-07-07,1768.5114222605,7.477893467352696,-0.0162996271674114
2026-07-08,1742.6776340832,7.463178079523988,-0.014715387828707627
2026-07-09,1744.4846059624,7.464214436261383,0.0010363567373943283
2026-07-10,1795.6932150239,7.493146418583232,0.02893198232184968
2026-07-11,1788.0995567897,7.488908634714508,-0.004237783868724421
2026-07-12,1805.7880390697,7.498752362232936,0.00984372751842777
2026-07-13,1773.5006928457,7.4807106648793456,-0.01804169735359018
2026-07-14,1889.4798019635,7.544056833112669,0.0633461682333234
2026-07-15,1916.9437417236,7.558487395574636,0.014430562461966723
2026-07-16,1863.1933692512,7.530047159767749,-0.028440235806886704
2026-07-17,1840.9881397661,7.518057738934271,-0.011989420833478093
2026-07-18,1861.3921324309,7.5290799450482,0.011022206113929123
2026-07-19,1871.5085896468,7.534500117046374,0.005420171998173906
2026-07-20,1903.7589213612,7.551585590402567,0.017085473356193148
2026-07-21,1928.3837685853,7.564437505458759,0.012851915056192098
2026-07-22,1933.4900630857,7.567081971693933,0.0026444662351741144
2026-07-23,1877.1002350418,7.537483436887805,-0.029598534806128285
2026-07-24,1860.1767639478,7.528426796572304,-0.009056640315501241
2026-07-25,1873.2223715524,7.535415420197925,0.006988623625621138
2026-07-26,1953.4112182299,7.577332465921991,0.04191704572406607
2026-07-27,1890.6135512465,7.54465668566183,-0.032675780260160714
2026-07-28,1919.94849192,7.560053637536973,0.015396951875143117
2026-07-29,1908.5190599963,7.554082859034184,-0.0059707785027889315
2026-07-30,1917.3729578005,7.558711276965939,0.004628417931754392
2026-07-31,1860.3459997624,7.52851777078505,-0.030193506180888896
2026-08-01,1843.417770817,7.519376611752329,-0.009141159032720836
2026-08-02,1882.522025106,7.540367659529111,0.020991047776782068
2026-08-03,1858.2564996125,7.527393961305461,-0.012973698223650132
2026-08-04,1868.3858364657,7.532830148030659,0.005436186725198411
2026-08-05,1906.526005783,7.5530380197936235,0.020207871762964125
2026-08-06,1902.0575157565,7.550691482267738,-0.002346537525885317
2026-08-07,1913.2794384567,7.556574032194786,0.00588254992704762
2026-08-08,1915.5329171208,7.55775114860323,0.001177116408443979
2026-08-09,1908.6827224247,7.554168608982879,-0.003582539620350822
2026-08-10,1871.2786669289,7.534377255284576,-0.019791353698303205
2026-08-11,1881.3735166407,7.5397573830279665,0.005380127743390695
2026-08-12,1878.1349957306,7.53803453989542,-0.0017228431325468918
2026-08-13,1883.9913194807,7.541147847631374,0.003113307735953974
2026-08-14,1880.6499677024,7.53937272357529,-0.001775124056083932
2026-08-15,1880.9083216148,7.53951008893982,0.00013736536453023973
2026-08-16,1873.943028413,7.535800061275947,-0.00371002766387285
2026-08-17,1912.2021063577,7.556010792187032,0.02021073091108505
2026-08-18,1916.4595619214,7.558234784635258,0.0022239924482256868
2026-08-19,2251.4580175049,7.719333293112038,0.16109850847678064
2026-08-20,2326.3848645082,7.7520707813466645,0.03273748823462608
2026-08-21,2515.2817950971,7.830140122021437,0.07806934067477211
2026-08-22,2424.2512319438,7.793277985359756,-0.03686213666168037
2026-08-23,2463.8159469796,7.809466625020767,0.016188639661010917
2026-08-24,2481.8312797339,7.816751985909212,0.007285360888444892
2026-08-25,2443.1594666042,7.801047344037046,-0.01570464187216647
