Date,Close,Log_Price,Log_Return
2004-08-19,2.49944,0.9160667067824079,
2004-08-20,2.69798,0.9925033448596451,0.07643663807723722
2004-08-23,2.72512,1.0025124638428682,0.010009118983223098
2004-08-24,2.61228,0.9602234032187082,-0.042289060624159935
2004-08-25,2.64042,0.9709379954136992,0.010714592194990935
2004-08-26,2.68801,0.9888011428920782,0.017863147478379027
2004-08-27,2.64417,0.9723572164429307,-0.016443926449147495
2004-08-30,2.54104,0.9325734460480494,-0.039783770394881346
2004-08-31,2.55001,0.9360972807312729,0.0035238346832234813
2004-09-01,2.4972,0.915170104205452,-0.02092717652582088
2004-09-02,2.52858,0.9276578803492331,0.01248777614378116
2004-09-03,2.49121,0.912768536219277,-0.014889344129956128
2004-09-07,2.53033,0.928349729016161,0.01558119279688397
2004-09-08,2.54826,0.9354107733204334,0.007061044304272457
2004-09-09,2.54851,0.9355088746670511,9.81013466176961e-05
2004-09-10,2.62373,0.9645969694461876,0.02908809477913643
2004-09-13,2.67779,0.9849918274653261,0.02039485801913854
2004-09-14,2.77718,1.0214360243731389,0.036444196907812754
2004-09-15,2.78988,1.0259985841555972,0.004562559782458342
2004-09-16,2.83896,1.0434377879234542,0.017439203767857014
2004-09-17,2.92664,1.0738550073200925,0.03041721939663833
2004-09-20,2.97322,1.0896455406054244,0.015790533285331865
2004-09-21,2.93536,1.0768301033391539,-0.012815437266270546
2004-09-22,2.94881,1.0814016991376554,0.0045715957985015265
2004-09-23,3.00959,1.1018038568584176,0.02040215772076226
2004-09-24,2.98493,1.0935762959833315,-0.008227560875086137
2004-09-27,2.94582,1.080387216377436,-0.013189079605895548
2004-09-28,3.16004,1.150584685746554,0.07019746936911808
2004-09-29,3.26516,1.183308766121889,0.03272408037533503
2004-09-30,3.2283,1.1719556828923192,-0.01135308322956985
2004-10-01,3.30253,1.1946888414003358,0.022733158508016604
2004-10-04,3.3643,1.213219917682599,0.018531076282263248
2004-10-05,3.44675,1.2374317580696015,0.024211840387002415
2004-10-06,3.41462,1.228066213039272,-0.00936554503032938
2004-10-07,3.45872,1.2408985784276056,0.012832365388333544
2004-10-08,3.43081,1.2327963849019463,-0.00810219352565933
2004-10-11,3.36928,1.2146990716862573,-0.01809731321568897
2004-10-12,3.42259,1.2303975744015554,0.015698502715298046
2004-10-13,3.50978,1.2555533574507445,0.025155783049189084
2004-10-14,3.53718,1.2633297995137034,0.00777644206295891
2004-10-15,3.58974,1.2780797764791578,0.014749976965454437
2004-10-18,3.71553,1.3125213328661975,0.03444155638703972
2004-10-19,3.68514,1.304308516778515,-0.00821281608768265
2004-10-20,3.49956,1.2526372463069506,-0.05167127047156428
2004-10-21,3.72102,1.3139978242492614,0.06136057794231076
2004-10-22,4.29518,1.4574934637547934,0.143495639505532
2004-10-25,4.66808,1.5407478522380391,0.08325438848324573
2004-10-26,4.52858,1.5104084245706098,-0.030339427667429364
2004-10-27,4.63246,1.53308804449358,0.022679619922970184
2004-10-28,4.81504,1.571744352588376,0.038656308094796143
2004-10-29,4.74879,1.557889848753504,-0.013854503834872078
2004-11-01,4.88304,1.5857679767314108,0.027878127977906786
2004-11-02,4.85416,1.5798360692663087,-0.005931907465102082
2004-11-03,4.77445,1.5632787840525206,-0.016557285213788075
2004-11-04,4.60083,1.5262367220012605,-0.03704206205126015
2004-11-05,4.21847,1.439472503065722,-0.08676421893553843
2004-11-08,4.29816,1.4581870241444566,0.018714521078734503
2004-11-09,4.20227,1.4356248554751483,-0.02256216866930827
2004-11-10,4.18135,1.4306341609013862,-0.004990694573762111
2004-11-11,4.55897,1.517096720819217,0.0864625599178308
2004-11-12,4.53356,1.5115075028239382,-0.0055892179952787835
2004-11-15,4.60505,1.527153527411626,0.015646024587687712
2004-11-16,4.29792,1.4581311847385734,-0.06902234267305252
2004-11-17,4.29693,1.45790081422498,-0.00023037051359331429
2004-11-18,4.17338,1.4287262590499497,-0.029174555175030426
2004-11-19,4.2197,1.4397640354735097,0.011037776423560075
2004-11-22,4.1126,1.414055431905281,-0.025708603568228794
2004-11-23,4.17288,1.428606444905507,0.014551013000225987
2004-11-24,4.35322,1.4709158011506345,0.04230935624512755
2004-11-26,4.46855,1.4970639712138796,0.026148170063245102
2004-11-29,4.5099,1.5062749803197613,0.009211009105881685
2004-11-30,4.53306,1.511397208138486,0.005122227818724845
2004-12-01,4.48274,1.5002344666143272,-0.011162741524158859
2004-12-02,4.4688,1.4971199162087752,-0.0031145504055520856
2004-12-03,4.49371,1.5026786411958648,0.005558724987089647
2004-12-06,4.39134,1.4796344196910334,-0.02304422150483143
2004-12-07,4.27028,1.4516793988611592,-0.027955020829874222
2004-12-08,4.23415,1.4431825995768681,-0.008496799284291034
2004-12-09,4.32009,1.4632762353723414,0.020093635795473297
2004-12-10,4.27575,1.452959525597664,-0.010316709774677468
2004-12-13,4.24585,1.4459420352901047,-0.007017490307559271
2004-12-14,4.45112,1.493155749903952,0.04721371461384738
2004-12-15,4.47827,1.4992368111333592,0.006081061229407103
2004-12-16,4.39581,1.4806518144972158,-0.018584996636143325
2004-12-17,4.48574,1.50090347632654,0.020251661829324252
2004-12-20,4.6088,1.5279675194360363,0.027064043109496172
2004-12-21,4.57715,1.5210765336929408,-0.006890985743095435
2004-12-22,4.64067,1.5348587523657093,0.01378221867276852
2004-12-23,4.68053,1.5434113513807481,0.008552599015038798
2004-12-27,4.78042,1.564528408752151,0.021117057371402792
2004-12-28,4.8016,1.5689491957039656,0.0044207869518146925
2004-12-29,4.80508,1.5696736916072787,0.0007244959033130272
2004-12-30,4.92216,1.59374745855145,0.024073766944171293
2004-12-31,4.80234,1.5691032991243252,-0.024644159427124723
2005-01-03,5.04969,1.6193268552644484,0.05022355614012319
2005-01-04,4.84494,1.5779348613651196,-0.041391993899328794
2005-01-05,4.82028,1.5728320176615826,-0.0051028437035369745
2005-01-06,4.69673,1.5468665218925117,-0.025965495769070923
2005-01-07,4.82875,1.574587634998354,0.027721113105842354
2005-01-10,4.85889,1.5808100167645498,0.006222381766195717
2005-01-11,4.82102,1.5729855239317854,-0.00782449283276443
2005-01-12,4.86685,1.5824469105695147,0.00946138663772933
2005-01-13,4.86561,1.5821920931838365,-0.00025481738567822987
2005-01-14,4.98094,1.6056186282446545,0.023426535060818043
2005-01-18,5.07909,1.625132111685737,0.01951348344108239
2005-01-19,4.91469,1.5922286793821194,-0.032903432303617475
2005-01-20,4.83048,1.574945841608715,-0.017282837773404447
2005-01-21,4.68999,1.545430450259753,-0.029515391348962083
2005-01-24,4.50168,1.5044506604380585,-0.04097978982169437
2005-01-25,4.412,1.484328101391256,-0.0201225590468026
2005-01-26,4.71392,1.5505198336444364,0.06619173225318042
2005-01-27,4.68502,1.54437018462471,-0.0061496490197263665
2005-01-28,4.74131,1.5563134688314872,0.01194328420677726
2005-01-31,4.87284,1.5836769293391495,0.02736346050766225
2005-02-01,4.78017,1.5644761107245067,-0.019200818614642845
2005-02-02,5.1304,1.6351836288525161,0.07070751812800946
2005-02-03,5.25246,1.658696538286793,0.023512909434276974
2005-02-04,5.09055,1.6273858797347325,-0.03131065855206061
2005-02-07,4.88304,1.5857679767314108,-0.04161790300332169
2005-02-08,4.94807,1.5989976015603256,0.013229624828914766
2005-02-09,4.7722,1.5628074145057875,-0.036190187054538026
2005-02-10,4.68252,1.5438364265496225,-0.01897098795616503
2005-02-11,4.66808,1.5407478522380391,-0.003088574311583381
2005-02-14,4.80732,1.5701397562821875,0.029391904044148376
2005-02-15,4.86312,1.5816802072430465,0.011540450960858983
2005-02-16,4.94233,1.597836879922283,0.016156672679236594
2005-02-17,4.92963,1.5952639345282142,-0.0025729453940688263
2005-02-18,4.93088,1.5955174711113516,0.00025353658313731486
2005-02-22,4.76698,1.561712980703084,-0.033804490408267496
2005-02-23,4.83123,1.5751010936296317,0.013388112926547624
2005-02-24,4.7052,1.5486682801041491,-0.026432813525482546
2005-02-25,4.62996,1.5325482287519683,-0.016120051352180864
2005-02-28,4.68277,1.5438898151793516,0.011341586427383366
2005-03-01,4.6347,1.5335714720039766,-0.010318343175375055
2005-03-02,4.61277,1.5288285442388125,-0.004742927765164051
2005-03-03,4.65836,1.5386634548647182,0.00983491062590569
2005-03-04,4.63071,1.5327102040737624,-0.005953250790955877
2005-03-07,4.7032,1.5482431281059081,0.01553292403214579
2005-03-08,4.61327,1.5289369331034801,-0.019306195002428028
2005-03-09,4.51737,1.507929966091764,-0.021006967011716116
2005-03-10,4.48324,1.5003459993191781,-0.007583966772585882
2005-03-11,4.42894,1.4881602777732093,-0.012185721545968864
2005-03-14,4.35894,1.4722289085366083,-0.01593136923660099
2005-03-15,4.44912,1.4927063238134952,0.020477415276886957
2005-03-16,4.37415,1.4757122152193778,-0.01699410859411743
2005-03-17,4.46606,1.4965065881687405,0.020794372949362705
2005-03-18,4.48474,1.5006805228158826,0.004173934647142108
2005-03-21,4.50567,1.5053366036424367,0.00465608082655411
2005-03-22,4.44887,1.4926501313475415,-0.012686472294895168
2005-03-23,4.45834,1.4947764994399453,0.002126368092403741
2005-03-24,4.46506,1.4962826520881194,0.0015061526481741083
2005-03-28,4.51912,1.5083172846240431,0.01203463253592374
2005-03-29,4.47303,1.4980660313363352,-0.010251253287707929
2005-03-30,4.49496,1.502956769107571,0.00489073777123572
2005-03-31,4.49646,1.5032904205250146,0.0003336514174436811
2005-04-01,4.48474,1.5006805228158826,-0.002609897709132003
2005-04-04,4.61552,1.5294245376636835,0.02874401484780087
2005-04-05,4.69723,1.5469729732720094,0.017548435608325974
2005-04-06,4.71342,1.550413759184309,0.003440785912299571
2005-04-07,4.82651,1.574123639199134,0.02370988001482499
2005-04-08,4.78391,1.5652582037623393,-0.008865435436794744
2005-04-11,4.8133,1.5713829195648348,0.006124715802495517
2005-04-12,4.83148,1.5751528389474683,0.003769919382633491
2005-04-13,4.80583,1.5698297642375545,-0.005323074709913778
2005-04-14,4.76895,1.5621261548828496,-0.007703609354704932
2005-04-15,4.6083,1.5278590254410724,-0.03426712944177712
2005-04-18,4.65736,1.5384487639972724,0.010589738556199935
2005-04-19,4.76772,1.5618682032064632,0.023419439209190873
2005-04-20,4.9346,1.5962716159023413,0.0344034126958781
2005-04-21,5.08706,1.6267000605420552,0.030428444639713836
2005-04-22,5.37552,1.681855313520356,0.05515525297830082
2005-04-25,5.56781,1.7170017988866781,0.035146485366322144
2005-04-26,5.44924,1.695476149409877,-0.021525649476801245
2005-04-27,5.47466,1.7001301733176304,0.004654023907753491
2005-04-28,5.46619,1.6985818472383762,-0.0015483260792541476
2005-04-29,5.48013,1.7011288233062842,0.002546976067907991
2005-05-02,5.53692,1.7114383894792742,0.010309566172989948
2005-05-03,5.63457,1.728920835795693,0.01748244631641871
2005-05-04,5.69187,1.739038840894408,0.010118005098715077
2005-05-05,5.654,1.7323632592713987,-0.006675581623009297
2005-05-06,5.6799,1.736933626944276,0.00457036767287744
2005-05-09,5.63009,1.7281254278142362,-0.00880819913003994
2005-05-10,5.67443,1.7359701177943443,0.007844689980108122
2005-05-11,5.76112,1.7511319002503736,0.015161782456029282
2005-05-12,5.69734,1.7399993992510605,-0.011132500999313066
2005-05-13,5.7103,1.742271561692326,0.0022721624412656016
2005-05-16,5.75513,1.7500916309717145,0.007820069279388386
2005-05-17,5.80695,1.7590554760549275,0.008963845083213018
2005-05-18,5.95741,1.784635822868675,0.025580346813747434
2005-05-19,5.95791,1.7847197484368165,8.392556814151853e-05
2005-05-20,6.01818,1.7947848880297428,0.01006513959292632
2005-05-23,6.36294,1.850490534691817,0.055705646662074226
2005-05-24,6.37688,1.852678949530238,0.0021884148384210267
2005-05-25,6.49645,1.8712558738591005,0.018576924328862487
2005-05-26,6.45659,1.8651013146482898,-0.006154559210810762
2005-05-27,6.62599,1.8909997946704076,0.02589848002211781
2005-05-31,6.90695,1.9325281510477688,0.041528356377361186
2005-06-01,7.174,1.970463379110091,0.03793522806232219
2005-06-02,7.1715,1.9701148377521307,-0.00034854135796025254
2005-06-03,6.9812,1.9432208217685445,-0.026894015983586206
2005-06-06,7.24722,1.9806179470556327,0.03739712528708816
2005-06-07,7.30153,1.9880839152347267,0.007465968179094062
2005-06-08,6.96376,1.9407195583597552,-0.047364356874971536
2005-06-09,7.13215,1.9646127317483175,0.02389317338856234
2005-06-10,7.03699,1.9511805219232914,-0.013432209825026131
2005-06-13,7.04347,1.9521009464630406,0.000920424539749165
2005-06-14,6.93386,1.9364166566926926,-0.01568428977034797
2005-06-15,6.84518,1.9235447549615006,-0.012871901731192015
2005-06-16,6.91095,1.9331071102400816,0.00956235527858107
2005-06-17,6.98219,1.943362621145581,0.010255510905499365
2005-06-20,7.14161,1.9659382411284783,0.022575619982897255
2005-06-21,7.17,1.969905654611529,0.003967413483050741
2005-06-22,7.20638,1.974966744768439,0.00506109015690992
2005-06-23,7.21634,1.976347899166957,0.0013811543985180474
2005-06-24,7.40415,2.0020406538253206,0.025692754658363626
2005-06-27,7.57504,2.024858631909544,0.022817978084223256
2005-06-28,7.52273,2.0179291039965004,-0.006929527913043465
2005-06-29,7.29156,1.9867175148971412,-0.03121158909935917
2005-06-30,7.32694,1.9915579662538923,0.004840451356751041
2005-07-01,7.2547,1.9816495346886267,-0.009908431565265552
2005-07-05,7.3658,1.9968476658758159,0.015198131187189157
2005-07-06,7.26168,1.9826112070253847,-0.014236458850431122
2005-07-07,7.36181,1.9963058264194997,0.013694619394114982
2005-07-08,7.37925,1.9986720074318474,0.0023661810123476457
2005-07-11,7.30751,1.9889025864593923,-0.009769420972455034
2005-07-12,7.26815,1.9835017887359254,-0.00540079772346691
2005-07-13,7.44451,2.0074768479861236,0.02397505925019816
2005-07-14,7.49483,2.014213449509467,0.006736601523343211
2005-07-15,7.5028,2.0152762842040493,0.0010628346945824596
2005-07-18,7.46146,2.0097511055226405,-0.005525178681408782
2005-07-19,7.71951,2.043750890519693,0.03399978499705236
2005-07-20,7.77183,2.050505657884305,0.006754767364612224
2005-07-21,7.82015,2.056703735958933,0.006198078074628022
2005-07-22,7.53269,2.0192522157334056,-0.037451520225527446
2005-07-25,7.36978,1.9973878550094342,-0.021864360723971465
2005-07-26,7.37526,1.9981311558417556,0.0007433008323214363
2005-07-27,7.39618,2.0009636507084454,0.0028324948666897942
2005-07-28,7.311,1.989380063311179,-0.011583587397266504
2005-07-29,7.16801,1.969628070760942,-0.019751992550236963
2005-08-01,7.26367,1.982885210751622,0.013257139990680011
2005-08-02,7.45298,2.0086139524127953,0.025728741661173338
2005-08-03,7.40565,2.002243222395474,-0.006370730017321247
2005-08-04,7.41612,2.003656009362413,0.001412786966938917
2005-08-05,7.2826,1.9854879413054078,-0.018168068057005105
2005-08-08,7.2547,1.9816495346886267,-0.0038384066167811426
2005-08-09,7.26267,1.9827475298214523,0.0010979951328256021
2005-08-10,7.1162,1.9623738750859785,-0.020373654735473812
2005-08-11,7.07535,1.9566169122703674,-0.005756962815611111
2005-08-12,7.21684,1.9764171839677007,0.019800271697333338
2005-08-15,7.07435,1.9564755665172184,-0.019941617450482285
2005-08-16,7.11521,1.9622347462151783,0.005759179697959915
2005-08-17,7.10176,1.960342640652227,-0.001892105562951274
2005-08-18,6.97472,1.9422921835324871,-0.01805045711973996
2005-08-19,6.97472,1.9422921835324871,0.0
2005-08-22,6.82526,1.9206304355835135,-0.021661747948973575
2005-08-23,6.96426,1.940791356074034,0.02016092049052043
2005-08-24,7.03848,1.9513922377673185,0.010600881693284547
2005-08-25,7.03898,1.9514632733092714,7.103554195286854e-05
2005-08-26,7.06389,1.9549958912664855,0.003532617957214157
2005-08-29,7.18495,1.971988560564534,0.016992669298048435
2005-08-30,7.15606,1.9679595501837093,-0.004029010380824705
2005-08-31,7.12418,1.9634946318123163,-0.004464918371392956
2005-09-01,7.13016,1.9643336745671296,0.0008390427548132795
2005-09-02,7.18495,1.971988560564534,0.0076548859974043815
2005-09-06,7.15207,1.9674018252953518,-0.004586735269182185
2005-09-07,7.34537,1.9940701827614495,0.026668357466097747
2005-09-08,7.35832,1.9958316458157424,0.0017614630542928111
2005-09-09,7.44999,2.008212690108688,0.012381044292945509
2005-09-12,7.71553,2.0432351807984084,0.03502249068972052
2005-09-13,7.76386,2.0494796332018885,0.00624445240348015
2005-09-14,7.54764,2.0212349316152958,-0.028244701586592758
2005-09-15,7.53818,2.0199807735728452,-0.0012541580424505483
2005-09-16,7.4779,2.011952003906001,-0.008028769666844404
2005-09-19,7.56757,2.0238720119535447,0.011920008047543895
2005-09-20,7.6702,2.0373426906584977,0.013470678704952999
2005-09-21,7.76934,2.050185218686831,0.012842528028333078
2005-09-22,7.75589,2.048452554711498,-0.0017326639753330042
2005-09-23,7.85552,2.061216469389162,0.012763914677664356
2005-09-26,7.82862,2.0577862492589714,-0.0034302201301907864
2005-09-27,7.82015,2.056703735958933,-0.0010825133000382792
2005-09-28,7.62236,2.031086033034004,-0.02561770292492893
2005-09-29,7.71254,2.0428475756037945,0.01176154256979034
2005-09-30,7.88293,2.0646996621702742,0.021852086566479745
2005-10-03,7.93822,2.0716890687664455,0.00698940659617131
2005-10-04,7.74692,2.0472953450184157,-0.02439372374802984
2005-10-05,7.73945,2.04633062564527,-0.0009647193731456838
2005-10-06,7.79076,2.0529384160995043,0.006607790454234319
2005-10-07,7.79673,2.0537044150245283,0.0007659989250239363
2005-10-10,7.73795,2.0461367946394557,-0.0075676203850725265
2005-10-11,7.62486,2.0314139616691786,-0.0147228329702771
2005-10-12,7.49732,2.014545623350163,-0.016868338319015574
2005-10-13,7.40915,2.0027157228767654,-0.011829900473397714
2005-10-14,7.37676,1.998334517822714,-0.004381205054051263
2005-10-17,7.59746,2.027813980905185,0.02947946308247107
2005-10-18,7.55461,2.0221579729495174,-0.005656007955667786
2005-10-19,7.68962,2.0398713674721525,0.017713394522635095
2005-10-20,7.55262,2.021894522931015,-0.01797684454113746
2005-10-21,8.46681,2.1361538143469434,0.11425929141592839
2005-10-24,8.68452,2.1615421304628164,0.025388316115873
2005-10-25,8.64168,2.156597008358538,-0.004945122104278443
2005-10-26,8.8539,2.1808580399159214,0.02426103155738346
2005-10-27,8.79462,2.1741401708888453,-0.006717869027076162
2005-10-28,8.92167,2.188483148799433,0.014342977910587695
2005-10-31,9.2699,2.226772592033063,0.03828944323363004
2005-11-01,9.45025,2.2460411961821785,0.019268604149115465
2005-11-02,9.45772,2.2468313392158983,0.0007901430337198256
2005-11-03,9.61415,2.263235971596779,0.016404632380880635
2005-11-04,9.72574,2.2747759791546063,0.011540007557827359
2005-11-07,9.84033,2.2864892470871894,0.011713267932583094
2005-11-08,9.7123,2.2733931234611555,-0.013096123626033851
2005-11-09,9.44476,2.2454600903606425,-0.027933033100512983
2005-11-10,9.74218,2.2764649119124885,0.031004821551845918
2005-11-11,9.72474,2.274673153928609,-0.0017917579838795383
2005-11-14,9.88815,2.291337070503186,0.016663916574576998
2005-11-15,9.78453,2.2808025669913152,-0.010534503511870685
2005-11-16,9.91804,2.294355321129993,0.013552754138677958
2005-11-17,10.0495,2.3075228820236693,0.0131675608936761
2005-11-18,9.96887,2.2994672375302216,-0.008055644493447645
2005-11-21,10.1971,2.3221033661399257,0.022636128609704098
2005-11-22,10.3744,2.339341233119165,0.017237866979239236
2005-11-23,10.5333,2.3545416673627875,0.015200434243622496
2005-11-25,10.6768,2.368073163167205,0.013531495804417482
2005-11-28,10.5488,2.356012109376898,-0.012061053790306975
2005-11-29,10.052,2.3077716196813456,-0.04824048969555239
2005-11-30,10.0864,2.3111879818013135,0.003416362119967875
2005-12-01,10.3146,2.333560367293366,0.022372385492052338
2005-12-02,10.4048,2.3422672381327505,0.008706870839384706
2005-12-05,10.1094,2.3134656840902577,-0.02880155404249285
2005-12-06,10.077,2.3102555992982654,-0.0032100847919922515
2005-12-07,10.069,2.309461396933478,-0.0007942023647875551
2005-12-08,10.2289,2.3252170473003853,0.015755650366907403
2005-12-09,10.1931,2.321711020792522,-0.003506026507863247
2005-12-12,10.2777,2.329976499585958,0.008265478793436198
2005-12-13,10.3993,2.341738496189755,0.011761996603796732
2005-12-14,10.4361,2.345270949443981,0.00353245325422602
2005-12-15,10.5258,2.353829386181057,0.008558436737076125
2005-12-16,10.7152,2.371663294173649,0.01783390799259177
2005-12-19,10.5766,2.358644013724022,-0.013019280449626969
2005-12-20,10.7047,2.3706828973612426,0.01203888363722072
2005-12-21,10.6195,2.3626919337261643,-0.00799096363507834
2005-12-22,10.762,2.376021411067228,0.013329477341063711
2005-12-23,10.734,2.373416273754637,-0.0026051373125910438
2005-12-27,10.5776,2.3587385575971767,-0.014677716157460274
2005-12-28,10.6285,2.363539072331043,0.004800514733866557
2005-12-29,10.4661,2.34814146265308,-0.015397609677963331
2005-12-30,10.3341,2.3354491066132184,-0.012692356039861519
2006-01-03,10.8417,2.3833998102837652,0.04795070367054688
2006-01-04,11.0908,2.406115935820938,0.022716125537172616
2006-01-05,11.2403,2.419505534500822,0.013389598679883985
2006-01-06,11.5995,2.4509619937350626,0.031456459234240786
2006-01-09,11.6303,2.4536137615547142,0.002651767819651596
2006-01-10,11.7016,2.4597255845907413,0.006111823036027086
2006-01-11,11.7484,2.4637170611053967,0.003991476514655368
2006-01-12,11.5492,2.4466161704996723,-0.017100890605724395
2006-01-13,11.6139,2.452202656614873,0.005586486115200628
2006-01-17,11.6358,2.454086552448113,0.0018838958332398903
2006-01-18,11.0828,2.405394356975183,-0.0486921954729298
2006-01-19,10.8716,2.386153884413363,-0.01924047256181982
2006-01-20,9.95043,2.2976157663171155,-0.08853811809624768
2006-01-23,10.6489,2.3654566004360515,0.06784083411893604
2006-01-24,11.036,2.4011626563550394,0.0357060559189879
2006-01-25,10.7859,2.3782397255944745,-0.022922930760564952
2006-01-26,10.8178,2.38119292557266,0.002953199978185328
2006-01-27,10.7979,2.3793516707789575,-0.0018412547937023405
2006-01-30,10.632,2.363868321410944,-0.015483349368013322
2006-01-31,10.7774,2.377451349006452,0.01358302759550778
2006-02-01,10.0082,2.3034047569777223,-0.07404659202872965
2006-02-02,9.86523,2.2890164539519073,-0.014388303025814952
2006-02-03,9.50454,2.2517695791880157,-0.03724687476389166
2006-02-06,9.59273,2.261005519916941,0.009235940728925307
2006-02-07,9.16478,2.215367876639129,-0.04563764327781206
2006-02-08,9.19367,2.2185152037661893,0.00314732712706034
2006-02-09,8.93661,2.1901563226420864,-0.028358881124102897
2006-02-10,9.03226,2.200802612969795,0.010646290327708474
2006-02-13,8.61128,2.153072971733977,-0.04772964123581769
2006-02-14,8.552,2.146165173722744,-0.0069077980112330906
2006-02-15,8.52859,2.143424048895311,-0.002741124827433161
2006-02-16,9.12841,2.21139152829075,0.06796747939543923
2006-02-17,9.1857,2.2176479269770977,0.006256398686347531
2006-02-21,9.13189,2.2117726830409055,-0.005875243936192209
2006-02-22,9.10401,2.2087149758016498,-0.0030577072392556914
2006-02-23,9.41786,2.242607886559038,0.03389291075738843
2006-02-24,9.40092,2.240807556827199,-0.0018003297318394118
2006-02-27,9.72425,2.274622765707924,0.03381520888072531
2006-02-28,9.03276,2.20085796856864,-0.07376479713928408
2006-03-01,9.08706,2.2068514235306322,0.005993454961992217
2006-03-02,9.377,2.238259882437488,0.03140845890685595
2006-03-03,9.42035,2.2428722428874264,0.00461236044993818
2006-03-06,9.16926,2.215856585084094,-0.02701565780333226
2006-03-07,9.0781,2.2058649196158138,-0.009991665468280342
2006-03-08,8.81505,2.1764604879834915,-0.029404431632322314
2006-03-09,8.54403,2.14523279344763,-0.031227694535861605
2006-03-10,8.40702,2.129067071120236,-0.016165722327393883
2006-03-13,8.39607,2.127763739227109,-0.0013033318931268134
2006-03-14,8.7473,2.1687450813229923,0.04098134209588311
2006-03-15,8.5814,2.149597070352238,-0.01914801097075447
2006-03-16,8.43841,2.132793902234907,-0.016803168117330625
2006-03-17,8.46432,2.135859681584635,0.0030657793497277375
2006-03-20,8.67356,2.1602793178180435,0.024419636233408593
2006-03-21,8.46731,2.1362128667216926,-0.02406645109635086
2006-03-22,8.47478,2.137094694227516,0.0008818275058235514
2006-03-23,8.51613,2.1419620122975274,0.004867318070011173
2006-03-24,9.11197,2.20958893377774,0.06762692148021276
2006-03-27,9.20863,2.2201410878454144,0.010552154067674291
2006-03-28,9.39594,2.240277681080237,0.02013659323482253
2006-03-29,9.83883,2.286336801555682,0.04605912047544525
2006-03-30,9.67593,2.2696413583272346,-0.016695443228447626
2006-03-31,9.71478,2.2736484371792716,0.004007078852036994
2006-04-03,9.7073,2.2728781797846134,-0.0007702573946581914
2006-04-04,10.072,2.309759296742046,0.03688111695743279
2006-04-05,10.1632,2.3187733531905703,0.009014056448524155
2006-04-06,10.2424,2.326535967149832,0.007762613959261699
2006-04-07,10.1174,2.314256713854447,-0.01227925329538504
2006-04-10,10.3719,2.339100226287865,0.02484351243341809
2006-04-11,10.2045,2.322828799471088,-0.01627142681677718
2006-04-12,10.1871,2.3211222139924566,-0.0017065854786313395
2006-04-13,10.0177,2.3043535283900063,-0.016768685602450262
2006-04-17,10.1337,2.3158665032999597,0.0115129749099534
2006-04-18,10.0695,2.309511053064779,-0.006355450235180804
2006-04-19,10.2254,2.3248748209681067,0.01536376790332783
2006-04-20,10.3376,2.335787733821764,0.010912912853657364
2006-04-21,10.888,2.387661265349165,0.05187353152740082
2006-04-24,10.9727,2.395410369800784,0.007749104451618916
2006-04-25,10.6405,2.3646674752905894,-0.030742894510194407
2006-04-26,10.6105,2.3618440768689672,-0.0028233984216221586
2006-04-27,10.4631,2.34785478184153,-0.013989295027437176
2006-04-28,10.4108,2.342843728857608,-0.005011052983922237
2006-05-01,9.93648,2.296212833203016,-0.046630895654591775
2006-05-02,9.83436,2.285882376007317,-0.01033045719569925
2006-05-03,9.81841,2.2842591947965283,-0.0016231812107885268
2006-05-04,9.83336,2.285780686538394,0.001521491741865777
2006-05-05,9.82189,2.284613568205938,-0.0011671183324559742
2006-05-08,9.83386,2.285831532565449,0.0012179643595109368
2006-05-09,10.1831,2.3207294834300263,0.034897950864577254
2006-05-10,10.0382,2.3063978153219624,-0.014331668108063855
2006-05-11,9.64005,2.265926295330995,-0.04047151999096732
2006-05-12,9.31922,2.232078934208089,-0.03384736112290598
2006-05-15,9.37103,2.237623015502478,0.005544081294388992
2006-05-16,9.24897,2.2245121939729606,-0.01311082152951748
2006-05-17,9.32869,2.2330945977129093,0.008582403739948674
2006-05-18,9.2415,2.223704210140598,-0.009390387572311365
2006-05-19,9.2171,2.221060454469868,-0.0026437556707299414
2006-05-22,9.2405,2.223595996743674,0.002535542273805813
2006-05-23,9.35559,2.235974025615498,0.012378028871824043
2006-05-24,9.49657,2.250930680779722,0.014956655164223953
2006-05-25,9.54042,2.255537509648349,0.0046068288686273995
2006-05-26,9.49956,2.2512454817444123,-0.004292027903936901
2006-05-30,9.26491,2.2262341457128083,-0.025011336031603992
2006-05-31,9.26193,2.225912450267098,-0.00032169544571036823
2006-06-01,9.53095,2.254544397902488,0.02863194763539001
2006-06-02,9.45174,2.246198851540486,-0.008345546362002132
2006-06-05,9.32719,2.2329337905032536,-0.01326506103723224
2006-06-06,9.71478,2.2736484371792716,0.040714646676017985
2006-06-07,9.6281,2.2646859062399662,-0.008962530939305324
2006-06-08,9.79698,2.2820741749191638,0.017388268679197516
2006-06-09,9.62909,2.264788724979447,-0.017285449939716813
2006-06-12,9.50405,2.2517180235492114,-0.013070701430235587
2006-06-13,9.6281,2.2646859062399662,0.012967882690754884
2006-06-14,9.57529,2.2591858218143277,-0.005500084425638541
2006-06-15,9.73969,2.276209289632537,0.017023467818209514
2006-06-16,9.73222,2.275442030502184,-0.0007672591303533594
2006-06-19,9.66846,2.268869041353548,-0.006572989148635688
2006-06-20,9.64404,2.266340107966897,-0.0025289333866509445
2006-06-21,10.0167,2.3042537000945913,0.037913592127694073
2006-06-22,9.96288,2.298866186425293,-0.00538751366929846
2006-06-23,10.0849,2.3110392556406034,0.012173069215310584
2006-06-26,10.069,2.309461396933478,-0.0015778587071255679
2006-06-27,10.0217,2.304752741944616,-0.004708654988861749
2006-06-28,10.1164,2.3141578693466616,0.009405127402045466
2006-06-29,10.4073,2.3425074829914645,0.02834961364480293
2006-06-30,10.4451,2.346132968921531,0.0036254859300663966
2006-07-03,10.5418,2.3553483065209306,0.009215337599399742
2006-07-05,10.4985,2.351232389815567,-0.004115916705363709
2006-07-06,10.5418,2.3553483065209306,0.004115916705363709
2006-07-07,10.4731,2.3488100651078794,-0.00653824141305126
2006-07-10,10.4173,2.3434678856660556,-0.005342179441823802
2006-07-11,10.5757,2.358558916595053,0.01509103092899755
2006-07-12,10.3933,2.3411613677722856,-0.01739754882276756
2006-07-13,10.1841,2.320827680531327,-0.020333687240958742
2006-07-14,10.051,2.307672132042603,-0.013155548488724023
2006-07-17,10.1602,2.318478126995958,0.010805994953355214
2006-07-18,10.0396,2.3065372728324736,-0.011940854163484449
2006-07-19,9.93897,2.296463393568998,-0.010073879263475582
2006-07-20,9.64305,2.2662374486231736,-0.030225944945824423
2006-07-21,9.71777,2.2739561682823535,0.007718719659179918
2006-07-24,9.7372,2.275953601993128,0.0019974337107746543
2006-07-25,9.69884,2.2720062907293004,-0.003947311263827746
2006-07-26,9.60268,2.262042226180694,-0.009964064548606544
2006-07-27,9.52547,2.2539692636274187,-0.008072962553275165
2006-07-28,9.66796,2.268817325472314,0.014848061844895177
2006-07-31,9.63009,2.264892571560755,-0.003924753911558998
2006-08-01,9.35409,2.2358136808096845,-0.029078890751070396
2006-08-02,9.14784,2.213517785845796,-0.022295894963888507
2006-08-03,9.3511,2.2354939834395466,0.02197619759375069
2006-08-04,9.31225,2.2313307377077436,-0.004163245731803045
2006-08-07,9.41487,2.242290354260203,0.010959616552459472
2006-08-08,9.49059,2.2503007813953246,0.008010427135121567
2006-08-09,9.38947,2.23958884860271,-0.010711932792614842
2006-08-10,9.32122,2.2322935214182276,-0.007295327184482225
2006-08-11,9.17923,2.2169433231188007,-0.015350198299426854
2006-08-14,9.20263,2.219489312767293,0.002545989648492508
2006-08-15,9.48959,2.2501954083165736,0.030706095549280388
2006-08-16,9.65799,2.267785552039756,0.01759014372318246
2006-08-17,9.61016,2.262820872167224,-0.0049646798725322405
2006-08-18,9.54938,2.256476230919181,-0.006344641248043015
2006-08-21,9.39843,2.2405426540497557,-0.015933576869425092
2006-08-22,9.42284,2.243136529350015,0.0025938753002594517
2006-08-23,9.30228,2.2302595314024143,-0.012876997947600888
2006-08-24,9.30925,2.231008529504757,0.0007489981023427461
2006-08-25,9.29779,2.229776737511078,-0.0012317919936788435
2006-08-28,9.48959,2.2501954083165736,0.02041867080549542
2006-08-29,9.43978,2.244932674801096,-0.005262733515477791
2006-08-30,9.48462,2.2496715393266484,0.004738864525552611
2006-08-31,9.42881,2.2437698956812993,-0.005901643645349175
2006-09-01,9.43081,2.243981989032861,0.000212093351561915
2006-09-05,9.57429,2.259081380881325,0.01509939184846365
2006-09-06,9.46918,2.2480423142197785,-0.011039066661546304
2006-09-07,9.42783,2.243665953515475,-0.0043763607043034725
2006-09-08,9.41188,2.2419727211025804,-0.0016932324128946519
2006-09-11,9.56732,2.2583531244485533,0.016380403345972905
2006-09-12,9.76211,2.27850856558422,0.020155441135666585
2006-09-13,10.1272,2.3152248733404814,0.03671630775626156
2006-09-14,10.063,2.308865330951196,-0.0063595423892852665
2006-09-15,10.21,2.3233676321765744,0.014502301225378211
2006-09-18,10.3296,2.3350135602133832,0.011645928036808861
2006-09-19,10.0585,2.3084180481864895,-0.026595512026893697
2006-09-20,9.88915,2.29143819654171,-0.016979851644779664
2006-09-21,10.1342,2.315915842402689,0.024477645860979003
2006-09-22,10.058,2.308368337749773,-0.007547504652916093
2006-09-25,10.063,2.308865330951196,0.0004969932014233791
2006-09-26,10.1352,2.3160145133057064,0.007149182354510231
2006-09-27,10.0367,2.30624837497578,-0.009766138329926566
2006-09-28,10.053,2.3078710974232832,0.0016227224475033886
2006-09-29,10.0112,2.303704466261962,-0.004166631161321099
2006-10-02,9.99974,2.3025590926560398,-0.001145373605922373
2006-10-03,10.0645,2.3090143807589496,0.006455288102909851
2006-10-04,10.3549,2.3374598376304676,0.028445456871518005
2006-10-05,10.2578,2.3280383917990397,-0.0094214458314279
2006-10-06,10.4745,2.3489437319720627,0.020905340173023035
2006-10-09,10.6863,2.3689625472571745,0.020018815285111735
2006-10-10,10.6275,2.363444981250808,-0.005517566006366437
2006-10-11,10.624,2.363115592734078,-0.0003293885167301447
2006-10-12,10.6474,2.3653157308951003,0.0022001381610223802
2006-10-13,10.644,2.3649963531154428,-0.0003193777796575148
2006-10-16,10.5059,2.351937004116015,-0.013059348999427733
2006-10-17,10.478,2.349277820986028,-0.0026591831299871416
2006-10-18,10.4451,2.346132968921531,-0.0031448520644969946
2006-10-19,10.613,2.3620796647796856,0.01594669585815467
2006-10-20,11.4505,2.438033397169095,0.07595373238940928
2006-10-23,11.9761,2.482912997115866,0.044879599946771265
2006-10-24,11.7902,2.4672686779338147,-0.015644319182051447
2006-10-25,12.1211,2.4949477355987204,0.02767905766490575
2006-10-26,12.0837,2.4918574369997653,-0.0030902985989551546
2006-10-27,11.8371,2.47123866702258,-0.02061876997718537
2006-10-30,11.8709,2.4740900271457633,0.002851360123183433
2006-10-31,11.8669,2.4737530119179105,-0.00033701522785278826
2006-11-01,11.6453,2.454902665134136,-0.01885034678377462
2006-11-02,11.7055,2.460058816818236,0.0051561516840998856
2006-11-03,11.7524,2.4640574750520394,0.003998658233803631
2006-11-06,11.8809,2.474932068640796,0.010874593588756643
2006-11-07,11.7714,2.465672860672701,-0.009259207968094874
2006-11-08,11.8321,2.4708161770293082,0.005143316356607031
2006-11-09,11.7734,2.4658427495657738,-0.004973427463534463
2006-11-10,11.7962,2.467777445709263,0.0019346961434894006
2006-11-13,11.9826,2.4834555975206856,0.015678151811422403
2006-11-14,12.1883,2.500476475195329,0.01702087767464322
2006-11-15,12.2536,2.5058197713682073,0.005343296172878542
2006-11-16,12.3527,2.5138746626611366,0.008054891292929245
2006-11-17,12.425,2.5197105719826927,0.0058359093215560875
2006-11-20,12.3313,2.5121407455195444,-0.007569826463148299
2006-11-21,12.695,2.541208215156642,0.02906746963709761
2006-11-22,12.6541,2.5379812733329485,-0.00322694182369343
2006-11-24,12.5794,2.5320605553812863,-0.005920717951662269
2006-11-27,12.0753,2.491162043950508,-0.04089851143077805
2006-11-28,12.1933,2.5008866205565923,0.009724576606084057
2006-11-29,12.0723,2.4909135720514017,-0.00997304850519054
2006-11-30,12.0763,2.491244854199152,0.00033128214775013376
2006-12-01,11.9766,2.482954746062755,-0.008290108136396857
2006-12-04,12.0773,2.4913276575908263,0.008372911528071292
2006-12-05,12.131,2.4957641597887825,0.004436502197956216
2006-12-06,12.1738,2.4992861014827015,0.0035219416939189507
2006-12-07,12.0224,2.4867715763975125,-0.012514525085189021
2006-12-08,12.0593,2.489836146496728,0.003064570099215569
2006-12-11,12.0543,2.489421442755133,-0.00041470374159491286
2006-12-12,12.001,2.4849899796493045,-0.004431463105828648
2006-12-13,11.9317,2.4791987238624054,-0.005791255786899097
2006-12-14,12.0094,2.4856896764759044,0.006490952613499079
2006-12-15,11.9641,2.481910499141329,-0.0037791773345752233
2006-12-18,11.5282,2.4447962076098784,-0.03711429153145085
2006-12-19,11.6737,2.457338448318794,0.012542240708915742
2006-12-20,11.5307,2.445013043626323,-0.012325404692471231
2006-12-21,11.3638,2.4304328644002515,-0.014580179226071355
2006-12-22,11.3483,2.429067952973624,-0.0013649114266276463
2006-12-26,11.3967,2.433323839810645,0.004255886837021272
2006-12-27,11.6587,2.4560526824253164,0.02272884261467123
2006-12-28,11.5222,2.444275609257094,-0.011777073168222518
2006-12-29,11.4705,2.4397785221702524,-0.004497087086841489
2007-01-03,11.6478,2.455117320977248,0.015338798806995513
2007-01-04,12.0378,2.488051698932073,0.032934377954825234
2007-01-05,12.136,2.4961762420462312,0.008124543114158111
2007-01-08,12.0458,2.4887160514619477,-0.007460190584283488
2007-01-09,12.0936,2.492676387052361,0.003960335590413422
2007-01-10,12.1923,2.500804604940773,0.008128217888411893
2007-01-11,12.4479,2.5215519339847448,0.020747329043971696
2007-01-12,12.5794,2.5320605553812863,0.010508621396541518
2007-01-16,12.5614,2.5306286197964476,-0.0014319355848386728
2007-01-17,12.387,2.516647535572063,-0.013981084224384599
2007-01-18,12.152,2.4974937652934717,-0.01915377027859133
2007-01-19,12.1998,2.501419558162214,0.003925792868742395
2007-01-22,11.9776,2.483038238727973,-0.01838131943424104
2007-01-23,11.9327,2.479282530704445,-0.0037557080235282037
2007-01-24,12.432,2.5202737936252917,0.04099126292084687
2007-01-25,12.1579,2.497979164255692,-0.022294629369599583
2007-01-26,12.3512,2.51375322434558,0.015774060089887687
2007-01-29,12.2675,2.5069534889819214,-0.00679973536365841
2007-01-30,12.3133,2.5106799790067376,0.003726490024816176
2007-01-31,12.4922,2.5251044495392274,0.014424470532489853
2007-02-01,12.0005,2.4849483155866356,-0.040156133952591766
2007-02-02,11.9941,2.4844148622136455,-0.0005334533729901558
2007-02-05,11.6368,2.4541724904181392,-0.030242371795506262
2007-02-06,11.7444,2.4633765312376372,0.009204040819497994
2007-02-07,11.7075,2.4602296620755597,-0.0031468691620775147
2007-02-08,11.7335,2.4624479983805125,0.002218336304952828
2007-02-09,11.5053,2.4428077987666623,-0.019640199613850218
2007-02-12,11.4156,2.4349808410182745,-0.00782695774838782
2007-02-13,11.436,2.4367662744600653,0.001785433441790829
2007-02-14,11.6059,2.4515135894983136,0.014747315038248221
2007-02-15,11.4953,2.4419382561782004,-0.009575333320113177
2007-02-16,11.706,2.460101530869029,0.01816327469082868
2007-02-20,11.7599,2.4646954390329663,0.0045939081639372326
2007-02-21,11.8536,2.472631618912388,0.007936179879421523
2007-02-22,11.8531,2.472589436744471,-4.218216791684881e-05
2007-02-23,11.723,2.4615527240896915,-0.011036712654779457
2007-02-26,11.581,2.4493658242022405,-0.01218689988745103
2007-02-27,11.1784,2.4139833447841013,-0.03538247941813921
2007-02-28,11.1954,2.4155029796491214,0.0015196348650201585
2007-03-01,11.1656,2.4128376232122974,-0.0026653564368239735
2007-03-02,10.9274,2.3912733964894834,-0.021564226722813995
2007-03-05,10.9842,2.396457876602887,0.005184480113403556
2007-03-06,11.3977,2.433411580659331,0.036953704056443826
2007-03-07,11.3498,2.429200122626783,-0.0042114580325476325
2007-03-08,11.327,2.4271892562185764,-0.0020108664082068017
2007-03-09,11.2831,2.4233060310081087,-0.003883225210467689
2007-03-12,11.328,2.427277536951364,0.003971505943255238
2007-03-13,11.036,2.4011626563550394,-0.026114880596324497
2007-03-14,11.1596,2.4123001140169076,0.011137457661868133
2007-03-15,11.1147,2.408268556498602,-0.00403155751830564
2007-03-16,10.9812,2.3961847197271955,-0.012083836771406453
2007-03-19,11.1406,2.4105960930128356,0.014411373285640128
2007-03-20,11.0918,2.4062060965776277,-0.004389996435207877
2007-03-21,11.3728,2.43122453953814,0.025018442960512477
2007-03-22,11.5093,2.4431554042032353,0.011930864665095076
2007-03-23,11.5043,2.4427208785246215,-0.0004345256786137952
2007-03-26,11.583,2.449538505950209,0.006817627425587336
2007-03-27,11.5487,2.446572876520559,-0.002965629429649841
2007-03-28,11.5053,2.4428077987666623,-0.003765077753896673
2007-03-29,11.4813,2.4407196248983265,-0.0020881738683358186
2007-03-30,11.4126,2.434718008204713,-0.006001616693613432
2007-04-02,11.4216,2.4355062994928733,0.0007882912881602699
2007-04-03,11.7724,2.465757808727017,0.030251509234143548
2007-04-04,11.733,2.4624053844414866,-0.0033524242855302866
2007-04-05,11.7454,2.4634616745764992,0.0010562901350126275
2007-04-09,11.6627,2.4563957150081994,-0.007065959568299807
2007-04-10,11.6204,2.4527621742392105,-0.0036335407689889188
2007-04-11,11.571,2.4485019678942006,-0.004260206345009898
2007-04-12,11.6428,2.4546879632039995,0.0061859953097989084
2007-04-13,11.6149,2.452288756628702,-0.0023992065752973524
2007-04-16,11.8142,2.4693021978089567,0.017013441180254496
2007-04-17,11.7773,2.466173949915288,-0.003128247893668501
2007-04-18,11.857,2.4729184104759336,0.006744460560645482
2007-04-19,11.7484,2.4637170611053967,-0.00920134937053696
2007-04-20,12.0184,2.486438808766077,0.022721747660680247
2007-04-23,11.9337,2.4793663305234865,-0.007072478242590385
2007-04-24,11.8949,2.47610973682593,-0.003256593697556376
2007-04-25,11.9069,2.477118064012674,0.0010083271867440402
2007-04-26,11.9861,2.4837476450681018,0.006629581055427547
2007-04-27,11.9317,2.4791987238624054,-0.004548921205696388
2007-04-30,11.7419,2.463163641169006,-0.01603508269339926
2007-05-01,11.6827,2.4581091150692735,-0.005054526099732559
2007-05-02,11.6025,2.4512205921331938,-0.006888522936079777
2007-05-03,11.7882,2.4670990311380354,0.01587843900484165
2007-05-04,11.7355,2.4626184359794596,-0.004480595158575795
2007-05-07,11.6398,2.454430260025093,-0.008188175954366717
2007-05-08,11.6279,2.4534073827284493,-0.0010228772966436317
2007-05-09,11.6887,2.4586225631410032,0.005215180412553977
2007-05-10,11.4953,2.4419382561782004,-0.016684306962802875
2007-05-11,11.6264,2.4532783743298237,0.01134011815162328
2007-05-14,11.5028,2.4425904839940524,-0.010687890335771222
2007-05-15,11.4086,2.4343674569592957,-0.008223027034756747
2007-05-16,11.7724,2.465757808727017,0.0313903517677212
2007-05-17,11.7315,2.4622775317276386,-0.003480276999378251
2007-05-18,11.7155,2.46091275137335,-0.0013647803542884418
2007-05-21,11.7225,2.4615100719816043,0.000597320608254126
2007-05-22,11.8536,2.472631618912388,0.011121546930783488
2007-05-23,11.8062,2.4686248172137173,-0.004006801698670515
2007-05-24,11.8152,2.4693868381299637,0.000762020916246442
2007-05-25,12.0443,2.488591518977488,0.019204680847524358
2007-05-29,12.134,2.496011429520106,0.007419910542617814
2007-05-30,12.42,2.519308076505333,0.023296646985226932
2007-05-31,12.403,2.5179383788331924,-0.0013696976721404575
2007-06-01,12.4648,2.522908671921008,0.004970293087815492
2007-06-04,12.6312,2.536169943725542,0.013261271804533958
2007-06-05,12.9241,2.5590937854748734,0.022923841749331597
2007-06-06,12.9092,2.5579402354714085,-0.0011535500034649537
2007-06-07,12.83,2.551786178627545,-0.006154056843863387
2007-06-08,12.8404,2.5525964504245566,0.0008102717970115414
2007-06-11,12.7373,2.5445346967572684,-0.00806175366728823
2007-06-12,12.5734,2.5315834713100256,-0.012951225447242809
2007-06-13,12.5854,2.5325374119518687,0.0009539406418430652
2007-06-14,12.5256,2.527774550015176,-0.0047628619366926195
2007-06-15,12.6014,2.5338079188961613,0.006033368880985268
2007-06-18,12.8335,2.552058939554285,0.018251020658123895
2007-06-19,12.8111,2.550311982635729,-0.0017469569185561973
2007-06-20,12.7029,2.5418303138541543,-0.008481668781574747
2007-06-21,12.8066,2.54996066303668,0.008130349182525531
2007-06-22,13.0771,2.570862608908968,0.02090194587228833
2007-06-25,13.1378,2.575493571337208,0.004630962428239904
2007-06-26,13.2087,2.5808757033963925,0.005382132059184475
2007-06-27,13.1095,2.573337158222981,-0.0075385451734115705
2007-06-28,13.0776,2.5709008429548614,-0.0024363152681194933
2007-06-29,13.0203,2.566509677989627,-0.004391164965234395
2007-07-02,13.2116,2.581095231563116,0.014585553573489118
2007-07-03,13.3102,2.5885306585901446,0.007435427027028485
2007-07-05,13.4921,2.6021043289715213,0.01357367038137669
2007-07-06,13.4363,2.59795999957461,-0.004144329396911228
2007-07-09,13.515,2.603800179728411,0.0058401801538008336
2007-07-10,13.5344,2.605234592567613,0.0014344128392020927
2007-07-11,13.5629,2.6073381239533235,0.002103531385710511
2007-07-12,13.5843,2.6089147141307794,0.0015765901774558166
2007-07-13,13.7541,2.621336961483399,0.012422247352619653
2007-07-16,13.7751,2.6228626145407588,0.0015256530573597438
2007-07-17,13.8249,2.626471314109182,0.003608699568423468
2007-07-18,13.6879,2.6165122308940068,-0.009959083215175468
2007-07-19,13.6654,2.614867090814041,-0.0016451400799657456
2007-07-20,12.9561,2.5615667197109104,-0.05330037110313057
2007-07-23,12.7667,2.5468402184811394,-0.014726501229771038
2007-07-24,12.8036,2.549726381382204,0.0028861629010648038
2007-07-25,12.6979,2.5414366254613023,-0.008289755920901865
2007-07-26,12.6541,2.5379812733329485,-0.0034553521283537947
2007-07-27,12.7508,2.545594014734083,0.0076127414011346595
2007-07-30,12.8564,2.553841741827974,0.008247727093890767
2007-07-31,12.7039,2.5419090329372755,-0.011932708890698418
2007-08-01,12.7772,2.547662332613389,0.005753299676113599
2007-08-02,12.7289,2.543874998780763,-0.003787333832625972
2007-08-03,12.5296,2.5280938450145363,-0.015781153766226907
2007-08-06,12.7039,2.5419090329372755,0.01381518792273928
2007-08-07,12.8539,2.5536472672393553,0.011738234302079764
2007-08-08,13.097,2.572383196347266,0.018735929107910554
2007-08-09,12.8215,2.5511234493281973,-0.02125974701906852
2007-08-10,12.8474,2.553141456238466,0.002018006910268433
2007-08-13,12.8409,2.5526353892633273,-0.0005060669751384417
2007-08-14,12.6691,2.539165957871581,-0.0134694313917465
2007-08-15,12.394,2.517212484539916,-0.021953473331664863
2007-08-16,12.2436,2.505003351487123,-0.012209133052793142
2007-08-17,12.4559,2.522194406239997,0.01719105475287419
2007-08-20,12.403,2.5179383788331924,-0.004256027406804641
2007-08-21,12.6192,2.5352194636615892,0.017281084828396853
2007-08-22,12.7727,2.5473100807418336,0.012090617080244392
2007-08-23,12.7588,2.546221229607093,-0.0010888511347406649
2007-08-24,12.8285,2.551669258308609,0.005448028701516172
2007-08-27,12.7851,2.5482804303785755,-0.003388827930033589
2007-08-28,12.6142,2.534823163514527,-0.013457266864048467
2007-08-29,12.7757,2.547544929109151,0.012721765594624124
2007-08-30,12.7388,2.5446524541849542,-0.002892474924196975
2007-08-31,12.8344,2.552129066054729,0.007476611869774885
2007-09-04,13.0815,2.571199018353013,0.019069952298283788
2007-09-05,13.1473,2.5762164143481643,0.005017395995151386
2007-09-06,13.0408,2.568082904309943,-0.008133510038221381
2007-09-07,12.9371,2.5600991526732244,-0.007983751636718495
2007-09-10,12.8156,2.5506631788526635,-0.009435973820560939
2007-09-11,12.9864,2.563902656014498,0.01323947716183449
2007-09-12,13.0188,2.5663944666342684,0.0024918106197704404
2007-09-13,13.0721,2.570480188027187,0.004085721392918629
2007-09-14,13.1712,2.578032627777484,0.007552439750297069
2007-09-17,13.085,2.5714665359821094,-0.006566091795374707
2007-09-18,13.3337,2.5902946650677086,0.018828129085599166
2007-09-19,13.6216,2.611656768124297,0.021362103056588477
2007-09-20,13.7711,2.622572193355396,0.010915425231099007
2007-09-21,13.9519,2.635615699709745,0.01304350635434881
2007-09-24,14.1492,2.649658085388491,0.014042385678746161
2007-09-25,14.1737,2.6513881346497494,0.001730049261258415
2007-09-26,14.1527,2.6499054186076627,-0.001482716042086718
2007-09-27,14.1362,2.64873888319122,-0.0011665354164427377
2007-09-28,14.1307,2.6483497354552172,-0.00038914773600273733
2007-10-01,14.5109,2.6749000911613874,0.026550355706170148
2007-10-02,14.5573,2.6780925860120592,0.0031924948506718565
2007-10-03,14.5478,2.6774397794360727,-0.000652806575986542
2007-10-04,14.4237,2.6688726870158357,-0.00856709242023701
2007-10-05,14.7973,2.6944447316948166,0.025572044678980888
2007-10-08,15.1854,2.7203344399354292,0.025889708240612652
2007-10-09,15.3239,2.7294137011058073,0.00907926117037805
2007-10-10,15.5785,2.745891758529085,0.016478057423277903
2007-10-11,15.4938,2.740439943903861,-0.0054518146252240385
2007-10-12,15.8774,2.7648967144544065,0.024456770550545404
2007-10-15,15.447,2.737414809732114,-0.027481904722292505
2007-10-16,15.3443,2.730744069566219,-0.006670740165894973
2007-10-17,15.7797,2.758724303830165,0.027980234263945913
2007-10-18,15.9327,2.7683736010853153,0.009649297255150291
2007-10-19,16.0598,2.776319255140948,0.007945654055632634
2007-10-22,16.2102,2.7856406737343957,0.009321418593447817
2007-10-23,16.8329,2.823335304707601,0.037694630973205356
2007-10-24,16.8344,2.8234244119422764,8.910723467536741e-05
2007-10-25,16.6526,2.8125663603915054,-0.01085805155077102
2007-10-26,16.8041,2.8216229042534846,0.009056543861979183
2007-10-29,16.9196,2.828472713236694,0.0068498089832091935
2007-10-30,17.3063,2.851070597062611,0.022597883825917098
2007-10-31,17.6111,2.8685293850660902,0.01745878800347933
2007-11-01,17.5164,2.863137584942396,-0.005391800123694335
2007-11-02,17.7168,2.874513341961707,0.011375757019310928
2007-11-05,18.0755,2.894557430179517,0.02004408821781034
2007-11-06,18.478,2.9165808352485536,0.02202340506903644
2007-11-07,18.2573,2.9045650000498275,-0.012015835198726066
2007-11-08,17.2833,2.8497407173652585,-0.05482428268456907
2007-11-09,16.539,2.8057212282756563,-0.04401948908960218
2007-11-12,15.745,2.756522854552988,-0.04919837372266844
2007-11-13,16.4543,2.800586841229122,0.04406398667613409
2007-11-14,15.9841,2.771594478142884,-0.028992363086238093
2007-11-15,15.6842,2.752653836197799,-0.018940641945084824
2007-11-16,15.7837,2.758977761950736,0.006323925752937054
2007-11-19,15.5895,2.7465976107144487,-0.012380151236287329
2007-11-20,16.1549,2.782223409223258,0.035625798508809314
2007-11-21,16.4533,2.800526064995042,0.018302655771783805
2007-11-23,16.8564,2.8247304066427272,0.024204341647685368
2007-11-26,16.5899,2.8087940764566395,-0.015936330186087755
2007-11-27,16.7782,2.820080424724971,0.011286348268331636
2007-11-28,17.244,2.847464256884888,0.02738383215991691
2007-11-29,17.362,2.8542839099696162,0.0068196530847282055
2007-11-30,17.2624,2.8485307258149386,-0.005753184154677626
2007-12-03,16.9764,2.831824144270752,-0.016706581544186694
2007-12-04,17.0423,2.8356984888184797,0.003874344547727837
2007-12-05,17.4,2.856470206220483,0.020771717402003453
2007-12-06,17.8169,2.8801474450689186,0.023677238848435422
2007-12-07,17.8074,2.8796141012432046,-0.0005333438257140166
2007-12-10,17.8956,2.8845548725745997,0.004940771331395144
2007-12-11,17.4169,2.8574409992162564,-0.027113873358343366
2007-12-12,17.4209,2.8576706348429366,0.00022963562668021353
2007-12-13,17.2883,2.850029972131301,-0.00764066271163566
2007-12-14,17.1867,2.8441358288889713,-0.005894143242329619
2007-12-17,16.6706,2.813646688916417,-0.030489139972554202
2007-12-18,16.7732,2.8197823745668846,0.006135685650467515
2007-12-19,16.8729,2.825708784570297,0.005926410003412208
2007-12-20,17.1797,2.8437284542383354,0.018019669668038585
2007-12-21,17.354,2.853823027371298,0.01009457313296247
2007-12-24,17.4547,2.85960895335688,0.005785925985581919
2007-12-26,17.7068,2.8739487465921996,0.014339793235319753
2007-12-27,17.4552,2.859637598526304,-0.014311148065895729
2007-12-28,17.4996,2.8621780235253826,0.0025404249990788053
2007-12-31,17.2246,2.846338594569128,-0.015839428956254675
2008-01-02,17.0681,2.8372112242258622,-0.009127370343265717
2008-01-03,17.0711,2.837386975269104,0.0001757510432418563
2008-01-04,16.3657,2.795187681251613,-0.042199294017490896
2008-01-07,16.1724,2.7833060855809766,-0.011881595670636624
2008-01-08,15.735,2.7558875305163704,-0.02741855506460622
2008-01-09,16.2711,2.789390528042051,0.033502997525680644
2008-01-10,16.1096,2.7794153675820588,-0.00997516045999225
2008-01-11,15.8984,2.7662184752319376,-0.013196892350121114
2008-01-14,16.2865,2.790336543789435,0.02411806855749754
2008-01-15,15.8834,2.765274538695066,-0.025062005094369066
2008-01-16,15.3433,2.730678896662482,-0.03459564203258392
2008-01-17,14.9657,2.705760916020932,-0.02491798064155004
2008-01-18,14.9518,2.704831693926829,-0.000929222094103288
2008-01-22,14.5563,2.678023889595237,-0.0268078043315918
2008-01-23,13.6659,2.6149036789016957,-0.06312021069354135
2008-01-24,14.3101,2.660965581664138,0.046061902762442486
2008-01-25,14.1089,2.646805803931369,-0.014159777732769108
2008-01-28,13.8493,2.6282346898398363,-0.01857111409153278
2008-01-29,13.7133,2.6183661648293914,-0.009868525010444884
2008-01-30,13.6575,2.6142888212877358,-0.004077343541655676
2008-01-31,14.0565,2.643084922249851,0.02879610096211538
2008-02-01,12.8509,2.5534138477991246,-0.08967107445072653
2008-02-04,12.3413,2.512951361388774,-0.04046248641035044
2008-02-05,12.6242,2.5356156068170588,0.022664245428284602
2008-02-06,12.4977,2.5255446273781788,-0.010070979438880023
2008-02-07,12.5784,2.531981057173929,0.006436429795750431
2008-02-08,12.8708,2.5549611797383385,0.02298012256440929
2008-02-11,12.982,2.563563782611277,0.008602602872938458
2008-02-12,12.9053,2.557638079703939,-0.005925702907338071
2008-02-13,13.3172,2.58905643280477,0.03141835310083119
2008-02-14,13.2579,2.584593601174975,-0.004462831629794994
2008-02-15,13.1932,2.579701545341044,-0.004892055833931153
2008-02-19,12.6781,2.5398760955103117,-0.03982544983073222
2008-02-20,12.6791,2.5399549685720473,7.887306173559594e-05
2008-02-21,12.5261,2.5278144674658933,-0.012140501106153945
2008-02-22,12.6491,2.5375860663974557,0.00977159893156232
2008-02-25,12.1171,2.4946176780832023,-0.042968388314253314
2008-02-26,11.563,2.447810345146825,-0.0468073329363774
2008-02-27,11.7788,2.466301305462431,0.018490960315606042
2008-02-28,11.8421,2.4716609785934365,0.0053596731310054935
2008-02-29,11.7369,2.462737725016938,-0.008923253576498258
2008-03-03,11.3843,2.4322352132161487,-0.030502511800789556
2008-03-04,11.0749,2.404681286545062,-0.027553926671086693
2008-03-05,11.1521,2.4116278209793998,0.006946534434337792
2008-03-06,10.7784,2.377544131459501,-0.03408368951989882
2008-03-07,10.7949,2.379073800375925,0.0015296689164241428
2008-03-10,10.3031,2.3324448208267285,-0.046628979549196536
2008-03-11,10.9562,2.393905506071746,0.061460685245017466
2008-03-12,10.9647,2.3946810217144443,0.0007755156426982879
2008-03-13,11.035,2.4010720397086995,0.0063910179942552325
2008-03-14,10.9084,2.3895331346447017,-0.011538905063997795
2008-03-17,10.4591,2.3474724128699362,-0.0420607217747655
2008-03-18,10.9394,2.3923709508828677,0.04489853801293142
2008-03-19,10.761,2.375928487218255,-0.01644246366461255
2008-03-20,10.7999,2.3795368748280477,0.0036083876097925405
2008-03-24,11.4725,2.4399528672868516,0.06041599245880391
2008-03-25,11.2288,2.418481906406759,-0.021470960880092704
2008-03-26,11.4136,2.4348056268184677,0.01632372041170882
2008-03-27,11.0619,2.4035067715750174,-0.03129885524345033
2008-03-28,10.9124,2.3898997573207543,-0.013607014254263028
2008-03-31,10.9722,2.3953648011265054,0.00546504380575108
2008-04-01,11.601,2.45109130129327,0.05572650016676439
2008-04-02,11.6005,2.451048200631668,-4.3100661601958024e-05
2008-04-03,11.3369,2.4280628923208956,-0.02298530831077228
2008-04-04,11.7345,2.462533220811108,0.03447032849021259
2008-04-07,11.8774,2.4746374347633453,0.012104213952237153
2008-04-08,11.6527,2.4555379128162413,-0.01909952194710396
2008-04-09,11.563,2.447810345146825,-0.007727567669416402
2008-04-10,11.6847,2.45828029372029,0.010469948573465171
2008-04-11,11.3947,2.433148335014526,-0.025131958705764124
2008-04-14,11.2508,2.420439237233265,-0.012709097781260947
2008-04-15,11.1306,2.4096980721902455,-0.010741165043019585
2008-04-16,11.3349,2.4278864616885514,0.018188389498305924
2008-04-17,11.1979,2.415726260720726,-0.012160200967825219
2008-04-18,13.4363,2.59795999957461,0.18223373885388394
2008-04-21,13.3964,2.5949860141457672,-0.0029739854288428624
2008-04-22,13.8249,2.626471314109182,0.03148529996341498
2008-04-23,13.6126,2.61099583442126,-0.015475479687922178
2008-04-24,13.5269,2.6046802954575683,-0.006315538963691747
2008-04-25,13.5524,2.6065636534127186,0.0018833579551502666
2008-04-28,13.7531,2.621264253246978,0.014700599834259531
2008-04-29,13.9116,2.632723024482219,0.01145877123524075
2008-04-30,14.3051,2.66061611704038,0.027893092558161303
2008-05-01,14.7735,2.6928350352957295,0.032218918255349394
2008-05-02,14.4795,2.6727338559746423,-0.020101179321087237
2008-05-05,14.8188,2.6958966449296398,0.02316278895499746
2008-05-06,14.6061,2.6814392496759187,-0.014457395253721028
2008-05-07,14.4227,2.668803354274114,-0.012635895401804653
2008-05-08,14.5224,2.6756922849940845,0.006888930719970432
2008-05-09,14.2782,2.6587338985462483,-0.016958386447836205
2008-05-12,14.5706,2.6790057998671126,0.020271901320864316
2008-05-13,14.5224,2.6756922849940845,-0.0033135148730281117
2008-05-14,14.3554,2.6641261780402603,-0.011566106953824207
2008-05-15,14.4725,2.6722502969710225,0.008124118930762148
2008-05-16,14.4496,2.6706667325143973,-0.0015835644566251084
2008-05-19,14.3858,2.666241608943409,-0.004425123570988454
2008-05-20,14.4128,2.66811670064307,0.0018750916996612688
2008-05-21,13.7003,2.6174177304045445,-0.050698970238525654
2008-05-22,13.6869,2.6164391709994725,-0.000978559405071966
2008-05-23,13.5664,2.6075961475676013,-0.008843023431871266
2008-05-27,13.9718,2.6370410124991626,0.029444864931561288
2008-05-28,14.1547,2.65004672441486,0.01300571191569766
2008-05-29,14.5224,2.6756922849940845,0.02564556057922429
2008-05-30,14.5921,2.680480286378669,0.0047880013845844616
2008-06-02,14.3231,2.661873618550916,-0.018606667827752776
2008-06-03,14.1312,2.648385118780475,-0.013488499770441198
2008-06-04,14.2539,2.657030553480494,0.008645434700019106
2008-06-05,14.6046,2.6813365475837867,0.024305994103292594
2008-06-06,14.1237,2.6478542373987572,-0.03348231018502945
2008-06-09,13.8966,2.631644205899584,-0.016210031499173105
2008-06-10,13.804,2.624958405235757,-0.0066858006638272904
2008-06-11,13.5808,2.6086570305574175,-0.016301374678339364
2008-06-12,13.7741,2.622790017151329,0.01413298659391149
2008-06-13,14.2364,2.655802065033486,0.03301204788215717
2008-06-16,14.2682,2.6580332847799557,0.0022312197464695593
2008-06-17,14.1851,2.6521921179363535,-0.005841166843602252
2008-06-18,14.0087,2.639678565179908,-0.012513552756445279
2008-06-19,13.9544,2.635794870721788,-0.0038836944581199795
2008-06-20,13.6111,2.6108856363216986,-0.02490923440008963
2008-06-23,13.5808,2.6086570305574175,-0.0022286057642810775
2008-06-24,13.5086,2.6033265196594595,-0.005330510897957996
2008-06-25,13.7253,2.6192408450802107,0.01591432542075122
2008-06-26,13.1727,2.578146506132748,-0.04109433894746273
2008-06-27,13.1543,2.5767487013698873,-0.001397804762860666
2008-06-30,13.113,2.573604104549287,-0.0031445968206003094
2008-07-01,13.3197,2.5892441423360846,0.015640037786797567
2008-07-02,13.1285,2.5747854395951184,-0.014458702740966167
2008-07-03,13.3765,2.593499436026492,0.018713996431373392
2008-07-07,13.5489,2.6063053632185613,0.012805927192069522
2008-07-08,13.8129,2.625602938134678,0.019297574916116833
2008-07-09,13.4896,2.601919018186274,-0.023683919948404242
2008-07-10,13.4657,2.600145711544313,-0.0017733066419607368
2008-07-11,13.2968,2.587523404774763,-0.012622306769550118
2008-07-14,12.9934,2.564441536234469,-0.02308186854029426
2008-07-15,12.8554,2.5537639565309114,-0.010677579703557427
2008-07-16,13.3416,2.590886973325232,0.03712301679432084
2008-07-17,13.2878,2.586846321023732,-0.004040652301500192
2008-07-18,11.9896,2.4840396073486493,-0.10280671367508276
2008-07-21,11.6777,2.4576810402010048,-0.026358567147644507
2008-07-22,11.8849,2.475268686809574,0.017587646608569152
2008-07-23,12.1863,2.5003123699378484,0.02504368312827454
2008-07-24,11.8476,2.472125315423267,-0.028187054514581256
2008-07-25,12.2551,2.5059421768815042,0.033816861458237035
2008-07-28,11.8849,2.475268686809574,-0.03067349007193032
2008-07-29,12.0344,2.4877692154014768,0.01250052859190287
2008-07-30,12.0239,2.486896335716156,-0.0008728796853207932
2008-07-31,11.8012,2.468201221216296,-0.018695114499859944
2008-08-01,11.6542,2.455666630063243,-0.01253459115305322
2008-08-04,11.5332,2.445229832635102,-0.010436797428140743
2008-08-05,11.9526,2.480948827933656,0.035718995298553935
2008-08-06,12.1146,2.4944113368022465,0.013462508868590461
2008-08-07,11.9347,2.4794501233207065,-0.014961213481540003
2008-08-08,12.3303,2.5120596477805046,0.032609524459798145
2008-08-11,12.4757,2.5237827522877994,0.011723104507294746
2008-08-12,12.5197,2.5273034037235256,0.0035206514357262186
2008-08-13,12.4559,2.522194406239997,-0.0051089974835285545
2008-08-14,12.5914,2.5330140412386397,0.010819634998642691
2008-08-15,12.7079,2.542223847317448,0.009209806078808391
2008-08-18,12.4125,2.518704029371291,-0.023519817946157318
2008-08-19,12.2182,2.5029266433848094,-0.015777385986481374
2008-08-20,12.0813,2.4916588026105337,-0.011267840774275673
2008-08-21,12.1191,2.4947827204582067,0.0031239178476729634
2008-08-22,12.2207,2.503131235245222,0.008348514787015482
2008-08-25,12.0314,2.4875198989428062,-0.015611336302415957
2008-08-26,11.8112,2.469048233853542,-0.01847166508926401
2008-08-27,11.6722,2.4572099460976706,-0.01183828775587159
2008-08-28,11.8017,2.4682435888914607,0.011033642793790044
2008-08-29,11.5402,2.4458365919523035,-0.022406996939157153
2008-09-02,11.589,2.450056372352254,0.004219780399950412
2008-09-03,11.568,2.4482426654164087,-0.0018137069358452607
2008-09-04,11.2158,2.417323498464204,-0.03091916695220487
2008-09-05,11.0659,2.4038683077461296,-0.013455190718074217
2008-09-08,10.4611,2.347663615631487,-0.05620469211464263
2008-09-09,10.4286,2.3445520318153523,-0.003111583816134633
2008-09-10,10.3166,2.333754248406075,-0.010797783409277173
2008-09-11,10.8048,2.3799904798384404,0.046236231432365216
2008-09-12,10.902,2.388946258642089,0.008955778803648506
2008-09-15,10.8073,2.380221831721057,-0.008724426921031814
2008-09-16,11.033,2.400890781778169,0.02066895005711178
2008-09-17,10.3246,2.3345293971765506,-0.06636138460161822
2008-09-18,10.9374,2.3921881087847936,0.057658711608242985
2008-09-19,11.1884,2.4148775272926675,0.02268941850787387
2008-09-22,10.7147,2.3716166304001276,-0.04326089689253987
2008-09-23,10.6932,2.3696080254245375,-0.002008604975590078
2008-09-24,10.8387,2.3831230626205167,0.01351503719597913
2008-09-25,10.9504,2.3933759852756826,0.010252922655165975
2008-09-26,10.737,2.3736957204519986,-0.019680264823684013
2008-09-29,9.49059,2.2503007813953246,-0.12339493905667398
2008-09-30,9.97682,2.300264402273181,0.04996362087785622
2008-10-01,10.2558,2.3278433992081404,0.027578996934959576
2008-10-02,9.72674,2.274878793808664,-0.05296460539947656
2008-10-03,9.63806,2.2657198435567216,-0.009158950251942244
2008-10-06,9.24648,2.224242938559868,-0.04147690499685375
2008-10-07,8.61875,2.153940062559475,-0.07030287600039298
2008-10-08,8.42247,2.1309031344044267,-0.02303692815504821
2008-10-09,8.19479,2.1034985864861273,-0.027404547918299382
2008-10-10,8.27001,2.1126357182247117,0.009137131738584436
2008-10-13,9.49109,2.2503534637711855,0.13771774554647376
2008-10-14,9.03525,2.201133593832935,-0.04921986993825067
2008-10-15,8.44838,2.1339747070128943,-0.06715888682004056
2008-10-16,8.79362,2.174026458544566,0.04005175153167162
2008-10-17,9.27985,2.2278453828743703,0.053818924329804396
2008-10-20,9.44875,2.2458824576242495,0.018037074749879256
2008-10-21,9.03624,2.2012431586780017,-0.04463929894624785
2008-10-22,8.85989,2.181534349190031,-0.01970880948797049
2008-10-23,8.77618,2.1720412332457277,-0.009493115944303465
2008-10-24,8.45136,2.1343273751641068,-0.03771385808162098
2008-10-27,8.20725,2.105017909984525,-0.02930946517958155
2008-10-28,9.1857,2.2176479269770977,0.11263001699257247
2008-10-29,8.91767,2.188034701708113,-0.02961322526898469
2008-10-30,8.95952,2.1927166541232674,0.004681952415154456
2008-10-31,8.95155,2.1918267016496262,-0.000889952473641209
2008-11-03,8.63071,2.1553267728584125,-0.036499928791213776
2008-11-04,9.14036,2.212699771998933,0.05737299914052052
2008-11-05,8.52509,2.1430135802986046,-0.06968619170032841
2008-11-06,8.25059,2.1102847129410183,-0.03272886735758629
2008-11-07,8.2486,2.1100434889767326,-0.00024122396428571946
2008-11-10,7.94071,2.072002691916168,-0.038040797060564735
2008-11-11,7.75837,2.04877226058482,-0.023230431331347834
2008-11-12,7.24872,1.9808249015553552,-0.0679473590294648
2008-11-13,7.77382,2.0507616780585494,0.06993677650319419
2008-11-14,7.7225,2.0441381458106,-0.006623532247949537
2008-11-17,7.4759,2.0116845133668835,-0.03245363244371635
2008-11-18,7.40865,2.00264823647525,-0.009036276891633666
2008-11-19,6.9792,1.9429342970251728,-0.05971393945007697
2008-11-20,6.46556,1.8664896287354569,-0.07644466828971597
2008-11-21,6.53731,1.8775257658711868,0.011036137135729929
2008-11-24,6.41275,1.8582881960917155,-0.01923756977947133
2008-11-25,7.02554,1.9495520805929931,0.09126388450127765
2008-11-26,7.27562,1.9845290327939489,0.03497695220095576
2008-11-28,7.29755,1.9875386753841882,0.003009642590239281
2008-12-01,6.62599,1.8909997946704076,-0.09653888071378058
2008-12-02,6.85317,1.924711318950027,0.03371152427961932
2008-12-03,6.96076,1.9402886637872432,0.01557734483721629
2008-12-04,6.83373,1.9218706445719753,-0.018418019215267867
2008-12-05,7.07435,1.9564755665172184,0.03460492194524312
2008-12-08,7.52572,2.0183264871209214,0.06185092060370301
2008-12-09,7.62186,2.0310204344005314,0.01269394727960993
2008-12-10,7.69261,2.0402601277543297,0.009239693353798373
2008-12-11,7.4784,2.0120188653624016,-0.028241262391928146
2008-12-12,7.86549,2.0624848359046224,0.050465970542220795
2008-12-15,7.73895,2.046266019484404,-0.016218816420218385
2008-12-16,8.10263,2.092188700335586,0.04592268085118212
2008-12-17,7.85254,2.060837046336825,-0.031351653998761275
2008-12-18,7.72898,2.0449769004645093,-0.015860145872315545
2008-12-19,7.726,2.0445912642440898,-0.0003856362204195385
2008-12-22,7.40117,2.0016380958204625,-0.042953168423627286
2008-12-23,7.42359,2.004662767665768,0.0030246718453055266
2008-12-24,7.54664,2.021102431091725,0.01643966342595693
2008-12-26,7.48188,2.012484097304955,-0.008618333786770016
2008-12-29,7.40865,2.00264823647525,-0.009835860829705112
2008-12-30,7.55063,2.02163100348831,0.01898276701306001
2008-12-31,7.66322,2.036432260958909,0.01480125747059935
2009-01-02,8.00399,2.079940167345394,0.04350790638648494
2009-01-05,8.17138,2.1006378052568286,0.02069763791143453
2009-01-06,8.32134,2.118823299557027,0.018185494300198446
2009-01-07,8.02092,2.0820531285163226,-0.03677017104070446
2009-01-08,8.10064,2.091943070902761,0.009889942386438477
2009-01-09,7.84855,2.060328801356904,-0.031614269545857
2009-01-12,7.78876,2.052681668778536,-0.007647132578368243
2009-01-13,7.82962,2.05791397753512,0.005232308756584203
2009-01-14,7.49732,2.014545623350163,-0.04336835418495699
2009-01-15,7.448,2.007945539974766,-0.00660008337539697
2009-01-16,7.46493,2.010216053854087,0.00227051387932109
2009-01-20,7.04347,1.9521009464630406,-0.05811510739104664
2009-01-21,7.54963,2.021498555437553,0.06939760897451253
2009-01-22,7.63483,2.0327206725418954,0.011222117104342288
2009-01-23,8.08817,2.0904025002905526,0.057681827748657266
2009-01-26,8.06775,2.0878746329980875,-0.0025278672924651246
2009-01-27,8.25707,2.1110698030546793,0.023195170056591774
2009-01-28,8.68552,2.1616572712455784,0.0505874681908991
2009-01-29,8.552,2.146165173722744,-0.015492097522834314
2009-01-30,8.43244,2.1320861726007525,-0.014079001121991563
2009-02-02,8.48325,2.138093631097463,0.006007458496710694
2009-02-03,8.48025,2.137739930501327,-0.0003537005961362638
2009-02-04,8.54403,2.14523279344763,0.007492862946302914
2009-02-05,8.81105,2.176006615593267,0.030773822145637286
2009-02-06,9.24847,2.2244581324379458,0.04845151684467863
2009-02-09,9.4348,2.244404980927583,0.019946848489637237
2009-02-10,8.93062,2.1894858213697113,-0.054919159557871744
2009-02-11,8.91867,2.1881468323359266,-0.00133898903378471
2009-02-12,9.04323,2.20201641147228,0.013869579136353671
2009-02-13,8.9097,2.1871405708821996,-0.014875840590080625
2009-02-17,8.53556,2.144240966279139,-0.04289960460306075
2009-02-18,8.79611,2.1743095782987214,0.030068612019582552
2009-02-19,8.53506,2.1441823860986715,-0.03012719220004989
2009-02-20,8.62972,2.1552120596095437,0.01102967351087214
2009-02-23,8.2217,2.1067770003373685,-0.048435059272175174
2009-02-24,8.60481,2.1523213492337936,0.04554434889642511
2009-02-25,8.51015,2.141259568751915,-0.011061780481878447
2009-02-26,8.39905,2.128118604215424,-0.013140964536491051
2009-02-27,8.41947,2.1305468809049217,0.0024282766894976326
2009-03-02,8.14945,2.0979504403130025,-0.03259644059191924
2009-03-03,8.10761,2.0928031267915386,-0.005147313521463914
2009-03-04,7.94421,2.072443361438789,-0.020359765352749637
2009-03-05,7.6134,2.029909852648787,-0.04253350879000184
2009-03-06,7.68614,2.03941870691301,0.009508854264222766
2009-03-09,7.24573,1.9804123298410214,-0.059006377071988414
2009-03-10,7.67617,2.0381207248517508,0.05770839501072933
2009-03-11,7.91929,2.0693015553432037,0.031180830491452927
2009-03-12,8.05878,2.086762180297467,0.01746062495426326
2009-03-13,8.0812,2.0895403763572507,0.0027781960597836886
2009-03-16,7.96313,2.074822138647511,-0.014718237709739679
2009-03-17,8.35322,2.1226470932696255,0.04782495462211456
2009-03-18,8.29742,2.115944623107243,-0.006702470162382568
2009-03-19,8.2187,2.1064120457093423,-0.009532577397900699
2009-03-20,8.22418,2.107078595632822,0.0006665499234799199
2009-03-23,8.68352,2.1614269764211276,0.054348380788305395
2009-03-24,8.64765,2.1572876077325187,-0.004139368688608869
2009-03-25,8.57093,2.1483762448083747,-0.008911362924143962
2009-03-26,8.8001,2.1747630850559587,0.026386840247583976
2009-03-27,8.66109,2.1588405807046853,-0.015922504351273403
2009-03-30,8.53606,2.1442995430281693,-0.014541037676516044
2009-03-31,8.67006,2.1598757111837292,0.015576168155559955
2009-04-01,8.82002,2.177024137589825,0.01714842640609593
2009-04-02,9.02976,2.200525789002601,0.023501651412775715
2009-04-03,9.2111,2.220409278531685,0.01988348952908403
2009-04-06,9.17275,2.2162371322588172,-0.004172146272867661
2009-04-07,8.93361,2.18982056851839,-0.026416563740427446
2009-04-08,9.01732,2.199147172409748,0.00932660389135842
2009-04-09,9.27886,2.2277386944244792,0.02859152201473103
2009-04-13,9.41886,2.242714062156588,0.014975367732108946
2009-04-14,9.18969,2.2180822034809116,-0.024631858675676632
2009-04-15,9.45323,2.246356482047499,0.028274278566587263
2009-04-16,9.6834,2.2704130792876946,0.02405659724019582
2009-04-17,9.77058,2.2793758296969346,0.008962750409239995
2009-04-20,9.44825,2.245829539171573,-0.033546290525361844
2009-04-21,9.50256,2.251561235989194,0.005731696817621312
2009-04-22,9.56184,2.2577801771628483,0.00621894117365418
2009-04-23,9.58227,2.25991451589738,0.0021343387345318376
2009-04-24,9.70183,2.2723145275091308,0.012400011611750639
2009-04-27,9.61415,2.263235971596779,-0.009078555912351849
2009-04-28,9.55835,2.2574151180249675,-0.005820853571811391
2009-04-29,9.75165,2.277436501461075,0.020021383436107598
2009-04-30,9.86325,2.288815728908047,0.01137922744697173
2009-05-01,9.80645,2.283040332447378,-0.005775396460669047
2009-05-04,10.0132,2.3039042225599435,0.02086389011256573
2009-05-05,10.0387,2.306447623808343,0.0025434012483995794
2009-05-06,10.0505,2.3076223845113137,0.001174760702970623
2009-05-07,9.87919,2.2904305245932526,-0.01719185991806116
2009-05-08,10.1462,2.3170992511520683,0.026668726558815692
2009-05-11,10.1627,2.3187241548770783,0.0016249037250100073
2009-05-12,9.93897,2.296463393568998,-0.0222607613080803
2009-05-13,9.70333,2.2724691255648013,-0.023994268004196684
2009-05-14,9.65251,2.2672179851567535,-0.00525114040804775
2009-05-15,9.71478,2.2736484371792716,0.006430452022518018
2009-05-18,9.88517,2.291035654249106,0.01738721706983437
2009-05-19,9.93598,2.2961625123066494,0.005126858057543426
2009-05-20,9.89364,2.2918921264552456,-0.004270385851403713
2009-05-21,9.8767,2.290178447869482,-0.001713678585763656
2009-05-22,9.80197,2.2825833858827944,-0.007595061986687579
2009-05-26,10.0725,2.309808938083365,0.027225552200570657
2009-05-27,10.1024,2.3127730193815355,0.0029640812981703846
2009-05-28,10.2229,2.324630301862611,0.011857282481075426
2009-05-29,10.3933,2.3411613677722856,0.01653106590967468
2009-06-01,10.6255,2.3632567725267783,0.022095404754492787
2009-06-02,10.6713,2.3675578948181073,0.0043011222913289515
2009-06-03,10.752,2.375091783780794,0.007533888962686586
2009-06-04,10.9672,2.3949090001395534,0.01981721635875955
2009-06-05,11.0679,2.404049026827846,0.00914002668829239
2009-06-08,10.9294,2.391456405896678,-0.012592620931167975
2009-06-09,10.8512,2.3842756729491823,-0.0071807329474955495
2009-06-10,10.776,2.377321439108063,-0.006954233841119262
2009-06-11,10.6863,2.3689625472571745,-0.008358891850888561
2009-06-12,10.5826,2.3592111429312523,-0.009751404325922142
2009-06-15,10.3814,2.340015743402112,-0.01919539952914029
2009-06-16,10.3624,2.3381838702339093,-0.001831873168202769
2009-06-17,10.3415,2.3361649262572413,-0.0020189439766680195
2009-06-18,10.3141,2.333511891141199,-0.0026530351160420906
2009-06-19,10.4641,2.3479503512441027,0.014438460102903505
2009-06-22,10.1472,2.317197805361891,-0.030752545882211546
2009-06-23,10.1054,2.3130699344363204,-0.004127870925570765
2009-06-24,10.1951,2.3219072127080826,0.008837278271762283
2009-06-25,10.3564,2.337604686095086,0.015697473387003225
2009-06-26,10.5946,2.3603444373501894,0.022739751255103524
2009-06-29,10.5652,2.357565581319509,-0.002778856030680288
2009-06-30,10.5019,2.3515561931745226,-0.006009388144986527
2009-07-01,10.4371,2.345366766089322,-0.006189427085200538
2009-07-02,10.1751,2.3199435592901922,-0.025423206799129794
2009-07-06,10.203,2.322681794693168,0.002738235402975686
2009-07-07,9.88018,2.2905307302173012,-0.032151064475866686
2009-07-08,10.0257,2.3051517961913595,0.014621065974058212
2009-07-09,10.2229,2.324630301862611,0.019478505671251423
2009-07-10,10.3226,2.334335666306868,0.009705364444257292
2009-07-13,10.5692,2.3579441111143233,0.023608444807455164
2009-07-14,10.5786,2.3588330925326324,0.000888981418309065
2009-07-15,10.9144,2.390083018266527,0.031249925733894734
2009-07-16,11.0251,2.4001744915865593,0.01009147332003213
2009-07-17,10.7172,2.3718499274957034,-0.02832456409085582
2009-07-20,10.7152,2.371663294173649,-0.00018663332205459682
2009-07-21,10.6588,2.3663858420447075,-0.005277452128941373
2009-07-22,10.6533,2.36586970331393,-0.0005161387307772713
2009-07-23,10.894,2.3882121789614827,0.02234247564755254
2009-07-24,11.1276,2.4094285086120437,0.021216329650560972
2009-07-27,11.0799,2.405132656007652,-0.004295852604391914
2009-07-28,10.9562,2.393905506071746,-0.01122714993590579
2009-07-29,10.8666,2.385693864716408,-0.008211641355337918
2009-07-30,11.1008,2.4070171777932936,0.02132331307688551
2009-07-31,11.036,2.4011626563550394,-0.005854521438254157
2009-08-03,11.2641,2.421620677217188,0.02045802086214854
2009-08-04,11.302,2.4249797012076515,0.0033590239904635055
2009-08-05,11.2378,2.419283095770653,-0.005696605436998681
2009-08-06,11.2183,2.417546373463455,-0.001736722307197791
2009-08-07,11.3863,2.4324108783286307,0.014864504865175654
2009-08-10,11.3738,2.4313124647665827,-0.001098413562047984
2009-08-11,11.3075,2.4254662223698613,-0.0058462423967213795
2009-08-12,11.4231,2.435637620981197,0.010171398611335647
2009-08-13,11.5153,2.443676585907657,0.008038964926460057
2009-08-14,11.4585,2.438731812667387,-0.004944773240270095
2009-08-17,11.0818,2.40530412299842,-0.03342768966896692
2009-08-18,11.0918,2.4062060965776277,0.0009019735792077377
2009-08-19,11.0589,2.4032355336434423,-0.0029705629341854056
2009-08-20,11.4685,2.439604146652133,0.036368613008690875
2009-08-21,11.589,2.450056372352254,0.01045222570012072
2009-08-24,11.6757,2.457509758931049,0.007453386578795129
2009-08-25,11.7414,2.463121057716078,0.005611298785028751
2009-08-26,11.6577,2.4559669058902927,-0.00715415182578516
2009-08-27,11.6094,2.451815114787801,-0.004151791102491753
2009-08-28,11.577,2.4490203712235914,-0.002794743564209501
2009-08-31,11.5003,2.4423731219854674,-0.006647249238123987
2009-09-01,11.3528,2.4294644095381908,-0.012908712447276649
2009-09-02,11.2841,2.423394655206118,-0.0060697543320729075
2009-09-03,11.3967,2.433323839810645,0.009929184604527297
2009-09-04,11.4908,2.4415467151984354,0.008222875387790207
2009-09-08,11.4241,2.4357251590603175,-0.005821556138117856
2009-09-09,11.5571,2.447299966720428,0.01157480766011032
2009-09-10,11.731,2.4622349105235832,0.01493494380315541
2009-09-11,11.7609,2.4647804701544076,0.0025455596308243678
2009-09-14,11.8351,2.471069692444403,0.006289222289995511
2009-09-15,11.8954,2.476151770764138,0.005082078319734951
2009-09-16,12.1629,2.49839033494666,0.02223856418252179
2009-09-17,12.2486,2.5054116447453403,0.007021309798680431
2009-09-18,12.2421,2.5048808309954174,-0.0005308137499229204
2009-09-21,12.3802,2.516098422214811,0.011217591219393697
2009-09-22,12.4315,2.5202335740262756,0.00413515181146451
2009-09-23,12.4165,2.5190262332485798,-0.0012073407776957978
2009-09-24,12.3742,2.515613659900435,-0.0034125733481449316
2009-09-25,12.2675,2.5069534889819214,-0.008660170918513455
2009-09-28,12.418,2.519147032942701,0.01219354396077943
2009-09-29,12.418,2.519147032942701,0.0
2009-09-30,12.3512,2.51375322434558,-0.005393808597121019
2009-10-01,12.136,2.4961762420462312,-0.017576982299348565
2009-10-02,12.0708,2.490789312946156,-0.005386929100075211
2009-10-05,12.1689,2.4988835167187946,0.008094203772638586
2009-10-06,12.4235,2.5195898403488455,0.02070632363005087
2009-10-07,12.8918,2.556591450336114,0.037001609987268314
2009-10-08,12.8081,2.5500777832841717,-0.006513667051942118
2009-10-09,12.8594,2.5540750614224343,0.003997278138262672
2009-10-12,13.0537,2.569071618487327,0.014996557064892446
2009-10-13,13.1055,2.573031989424122,0.003960370936795243
2009-10-14,13.3347,2.5903696601930606,0.01733767076893855
2009-10-15,13.2002,2.5802319809926937,-0.0101376792003669
2009-10-16,13.6963,2.6171257233651004,0.036893742372406724
2009-10-19,13.7521,2.621191539723685,0.004065816358584495
2009-10-20,13.7431,2.6205368799778794,-0.0006546597458054748
2009-10-21,13.7278,2.6194229738749124,-0.0011139061029670216
2009-10-22,13.802,2.62481350919841,0.005390535323497758
2009-10-23,13.7925,2.624124966164449,-0.0006885430339611531
2009-10-26,13.805,2.625030845382118,0.0009058792176688257
2009-10-27,13.6575,2.6142888212877358,-0.010742024094382074
2009-10-28,13.4587,2.5996257370856273,-0.01466308420210849
2009-10-29,13.7263,2.6193137005786475,0.019687963493020266
2009-10-30,13.3546,2.591860894784284,-0.02745280579436349
2009-11-02,13.3018,2.587899364416165,-0.003961530368119082
2009-11-03,13.3835,2.5940226049472437,0.006123240531078711
2009-11-04,13.4597,2.5997000357066793,0.005677430759435609
2009-11-05,13.6664,2.6149402656507106,0.015240229944031292
2009-11-06,13.7278,2.6194229738749124,0.004482708224201826
2009-11-09,14.0122,2.6399283787132495,0.02050540483833707
2009-11-10,14.1178,2.6474364125604284,0.007508033847178908
2009-11-11,14.2124,2.654114822992095,0.006678410431666393
2009-11-12,14.1447,2.649339995620877,-0.004774827371217594
2009-11-13,14.2494,2.6567148005650503,0.007374804944173086
2009-11-16,14.3549,2.6640913473349004,0.007376546769850112
2009-11-17,14.3848,2.666172093535291,0.0020807462003906707
2009-11-18,14.3639,2.6647181144905354,-0.0014539790447556378
2009-11-19,14.2732,2.658383653020557,-0.006334461469978514
2009-11-20,14.1975,2.6530658927694506,-0.005317760251106307
2009-11-23,14.5064,2.6745899313576786,0.021524038588228045
2009-11-24,14.5244,2.6758299937952716,0.0012400624375930036
2009-11-25,14.5906,2.680377485746697,0.004547491951425453
2009-11-27,14.4416,2.670112930650545,-0.010264555096151984
2009-11-30,14.5224,2.6756922849940845,0.0055793543435394
2009-12-01,14.6938,2.687425636107769,0.011733351113684343
2009-12-02,14.635,2.683415920143849,-0.004009715963919636
2009-12-03,14.5906,2.680377485746697,-0.0030384343971521233
2009-12-04,14.5721,2.679108741598752,-0.001268744147945089
2009-12-07,14.6031,2.6812338349428515,0.0021250933440994935
2009-12-08,14.623,2.682595631629742,0.0013617966868904041
2009-12-09,14.6723,2.6859613624152114,0.003365730785469534
2009-12-10,14.734,2.690157748260622,0.0041963858454105996
2009-12-11,14.7097,2.6885071401157807,-0.0016506081448413035
2009-12-14,14.8392,2.6972723279303317,0.008765187814550934
2009-12-15,14.775,2.692936563292162,-0.00433576463816987
2009-12-16,14.89,2.7006898466959175,0.007753283403755695
2009-12-17,14.7948,2.69427576768037,-0.006414079015547358
2009-12-18,14.8567,2.6984509419494938,0.004175174269123616
2009-12-21,14.9129,2.7022266101992547,0.003775668249760944
2009-12-22,14.9737,2.7062953288809357,0.004068718681681016
2009-12-23,15.2368,2.7237135544576447,0.017418225576709023
2009-12-24,15.4061,2.734763534887249,0.011049980429604478
2009-12-28,15.5157,2.7418524145106757,0.007088879623426525
2009-12-29,15.429,2.736248855460889,-0.0056035590497867105
2009-12-30,15.5118,2.741601024613292,0.005352169152402997
2009-12-31,15.4435,2.737188202845532,-0.004412821767759922
2010-01-04,15.6124,2.748065470307084,0.01087726746155182
2010-01-05,15.5437,2.7436554118374237,-0.00441005846966025
2010-01-06,15.1516,2.7181061369400314,-0.025549274897392227
2010-01-07,14.7988,2.69454609640174,-0.023560040538291638
2010-01-08,14.9961,2.7077901672963502,0.013244070894610438
2010-01-11,14.9737,2.7062953288809357,-0.0014948384154145344
2010-01-12,14.7087,2.6884391554530946,-0.01785617342784107
2010-01-13,14.624,2.6826640147117944,-0.005775140741300255
2010-01-14,14.6928,2.687357577877121,0.004693563165326431
2010-01-15,14.4476,2.6705283107985776,-0.016829267078543264
2010-01-19,14.6375,2.6835867289238355,0.013058418125257987
2010-01-20,14.4576,2.6712202278514923,-0.012366501072343272
2010-01-21,14.5219,2.6756578548305034,0.004437626979011178
2010-01-22,13.7003,2.6174177304045445,-0.05824012442595894
2010-01-25,13.4512,2.5990683213988954,-0.018349409005649076
2010-01-26,13.5116,2.603548575751741,0.004480254352845492
2010-01-27,13.5036,2.602956316561815,-0.0005922591899261143
2010-01-28,13.3087,2.588417956712788,-0.01453835984902696
2010-01-29,13.2007,2.5802698584892987,-0.008148098223489164
2010-02-01,13.2774,2.5860633417477383,0.005793483258439647
2010-02-02,13.23,2.5824869781268642,-0.003576363620874101
2010-02-03,13.4717,2.600591188843475,0.018104210716610947
2010-02-04,13.122,2.574290210922686,-0.026300977920789226
2010-02-05,13.234,2.582789275589868,0.008499064667181866
2010-02-08,13.2888,2.58692157519473,0.004132299604862055
2010-02-09,13.3625,2.5924522763511635,0.005530701156433615
2010-02-10,13.3132,2.588756024246875,-0.0036962521042886998
2010-02-11,13.3615,2.592377437255185,0.0036214130083100926
2010-02-12,13.2799,2.5862516138994542,-0.006125823355730642
2010-02-16,13.4836,2.6014741321439088,0.01522251824445453
2010-02-17,13.4264,2.5972229180118322,-0.0042512141320765195
2010-02-18,13.5304,2.604939005677695,0.0077160876658628474
2010-02-19,13.4802,2.601221942169349,-0.003717063508346108
2010-02-22,13.5209,2.604236636446601,0.0030146942772519836
2010-02-23,13.3287,2.5899196050537103,-0.014317031392890645
2010-02-24,13.239,2.58316701895552,-0.006752586098190516
2010-02-25,13.113,2.573604104549287,-0.009562914406232803
2010-02-26,13.1225,2.5743283141443176,0.0007242095950306116
2010-03-01,13.2694,2.5854606325517393,0.011132318407421682
2010-03-02,13.4777,2.6010364677809754,0.015575835229236112
2010-03-03,13.5838,2.608877906256835,0.007841438475859608
2010-03-04,13.8149,2.6257477198403145,0.016869813583479498
2010-03-05,14.054,2.642907052770006,0.017159332929691296
2010-03-08,14.0112,2.639857009785823,-0.003050042984182877
2010-03-09,13.9544,2.635794870721788,-0.004062139064034742
2010-03-10,14.3594,2.6644047800173505,0.028609909295562286
2010-03-11,14.476,2.672492105701496,0.008087325684145608
2010-03-12,14.4332,2.6695311084223765,-0.0029609972791195815
2010-03-15,14.0287,2.641105231232559,-0.028425877189817594
2010-03-16,14.079,2.6446843254803905,0.003579094247831538
2010-03-17,14.088,2.645323371193905,0.0006390457135143635
2010-03-18,14.1089,2.646805803931369,0.0014824327374642898
2010-03-19,13.9504,2.6355081816914137,-0.011297622239955452
2010-03-22,13.8872,2.6309675525722023,-0.004540629119211381
2010-03-23,13.6754,2.615598598337297,-0.015368954234905363
2010-03-24,13.8832,2.630679476057088,0.015080877719791275
2010-03-25,14.0212,2.640570469955069,0.00989099389798076
2010-03-26,14.0112,2.639857009785823,-0.0007134601692460052
2010-03-29,14.0107,2.6398213234119474,-3.568637387552087e-05
2010-03-30,14.1163,2.647330158066649,0.007508834654701424
2010-03-31,14.1237,2.6478542373987572,0.000524079332108407
2010-04-01,14.1687,2.6510353063746654,0.0031810689759081967
2010-04-05,14.2234,2.654888495654632,0.0038531892799666956
2010-04-06,14.1542,2.650011399834954,-0.00487709581967799
2010-04-07,14.0376,2.6417394438147888,-0.008271956020165394
2010-04-08,14.1357,2.648703512381331,0.006964068566542192
2010-04-09,14.1044,2.6464868054421347,-0.002216706939196289
2010-04-12,14.2662,2.6578931031042745,0.011406297662139853
2010-04-13,14.616,2.6821168190757056,0.024223715971431137
2010-04-14,14.6718,2.6859272840144395,0.0038104649387338263
2010-04-15,14.8287,2.6965644921591174,0.010637208144677945
2010-04-16,13.7078,2.617965013885501,-0.07859947827361635
2010-04-19,13.7028,2.6176001915134655,-0.0003648223720356114
2010-04-20,13.8259,2.6265436447470254,0.00894345323355994
2010-04-21,13.8075,2.6252119227932056,-0.0013317219538198088
2010-04-22,13.6271,2.612060457113107,-0.013151465680098617
2010-04-23,13.5758,2.608288795943622,-0.003771661169484908
2010-04-26,13.243,2.583469110944827,-0.024819684998794944
2010-04-27,13.1787,2.578601889915294,-0.004867221029533297
2010-04-28,13.1822,2.5788674347199527,0.0002655448046589015
2010-04-29,13.252,2.5841484844376494,0.0052810497176967175
2010-04-30,13.0885,2.571733982064663,-0.012414502372986469
2010-05-03,13.2171,2.581511445760515,0.009777463695852084
2010-05-04,12.6132,2.534743884635172,-0.04676756112534308
2010-05-05,12.6979,2.5414366254613023,0.006692740826130361
2010-05-06,12.422,2.5194690941371114,-0.021967531324190936
2010-05-07,12.284,2.508297602578576,-0.011171491558535251
2010-05-10,12.9845,2.5637563384049127,0.055458735826336536
2010-05-11,12.6801,2.5400338354133134,-0.02372250299159928
2010-05-12,12.5894,2.532855190050099,-0.007178645363214553
2010-05-13,12.7259,2.5436392868510764,0.010784096800977583
2010-05-14,12.6422,2.5370404242065687,-0.006598862644507708
2010-05-17,12.6531,2.537902244439944,0.0008618202333754432
2010-05-18,12.414,2.518824867991461,-0.019077376448483285
2010-05-19,12.3163,2.5109235883235623,-0.007901279667898553
2010-05-20,11.8281,2.470478056469202,-0.04044553185436017
2010-05-21,11.7744,2.4659276831901975,-0.004550373279004649
2010-05-24,11.8859,2.4753528236497804,0.00942514045958287
2010-05-25,11.8839,2.4751845428897643,-0.00016828076001607073
2010-05-26,11.8441,2.4718298532972516,-0.0033546895925127274
2010-05-27,12.2172,2.5028447949190133,0.03101494162176177
2010-05-28,12.0856,2.492014661247378,-0.010830133671635434
2010-06-01,12.0154,2.4861891603529602,-0.00582550089441769
2010-06-02,12.2895,2.508745239267842,0.022556078914881983
2010-06-03,12.5789,2.5320208070676036,0.023275567799761365
2010-06-04,12.4349,2.520507035405582,-0.011513771662021721
2010-06-07,12.0941,2.4927177303797605,-0.02778930502582133
2010-06-08,12.0758,2.4912034499320224,-0.0015142804477381588
2010-06-09,11.8077,2.468751861031301,-0.022451588900721298
2010-06-10,12.1241,2.495195207264478,0.02644334623317679
2010-06-11,12.1684,2.498842427526479,0.0036472202620010385
2010-06-14,12.0364,2.48793539184801,-0.010907035678469068
2010-06-15,12.396,2.5173738399255017,0.029438448077491852
2010-06-16,12.4867,2.524664077858418,0.007290237932916277
2010-06-17,12.4569,2.5222746862567385,-0.0023893916016795025
2010-06-18,12.4559,2.522194406239997,-8.02800167414297e-05
2010-06-21,12.1699,2.4989656900388075,-0.023228716201189492
2010-06-22,12.1051,2.4936268514050526,-0.00533883863375495
2010-06-23,12.0074,2.48552312639391,-0.008103725011142426
2010-06-24,11.8346,2.4710274443381683,-0.01449568205574181
2010-06-25,11.7744,2.4659276831901975,-0.005099761147970838
2010-06-28,11.7604,2.4647379554974735,-0.001189727692723963
2010-06-29,11.3155,2.426173467238664,-0.038564488258809426
2010-06-30,11.0838,2.4054845828105096,-0.02068888442815453
2010-07-01,10.9474,2.3931019851461017,-0.012382597664407857
2010-07-02,10.8746,2.3864297946890924,-0.006672190457009286
2010-07-06,10.8627,2.385334902389791,-0.0010948922993012644
2010-07-07,11.2084,2.416663497191595,0.03132859480180361
2010-07-08,11.3728,2.43122453953814,0.014561042346545428
2010-07-09,11.6443,2.4548167898936324,0.023592250355492173
2010-07-12,11.8531,2.472589436744471,0.01777264685083857
2010-07-13,12.1858,2.500271339415237,0.02768190267076598
2010-07-14,12.2426,2.5049216728272605,0.004650333412023588
2010-07-15,12.3059,2.5100788221679404,0.005157149340679901
2010-07-16,11.4555,2.4384699640144114,-0.07160885815352902
2010-07-19,11.6124,2.45207349269276,0.013603528678348464
2010-07-20,11.9966,2.4846232763081946,0.0325497836154347
2010-07-21,11.8944,2.4760677011207957,-0.008555575187398912
2010-07-22,12.0763,2.491244854199152,0.01517715307835621
2010-07-23,12.2073,2.502034133448591,0.010789279249439065
2010-07-26,12.1798,2.4997788417856874,-0.0022552916629035025
2010-07-27,12.2715,2.5072795006397257,0.007500658854038278
2010-07-28,12.0653,2.4903335640807467,-0.016945936558979025
2010-07-29,12.0813,2.4916588026105337,0.001325238529787054
2010-07-30,12.0773,2.4913276575908263,-0.00033114501970743504
2010-08-02,12.2157,2.502722009658002,0.01139435206717554
2010-08-03,12.2018,2.501583481839717,-0.001138527818284718
2010-08-04,12.6122,2.5346645994701777,0.03308111763046062
2010-08-05,12.6566,2.5381788182454263,0.003514218775248601
2010-08-06,12.4603,2.522547590116009,-0.01563122812941753
2010-08-09,12.5884,2.5327757549921888,0.010228164876179946
2010-08-10,12.5475,2.5295214425469514,-0.0032543124452373284
2010-08-11,12.2491,2.505452464903973,-0.02406897764297833
2010-08-12,12.2556,2.5059829753899163,0.0005305104859432141
2010-08-13,12.1151,2.4944526084647163,-0.011530366925200042
2010-08-16,12.0961,2.4928830865987712,-0.001569521865945056
2010-08-17,12.2187,2.5029675651056555,0.01008447850688432
2010-08-18,12.0104,2.4857729411159584,-0.017194623989697178
2010-08-19,11.6567,2.455881121997024,-0.02989181911893457
2010-08-20,11.5088,2.4431119601309548,-0.012769161866069023
2010-08-23,11.5601,2.4475595137258472,0.004447553594892462
2010-08-24,11.2443,2.419861333584835,-0.02769818014101233
2010-08-25,11.3245,2.4269685202840776,0.007107186699242707
2010-08-26,11.2338,2.418927090854025,-0.008041429430052816
2010-08-27,11.4295,2.4361977323179658,0.017270641463940972
2010-08-30,11.2761,2.4226854416055894,-0.013512290712376362
2010-08-31,11.2099,2.4167973164376786,-0.005888125167910818
2010-09-01,11.4665,2.4394297407218897,0.022632424284211083
2010-09-02,11.5377,2.445619934456623,0.006190193734733285
2010-09-03,11.715,2.460870071959759,0.015250137503135974
2010-09-07,11.568,2.4482426654164087,-0.012627406543350261
2010-09-08,11.722,2.4614674180542373,0.01322475263782863
2010-09-09,11.8615,2.4732978611202823,0.011830443066044971
2010-09-10,11.8605,2.473213551196954,-8.430992332808529e-05
2010-09-13,12.0134,2.486022693446197,0.0128091422492429
2010-09-14,11.9676,2.4822029982136855,-0.0038196952325115774
2010-09-15,11.9726,2.482620705674166,0.000417707460480532
2010-09-16,11.9831,2.483497323821196,0.0008766181470298839
2010-09-17,12.2098,2.5022389079720795,0.01874158415088356
2010-09-20,12.6611,2.538534300777204,0.036295392805124393
2010-09-21,12.7901,2.5486714341684737,0.01013713339126987
2010-09-22,12.8534,2.553608367782776,0.004936933614302141
2010-09-23,12.7906,2.5487105261401606,-0.004897841642615308
2010-09-24,13.1344,2.5752347426118645,0.026524216471703888
2010-09-27,13.2121,2.581133076376678,0.005898333764813746
2010-09-28,13.1315,2.5750139239830125,-0.006119152393665672
2010-09-29,13.1448,2.5760262431554843,0.0010123191724717984
2010-09-30,13.0975,2.5724213723002376,-0.0036048708552467446
2010-10-01,13.093,2.572077736245616,-0.000343636054621399
2010-10-04,13.0118,2.565856638065681,-0.006221098179935325
2010-10-05,13.4074,2.5958067933351017,0.029950155269420797
2010-10-06,13.3107,2.5885682230601708,-0.007238570274930911
2010-10-07,13.2022,2.580383482371646,-0.008184740688524705
2010-10-08,13.3606,2.5923100772797083,0.011926594908062249
2010-10-11,13.4224,2.5969249531098932,0.004614875830184939
2010-10-12,13.4861,2.6016595253820363,0.004734572272143023
2010-10-13,13.5334,2.6051607040358182,0.0035011786537819667
2010-10-14,13.4742,2.6007767458304136,-0.004383958205404603
2010-10-15,14.9822,2.706862829789146,0.10608608395873231
2010-10-18,15.3873,2.733542493863146,0.02667966407399991
2010-10-19,15.1411,2.717412900588006,-0.016129593275139964
2010-10-20,15.1446,2.717644032773531,0.00023113218552506254
2010-10-21,15.2447,2.72423190166345,0.006587868889919246
2010-10-22,15.2576,2.7250777395687296,0.0008458379052793674
2010-10-25,15.3568,2.731558372681789,0.006480633113059575
2010-10-26,15.4091,2.734958243992462,0.003399871310672875
2010-10-27,15.3563,2.7315258132853075,-0.003432430707154488
2010-10-28,15.4086,2.7349257951075647,0.003399981822257203
2010-10-29,15.2871,2.727009335503356,-0.007916459604208725
2010-11-01,15.3194,2.729119999054635,0.0021106635512788685
2010-11-02,15.3344,2.7300986706188293,0.0009786715641944
2010-11-03,15.4485,2.737511911251829,0.007413240632999862
2010-11-04,15.5506,2.744099223089856,0.006587311838027077
2010-11-05,15.5706,2.7453845207489,0.001285297659043838
2010-11-08,15.6124,2.748065470307084,0.002680949558183876
2010-11-09,15.5641,2.7449669801851924,-0.0030984901218915617
2010-11-10,15.5157,2.7418524145106757,-0.003114565674516623
2010-11-11,15.3743,2.7326972842008455,-0.009155130309830284
2010-11-12,15.0275,2.70988185593118,-0.02281542826966554
2010-11-15,14.8332,2.696867911699641,-0.01301394423153912
2010-11-16,14.5403,2.676924104629798,-0.019943807069843
2010-11-17,14.5358,2.6766145720559016,-0.0003095325738962096
2010-11-18,14.8602,2.698686498149244,0.02207192609334241
2010-11-19,14.7176,2.6890440565294362,-0.009642441619807762
2010-11-22,14.7271,2.6896893339701737,0.0006452774407375017
2010-11-23,14.5224,2.6756922849940845,-0.013997048976089221
2010-11-24,14.8202,2.6959911150535336,0.020298830059449102
2010-11-26,14.6968,2.68762978301259,-0.00836133204094347
2010-11-29,14.5004,2.674176235252933,-0.013453547759657347
2010-11-30,13.8428,2.627765241865911,-0.046410993387021815
2010-12-01,14.058,2.6431916287537134,0.015426386887802401
2010-12-02,14.2439,2.6563287448910278,0.013137116137314386
2010-12-03,14.2732,2.658383653020557,0.0020549081295291316
2010-12-06,14.4068,2.667700317342352,0.00931666432179501
2010-12-07,14.6255,2.682766580567711,0.015066263225358867
2010-12-08,14.7102,2.688541130713985,0.005774550146274038
2010-12-09,14.734,2.690157748260622,0.0016166175466372223
2010-12-10,14.7515,2.6913447725305057,0.0011870242698837075
2010-12-13,14.8118,2.6954241603947184,0.004079387864212691
2010-12-14,14.8192,2.6959236373042956,0.00049947690957719
2010-12-15,14.7042,2.688133167261851,-0.007790470042444486
2010-12-16,14.7395,2.6905309648832723,0.002397797621421116
2010-12-17,14.7166,2.688976108360274,-0.0015548565229983602
2010-12-20,14.8227,2.696159789508862,0.007183681148588139
2010-12-21,15.0225,2.709549077225946,0.01338928771708403
2010-12-22,15.0823,2.7135218708437328,0.003972793617786685
2010-12-23,15.0515,2.7114776540024685,-0.0020442168412642125
2010-12-27,15.0051,2.708390143315308,-0.0030875106871603997
2010-12-28,14.9189,2.702628865516125,-0.00576127779918334
2010-12-29,14.9707,2.7060949575253543,0.0034660920092295378
2010-12-30,14.9174,2.7025283168555156,-0.0035666406698386943
2010-12-31,14.7953,2.6943095627672435,-0.008218754088272107
2011-01-03,15.0544,2.711670307270364,0.01736074450312053
2011-01-04,14.9986,2.70795686341305,-0.0037134438573138695
2011-01-05,15.1719,2.7194450327160835,0.011488169303033313
2011-01-06,15.2821,2.726682208850085,0.007237176134001544
2011-01-07,15.3553,2.731460691311828,0.00477848246174295
2011-01-10,15.2996,2.7278266842657852,-0.0036340070460427754
2011-01-11,15.3443,2.730744069566219,0.002917385300433839
2011-01-12,15.3663,2.7321767998784443,0.0014327303122252388
2011-01-13,15.3618,2.7318839083536073,-0.0002928915248370245
2011-01-14,15.5481,2.743938444664688,0.012054536311080888
2011-01-18,15.9332,2.76840498259345,0.024466537928761856
2011-01-19,15.737,2.756014627618727,-0.01239035497472285
2011-01-20,15.6124,2.748065470307084,-0.007949157311643251
2011-01-21,15.2408,2.723976042319088,-0.024089427987995737
2011-01-24,15.2219,2.722735180384651,-0.0012408619344372873
2011-01-25,15.442,2.737091069886624,0.014355889501973085
2011-01-26,15.3568,2.731558372681789,-0.005532697204834847
2011-01-27,15.3643,2.7320466364580867,0.00048826377629751505
2011-01-28,14.9707,2.7060949575253543,-0.025951678932732314
2011-01-31,14.9548,2.7050323185387914,-0.0010626389865628916
2011-02-01,15.2209,2.7226694834053746,0.017637164866583177
2011-02-02,15.2447,2.72423190166345,0.0015624182580755708
2011-02-03,15.1989,2.7212230568124576,-0.0030088448509926202
2011-02-04,15.2194,2.7225709298430765,0.0013478730306188957
2011-02-07,15.3016,2.7279573980941874,0.0053864682511108875
2011-02-08,15.4036,2.734601248334281,0.00664385024009384
2011-02-09,15.3568,2.731558372681789,-0.003042875652492061
2011-02-10,15.3553,2.731460691311828,-9.768136996113341e-05
2011-02-11,15.5561,2.744452844660599,0.01299215334877113
2011-02-14,15.6473,2.7502983781405304,0.00584553347993122
2011-02-15,15.5476,2.7439062858774577,-0.006392092263072691
2011-02-16,15.5491,2.744002759136753,9.647325929540429e-05
2011-02-17,15.575,2.745667064673517,0.0016643055367637771
2011-02-18,15.695,2.753342190293917,0.0076751256204001805
2011-02-22,15.1999,2.721288848883221,-0.032053341410696046
2011-02-23,15.2278,2.7231227047329263,0.0018338558497053015
2011-02-24,15.1656,2.719029705145218,-0.004092999587708146
2011-02-25,15.1959,2.7210256546246003,0.0019959494793821975
2011-02-28,15.2796,2.726518605385253,0.005492950760652704
2011-03-01,14.9647,2.705694094327913,-0.020824511057340178
2011-03-02,14.9657,2.705760916020932,6.68216930193033e-05
2011-03-03,15.1839,2.7202356559660115,0.014474739945079307
2011-03-04,14.9613,2.705466867166606,-0.014768788799405463
2011-03-07,14.738,2.6904291923448076,-0.015037674821798408
2011-03-08,14.754,2.6915142324621106,0.0010850401173030377
2011-03-09,14.7405,2.6905988074884544,-0.0009154249736562647
2011-03-10,14.4551,2.671047293465826,-0.019551514022628336
2011-03-11,14.3659,2.664857342748528,-0.0061899507172982204
2011-03-14,14.1985,2.653136325224755,-0.011721017523772748
2011-03-15,14.1876,2.652368343674931,-0.0007679815498242704
2011-03-16,13.8772,2.630247205621977,-0.022121138052953793
2011-03-17,13.9833,2.6378637604520376,0.007616554830060629
2011-03-18,13.9758,2.6373272624832267,-0.000536497968810945
2011-03-21,14.3604,2.6644744183853337,0.027147155902107034
2011-03-22,14.3809,2.6659009372607074,0.0014265188753737057
2011-03-23,14.5014,2.674245196489849,0.008344259229141393
2011-03-24,14.619,2.6823220525294786,0.00807685603962982
2011-03-25,14.4411,2.6700783078486565,-0.012243744680822122
2011-03-28,14.3321,2.6625017768116113,-0.007576531037045253
2011-03-29,14.4904,2.6734863611965696,0.010984584384958307
2011-03-30,14.4934,2.673693373390327,0.00020701219375762747
2011-03-31,14.616,2.6821168190757056,0.00842344568537845
2011-04-01,14.7415,2.6906666454913295,0.008549826415623851
2011-04-04,14.639,2.6836892001892747,-0.006977445302054797
2011-04-05,14.1757,2.651529231110579,-0.03215996907869556
2011-04-06,14.3026,2.6604413389207573,0.00891210781017815
2011-04-07,14.4476,2.6705283107985776,0.010086971877820261
2011-04-08,14.4018,2.667353198770106,-0.0031751120284715384
2011-04-11,14.3819,2.665970471520265,-0.0013827272498412313
2011-04-12,14.2134,2.654185181609999,-0.011785289910265728
2011-04-13,14.3549,2.6640913473349004,0.009906165724901328
2011-04-14,14.4108,2.667977925472501,0.003886578137600516
2011-04-15,13.2195,2.5816930122256876,-0.08628491324681331
2011-04-18,13.1235,2.574404516232292,-0.0072884959933956495
2011-04-19,12.9909,2.5642491123471434,-0.010155403885148573
2011-04-20,13.0955,2.572268659743151,0.008019547396007631
2011-04-21,13.0801,2.5710919912597667,-0.0011766684833842689
2011-04-25,13.0786,2.5709773066614003,-0.000114684598366388
2011-04-26,13.2724,2.585686691071717,0.014709384410316773
2011-04-27,13.3954,2.5949113644394792,0.009224673367762115
2011-04-28,13.4004,2.5952845572576098,0.00037319281813052996
2011-04-29,13.5534,2.6066374383591473,0.011352881101537537
2011-05-02,13.4154,2.5964033008016756,-0.010234137557471712
2011-05-03,13.2988,2.5876738055932273,-0.008729495208448235
2011-05-04,13.3466,2.59126167076144,0.003587865168212634
2011-05-05,13.3087,2.588417956712788,-0.002843714048652135
2011-05-06,13.3342,2.590332163333418,0.0019142066206301322
2011-05-09,13.3935,2.594769514643244,0.004437351309825921
2011-05-10,13.5174,2.6039777444290153,0.009208229785771405
2011-05-11,13.3382,2.590632098849531,-0.013345645579484255
2011-05-12,13.3277,2.589844576167554,-0.0007875226819771264
2011-05-13,13.1907,2.5795120358289942,-0.010332540338559681
2011-05-16,12.9136,2.558281019587971,-0.021231016241023415
2011-05-17,13.2136,2.5812466022247436,0.02296558263677273
2011-05-18,13.1972,2.5800046858793175,-0.0012419163454260307
2011-05-19,13.233,2.5827137097909123,0.0027090239115947767
2011-05-20,13.0537,2.569071618487327,-0.013642091303585513
2011-05-23,12.9131,2.5582422999683474,-0.010829318518979392
2011-05-24,12.9096,2.5579712206450056,-0.0002710793233418052
2011-05-25,12.9446,2.5606787127647124,0.002707492119706778
2011-05-26,12.9063,2.557715564245812,-0.00296314851890056
2011-05-27,12.9755,2.5630629639549456,0.005347399709133782
2011-05-31,13.1777,2.5785260070177447,0.015463043062799109
2011-06-01,13.0925,2.5720395471715056,-0.006486459846239079
2011-06-02,13.1538,2.5767106902630377,0.004671143091532048
2011-06-03,13.0298,2.567239041824786,-0.009471648438251545
2011-06-06,12.9795,2.563371189732766,-0.0038678520920201187
2011-06-07,12.9291,2.5594805847927407,-0.003890604940025355
2011-06-08,12.9321,2.559712592589243,0.00023200779650256464
2011-06-09,12.8713,2.5550000266078685,-0.004712565981374706
2011-06-10,12.692,2.5409718737209492,-0.014028152886919276
2011-06-13,12.5724,2.5315039351647823,-0.0094679385561669
2011-06-14,12.6631,2.5386922524601125,0.007188317295330204
2011-06-15,12.5286,2.528014030821934,-0.010678221638178442
2011-06-16,12.4638,2.522828442786557,-0.005185588035377275
2011-06-17,12.0817,2.491691911082167,-0.031136531704389903
2011-06-20,12.0708,2.490789312946156,-0.0009025981360109014
2011-06-21,12.2805,2.5080126385024757,0.01722332555631967
2011-06-22,12.131,2.4957641597887825,-0.012248478713693167
2011-06-23,11.9621,2.481743318393475,-0.01402084139530757
2011-06-24,11.8291,2.47056259732785,-0.011180721065624954
2011-06-27,12.0264,2.4871042333314874,0.01654163600363745
2011-06-28,12.2965,2.5093146690400006,0.02221043570851311
2011-06-29,12.394,2.517212484539916,0.007897815499915417
2011-06-30,12.6137,2.534783524860492,0.017571040320575992
2011-07-01,12.979,2.5633326667056218,0.0285491418451298
2011-07-05,13.2629,2.5849706637114926,0.02163799700587088
2011-07-06,13.3357,2.5904446496945654,0.005473985983072804
2011-07-07,13.6156,2.6112161941962095,0.02077154450164409
2011-07-08,13.252,2.5841484844376494,-0.0270677097585601
2011-07-11,13.1344,2.5752347426118645,-0.008913741825784971
2011-07-12,13.3018,2.587899364416165,0.012664621804300502
2011-07-13,13.4079,2.5958440854780243,0.007944721061859283
2011-07-14,13.1757,2.5783742239458194,-0.017469861532204867
2011-07-15,14.8865,2.700454761980379,0.12208053803455954
2011-07-18,14.8197,2.6959573767480705,-0.004497385232308471
2011-07-19,15.0091,2.7086566838210473,0.01269930707297684
2011-07-20,14.8302,2.696665642235572,-0.011991041585475148
2011-07-21,15.1202,2.716031598177132,0.019365955941559765
2011-07-22,15.4002,2.73438049634824,0.018348898171108186
2011-07-25,15.4186,2.7355745728331295,0.0011940764848894503
2011-07-26,15.5068,2.741278637397666,0.005704064564536537
2011-07-27,15.1257,2.716395283837709,-0.0248833535599573
2011-07-28,15.2184,2.7225052220717947,0.006109938234085899
2011-07-29,15.038,2.7105803309558354,-0.01192489111595929
2011-08-01,15.1142,2.7156346992753004,0.005054368319465041
2011-08-02,14.7565,2.6916836636819124,-0.02395103559338807
2011-08-03,14.9747,2.7063621104118605,0.014678446729948114
2011-08-04,14.3858,2.666241608943409,-0.040120501468451586
2011-08-05,14.4237,2.6688726870158357,0.0026310780724267957
2011-08-08,13.6012,2.6101580241436193,-0.05871466287221638
2011-08-09,14.2832,2.6590840214429607,0.04892599729934144
2011-08-10,13.6754,2.615598598337297,-0.043485423105663834
2011-08-11,14.0023,2.639221601836124,0.023623003498827178
2011-08-12,14.043,2.6421240509860433,0.0029024491499192173
2011-08-15,13.8807,2.6304993860836507,-0.011624664902392556
2011-08-16,13.4264,2.5972229180118322,-0.0332764680718185
2011-08-17,13.2809,2.586326912836269,-0.010896005175563328
2011-08-18,12.5764,2.531822041796807,-0.054504871039462
2011-08-19,12.2287,2.503785648055803,-0.028036393741003973
2011-08-22,12.409,2.5184220157924826,0.014636367736679645
2011-08-23,12.9236,2.5590550973130597,0.0406330815205771
2011-08-24,13.0348,2.567622703961273,0.00856760664821321
2011-08-25,12.9541,2.5614123403542117,-0.006210363607061176
2011-08-26,13.124,2.5744426150988553,0.013030274744643577
2011-08-29,13.4284,2.597371867175758,0.022929252076902884
2011-08-30,13.4687,2.600368475000147,0.0029966078243885974
2011-08-31,13.4752,2.6008509589854714,0.0004824839853245777
2011-09-01,13.2644,2.585083754753672,-0.015767204231799337
2011-09-02,13.0736,2.570594929648306,-0.014488825105365866
2011-09-06,13.0073,2.565510738319351,-0.00508419132895499
2011-09-07,13.3028,2.5879745393859426,0.022463801066591405
2011-09-08,13.3257,2.589694501505128,0.0017199621191852366
2011-09-09,13.0736,2.570594929648306,-0.01909957185682165
2011-09-12,13.2052,2.5806106914125135,0.010015761764207376
2011-09-13,13.1902,2.5794741296165404,-0.0011365617959731011
2011-09-14,13.254,2.584299393666035,0.004825264049494571
2011-09-15,13.515,2.603800179728411,0.01950078606237593
2011-09-16,13.6176,2.6113630737405593,0.00756289401214838
2011-09-19,13.6171,2.6113263558769475,-3.671786361181262e-05
2011-09-20,13.6166,2.611289636665085,-3.671921186265692e-05
2011-09-21,13.4313,2.5975878040634575,-0.013701832601627384
2011-09-22,12.9695,2.5626004470841064,-0.03498735697935107
2011-09-23,13.0905,2.5718867762893387,0.009286329205232313
2011-09-26,13.249,2.583922077885986,0.01203530159664723
2011-09-27,13.4348,2.5978483554661396,0.013926277580153634
2011-09-28,13.1732,2.578184462702845,-0.01966389276329439
2011-09-29,13.1398,2.575645792240476,-0.002538670462369108
2011-09-30,12.8295,2.5517472067068088,-0.023898585533667305
2011-10-03,12.3433,2.513113405740668,-0.038633800966140885
2011-10-04,12.5022,2.5259046288220723,0.012791223081404457
2011-10-05,12.5719,2.5314641647197855,0.005559535897713186
2011-10-06,12.8215,2.5511234493281973,0.01965928460841182
2011-10-07,12.8315,2.551903085277718,0.000779635949520685
2011-10-10,13.3805,2.593798423209644,0.04189533793192579
2011-10-11,13.5304,2.604939005677695,0.011140582468051274
2011-10-12,13.6629,2.6146841302927517,0.00974512461505661
2011-10-13,13.9245,2.63364987852596,0.0189657482332084
2011-10-14,14.7385,2.6904631176751588,0.05681323914919867
2011-10-17,14.5074,2.6746588640724833,-0.015804253602675455
2011-10-18,14.7097,2.6885071401157807,0.013848276043297414
2011-10-19,14.4651,2.6717388516430542,-0.01676828847272649
2011-10-20,14.5388,2.676820937750401,0.005082086107346839
2011-10-21,14.7087,2.6884391554530946,0.011618217702693556
2011-10-24,14.8567,2.6984509419494938,0.010011786496399111
2011-10-25,14.5264,2.675967683635356,-0.02248325831413789
2011-10-26,14.6046,2.6813365475837867,0.005368863948430835
2011-10-27,14.9124,2.7021930816178124,0.020856534034025653
2011-10-28,14.9493,2.7046644759980016,0.0024713943801892846
2011-10-31,14.7625,2.6920901815234806,-0.012574294474521075
2011-11-01,14.4138,2.6681860810070672,-0.02390410051641334
2011-11-02,14.5676,2.6787998846073777,0.0106138036003105
2011-11-03,14.8835,2.7002532167999855,0.02145333219260781
2011-11-04,14.8497,2.697979663024443,-0.002273553775542503
2011-11-07,15.1536,2.7182381274897,0.02025846446525703
2011-11-08,15.2532,2.7247893171064863,0.006551189616786246
2011-11-09,14.9697,2.7060281581505716,-0.01876115895591468
2011-11-10,14.8232,2.6961935209860677,-0.009834637164503945
2011-11-11,15.1541,2.7182711224051865,0.022077601419118853
2011-11-14,15.2696,2.7258639237335456,0.0075928013283590445
2011-11-15,15.3583,2.7316560445110323,0.005792120777486698
2011-11-16,15.2318,2.723385347710706,-0.008270696800326327
2011-11-17,14.9677,2.705894546013046,-0.01749080169765982
2011-11-18,14.8183,2.6958629034367108,-0.010031642576335376
2011-11-21,14.4711,2.672153557104448,-0.023709346332262626
2011-11-22,14.4476,2.6705283107985776,-0.0016252463058705757
2011-11-23,14.2015,2.6533475928311745,-0.01718071796740306
2011-11-25,13.9833,2.6378637604520376,-0.015483832379136864
2011-11-28,14.6518,2.6845631948097557,0.04669943435771806
2011-11-29,14.5204,2.6755545572265715,-0.009008637583184154
2011-11-30,14.9309,2.7034328910470466,0.02787833382047511
2011-12-01,15.2886,2.7271074526356673,0.02367456158862069
2011-12-02,15.453,2.7378031592515577,0.010695706615890366
2011-12-05,15.5845,2.7462768305744043,0.008473671322846599
2011-12-06,15.5377,2.7432693288376533,-0.003007501736751017
2011-12-07,15.5287,2.7426899247063874,-0.0005794041312658926
2011-12-08,15.3453,2.730809238222725,-0.011880686483662473
2011-12-09,15.6288,2.749115366054139,0.018306127831414276
2011-12-12,15.5785,2.745891758529085,-0.0032236075250540175
2011-12-13,15.5845,2.7462768305744043,0.00038507204531912365
2011-12-14,15.3962,2.734120725724239,-0.012156104850165494
2011-12-15,15.4325,2.736475675285914,0.002354949561675035
2011-12-16,15.5925,2.7467900294181407,0.01031435413222681
2011-12-19,15.4898,2.74018174278958,-0.006608286628560833
2011-12-20,15.702,2.753788092776064,0.013606349986484023
2011-12-21,15.589,2.746565537330544,-0.007222555445519863
2011-12-22,15.6857,2.75274946927289,0.00618393194234601
2011-12-23,15.7713,2.7581918325805392,0.005442363307649245
2011-12-27,15.9482,2.7693459701979357,0.011154137617396476
2011-12-28,15.9347,2.768499121209494,-0.000846848988441895
2011-12-29,16.002,2.7727137144279324,0.004214593218438534
2011-12-30,16.0892,2.7781482394450134,0.005434525017081082
2012-01-03,16.5749,2.8078895028712227,0.029741263426209308
2012-01-04,16.6466,2.8122059913697313,0.0043164884985085195
2012-01-05,16.4155,2.7982260104348335,-0.013979980934897718
2012-01-06,16.1918,2.7845049412501153,-0.01372106918471827
2012-01-09,15.5053,2.741181900962457,-0.0433230402876581
2012-01-10,15.5222,2.742271257286445,0.0010893563239879889
2012-01-11,15.5925,2.7467900294181407,0.004518772131695492
2012-01-12,15.6842,2.752653836197799,0.005863806779658365
2012-01-13,15.5686,2.745256065297074,-0.007397770900725131
2012-01-17,15.6578,2.750969195380772,0.005713130083698115
2012-01-18,15.7659,2.7578493798546937,0.006880184473921691
2012-01-19,15.9317,2.768310835114493,0.010461455259799468
2012-01-20,14.5971,2.680822878847726,-0.08748795626676698
2012-01-23,14.5851,2.6800004596554534,-0.0008224191922727719
2012-01-24,14.4706,2.672119004883946,-0.007881454771507368
2012-01-25,14.1856,2.6522273655685975,-0.01989163931534854
2012-01-26,14.1512,2.6497994261471605,-0.002427939421437042
2012-01-27,14.4471,2.670493702375576,0.020694276228415465
2012-01-30,14.3903,2.666554368492944,-0.003939333882632123
2012-01-31,14.4506,2.670735936187756,0.004181567694812038
2012-02-01,14.4686,2.671980784062142,0.001244847874386057
2012-02-02,14.5751,2.679314593276484,0.007333809214342235
2012-02-03,14.8547,2.69831631349018,0.01900172021369606
2012-02-06,15.1719,2.7194450327160835,0.021128719225903314
2012-02-07,15.1142,2.7156346992753004,-0.003810333440783076
2012-02-08,15.1909,2.720696564358753,0.00506186508345241
2012-02-09,15.2313,2.7233525211106526,0.0026559567518997795
2012-02-10,15.0932,2.714244311265537,-0.009108209845115844
2012-02-13,15.2497,2.7245598307287744,0.01031551946323761
2012-02-14,15.1889,2.7205648979223125,-0.003994932806461904
2012-02-15,15.0843,2.713654467822042,-0.0069104301002704815
2012-02-16,15.1082,2.715237642782181,0.0015831749601389333
2012-02-17,15.0614,2.71213517953848,-0.0031024632437008925
2012-02-21,15.2946,2.727499824923523,0.015364645385043119
2012-02-22,15.1436,2.7175780004572916,-0.009921824466231577
2012-02-23,15.0982,2.714575531417349,-0.0030024690399423903
2012-02-24,15.1924,2.7207953028105485,0.0062197713931992915
2012-02-27,15.1774,2.7198074793003677,-0.0009878235101807853
2012-02-28,15.4041,2.734633707751897,0.014826228451529477
2012-02-29,15.4002,2.73438049634824,-0.00025321140365708317
2012-03-01,15.5038,2.7410851551684052,0.0067046588201651325
2012-03-02,15.4749,2.7392193565142398,-0.0018657986541654736
2012-03-05,15.3006,2.7278920433157494,-0.01132731319849034
2012-03-06,15.0694,2.7126661976453996,-0.015225845670349791
2012-03-07,15.1152,2.715700860032733,0.003034662387333409
2012-03-08,15.1237,2.7162630498097338,0.0005621897770007322
2012-03-09,14.9518,2.704831693926829,-0.011431355882904892
2012-03-12,15.0744,2.7129979408261438,0.008166246899314888
2012-03-13,15.3888,2.7336399721012064,0.02064203127506259
2012-03-14,15.3443,2.730744069566219,-0.0028959025349872825
2012-03-15,15.4719,2.73902547540153,0.008281405835310895
2012-03-16,15.5696,2.7453202950855875,0.00629481968405754
2012-03-19,15.7922,2.759516147251254,0.014195852165666434
2012-03-20,15.7797,2.758724303830165,-0.0007918434210889558
2012-03-21,15.9417,2.7689383176126334,0.010214013782468445
2012-03-22,16.0927,2.778365753017164,0.009427435404530726
2012-03-23,16.007,2.7730261265645604,-0.005339626452603774
2012-03-26,16.1749,2.783460657987637,0.01043453142307671
2012-03-27,16.1171,2.7798808201499856,-0.0035798378376514783
2012-03-28,16.3348,2.793297801329472,0.01341698117948642
2012-03-29,16.1514,2.7820067332180396,-0.011291068111432434
2012-03-30,15.9731,2.770906057352925,-0.011100675865114429
2012-04-02,16.1146,2.779725693364553,0.008819636011627718
2012-04-03,16.0075,2.77305736241082,-0.0066683309537327595
2012-04-04,15.8217,2.7613824154789812,-0.011674946931838903
2012-04-05,15.7509,2.7568975064961943,-0.004484908982786973
2012-04-09,15.714,2.75455203475363,-0.0023454717425641647
2012-04-10,15.6149,2.7482255866159124,-0.006326448137717655
2012-04-11,15.8416,2.762639391386113,0.014413804770200489
2012-04-12,16.2162,2.786010742571422,0.023371351185308864
2012-04-13,15.5586,2.744613540409257,-0.04139720216216469
2012-04-16,15.0972,2.7145092961629484,-0.030104244246308642
2012-04-17,15.1844,2.720268585040082,0.005759288877133617
2012-04-18,15.1317,2.716791881038965,-0.0034767040011169925
2012-04-19,14.9284,2.703265439030031,-0.013526442008934048
2012-04-20,14.8477,2.697844971098347,-0.005420467931684048
2012-04-23,14.886,2.700421173937719,0.0025762028393718772
2012-04-24,14.9777,2.706562428250166,0.006141254312447053
2012-04-25,15.1879,2.7204990582025026,0.013936629952336688
2012-04-26,15.3314,2.729903012914835,0.009403954712332574
2012-04-27,15.3189,2.72908736016801,-0.0008156527468252683
2012-04-30,15.0664,2.7124670988984003,-0.016620261269609582
2012-05-01,15.0559,2.711769940950616,-0.0006971579477843548
2012-05-02,15.1267,2.716461394295085,0.004691453344468854
2012-05-03,15.2204,2.7226366332971303,0.0061752390020455294
2012-05-04,14.8701,2.699352485399014,-0.02328414789811628
2012-05-07,15.1337,2.716924045160563,0.017571559761548894
2012-05-08,15.2646,2.725536422109485,0.00861237694892214
2012-05-09,15.1739,2.719576846674054,-0.00595957543543113
2012-05-10,15.2861,2.7269439187330895,0.007367072059035529
2012-05-11,15.0764,2.713130607289583,-0.013813311443506393
2012-05-14,15.0455,2.7110789431622195,-0.0020516641273635727
2012-05-15,15.2229,2.722800873048118,0.011721929885898597
2012-05-16,15.6662,2.7515055253642577,0.02870465231613961
2012-05-17,15.5197,2.7421101846713407,-0.009395340692917031
2012-05-18,14.9558,2.7050991844659458,-0.03701100020539494
2012-05-21,15.2976,2.7276959533490444,0.022596768883098584
2012-05-22,14.9657,2.705760916020932,-0.021935037328112195
2012-05-23,15.1814,2.720070994328837,0.01431007830790465
2012-05-24,15.037,2.710513830540183,-0.009557163788653789
2012-05-25,14.7345,2.690191682800897,-0.020322147739285867
2012-05-29,14.8048,2.694951452512629,0.004759769711731643
2012-05-30,14.6528,2.6846314434806393,-0.010320009031989485
2012-05-31,14.4691,2.6720153410587275,-0.012616102421911801
2012-06-01,14.2229,2.6548533416978746,-0.017161999360852942
2012-06-04,14.4128,2.66811670064307,0.013263358945195591
2012-06-05,14.2085,2.6538403770720516,-0.014276323571018601
2012-06-06,14.4621,2.67153143440179,0.017691057329738413
2012-06-07,14.4038,2.6674920606582955,-0.004039373743494501
2012-06-08,14.4591,2.6713239741296877,0.003831913471392223
2012-06-11,14.1612,2.650505830437566,-0.020818143692121538
2012-06-12,14.0765,2.6445067402834255,-0.005999090154140685
2012-06-13,13.9763,2.637363037970582,-0.007143702312843558
2012-06-14,13.9255,2.6337216918114486,-0.003641346159133363
2012-06-15,14.062,2.6434761237769697,0.00975443196552117
2012-06-18,14.2194,2.654607229392072,0.011131105615102221
2012-06-19,14.4855,2.6731481490929454,0.01854091970087346
2012-06-20,14.3858,2.666241608943409,-0.006906540149536511
2012-06-21,14.079,2.6446843254803905,-0.02155728346301844
2012-06-22,14.2354,2.655731820089337,0.011047494608946717
2012-06-25,13.9668,2.636683084753794,-0.0190487353355433
2012-06-26,14.066,2.6437605378858264,0.007077453132032563
2012-06-27,14.1811,2.6519100921432255,0.00814955425739905
2012-06-28,14.0565,2.643084922249851,-0.00882516989337434
2012-06-29,14.4496,2.6706667325143973,0.027581810264546203
2012-07-02,14.4596,2.671358553830715,0.0006918213163178422
2012-07-03,14.6429,2.6839555763481346,0.012597022517419454
2012-07-05,14.8442,2.697609216564874,0.013653640216739316
2012-07-06,14.5966,2.68078862488197,-0.016820591682904062
2012-07-09,14.5971,2.680822878847726,3.425396575629236e-05
2012-07-10,14.49,2.673458756332591,-0.007364122515135296
2012-07-11,14.2284,2.655239967269888,-0.0182187890627028
2012-07-12,14.2105,2.653981127978368,-0.001258839291520264
2012-07-13,14.3609,2.6645092357508466,0.010528107772478812
2012-07-16,14.3211,2.6617339742247874,-0.002775261526059225
2012-07-17,14.3659,2.664857342748528,0.0031233685237403996
2012-07-18,14.4666,2.6718425441327005,0.00698520138417269
2012-07-19,14.773,2.692801190339471,0.02095864620677057
2012-07-20,15.2154,2.7223080728489095,0.029506882509438448
2012-07-23,15.3324,2.7299682364031406,0.0076601635542310476
2012-07-24,15.1347,2.7169901206716816,-0.012978115731459017
2012-07-25,15.1451,2.7176770472966227,0.0006869266249411865
2012-07-26,15.2786,2.7264531565040784,0.00877610920745564
2012-07-27,15.8167,2.761066343867166,0.034613187363087494
2012-07-30,15.7504,2.756865761774545,-0.004200582092620753
2012-07-31,15.7669,2.7579128058746054,0.0010470441000602904
2012-08-01,15.7599,2.7574687392319372,-0.00044406664266816165
2012-08-02,15.6623,2.7512565507871063,-0.006212188444830957
2012-08-03,15.9756,2.771062558243735,0.019806007456628638
2012-08-06,16.0124,2.7733634220823524,0.002300863838617495
2012-08-07,15.9556,2.7698098647893454,-0.0035535572930069925
2012-08-08,15.998,2.77246371442663,0.0026538496372845444
2012-08-09,16.001,2.7726512202867375,0.00018750586010751746
2012-08-10,15.9921,2.7720948503051117,-0.0005563699816257817
2012-08-13,16.4405,2.799747802790853,0.027652952485741178
2012-08-14,16.6561,2.812776515697049,0.013028712906196116
2012-08-15,16.6282,2.8111000492227953,-0.0016764664742536795
2012-08-16,16.7612,2.8190666915361935,0.007966642313398165
2012-08-17,16.8674,2.8253827649410277,0.006316073404834199
2012-08-20,16.8274,2.823008510231679,-0.002374254709348822
2012-08-21,16.6775,2.8140605056015335,-0.008948004630145334
2012-08-22,16.8684,2.8254420491435837,0.011381543542050121
2012-08-23,16.8589,2.8248787072661585,-0.0005633418774251275
2012-08-24,16.9047,2.8275916897734565,0.002712982507298012
2012-08-27,16.6701,2.8136166955449498,-0.013974994228506787
2012-08-28,16.8699,2.825530968858032,0.011914273313082369
2012-08-29,17.1379,2.841292385243324,0.015761416385291938
2012-08-30,16.9804,2.8320597377317673,-0.009232647511556724
2012-08-31,17.0651,2.8370354422887614,0.004975704556994032
2012-09-04,16.9646,2.8311288200036167,-0.005906622285144714
2012-09-05,16.9566,2.830657138568507,-0.0004716814351097831
2012-09-06,17.4219,2.857728035511096,0.02707089694258924
2012-09-07,17.5902,2.8673419287814736,0.009613893270377538
2012-09-10,17.4557,2.859666242875205,-0.007675685906268548
2012-09-11,17.2425,2.8473772663233095,-0.012288976551895647
2012-09-12,17.2096,2.8454673676523536,-0.001909898670955812
2012-09-13,17.5872,2.867171364725729,0.021703997073375447
2012-09-14,17.6779,2.872315271874256,0.005143907148526861
2012-09-17,17.6854,2.8727394404395454,0.00042416856528948443
2012-09-18,17.8921,2.884359274645079,0.011619834205533586
2012-09-19,18.1217,2.897110115198655,0.012750840553576115
2012-09-20,18.1372,2.897965077756491,0.0008549625578360143
2012-09-21,18.2837,2.9060099525466585,0.008044874790167356
2012-09-24,18.6668,2.926746544898672,0.020736592352013528
2012-09-25,18.6613,2.9264518607309915,-0.00029468416768052563
2012-09-26,18.7685,2.9321799326474713,0.005728071916479838
2012-09-27,18.8442,2.936205174239337,0.004025241591865569
2012-09-28,18.7944,2.9335589531227004,-0.0026462211166364824
2012-10-01,18.9758,2.9431644831307677,0.009605530008067298
2012-10-02,18.8566,2.936862985237891,-0.006301497892876817
2012-10-03,18.9936,2.9441020803171325,0.0072390950792415865
2012-10-04,19.1317,2.9513466451598807,0.007244564842748158
2012-10-05,19.1217,2.950823815804697,-0.0005228293551837737
2012-10-08,18.8776,2.9379760339930274,-0.012847781811669456
2012-10-09,18.5349,2.919655441389868,-0.018320592603159547
2012-10-10,18.5468,2.920297267433901,0.000641826044033067
2012-10-11,18.7191,2.929544392970637,0.0092471255367359
2012-10-12,18.5518,2.9205668193862806,-0.008977573584356247
2012-10-15,18.4576,2.915476209788329,-0.005090609597951712
2012-10-16,18.5503,2.920485961429409,0.005009751641080307
2012-10-17,18.8187,2.9348510563197676,0.01436509489035842
2012-10-18,17.3123,2.851417231534258,-0.08343382478550954
2012-10-19,16.9834,2.832236396409995,-0.01918083512426305
2012-10-22,16.9056,2.8276449279878597,-0.004591468422135314
2012-10-23,16.9476,2.8301262308808814,0.0024813028930217307
2012-10-24,16.8714,2.825619880666468,-0.00450635021441359
2012-10-25,16.8829,2.8263012753595853,0.0006813946931174542
2012-10-26,16.8181,2.822455687403256,-0.0038455879563294992
2012-10-31,16.9461,2.8300377188564654,0.00758203145320957
2012-11-01,17.1279,2.840708712877064,0.010670994020598457
2012-11-02,17.1359,2.841175678020765,0.00046696514370125897
2012-11-05,17.0123,2.833936611846762,-0.007239066174002939
2012-11-06,16.9814,2.832118627425499,-0.0018179844212631302
2012-11-07,16.6178,2.81047441002775,-0.02164421739774891
2012-11-08,16.2481,2.7879759788627876,-0.02249843116496253
2012-11-09,16.5162,2.80434171742013,0.016365738557342357
2012-11-12,16.5874,2.8086433710041323,0.004301653584002363
2012-11-13,16.4165,2.7982869266141894,-0.010356444389942876
2012-11-14,16.2546,2.788375945640111,-0.009910980974078498
2012-11-15,16.123,2.780246823981603,-0.008129121658507987
2012-11-16,16.1211,2.7801289729637606,-0.00011785101784234087
2012-11-19,16.6446,2.8120858394976205,0.03195686653385987
2012-11-20,16.6885,2.8147198594586644,0.002634019961043954
2012-11-21,16.5869,2.8086132271879833,-0.006106632270681089
2012-11-23,16.6387,2.811731307341146,0.0031180801531625058
2012-11-26,16.4693,2.8014980417684225,-0.010233265572723305
2012-11-27,16.7075,2.815857720403088,0.014359678634665585
2012-11-28,17.0303,2.834994110491252,0.019136390088164035
2012-11-29,17.2345,2.8469131888140375,0.011919078322785381
2012-11-30,17.396,2.856240294735392,0.009327105921354661
2012-12-03,17.3183,2.8517637458920824,-0.0044765488433098355
2012-12-04,17.2136,2.8456997690571044,-0.006063976834977947
2012-12-05,17.1334,2.8410297748360236,-0.004669994221080831
2012-12-06,17.2156,2.845815949508712,0.004786174672688492
2012-12-07,17.0433,2.8357571646229416,-0.0100587848857705
2012-12-10,17.0736,2.8375334108801633,0.0017762462572217252
2012-12-11,17.359,2.854111103886412,0.016577693006248673
2012-12-12,17.376,2.855089943751525,0.0009788398651129349
2012-12-13,17.504,2.862429426239571,0.007339482488045945
2012-12-14,17.4857,2.8613834040291146,-0.0010460222104562433
2012-12-17,17.9543,2.887829640563283,0.02644623653416822
2012-12-18,17.9618,2.888247280569242,0.00041764000595900796
2012-12-19,17.938,2.886921367695811,-0.0013259128734306458
2012-12-20,17.9938,2.8900272541171073,0.0031058864212960557
2012-12-21,17.8264,2.880680504590621,-0.009346749526486064
2012-12-24,17.6734,2.8720606843471037,-0.008619820243517484
2012-12-26,17.658,2.8711889384793907,-0.0008717458677129919
2012-12-27,17.5932,2.867512463750082,-0.003676474729308765
2012-12-28,17.4367,2.85857718039295,-0.008935283357132118
2012-12-31,17.6206,2.869068672141664,0.010491491748714221
2013-01-02,18.0158,2.8912491506523215,0.02218047851065741
2013-01-03,18.0267,2.8918539921773156,0.0006048415249941819
2013-01-04,18.3824,2.9113936851169635,0.019539692939647857
2013-01-07,18.3026,2.907043126258197,-0.004350558858766451
2013-01-08,18.2663,2.9050578320916944,-0.001985294166502616
2013-01-09,18.3863,2.9116058220712002,0.006547989979505786
2013-01-10,18.47,2.9161477942111484,0.004541972139948225
2013-01-11,18.4332,2.914153386560963,-0.001994407650185437
2013-01-14,18.0158,2.8912491506523215,-0.022904235908641546
2013-01-15,18.0575,2.8935611109428647,0.002311960290543258
2013-01-16,17.8154,2.880063251794789,-0.013497859148075886
2013-01-17,17.7188,2.8746262227935326,-0.0054370290012561995
2013-01-18,17.5494,2.8650197612932624,-0.009606461500270225
2013-01-22,17.5085,2.8626864772941816,-0.0023332839990808374
2013-01-23,18.4705,2.9161748647705634,0.05348838747638185
2013-01-24,18.778,2.9326859718363556,0.016511107065792174
2013-01-25,18.774,2.9324729339148004,-0.00021303792155524803
2013-01-28,18.7003,2.9285395665126055,-0.003933367402194854
2013-01-29,18.774,2.9324729339148004,0.003933367402194854
2013-01-30,18.778,2.9326859718363556,0.00021303792155524803
2013-01-31,18.8237,2.935116714196492,0.0024307423601364064
2013-02-01,19.32,2.961140828784372,0.02602411458788012
2013-02-04,18.9069,2.93952693480542,-0.02161389397895208
2013-02-05,19.0744,2.9483471218920605,0.008820187086640452
2013-02-06,19.1844,2.9540974487767095,0.0057503268846490485
2013-02-07,19.2791,2.959021607594906,0.0049241588181963
2013-02-08,19.5631,2.973645138756546,0.01462353116164028
2013-02-11,19.4899,2.9698963826699805,-0.0037487560865656633
2013-02-12,19.447,2.967692816522745,-0.0022035661472354917
2013-02-13,19.5009,2.970460618350799,0.0027678018280541394
2013-02-14,19.6243,2.976768594242517,0.006307975891717721
2013-02-15,19.7505,2.983178807482371,0.0064102132398540235
2013-02-19,20.0982,3.000630258816183,0.017451451333811985
2013-02-20,19.74,2.9826470340053355,-0.017983224810847354
2013-02-21,19.8162,2.986499784990385,0.003852750985049447
2013-02-22,19.9208,2.9917644119926052,0.005264627002220301
2013-02-25,19.6975,2.980491724137706,-0.01127268785489921
2013-02-26,19.6817,2.9796892700072086,-0.0008024541304973987
2013-02-27,19.9223,2.991839707338636,0.012150437331427177
2013-02-28,19.9576,2.9936100231728897,0.0017703158342539105
2013-03-01,20.0822,2.999833850575066,0.006223827402176418
2013-03-04,20.4633,3.0186330378401753,0.018799187265109207
2013-03-05,20.8893,3.039237066151128,0.02060402831095276
2013-03-06,20.7095,3.030592532189925,-0.008644533961203127
2013-03-07,20.7397,3.0320497378944506,0.001457205704525677
2013-03-08,20.713,3.030761522473386,-0.00128821542106472
2013-03-11,20.7952,3.034722190845187,0.0039606683718012015
2013-03-12,20.6153,3.0260335185632847,-0.008688672281902399
2013-03-13,20.5584,3.023269616547079,-0.002763902016205577
2013-03-14,20.4643,3.018681904619571,-0.004587711927507954
2013-03-15,20.2841,3.0098373279147044,-0.008844576704866824
2013-03-18,20.122,3.001813743869859,-0.008023584044845489
2013-03-19,20.2097,3.0061626871687883,0.004348943298929431
2013-03-20,20.2944,3.0103449859218365,0.004182298753048208
2013-03-21,20.2082,3.0060884626296267,-0.004256523292209824
2013-03-22,20.1849,3.0049348001187406,-0.001153662510886111
2013-03-25,20.1679,3.004092231523465,-0.0008425685952757611
2013-03-26,20.2371,3.0075175535212035,0.003425321997738706
2013-03-27,19.994,2.995432228544989,-0.012085324976214729
2013-03-28,19.7832,2.9848330926849904,-0.010599135859998388
2013-04-01,19.9576,2.9936100231728897,0.008776930487899293
2013-04-02,20.2526,3.008283180372336,0.014673157199446507
2013-04-03,20.0822,2.999833850575066,-0.008449329797270089
2013-04-04,19.8052,2.9859445294828757,-0.013889321092190432
2013-04-05,19.5053,2.970686223511961,-0.015258305970914599
2013-04-08,19.3011,2.9601620891053497,-0.010524134406611374
2013-04-09,19.3708,2.9637667775469407,0.0036046884415910085
2013-04-10,19.6832,2.979765480031912,0.01599870248497126
2013-04-11,19.6885,2.980034708946692,0.0002692289147798732
2013-04-12,19.6797,2.979587647605479,-0.0004470613412128621
2013-04-15,19.4774,2.969254819080573,-0.010332828524906024
2013-04-16,19.7624,2.9837811424342364,0.01452632335366344
2013-04-17,19.4934,2.9700759467402054,-0.013705195694031058
2013-04-18,19.0788,2.9485777709605268,-0.021498175779678608
2013-04-19,19.9248,2.9919651869847472,0.04338741602422047
2013-04-22,19.9308,2.9922662739108166,0.0003010869260693383
2013-04-23,20.1245,3.001937978275495,0.009671704364678568
2013-04-24,20.2626,3.0087768222747857,0.006838843999290578
2013-04-25,20.1544,3.003422626837997,-0.005354195436788611
2013-04-26,19.9631,2.9938855694451147,-0.009537057392882353
2013-04-29,20.4025,3.015657442361261,0.02177187291614624
2013-04-30,20.5396,3.022354730114098,0.006697287752837067
2013-05-01,20.4369,3.0173420904283583,-0.005012639685739728
2013-05-02,20.665,3.028441447963696,0.011099357535337528
2013-05-03,21.0667,3.0476935947619315,0.019252146798235614
2013-05-06,21.4612,3.066246653626153,0.018553058864221317
2013-05-07,21.3535,3.0612156606650833,-0.005030992961069458
2013-05-08,21.7622,3.0801745198183603,0.018958859153276997
2013-05-09,21.7083,3.0776946758956054,-0.0024798439227549096
2013-05-10,21.9266,3.087700511650356,0.01000583575475078
2013-05-13,21.8588,3.0846035864566232,-0.0030969251937329467
2013-05-14,22.0974,3.0954599545439256,0.010856368087302393
2013-05-15,22.8144,3.1273919155457177,0.031931961001792075
2013-05-16,22.5154,3.1141995195295444,-0.01319239601617328
2013-05-17,22.6473,3.120040639525514,0.005841119995969368
2013-05-20,22.631,3.1193206477986095,-0.0007199917269042899
2013-05-21,22.5921,3.117600287646644,-0.0017203601519653056
2013-05-22,22.1552,3.0980722319183123,-0.01952805572833194
2013-05-23,21.9903,3.0906014470384133,-0.00747078487989894
2013-05-24,21.7542,3.079806842340898,-0.010794604697515364
2013-05-28,21.9523,3.0888719176308514,0.009065075289953484
2013-05-29,21.6296,3.074062746959946,-0.01480917067090548
2013-05-30,21.6903,3.0768651560017766,0.0028024090418306002
2013-05-31,21.7018,3.077395206415066,0.0005300504132894623
2013-06-03,21.6126,3.0732764779507,-0.004118728464366228
2013-06-04,21.4,3.0633909220278057,-0.009885555922894085
2013-06-05,21.415,3.0640916110673344,0.0007006890395286902
2013-06-06,21.5379,3.069814173939276,0.005722562871941506
2013-06-07,21.9136,3.087107448645122,0.017293274705846073
2013-06-10,22.1751,3.0989700377683387,0.011862589123216694
2013-06-11,21.9156,3.0871987120038593,-0.011771325764479368
2013-06-12,21.7207,3.07826572290737,-0.008932989096489319
2013-06-13,21.8459,3.08401326091385,0.005747538006480202
2013-06-14,21.7969,3.0817677578485414,-0.002245503065308796
2013-06-17,22.076,3.094491045577255,0.012723287728713562
2013-06-18,22.4342,3.110586580222965,0.016095534645709897
2013-06-19,22.4357,3.110653440189248,6.685996628297275e-05
2013-06-20,22.0385,3.0927909238924327,-0.017862516296815123
2013-06-21,21.9435,3.0884709681041134,-0.004319955788319341
2013-06-24,21.6665,3.075767288890249,-0.012703679213864394
2013-06-25,21.5768,3.071618663385124,-0.004148625505124848
2013-06-26,21.7622,3.0801745198183603,0.008555856433236197
2013-06-27,21.8479,3.0841048070829356,0.003930287264575227
2013-06-28,21.9296,3.0878373224093676,0.00373251532643204
2013-07-01,22.1169,3.0963420221674918,0.008504699758124179
2013-07-02,21.9783,3.0900556029452217,-0.006286419222270023
2013-07-03,22.081,3.0947175102384126,0.004661907293190826
2013-07-05,22.2563,3.1026251146013824,0.007907604362969778
2013-07-08,22.5453,3.1155266185044073,0.012901503903024913
2013-07-09,22.5493,3.1157040233382673,0.0001774048338600842
2013-07-10,22.5681,3.1165374047426964,0.0008333814044290122
2013-07-11,22.9228,3.1321320484339847,0.015594643691288379
2013-07-12,22.9917,3.135133281234842,0.0030012328008570677
2013-07-15,23.0335,3.13694967796935,0.0018163967345081744
2013-07-16,22.9069,3.1314381752191074,-0.005511502750242592
2013-07-17,22.8811,3.130311242279016,-0.001126932940091585
2013-07-18,22.6848,3.1216950966785615,-0.008616145600454317
2013-07-19,22.334,3.1061101810236003,-0.015584915654961229
2013-07-22,22.6853,3.1217171376262347,0.015606956602634448
2013-07-23,22.5134,3.1141106874931004,-0.007606450133134324
2013-07-24,22.4909,3.1131107829562166,-0.000999904536883811
2013-07-25,22.1124,3.0961385371466785,-0.016972245809538045
2013-07-26,22.054,3.0934939913364867,-0.0026445458101918007
2013-07-29,21.9773,3.0900101024856594,-0.003483888850827288
2013-07-30,22.1926,3.099758899976996,0.009748797491336614
2013-07-31,22.1139,3.0962063700877374,-0.003552529889258693
2013-08-01,22.5239,3.1145769676737616,0.018370597586024218
2013-08-02,22.5821,3.117157557054256,0.0025805893804942137
2013-08-05,22.5434,3.115442340181851,-0.0017152168724048344
2013-08-06,22.333,3.1060654052383376,-0.009376934943513326
2013-08-07,22.1856,3.0994434297660343,-0.006621975472303365
2013-08-08,22.2359,3.101708099869382,0.0022646701033477434
2013-08-09,22.1796,3.099172947494498,-0.0025351523748842197
2013-08-12,22.058,3.093675347883955,-0.005497599610542636
2013-08-13,21.9513,3.0888263632799475,-0.004848984604007622
2013-08-14,21.6665,3.075767288890249,-0.013059074389698555
2013-08-15,21.414,3.0640449137360783,-0.011722375154170628
2013-08-16,21.3455,3.0608409446251947,-0.003203969110883609
2013-08-19,21.5629,3.0709742453441535,0.010133300718958793
2013-08-20,21.5574,3.07071914507677,-0.0002551002673834013
2013-08-21,21.6545,3.0752132850442195,0.0044941399674494065
2013-08-22,21.7642,3.0802664180686823,0.005053133024462753
2013-08-23,21.6765,3.076228724424358,-0.0040376936443244915
2013-08-26,21.5818,3.071850366916859,-0.004378357507498709
2013-08-27,21.1772,3.0529251312451877,-0.01892523567167137
2013-08-28,21.1374,3.051043983285063,-0.0018811479601246184
2013-08-29,21.3088,3.0591201329341664,0.008076149649103304
2013-08-30,21.096,3.0490834490509857,-0.010036683883180686
2013-09-03,21.4317,3.0648711343839796,0.015787685332993906
2013-09-04,21.7123,3.0778789202409764,0.0130077858569968
2013-09-05,21.9096,3.0869248969368437,0.009045976695867264
2013-09-06,21.9101,3.0869477177229294,2.2820786085731015e-05
2013-09-09,22.1207,3.0965138217230437,0.009566104000114262
2013-09-10,22.1367,3.0972368646806987,0.0007230429576550179
2013-09-11,22.324,3.105662332926187,0.00842546824548851
2013-09-12,22.2458,3.1021532267491305,-0.0035091061770566867
2013-09-13,22.1467,3.0976885011932507,-0.004464725555879845
2013-09-16,22.1139,3.0962063700877374,-0.001482131105513318
2013-09-17,22.073,3.094355142159075,-0.0018512279286624356
2013-09-18,22.5014,3.1135775294968746,0.019222387337799685
2013-09-19,22.379,3.108123019133018,-0.0054545103638568015
2013-09-20,22.4964,3.113355296409009,0.005232277275991404
2013-09-23,22.0825,3.09478543963715,-0.018569856771859072
2013-09-24,22.091,3.095170285760048,0.0003848461228979083
2013-09-25,21.8519,3.0842878742828392,-0.010882411477208809
2013-09-26,21.8746,3.0853261463622066,0.0010382720793673528
2013-09-27,21.8309,3.083326397380362,-0.001999748981844629
2013-09-30,21.8189,3.082776566668546,-0.000549830711816135
2013-10-01,22.0949,3.0953468126616217,0.01257024599307588
2013-10-02,22.1198,3.0964731350219385,0.0011263223603168449
2013-10-03,21.8229,3.08295987716496,-0.013513257856978544
2013-10-04,21.7302,3.0787029980916065,-0.004256879073353481
2013-10-07,21.5654,3.071090178501862,-0.007612819589744468
2013-10-08,21.2648,3.057053123535575,-0.014037054966287155
2013-10-09,21.3193,3.0596127657379903,0.0025596422024154464
2013-10-10,21.6276,3.073970276804623,0.014357511066632522
2013-10-11,21.7212,3.0782887421583705,0.00431846535374758
2013-10-14,21.8239,3.083005699539117,0.0047169573807464005
2013-10-15,21.9703,3.0896915412873596,0.006685841748242716
2013-10-16,22.37,3.107720775502038,0.018029234214678613
2013-10-17,22.1397,3.0973723770531856,-0.010348398448852603
2013-10-18,25.1936,3.226589994008011,0.1292176169548256
2013-10-21,24.9919,3.2185517723688606,-0.008038221639150578
2013-10-22,25.0841,3.222234179277835,0.003682406908974478
2013-10-23,25.6924,3.2461952283230806,0.02396104904524554
2013-10-24,25.5464,3.2404964065266535,-0.0056988217964271115
2013-10-25,25.2883,3.2303418381773357,-0.010154568349317827
2013-10-28,25.2833,3.230144098734,-0.000197739443335454
2013-10-29,25.8124,3.2508549966217375,0.02071089788773728
2013-10-30,25.6675,3.2452256001909827,-0.005629396430754774
2013-10-31,25.6715,3.2453814271454657,0.0001558269544830182
2013-11-01,25.5833,3.241939794866752,-0.0034416322787138576
2013-11-04,25.5598,3.241020804752586,-0.0009189901141657408
2013-11-05,25.4457,3.2365467699787627,-0.004474034773823465
2013-11-06,25.4767,3.237764308972586,0.001217538993823375
2013-11-07,25.1079,3.2231825376530256,-0.0145817713195604
2013-11-08,25.3093,3.231171917122021,0.00798937946899514
2013-11-11,25.1737,3.2257997987410234,-0.005372118380997382
2013-11-12,25.2031,3.2269670028245616,0.0011672040835382091
2013-11-13,25.7187,3.2472183537685275,0.020251350943965907
2013-11-14,25.7874,3.249886000542057,0.0026676467735295972
2013-11-15,25.7457,3.2482676228740517,-0.001618377668005433
2013-11-18,25.6959,3.24633144610049,-0.0019361767735617263
2013-11-19,25.5374,3.2401440443259903,-0.006187401774499612
2013-11-20,25.4657,3.2373324486687545,-0.002811595657235877
2013-11-21,25.7587,3.2487724341242004,0.011439985455445889
2013-11-22,25.7043,3.2466582930806487,-0.002114141043551676
2013-11-25,26.0535,3.26015211618004,0.013493823099391289
2013-11-26,26.365,3.272037372982433,0.011885256802393052
2013-11-27,26.4815,3.276446375990133,0.004409003007700196
2013-11-29,26.3938,3.273129134086198,-0.0033172419039351198
2013-12-02,26.2668,3.2683057843249723,-0.004823349761225781
2013-12-03,26.2363,3.2671439480360327,-0.0011618362889396217
2013-12-04,26.359,3.2718097726476367,0.00466582461160403
2013-12-05,26.338,3.2710127632880286,-0.0007970093596081362
2013-12-06,26.6499,3.282785398259598,0.011772634971569218
2013-12-09,26.8561,3.290492983233506,0.007707584973908332
2013-12-10,27.0185,3.2965218165573167,0.006028833323810545
2013-12-11,26.8347,3.289695826136453,-0.006825990420863626
2013-12-12,26.6524,3.282879202842208,-0.006816623294245261
2013-12-13,26.4242,3.274280256936623,-0.008598945905584632
2013-12-16,26.7276,3.285696739363302,0.011416482426678698
2013-12-17,26.6499,3.282785398259598,-0.002911341103704057
2013-12-18,27.021,3.2966143414697155,0.013828943210117739
2013-12-19,27.0575,3.2979642311871644,0.001349889717448871
2013-12-20,27.4162,3.311134079555912,0.013169848368747683
2013-12-23,27.7768,3.3242011399064926,0.013067060350580473
2013-12-24,27.6956,3.3212735558107838,-0.002927584095708813
2013-12-26,27.8356,3.326315776998626,0.005042221187842255
2013-12-27,27.859,3.3271560739529766,0.0008402969543506167
2013-12-30,27.6363,3.3191301259736212,-0.008025947979355408
2013-12-31,27.9168,3.3292286581450634,0.010098532171442187
2014-01-02,27.7275,3.3224247004967595,-0.006803957648303882
2014-01-03,27.5252,3.315101948704053,-0.007322751792706583
2014-01-06,27.8321,3.3261900308296766,0.011088082125623622
2014-01-07,28.3687,3.3452864247183314,0.019096393888654806
2014-01-08,28.4279,3.3473710572998154,0.0020846325814840583
2014-01-09,28.1539,3.3376858885063068,-0.00968516879350867
2014-01-10,28.1524,3.3376326085003267,-5.328000598003868e-05
2014-01-13,27.973,3.331239759238353,-0.006392849261973588
2014-01-14,28.6313,3.3545005249949833,0.023260765756630164
2014-01-15,28.6118,3.353819220147612,-0.0006813048473715
2014-01-16,28.8011,3.3604135808569557,0.006594360709343938
2014-01-17,28.6591,3.3554710192551727,-0.00494256160178308
2014-01-21,28.9874,3.3668612528128707,0.011390233557698082
2014-01-22,29.0202,3.367992139231053,0.0011308864181822642
2014-01-23,28.8978,3.3637654676532907,-0.004226671577762353
2014-01-24,27.9945,3.3320080623091566,-0.03175740534413407
2014-01-27,27.4316,3.3116956335436636,-0.020312428765492996
2014-01-28,27.9735,3.3312576334574735,0.019561999913809913
2014-01-29,27.5731,3.3168406597738054,-0.014416973683668122
2014-01-30,28.2825,3.342243238818485,0.025402579044679463
2014-01-31,29.4174,3.38158633601304,0.0393430971945552
2014-02-03,28.2336,3.3405127580456484,-0.04107357796739164
2014-02-04,28.3512,3.344669357320283,0.004156599274634409
2014-02-05,28.4768,3.3490897206804062,0.004420363360123414
2014-02-06,28.8943,3.3636443438317203,0.014554623151314061
2014-02-07,29.3297,3.3786006545019993,0.014956310670279027
2014-02-10,29.2171,3.3747541543062014,-0.0038465001957979084
2014-02-11,29.647,3.3893609398862,0.014606785579998505
2014-02-12,29.5598,3.3864153301572477,-0.002945609728952192
2014-02-13,29.8891,3.3974938654377014,0.01107853528045366
2014-02-14,29.9614,3.3999098865292168,0.002416021091515397
2014-02-18,30.1626,3.406602746320706,0.0066928597914892585
2014-02-19,29.9499,3.3995259856577205,-0.007076760662985571
2014-02-20,29.9938,3.4009906936369902,0.001464707979269786
2014-02-21,29.9863,3.4007406106915106,-0.00025008294547967935
2014-02-24,30.2035,3.4079578117053635,0.007217201013852925
2014-02-25,30.3898,3.4141070257948383,0.006149214089474775
2014-02-26,30.3938,3.414238640243662,0.0001316144488239246
2014-02-27,30.37,3.4134552790576573,-0.0007833611860048606
2014-02-28,30.2818,3.410546871980789,-0.0029084070768683468
2014-03-03,29.9584,3.39980975268356,-0.010737119297229203
2014-03-04,30.2633,3.409935757272059,0.010126004588499438
2014-03-05,30.3465,3.412681189603441,0.002745432331381803
2014-03-06,30.3798,3.4137779138674844,0.0010967242640433916
2014-03-07,30.2603,3.4098366223890566,-0.003941291478427811
2014-03-10,30.1796,3.4071661994414,-0.0026704229476566255
2014-03-11,29.8916,3.397577504471753,-0.009588694969647094
2014-03-12,30.0734,3.4036410601130527,0.006063555641299789
2014-03-13,29.6192,3.3884227996970564,-0.015218260415996276
2014-03-14,29.2141,3.3746514694391223,-0.013771330257934089
2014-03-17,29.6949,3.3909753138918552,0.01632384445273294
2014-03-18,30.1721,3.4069176563170602,0.01594234242520498
2014-03-19,29.8727,3.3969450198402904,-0.009972636476769825
2014-03-20,29.8209,3.3952094899676717,-0.001735529872618713
2014-03-21,29.4692,3.383345650130713,-0.0118638398369586
2014-03-24,28.8434,3.361881197284975,-0.02146445284573817
2014-03-25,28.8634,3.362574356524468,0.0006931592394932018
2014-03-26,28.1968,3.339208496327968,-0.023365860196500332
2014-03-27,27.7564,3.3234664442319186,-0.015742052096049175
2014-03-28,27.9028,3.3287270422146893,0.005260597982770676
2014-03-31,27.7624,3.323682587232969,-0.005044454981720126
2014-04-01,28.27,3.341801171705499,0.018118584472529786
2014-04-02,28.275,3.341978022002184,0.0001768502966852381
2014-04-03,28.3841,3.345829129232575,0.003851107230390838
2014-04-04,27.059,3.298019667144789,-0.04780946208778625
2014-04-07,26.9338,3.2933820034415073,-0.004637663703281447
2014-04-08,27.7748,3.3241291347796964,0.03074713133818907
2014-04-09,28.2496,3.341079298200171,0.016950163420474507
2014-04-10,27.2358,3.3045322843715526,-0.03654701382861836
2014-04-11,26.7909,3.2880622776170907,-0.016470006754461863
2014-04-14,27.1615,3.301800529442348,0.01373825182525712
2014-04-15,27.3359,3.30820085662661,0.006400327184262089
2014-04-16,28.0932,3.3355275541721356,0.027326697545525747
2014-04-17,27.0689,3.2983854674108395,-0.037142086761296156
2014-04-21,26.8711,3.291051359638371,-0.007334107772468457
2014-04-22,27.1765,3.3023526292760192,0.011301269637648215
2014-04-23,26.7784,3.287595592398995,-0.014757036877024454
2014-04-24,26.6255,3.2818694031959823,-0.005726189203012488
2014-04-25,26.0605,3.26042075800535,-0.021448645190632387
2014-04-28,26.0545,3.2601904980024137,-0.0002302600029362445
2014-04-29,26.7197,3.2854011210605054,0.02521062305809174
2014-04-30,26.6474,3.2826915848768623,-0.002709536183643113
2014-05-01,26.8293,3.2894945738996375,0.006802989022775208
2014-05-02,26.5971,3.2808021872878714,-0.008692386611766079
2014-05-05,26.6698,3.2835318391031874,0.0027296518153159255
2014-05-06,26.0341,3.25940721716772,-0.02412462193546716
2014-05-07,25.8064,3.2506225231807813,-0.00878469398693893
2014-05-08,25.9146,3.254806516446337,0.004183993265555852
2014-05-09,26.2358,3.2671248902891534,0.01231837384281631
2014-05-12,26.8243,3.289308193115702,0.02218330282654879
2014-05-13,26.9793,3.2950699052984773,0.005761712182775103
2014-05-14,26.624,3.281813064638798,-0.013256840659679359
2014-05-15,26.3605,3.2718666775879495,-0.009946387050848493
2014-05-16,26.3195,3.2703101093161857,-0.0015565682717637586
2014-05-19,26.8441,3.2900460575162933,0.0197359482001076
2014-05-20,26.9218,3.2929363673257237,0.0028903098094303914
2014-05-21,27.3857,3.3100209793477404,0.01708461202201672
2014-05-22,27.6722,3.3204282991311547,0.010407319783414248
2014-05-23,28.0882,3.335349559319277,0.014921260188122343
2014-05-27,28.6397,3.354793867177248,0.019444307857971133
2014-05-28,28.4194,3.3470720105530622,-0.007721856624185897
2014-05-29,28.4249,3.3472655216005083,0.00019351104744602665
2014-05-30,28.4793,3.3491775075900296,0.0019119859895213587
2014-06-02,28.1151,3.3363067985580424,-0.012870709031987282
2014-06-03,27.6253,3.318732019507457,-0.017574779050585132
2014-06-04,27.588,3.3173808955690447,-0.001351123938412524
2014-06-05,28.1444,3.3373484005150114,0.019967504945966663
2014-06-06,28.1993,3.3392971549409443,0.001948754425932897
2014-06-09,28.4334,3.34756451049266,0.00826735555171565
2014-06-10,28.3124,3.343299871228185,-0.004264639264474734
2014-06-11,28.2725,3.341889600763345,-0.0014102704648402131
2014-06-12,27.874,3.327694354697318,-0.014195246066027067
2014-06-13,27.9163,3.3292107476224517,0.001516392925133836
2014-06-16,27.5152,3.314738579247798,-0.014472168374653815
2014-06-17,27.4311,3.311677406223462,-0.0030611730243359503
2014-06-18,27.9318,3.3297658247118416,0.01808841848837961
2014-06-19,28.1474,3.3374549879754527,0.007689163263611132
2014-06-20,28.2237,3.3401620505161893,0.0027070625407366045
2014-06-23,28.6108,3.353784268922044,0.013622218405854536
2014-06-24,28.5236,3.3507318147890874,-0.003052454132956406
2014-06-25,29.1906,3.3738467396393563,0.023114924850268892
2014-06-26,29.1329,3.3718681197408826,-0.001978619898473699
2014-06-27,29.1787,3.37343899103984,0.001570871298957499
2014-06-30,29.1279,3.3716964777444707,-0.0017425132953694522
2014-07-01,29.4677,3.383294748233928,0.011598270489457274
2014-07-02,29.4323,3.38209271073775,-0.0012020374961778657
2014-07-03,29.5468,3.3859754469560612,0.0038827362183111447
2014-07-07,29.4313,3.38205873388278,-0.0039167130732811195
2014-07-08,28.8155,3.360913436811657,-0.021145297071123004
2014-07-09,29.0627,3.3694555650443263,0.0085421282326692
2014-07-10,28.8973,3.3637481651484067,-0.005707399895919618
2014-07-11,29.2266,3.3750792535070966,0.0113310883586899
2014-07-14,29.6057,3.387966910358828,0.012887656851731322
2014-07-15,29.5458,3.3859416017707047,-0.0020253085881232202
2014-07-16,29.4243,3.3818208635685534,-0.004120738202151308
2014-07-17,28.9361,3.365089950546507,-0.016730913022046323
2014-07-18,30.1463,3.4060621959078516,0.040972245361344584
2014-07-21,29.8139,3.394974727713681,-0.011087468194170835
2014-07-22,30.0695,3.403511368993886,0.00853664128020526
2014-07-23,30.1501,3.4061882399172796,0.002676870923393526
2014-07-24,30.0416,3.402583087794458,-0.003605152122821753
2014-07-25,29.796,3.3943741563140297,-0.008208931480428117
2014-07-28,29.8429,3.3959469556000004,0.0015727992859706497
2014-07-29,29.5903,3.3874466049210477,-0.008500350678952717
2014-07-30,29.6645,3.3899510446890737,0.0025044397680260566
2014-07-31,28.8728,3.3628999754631255,-0.027051069225948243
2014-08-01,28.5763,3.3525777029592505,-0.010322272503874963
2014-08-04,29.0084,3.367585443216927,0.015007740257676705
2014-08-05,28.5535,3.3517795205321987,-0.01580592268472847
2014-08-06,28.6208,3.354133726218424,0.0023542056862253524
2014-08-07,28.4873,3.3494583739240777,-0.004675352294346347
2014-08-08,28.7926,3.3601184096815766,0.010660035757498854
2014-08-11,28.7582,3.358922943967916,-0.0011954657136605817
2014-08-12,28.5026,3.349995311183753,-0.008927632784163197
2014-08-13,29.1224,3.3715076375147603,0.021512326331007525
2014-08-14,29.1269,3.371662145809588,0.00015450829482777095
2014-08-15,29.0801,3.370054091448952,-0.0016080543606360465
2014-08-18,29.528,3.3853389657276973,0.015284874278745253
2014-08-19,29.7477,3.3927518180786254,0.007412852350928034
2014-08-20,29.663,3.3899004779198583,-0.0028513401587670906
2014-08-21,29.514,3.3848647270412577,-0.005035750878600531
2014-08-22,29.52,3.385067999732272,0.0002032726910141669
2014-08-25,29.4218,3.381735896170493,-0.003332103561779043
2014-08-26,29.2998,3.3775806900611585,-0.004155206109334397
2014-08-27,29.0447,3.3688360225910157,-0.008744667470142797
2014-08-28,28.9112,3.3642290632954914,-0.004606959295524238
2014-08-29,29.0128,3.367737111917624,0.003508048622132609
2014-09-02,29.3252,3.378447214635634,0.010710102718010095
2014-09-03,29.3695,3.3799567208912884,0.0015095062556542693
2014-09-04,29.5498,3.3860769756396936,0.006120254748405163
2014-09-05,29.781,3.3938706062756943,0.007793630636000692
2014-09-08,29.9728,3.4002903037246575,0.006419697448963202
2014-09-09,29.4916,3.3841054770352903,-0.01618482668936716
2014-09-10,29.5638,3.3865506399153174,0.002445162880027052
2014-09-11,29.4487,3.3826497665086808,-0.0039008734066365847
2014-09-12,29.1394,3.37209121030113,-0.010558556207550751
2014-09-15,28.977,3.3665024118652687,-0.005588798435861353
2014-09-16,29.3327,3.3787029346679187,0.012200522802650049
2014-09-17,29.5573,3.386330752260108,0.007627817592189334
2014-09-18,29.7557,3.3930207102780026,0.006689958017894515
2014-09-19,30.1606,3.4065364368410784,0.01351572656307587
2014-09-22,29.7557,3.3930207102780026,-0.01351572656307587
2014-09-23,29.4522,3.3827686101937218,-0.01025210008428079
2014-09-24,29.8129,3.394941185749326,0.012172575555604137
2014-09-25,29.1569,3.37269159147543,-0.022249594273895834
2014-09-26,29.2888,3.3772051903861615,0.004513598910731442
2014-09-29,29.2843,3.3770515362340388,-0.0001536541521227619
2014-09-30,29.3143,3.3780754515706173,0.0010239153365785292
2014-10-01,28.8768,3.3630385045613838,-0.015036947009233526
2014-10-02,28.9391,3.365193621894604,0.002155117333220158
2014-10-03,29.2066,3.3743947111311527,0.009201089236548832
2014-10-06,29.2828,3.377000312936306,0.002605601805153235
2014-10-07,28.6013,3.353452171338235,-0.02354814159807095
2014-10-08,29.0816,3.3701056717844766,0.016653500446241587
2014-10-09,28.4374,3.3477051802214697,-0.02240049156300694
2014-10-10,27.6593,3.3199620186134124,-0.027743161608057232
2014-10-13,27.1391,3.3009754924714634,-0.018986526141949067
2014-10-14,27.3354,3.3081825654939676,0.007207073022504229
2014-10-15,26.9388,3.293567626560286,-0.01461493893368182
2014-10-16,26.749,3.286497089465677,-0.00707053709460892
2014-10-17,26.054,3.2601713072753724,-0.02632578219030446
2014-10-20,26.5229,3.2780085107721106,0.01783720349673823
2014-10-21,26.8044,3.2885660531453746,0.010557542373264006
2014-10-22,27.0365,3.297187804927137,0.008621751781762388
2014-10-23,27.5826,3.317185139132927,0.019997334205789752
2014-10-24,27.3459,3.308566609038252,-0.008618530094674615
2014-10-27,27.3947,3.310349564026968,0.0017829549887156126
2014-10-28,27.8461,3.326692920660707,0.016343356633739425
2014-10-29,27.8216,3.3258126974223887,-0.0008802232383184894
2014-10-30,27.9123,3.3290674518920613,0.003254754469672605
2014-10-31,28.2909,3.3425401981690537,0.013472746276992353
2014-11-03,28.0867,3.33529615468481,-0.0072440434842437895
2014-11-04,28.1077,3.33604356015502,0.0007474054702099053
2014-11-05,27.6971,3.321327714571789,-0.014715845583230802
2014-11-06,27.4849,3.313636762957815,-0.00769095161397404
2014-11-07,27.4914,3.3138732284904275,0.00023646553261258418
2014-11-10,27.8107,3.325420838730964,0.011547610240536521
2014-11-11,27.9632,3.3308893600299596,0.0054685212989955545
2014-11-12,27.8117,3.325456795467822,-0.005432564562137809
2014-11-13,27.7215,3.3222082854117834,-0.003248510056038434
2014-11-14,27.6593,3.3199620186134124,-0.0022462667983709217
2014-11-17,27.2333,3.30444048920689,-0.015521529406522294
2014-11-18,27.1272,3.300536914562494,-0.0039035746443962793
2014-11-19,27.2612,3.3054644458424307,0.0049275312799368365
2014-11-20,27.0898,3.2991572732716703,-0.006307172570760411
2014-11-21,27.1959,3.303066226646128,0.003908953374457624
2014-11-24,27.2751,3.30597419807355,0.0029079714274220514
2014-11-25,27.3622,3.309162498878416,0.0031883008048660955
2014-11-26,27.2875,3.3064287218760624,-0.0027337770023536656
2014-11-28,27.3548,3.308892016211416,0.0024632943353535275
2014-12-01,26.8851,3.291572229800939,-0.017319786410476823
2014-12-02,26.8322,3.2896026588395975,-0.001969570961341649
2014-12-03,26.7515,3.2865905465362397,-0.003012112303357739
2014-12-04,27.031,3.2969843555344713,0.010393808998231613
2014-12-05,26.3085,3.269892080884165,-0.02709227465030617
2014-12-08,26.4407,3.2749044896708495,0.005012408786684297
2014-12-09,26.7087,3.284989355027631,0.010084865356781325
2014-12-10,26.3067,3.2698236595914323,-0.0151656954361985
2014-12-11,26.5094,3.2774993870761135,0.007675727484681261
2014-12-12,25.9813,3.257377048481717,-0.020122338594396716
2014-12-15,25.6988,3.2464442982040365,-0.01093275027768037
2014-12-16,24.818,3.211569196352428,-0.03487510185160847
2014-12-17,25.2311,3.2280773605927724,0.016508164240344403
2014-12-18,25.638,3.244075625889943,0.015998265297170633
2014-12-19,25.9081,3.2545556611248627,0.010480035234919693
2014-12-22,26.5189,3.2778576863277067,0.023302025202843968
2014-12-23,26.8411,3.2899342948702333,0.012076608542526568
2014-12-24,26.7495,3.2865157815785406,-0.0034185132916926264
2014-12-26,26.9783,3.2950328391576513,0.008517057579110698
2014-12-29,26.7684,3.2872220873485993,-0.007810751809051997
2014-12-30,26.6673,3.2834380957237452,-0.0037839916248540995
2014-12-31,26.4372,3.274772109224383,-0.008665986499362344
2015-01-02,26.3819,3.2726781689563498,-0.002093940268033112
2015-01-05,25.8791,3.2534356931392874,-0.0192424758170624
2015-01-06,25.2406,3.2284538091812762,-0.024981883958011153
2015-01-07,25.1663,3.225505797944309,-0.0029480112369673073
2015-01-08,25.254,3.2289845590164887,0.0034787610721798146
2015-01-09,24.9456,3.21669745394015,-0.0122871050763389
2015-01-12,24.7632,3.2093586801763583,-0.007338773763791551
2015-01-13,24.9993,3.2188478244761933,0.00948914429983505
2015-01-14,25.2051,3.2270463549934965,0.008198530517303126
2015-01-15,25.1094,3.2232422780214023,-0.0038040769720941725
2015-01-16,25.4303,3.235941376454494,0.012699098433091915
2015-01-20,25.4049,3.2349420688049233,-0.000999307649570902
2015-01-21,25.9256,3.255230897531483,0.020288828726559682
2015-01-22,26.7679,3.287203408433545,0.0319725109020621
2015-01-23,26.9996,3.295822051079774,0.008618642646228913
2015-01-26,26.7391,3.2861269136653384,-0.009695137414435617
2015-01-27,25.9653,3.2567610312445554,-0.029365882420782974
2015-01-28,25.5289,3.239811143760314,-0.016949887484241533
2015-01-29,25.5688,3.2413728582057595,0.0015617144454456167
2015-01-30,26.7804,3.2876702766712684,0.046297418465508944
2015-02-02,26.5139,3.277669123777179,-0.010001152894089316
2015-02-03,26.5687,3.2797338312130537,0.002064707435874613
2015-02-04,26.21,3.266141017335315,-0.013592813877738585
2015-02-05,26.3957,3.2732011180982012,0.007060100762886101
2015-02-06,26.5976,3.2808209861531727,0.0076198680549715014
2015-02-09,26.3685,3.272170115925918,-0.008650870227254526
2015-02-10,26.9104,3.2925128289910313,0.02034271306511304
2015-02-11,26.8029,3.2885100906178684,-0.004002738373162895
2015-02-12,27.2019,3.303286823803525,0.014776733185656532
2015-02-13,27.4584,3.3126721320727066,0.009385308269181714
2015-02-17,27.1521,3.301454391455035,-0.011217740617671446
2015-02-18,27.0345,3.2971138281188326,-0.004340563336202585
2015-02-19,27.2238,3.3040915907126127,0.006977762593780135
2015-02-20,26.9921,3.2955442305981726,-0.008547360114440128
2015-02-23,26.6534,3.2829167222115867,-0.012627508386585884
2015-02-24,26.8351,3.2897107320984653,0.006794009886878616
2015-02-25,27.2676,3.305699184183615,0.015988452085149873
2015-02-26,27.8635,3.327317588601809,0.021618404418193737
2015-02-27,28.03,3.333275365176697,0.005957776574887941
2015-03-02,28.6471,3.355052216397004,0.021776851220307147
2015-03-03,28.835,3.361589927067376,0.006537710670372121
2015-03-04,28.8121,3.360795437797159,-0.0007944892702171913
2015-03-05,28.9665,3.366139989846753,0.0053445520495940535
2015-03-06,28.5416,3.3513626721451284,-0.014777317701624604
2015-03-09,28.6013,3.353452171338235,0.0020894991931066365
2015-03-10,27.8913,3.3283148122418837,-0.025137359096351286
2015-03-11,27.6841,3.3208582411678624,-0.007456571074021312
2015-03-12,27.9665,3.3310073653117267,0.010149124143864263
2015-03-13,27.5501,3.3160061653564012,-0.01500119995532545
2015-03-16,27.9805,3.331507838984747,0.015501673628345536
2015-03-17,27.7798,3.3243091378762357,-0.007198701108511063
2015-03-18,28.2057,3.339524085178599,0.015214947302363502
2015-03-19,28.0817,3.3351181186356005,-0.0044059665429987405
2015-03-20,28.1454,3.3373839309308275,0.002265812295227043
2015-03-23,28.1664,3.3381297781945807,0.0007458472637531521
2015-03-24,28.7727,3.3594270209181127,0.02129724272353206
2015-03-25,28.2476,3.341008498231293,-0.01841852268681965
2015-03-26,28.0802,3.335064701639368,-0.005943796591925121
2015-03-27,27.7768,3.3242011399064926,-0.010863561732875393
2015-03-30,27.9557,3.330621114408355,0.006419974501862491
2015-03-31,27.6348,3.3190758480598337,-0.011545266348521377
2015-04-01,27.3752,3.30963749404605,-0.0094383540137839
2015-04-02,26.9678,3.2946435617072853,-0.014993932338764449
2015-04-06,27.0992,3.29950420715472,0.004860645447434475
2015-04-07,27.1446,3.301178131570081,0.0016739244153614052
2015-04-08,27.3429,3.3084568973604314,0.007278765790350139
2015-04-09,27.302,3.306959959580786,-0.0014969377796454353
2015-04-10,27.328,3.3079118176061595,0.0009518580253735642
2015-04-13,27.333,3.308094763399831,0.00018294579367150732
2015-04-14,26.8916,3.2918139701841036,-0.016280793215727396
2015-04-15,26.9543,3.294142839358487,0.0023288691743834633
2015-04-16,27.0778,3.29871420397577,0.004571364617282914
2015-04-17,26.5408,3.2786831716298703,-0.020031032345899646
2015-04-20,27.1282,3.3005737772526635,0.021890605622793213
2015-04-21,27.048,3.2976130654055846,-0.0029607118470789118
2015-04-22,27.3598,3.3090747827861113,0.011461717380526704
2015-04-23,27.7723,3.3240391210795504,0.014964338293439017
2015-04-24,28.5793,3.352682679549567,0.02864355847001665
2015-04-27,28.2038,3.3394567206389127,-0.013225958910654256
2015-04-28,28.1166,3.3363601492481463,-0.003096571390766467
2015-04-29,27.968,3.331060999473125,-0.005299149775021217
2015-04-30,27.3394,3.3083288851881276,-0.02273211428499744
2015-05-01,27.4584,3.3126721320727066,0.0043432468845789884
2015-05-04,27.5421,3.3157157431167295,0.0030436110440228425
2015-05-05,27.054,3.2978348686670023,-0.01788087444972719
2015-05-06,26.6573,3.2830630343030416,-0.014771834363960679
2015-05-07,27.0041,3.2959887063278557,0.012925672024814094
2015-05-08,27.3484,3.3086580262426684,0.012669319914812682
2015-05-11,27.1904,3.302863969827085,-0.005794056415583171
2015-05-12,26.8391,3.289859779499541,-0.013004190327544407
2015-05-13,26.8771,3.291274622929976,0.0014148434304352975
2015-05-14,27.3608,3.309111332092958,0.01783670916298208
2015-05-15,27.2258,3.304165053143958,-0.004946278949000238
2015-05-18,27.2348,3.304495567316844,0.0003305141728859873
2015-05-19,27.3647,3.309253861626963,0.004758294310119204
2015-05-20,27.5257,3.315120113711347,0.0058662520843837385
2015-05-21,27.7399,3.3228718099775203,0.007751696266173447
2015-05-22,27.6258,3.318750118694623,-0.0041216912828971886
2015-05-26,27.2607,3.3054461045887322,-0.013304014105890882
2015-05-27,27.6124,3.318264947191466,0.012818842602733582
2015-05-28,27.6089,3.3181381845109534,-0.00012676268051237116
2015-05-29,27.1675,3.3020214059548696,-0.016116778556083844
2015-06-01,27.3613,3.309129606245449,0.007108200290579347
2015-06-02,27.5974,3.3177215653871817,0.008591959141732719
2015-06-03,27.6642,3.320139158527294,0.002417593140112473
2015-06-04,27.4849,3.313636762957815,-0.00650239556947918
2015-06-05,27.3772,3.309710550204351,-0.003926212753464053
2015-06-08,27.0758,3.2986403400036273,-0.01107021020072363
2015-06-09,27.01,3.2962071678045244,-0.0024331721991028843
2015-06-10,27.5301,3.315279951548936,0.01907278374441157
2015-06-11,27.4027,3.3106415486852487,-0.004638402863687219
2015-06-12,27.2746,3.3059558661670496,-0.004685682518199119
2015-06-15,27.052,3.2977609397126937,-0.008194926454355933
2015-06-16,27.1451,3.301196551270319,0.0034356115576255064
2015-06-17,27.2313,3.304367047007704,0.0031704957373848153
2015-06-18,27.7085,3.3217392253274123,0.017372178319708276
2015-06-19,27.7753,3.3241471365474706,0.0024079112200583452
2015-06-22,27.8829,3.32801359769955,0.003866461152079559
2015-06-23,28.0677,3.334619449004576,0.006605851305026
2015-06-24,27.8276,3.3260283339463013,-0.008591115058274923
2015-06-25,27.7967,3.3249173086146198,-0.0011110253316815033
2015-06-26,27.5531,3.316115051954746,-0.008802256659873553
2015-06-29,26.9648,3.2945323117396184,-0.02158274021512785
2015-06-30,26.9045,3.292293558862363,-0.00223875287725539
2015-07-01,27.0669,3.2983115791520197,0.0060180202896567
2015-07-02,27.2681,3.3057175207961467,0.007405941644127001
2015-07-06,27.1824,3.302569705045513,-0.003147815750633498
2015-07-07,27.4022,3.3106233021416,0.008053597096086662
2015-07-08,26.9871,3.2953589740543814,-0.015264328087218448
2015-07-09,27.1342,3.300794924862222,0.0054359508078407615
2015-07-10,27.705,3.321612902319313,0.020817977457090908
2015-07-13,28.4833,3.349317950617791,0.027705048298477752
2015-07-14,29.1034,3.370855005840335,0.021537055222544232
2015-07-15,29.0926,3.3704838463062092,-0.00037115953412580893
2015-07-16,29.9803,3.4005404992954995,0.030056652989290278
2015-07-17,34.8547,3.5511879918148197,0.1506474925193202
2015-07-20,34.5168,3.541446162034202,-0.00974182978061755
2015-07-21,34.6419,3.545063932074561,0.003617770040358792
2015-07-22,34.6295,3.5447059199618436,-0.0003580121127173541
2015-07-23,33.6146,3.5149604964005507,-0.02974542356129284
2015-07-24,32.6203,3.484934793962349,-0.030025702438201574
2015-07-27,32.7946,3.490263867690068,0.005329073727718736
2015-07-28,32.8638,3.4923717480411645,0.002107880351096547
2015-07-29,32.952,3.4950519571337795,0.0026802090926150157
2015-07-30,33.108,3.4997749450231495,0.004722987889369978
2015-07-31,32.7563,3.489095309993429,-0.010679635029720469
2015-08-03,33.1159,3.500013529583632,0.010918219590203115
2015-08-04,32.9445,3.4948243274407798,-0.005189202142852345
2015-08-05,33.5429,3.5128252165809464,0.01800088914016662
2015-08-06,33.3864,3.5081486314313333,-0.0046765851496131106
2015-08-07,33.0995,3.499518176528743,-0.008630454902590401
2015-08-10,33.0372,3.49763419929894,-0.0018839772298027135
2015-08-11,34.3903,3.5377745478722495,0.04014034857330939
2015-08-12,34.4486,3.5394683580272206,0.0016938101549710538
2015-08-13,34.2015,3.532269502755876,-0.007198855271344673
2015-08-14,34.344,3.5364273309222596,0.004157828166383659
2015-08-17,34.5802,3.5432812639284132,0.006853933006153667
2015-08-18,34.3121,3.535498061642601,-0.007783202285812418
2015-08-19,34.5767,3.5431800448164235,0.007681983173822626
2015-08-20,33.8513,3.521977403347577,-0.02120264146884665
2015-08-21,32.0852,3.4683948646254694,-0.05358253872210739
2015-08-24,30.7939,3.4273166184166,-0.04107824620886946
2015-08-25,30.5129,3.4181495450145523,-0.009167073402047698
2015-08-26,32.8678,3.4924934551045843,0.07434391009003205
2015-08-27,33.2774,3.5048784879010912,0.012385032796506934
2015-08-28,32.8653,3.492417389925817,-0.012461097975274171
2015-08-31,32.274,3.4742619525191607,-0.018155437406656372
2015-09-01,31.3643,3.445670303429422,-0.02859164908973888
2015-09-02,32.129,3.469759049082884,0.024088745653461974
2015-09-03,31.7374,3.457495796179043,-0.012263252903840893
2015-09-04,31.3344,3.444716535575651,-0.012779260603391851
2015-09-08,32.0777,3.4681610846674515,0.023444549091800493
2015-09-09,32.0543,3.467431339733926,-0.0007297449335257333
2015-09-10,32.4364,3.4792812489830887,0.011849909249162849
2015-09-11,32.6466,3.485740715537405,0.006459466554316506
2015-09-14,32.5056,3.4814123821847343,-0.00432833335267091
2015-09-15,33.1334,3.500541837064829,0.019129454880094876
2015-09-16,33.1559,3.50122067967937,0.0006788426145409865
2015-09-17,33.4622,3.510416443546664,0.009195763867293927
2015-09-18,32.9267,3.4942838787945347,-0.01613256475212932
2015-09-21,33.2286,3.503410950874109,0.009127072079574194
2015-09-22,32.5421,3.4825346356642832,-0.02087631520982569
2015-09-23,32.5466,3.482672908513708,0.00013827284942458107
2015-09-24,32.6273,3.4851493612422755,0.0024764527285676685
2015-09-25,31.8918,3.462348923455403,-0.022800437786872685
2015-09-28,31.0998,3.437201388296343,-0.025147535159059764
2015-09-29,31.0181,3.434570905066554,-0.0026304832297889824
2015-09-30,31.8032,3.4595669136541973,0.02499600858764328
2015-10-01,31.984,3.4652357777580445,0.005668864103847149
2015-10-02,32.7308,3.4883165306219555,0.02308075286391098
2015-10-05,33.4626,3.5104283972618786,0.02211186663992315
2015-10-06,33.4607,3.5103716158419394,-5.6781419939255784e-05
2015-10-07,33.379,3.5079269597262197,-0.0024446561157196456
2015-10-08,33.2296,3.5034410449783753,-0.004485914747844433
2015-10-09,33.4408,3.509776711375316,0.00633566639694072
2015-10-12,33.6993,3.5174770656292322,0.007700354253916242
2015-10-13,34.0351,3.5273923450475007,0.009915279418268419
2015-10-14,33.8977,3.5233471654770496,-0.00404517957045103
2015-10-15,34.5258,3.54170687064167,0.018359705164620266
2015-10-16,34.6404,3.545020630971675,0.0033137603300050777
2015-10-19,34.8711,3.5516584059313283,0.006637774959653342
2015-10-20,33.8772,3.522742221740499,-0.02891618419082942
2015-10-21,33.4686,3.5106076858452617,-0.012134535895237164
2015-10-22,33.934,3.5244174616207475,0.01380977577548581
2015-10-23,35.8366,3.5789697175352306,0.054552255914483094
2015-10-26,36.424,3.5952278980324808,0.01625818049725014
2015-10-27,36.5087,3.597550588350512,0.0023226903180311176
2015-10-28,36.7129,3.603128191936953,0.005577603586440993
2015-10-29,37.108,3.613832579791025,0.010704387854072017
2015-10-30,36.7363,3.6037653670400633,-0.010067212750961563
2015-11-02,37.2519,3.61770295023618,0.013937583196116599
2015-11-03,37.3057,3.6191461299881498,0.0014431797519698364
2015-11-04,37.6291,3.6277776872318976,0.008631557243747867
2015-11-05,37.8962,3.634850843209382,0.007073155977484369
2015-11-06,37.9424,3.6360692202816143,0.0012183770722322684
2015-11-09,37.6021,3.627059899900066,-0.009009320381548225
2015-11-10,37.776,3.631673980343157,0.004614080443090973
2015-11-11,38.1243,3.640851874103279,0.009177893760122124
2015-11-12,37.6898,3.629389500817631,-0.011462373285648031
2015-11-13,36.8698,3.6073927877670067,-0.02199671305062445
2015-11-16,37.3855,3.6212829287104435,0.01389014094343688
2015-11-17,37.1642,3.6153459323166253,-0.0059369963938182835
2015-11-18,37.8632,3.633979664132274,0.01863373181564887
2015-11-19,37.8597,3.6338872218195126,-9.244231276150927e-05
2015-11-20,38.7097,3.6560902146241085,0.022202992804595922
2015-11-23,38.6948,3.6557052240826273,-0.0003849905414812227
2015-11-24,38.3426,3.6465615496113797,-0.009143674471247643
2015-11-25,38.3241,3.64607894111619,-0.00048260849518966253
2015-11-27,38.4591,3.6495953389507902,0.0035163978346002267
2015-11-30,38.0047,3.637709836288651,-0.011885502662139391
2015-12-01,39.0479,3.6647890976309423,0.02707926134229144
2015-12-02,38.752,3.657182367370682,-0.007606730260260264
2015-12-03,38.2713,3.6447002680271208,-0.01248209934356126
2015-12-04,38.8197,3.6589278497357327,0.014227581708611936
2015-12-07,38.5099,3.6509153510953234,-0.008012498640409316
2015-12-08,38.617,3.6536925940245535,0.002777242929230095
2015-12-09,37.9898,3.6373177026423757,-0.016374891382177736
2015-12-10,37.8647,3.6340192796504702,-0.0032984229919055252
2015-12-11,37.3855,3.6212829287104435,-0.012736350940026675
2015-12-14,37.9893,3.637304541128222,0.016021612417778552
2015-12-15,37.8672,3.6340853020267976,-0.0032192391014245203
2015-12-16,38.6893,3.6555630760183804,0.021477773991582794
2015-12-17,38.3524,3.646817107341436,-0.008745968676944216
2015-12-18,37.7058,3.6298139287747055,-0.017003178566730615
2015-12-21,37.9026,3.635019711318513,0.005205782543807658
2015-12-22,38.2179,3.643303992247647,0.008284280929133914
2015-12-23,38.2866,3.645099965516307,0.0017959732686598784
2015-12-24,38.1537,3.6416227386108924,-0.003477226905414632
2015-12-28,38.9707,3.6628100817245772,0.021187343113684864
2015-12-29,39.5547,3.677684524068413,0.014874442343835614
2015-12-30,39.3723,3.673062523366098,-0.004622000702314999
2015-12-31,38.76,3.6573887870225654,-0.01567373634353242
2016-01-04,37.8348,3.6332293140217695,-0.024159473000795906
2016-01-05,37.9389,3.6359769709394842,0.0027476569177147248
2016-01-06,37.8293,3.633083934640803,-0.0028930362986812064
2016-01-07,36.9162,3.608650479093715,-0.0244334555470882
2016-01-08,36.4135,3.594939585004913,-0.013710894088801773
2016-01-11,36.5211,3.5978901757550825,0.0029505907501694573
2016-01-12,37.1324,3.614489903859283,0.016599728104200295
2016-01-13,35.8486,3.5793045146791904,-0.0351853891800924
2016-01-14,36.4374,3.595595719681559,0.01629120500236869
2016-01-15,35.3962,3.566604469745113,-0.028991249936446195
2016-01-19,35.8241,3.5786208512772464,0.012016381532133469
2016-01-20,35.7982,3.577897612812998,-0.0007232384642485989
2016-01-21,36.2022,3.589119890465755,0.011222277652757295
2016-01-22,37.1384,3.614651474759638,0.025531584293883025
2016-01-25,36.5484,3.598637409587811,-0.01601406517182724
2016-01-26,36.5569,3.5988699508683557,0.00023254128054484013
2016-01-27,35.7494,3.576533485782394,-0.022336465085961876
2016-01-28,37.2799,3.6184543074103592,0.0419208216279654
2016-01-29,37.8592,3.6338740150772066,0.015419707666847415
2016-02-01,38.3993,3.6480392302608613,0.014165215183654656
2016-02-02,38.9044,3.6611073547677315,0.013068124506870227
2016-02-03,37.3336,3.6198937254586174,-0.0412136293091141
2016-02-04,36.3697,3.5937360104083758,-0.02615771505024167
2016-02-05,35.0609,3.557086549443133,-0.036649460965242575
2016-02-08,35.0808,3.557653972261056,0.0005674228179226581
2016-02-09,34.9244,3.55318572532473,-0.004468246936325748
2016-02-10,35.2148,3.561466448783262,0.008280723458531813
2016-02-11,35.1905,3.5607761598145364,-0.0006902889687254721
2016-02-12,35.2168,3.5615232414729223,0.0007470816583858841
2016-02-16,35.7524,3.5766173997538395,0.015094158280917203
2016-02-17,36.4663,3.5963885464246137,0.019771146670774176
2016-02-18,35.7459,3.5764355772484677,-0.019952969176145974
2016-02-19,35.9751,3.5828270324776987,0.006391455229231013
2016-02-22,36.3208,3.5923905799222324,0.009563547444533693
2016-02-23,35.7349,3.5761278022910856,-0.016262777631146808
2016-02-24,35.9148,3.5811494668073753,0.0050216645162897144
2016-02-25,36.3243,3.592486938795789,0.011337471988413839
2016-02-26,36.1121,3.5866279892339508,-0.005858949561838411
2016-02-29,35.7319,3.5760438472237883,-0.010584142010162445
2016-03-01,36.9745,3.610228485854992,0.03418463863120369
2016-03-02,36.8405,3.6065977834991303,-0.0036307023558617146
2016-03-03,36.4474,3.5958701253206704,-0.010727658178459887
2016-03-04,36.3791,3.5939944339164556,-0.001875691404214841
2016-03-07,35.5112,3.5698481396816786,-0.024146294234776988
2016-03-08,35.5477,3.570875456547268,0.0010273168655894338
2016-03-09,36.1395,3.587386449982599,0.016510993435331134
2016-03-10,36.4762,3.59665999311374,0.009273543131140816
2016-03-11,37.109,3.6138595277948533,0.01719953468111335
2016-03-14,37.3765,3.621042164684776,0.007182636889922822
2016-03-15,37.3929,3.6214808468264814,0.0004386821417052822
2016-03-16,37.7313,3.6304899887232254,0.009009141896743955
2016-03-17,37.787,3.631965128129182,0.0014751394059566714
2016-03-18,37.6341,3.627910554290629,-0.004054573838553122
2016-03-21,37.9704,3.6368069088208266,0.008896354530197659
2016-03-22,37.8652,3.6340324844744565,-0.002774424346370097
2016-03-23,37.7412,3.6307523359372906,-0.00328014853716585
2016-03-24,37.6056,3.6271529754761715,-0.0035993604611190833
2016-03-28,37.5279,3.6250846563455656,-0.0020683191306059
2016-03-29,38.1562,3.641688260908809,0.01660360456324339
2016-03-30,38.2782,3.6448805435356135,0.003192282626804488
2016-03-31,38.0072,3.6377756154627248,-0.007104928072888761
2016-04-01,38.3446,3.6466137095546416,0.008838094091916826
2016-04-04,38.1178,3.6406813646336884,-0.005932344920953181
2016-04-05,37.7915,3.6320842096141366,-0.008597155019551828
2016-04-06,38.2648,3.6445304135397447,0.012446203925608135
2016-04-07,37.8687,3.6341249133603974,-0.010405500179347271
2016-04-08,37.8363,3.633268959276039,-0.0008559540843582347
2016-04-11,37.7402,3.6307258393434263,-0.002543119932612914
2016-04-12,38.078,3.639636687535485,0.008910848192058562
2016-04-13,38.4561,3.6495173309627327,0.009880643427247815
2016-04-14,38.6295,3.654016233286115,0.004498902323382126
2016-04-15,38.8592,3.65994485701582,0.005928623729705151
2016-04-18,39.2418,3.6697425052047277,0.009797648188907715
2016-04-19,38.6723,3.6551235814817202,-0.014618923723007438
2016-04-20,38.6061,3.653410295073271,-0.001713286408449033
2016-04-21,38.9159,3.6614029074727124,0.007992612399441157
2016-04-22,36.7553,3.6042824329475494,-0.057120474525163
2016-04-25,36.9765,3.610282575725325,0.006000142777775608
2016-04-26,36.1375,3.5873311073424645,-0.02295146838286044
2016-04-27,35.9427,3.581926003742337,-0.005405103600127692
2016-04-28,35.1226,3.5588447979173514,-0.023081205824985407
2016-04-29,35.2661,3.5629221625740666,0.0040773646567151545
2016-05-02,35.5915,3.5721068453043685,0.00918468273030193
2016-05-03,35.2941,3.5637158111598053,-0.008391034144563214
2016-05-04,35.44,3.56784112573688,0.004125314577074768
2016-05-05,35.6064,3.5725253969812445,0.004684271244364435
2016-05-06,36.128,3.5870681879672515,0.01454279098600697
2016-05-09,36.3248,3.5925007035912238,0.005432515623972289
2016-05-10,36.8355,3.6064620540890737,0.013961350497849967
2016-05-11,36.3955,3.5944451406266986,-0.0120169134623751
2016-05-12,36.272,3.591046093765173,-0.003399046861525701
2016-05-13,36.1106,3.5865864510471974,-0.004459642717975498
2016-05-16,36.3831,3.5941043811144247,0.00751793006722723
2016-05-17,35.8764,3.580079697708597,-0.01402468340582752
2016-05-18,35.9586,3.582368276698714,0.0022885789901168074
2016-05-19,35.6364,3.573367587399735,-0.009000689298979125
2016-05-20,35.9551,3.5822709378049353,0.008903350405200516
2016-05-23,35.7329,3.5760718330293892,-0.006199104775546083
2016-05-24,36.5191,3.5978354113924307,0.021763578363041436
2016-05-25,36.7717,3.6047285275868512,0.006893116194420568
2016-05-26,36.7134,3.603141811035287,-0.0015867165515643933
2016-05-27,37.2469,3.617568719885959,0.014426908850672326
2016-05-31,37.3072,3.6191863375125917,0.0016176176266324838
2016-06-01,37.2879,3.61866887723891,-0.0005174602736817135
2016-06-02,37.079,3.613050771617703,-0.005618105621207015
2016-06-03,36.6601,3.601688970176524,-0.011361801441179153
2016-06-06,36.3712,3.593777252680611,-0.007911717495912907
2016-06-07,36.4225,3.595186715546014,0.0014094628654031105
2016-06-08,37.0123,3.611250289833239,0.016063574287224824
2016-06-09,36.9919,3.6106989697590612,-0.0005513200741775748
2016-06-10,36.5271,3.5980544508505266,-0.012644518908534685
2016-06-13,36.4618,3.5962651372035945,-0.0017893136469320226
2016-06-14,36.5301,3.598136578279491,0.0018714410758966515
2016-06-15,36.4772,3.596687407874397,-0.001449170405094069
2016-06-16,36.0817,3.585785811601057,-0.010901596273340086
2016-06-17,35.0858,3.5577964902114325,-0.02798932138962451
2016-06-20,35.179,3.560449313663793,0.0026528234523603977
2016-06-21,35.316,3.564336119039336,0.003886805375543201
2016-06-22,35.4127,3.5670705128639484,0.002734393824612269
2016-06-23,35.6144,3.5727500504542085,0.005679537590260075
2016-06-24,34.1402,3.5304755755799495,-0.04227447487425895
2016-06-27,33.934,3.5244174616207475,-0.006058113959201972
2016-06-28,34.4381,3.5391635096288705,0.014746048008122958
2016-06-29,34.634,3.544835858529959,0.005672348901088586
2016-06-30,35.0494,3.556758494931795,0.011922636401835884
2016-07-01,35.3842,3.566265392822265,0.00950689789046999
2016-07-05,35.1172,3.5586910389370967,-0.00757435388516825
2016-07-06,35.3205,3.564463531920951,0.005772492983854072
2016-07-07,35.2353,3.5620484210041274,-0.0024151109168233376
2016-07-08,35.7594,3.5768131716410623,0.014764750636934831
2016-07-11,36.2207,3.5896307786075554,0.012817606966493145
2016-07-12,36.4932,3.597125941862327,0.007495163254771509
2016-07-13,36.3422,3.5929796004861703,-0.004146341376156659
2016-07-14,36.6561,3.601579853773765,0.008600253287594839
2016-07-15,36.6486,3.601375228421607,-0.0002046253521581498
2016-07-18,37.524,3.6249807282637048,0.02360549984209781
2016-07-19,37.5344,3.6252578458166114,0.0002771175529066028
2016-07-20,37.7173,3.630118875139655,0.004861029323043553
2016-07-21,37.5843,3.626586410004751,-0.003532465134903795
2016-07-22,37.8268,3.6330178461165223,0.006431436111771216
2016-07-25,37.7392,3.630699342047474,-0.0023185040690485437
2016-07-26,37.7457,3.630871561922338,0.00017221987486415458
2016-07-27,37.9609,3.636556682628214,0.005685120705876123
2016-07-28,38.1537,3.6416227386108924,0.005066055982678286
2016-07-29,39.424,3.6743747679110546,0.03275202930016219
2016-08-01,39.9169,3.686799793117312,0.012425025206257434
2016-08-02,39.8614,3.685408437098109,-0.0013913560192029273
2016-08-03,39.7967,3.6837839942799246,-0.0016244428181844128
2016-08-04,39.7185,3.6818170741134275,-0.0019669201664971325
2016-08-05,40.2007,3.6938844084086955,0.012067334295267962
2016-08-08,40.116,3.6917752572259617,-0.002109151182733804
2016-08-09,40.2282,3.6945682422314046,0.002792985005442894
2016-08-10,40.2785,3.695817827832234,0.0012495856008292172
2016-08-11,40.2641,3.6954602530791605,-0.00035757475307329756
2016-08-12,40.2067,3.694033648404296,-0.001426604674864329
2016-08-15,40.1525,3.692684704954915,-0.0013489434493809682
2016-08-16,39.9149,3.686749687770811,-0.005935017184104385
2016-08-17,40.1255,3.6920120424317315,0.005262354660920732
2016-08-18,39.9926,3.6886944369993255,-0.003317605432406001
2016-08-19,39.8381,3.6848237408161046,-0.0038706961832208897
2016-08-22,39.7036,3.6814418636827084,-0.003381877133396216
2016-08-23,39.6856,3.6809884014911654,-0.00045346219154307477
2016-08-24,39.5367,3.6772293544719523,-0.0037590470192130354
2016-08-25,39.422,3.674324036104738,-0.0029053183672145266
2016-08-26,39.5177,3.6767486728055085,0.0024246367007707548
2016-08-29,39.6473,3.6800228499236427,0.0032741771181341583
2016-08-30,39.453,3.6751100900279376,-0.0049127598957050544
2016-08-31,39.3498,3.6724908922583737,-0.0026191977695639856
2016-09-01,39.427,3.6744508607951385,0.0019599685367648334
2016-09-02,39.6996,3.681341112075635,0.006890251280496695
2016-09-06,40.2551,3.6952367039123164,0.01389559183668121
2016-09-07,40.2536,3.695199440858754,-3.726305356233084e-05
2016-09-08,39.9971,3.6888069514856845,-0.006392489373069576
2016-09-09,39.2816,3.670756215854247,-0.018050735631437664
2016-09-12,39.8057,3.6840101181163503,0.013253902262103434
2016-09-13,39.2936,3.6710616557409614,-0.012948462375388825
2016-09-14,39.3825,3.673321555197987,0.0022598994570257602
2016-09-15,39.9198,3.686872441410673,0.013550886212685853
2016-09-16,39.7544,3.6827205267983523,-0.004151914612320784
2016-09-19,39.6259,3.6794829448732638,-0.003237581925088495
2016-09-20,39.8446,3.684986887898581,0.005503943025317426
2016-09-21,40.0828,3.6909473146159346,0.0059604267173534176
2016-09-22,40.6501,3.705001296015394,0.01405398139945957
2016-09-23,40.6009,3.7037902338496766,-0.0012110621657175358
2016-09-26,39.9811,3.688406842450636,-0.015383391399040658
2016-09-27,40.39,3.6985822295753215,0.010175387124685464
2016-09-28,40.3567,3.697757428019646,-0.0008248015556753252
2016-09-29,39.9871,3.688556902099628,-0.009200525920018077
2016-09-30,40.0578,3.6903234111060796,0.0017665090064515887
2016-10-03,39.8744,3.6857345139698574,-0.004588897136222236
2016-10-04,39.9946,3.688744445000616,0.00300993103075875
2016-10-05,39.9169,3.686799793117312,-0.0019446518833041715
2016-10-06,40.0089,3.6891019293644822,0.002302136247170239
2016-10-07,39.8909,3.6861482277084217,-0.00295370165606057
2016-10-10,40.5719,3.7030757087566943,0.016927481048272686
2016-10-11,40.3323,3.697152636765727,-0.005923071990967532
2016-10-12,40.442,3.699868848913538,0.002716212147811259
2016-10-13,40.0588,3.6903483747216113,-0.009520474191926809
2016-10-14,40.0847,3.6909947153706137,0.0006463406490024859
2016-10-17,40.1963,3.693774951588058,0.0027802362174442763
2016-10-18,40.9261,3.7117680013321435,0.017993049744085443
2016-10-19,41.2052,3.718564461983448,0.006796460651304681
2016-10-20,40.9331,3.711939026702953,-0.0066254352804953065
2016-10-21,41.0542,3.714893144915605,0.0029541182126520127
2016-10-24,41.6361,3.728967579418039,0.014074434502433952
2016-10-25,41.2779,3.7203272477862552,-0.008640331631783571
2016-10-26,40.9566,3.7125129694734134,-0.007814278312841871
2016-10-27,40.7198,3.7067144606388496,-0.005798508834563787
2016-10-28,40.83,3.709417105331484,0.0027026446926345926
2016-10-31,40.3488,3.69756165449677,-0.011855450834714176
2016-11-01,40.1285,3.6920868050604203,-0.0054748494363496825
2016-11-02,39.2786,3.6706798413032287,-0.021406963757191644
2016-11-03,38.9682,3.6627459289074125,-0.0079339123958162
2016-11-04,38.9139,3.6613515132766477,-0.0013944156307648115
2016-11-07,39.9566,3.6877938650753266,0.02644235179867893
2016-11-08,40.4524,3.7001259742536674,0.012332109178340822
2016-11-09,40.134,3.692223855364326,-0.007902118889341558
2016-11-10,38.8736,3.6603153569891833,-0.031908498375142536
2016-11-11,38.4481,3.649309279906253,-0.011006077082930332
2016-11-14,37.5249,3.6250047126259015,-0.024304567280351463
2016-11-15,38.618,3.653718489020347,0.02871377639444539
2016-11-16,38.8582,3.6599191227529637,0.0062006337326168115
2016-11-17,39.166,3.6678090234946445,0.007889900741680833
2016-11-18,38.6583,3.6547614997145295,-0.013047523780115089
2016-11-21,39.1287,3.6668562130790767,0.01209471336454726
2016-11-22,39.1082,3.6663321636735104,-0.0005240494055662737
2016-11-23,38.8092,3.6586573319243496,-0.0076748317491608375
2016-11-25,38.8667,3.6601378428808475,0.0014805109564979269
2016-11-28,39.1476,3.6673391178757333,0.007201274994885765
2016-11-29,39.3294,3.671972330797222,0.00463321292148855
2016-11-30,38.6538,3.6546450884411303,-0.01732724235609151
2016-12-01,38.0785,3.639649818391026,-0.01499527005010437
2016-12-02,38.085,3.6398205038247515,0.00017068543372555922
2016-12-05,38.7705,3.65765964816919,0.017839144344438562
2016-12-06,38.6688,3.6550330733301064,-0.002626574839083684
2016-12-07,39.4305,3.674539628509111,0.019506555179004792
2016-12-08,39.6134,3.6791674448599196,0.004627816350808445
2016-12-09,40.3263,3.6970038615573535,0.017836416697433854
2016-12-12,40.2204,3.694374329595897,-0.0026295319614564328
2016-12-13,40.6197,3.7042531706005932,0.00987884100469616
2016-12-14,40.7468,3.707377308996056,0.003124138395462772
2016-12-15,40.6351,3.7046322251348336,-0.0027450838612224082
2016-12-16,40.3458,3.697487300078968,-0.007144925055865503
2016-12-19,40.4787,3.7007759098390185,0.0032886097600504094
2016-12-20,40.6128,3.704083287856209,0.0033073780171903877
2016-12-21,40.4632,3.700392919071827,-0.003690368784381892
2016-12-22,40.3378,3.697288994598642,-0.0031039244731849713
2016-12-23,40.2441,3.694963409269178,-0.0023255853294639195
2016-12-27,40.3503,3.6975988296325566,0.0026354203633784934
2016-12-28,40.0833,3.6909597887165835,-0.006639040915973116
2016-12-29,39.9966,3.6887944505012316,-0.0021653382153519196
2016-12-30,39.4795,3.6757815498447592,-0.013012900656472315
2017-01-03,40.2546,3.6952242830487436,0.019442733203984375
2017-01-04,40.2426,3.694926136030241,-0.0002981470185026147
2017-01-05,40.5042,3.7014056724393396,0.006479536409098596
2017-01-06,41.1115,3.7162878877167698,0.014882215277430166
2017-01-09,41.2097,3.7186736655377683,0.0023857778209985803
2017-01-10,41.1513,3.717255518361616,-0.0014181471761522957
2017-01-11,41.3431,3.7219055393473464,0.004650020985730308
2017-01-12,41.3267,3.7215087801870452,-0.00039675916030113
2017-01-13,41.3965,3.7231963361946696,0.00168755600762438
2017-01-17,41.2236,3.7190109078932667,-0.004185428301402894
2017-01-18,41.3013,3.7208939764691755,0.0018830685759088084
2017-01-19,41.0695,3.7152657535578606,-0.0056282229113149285
2017-01-20,41.2589,3.719866847084129,0.004601093526268585
2017-01-23,42.069,3.7393111274126234,0.019444280328494212
2017-01-24,42.3231,3.745333036285059,0.0060219088724355885
2017-01-25,42.7675,3.75577846834431,0.010445432059250859
2017-01-26,42.6943,3.7540654218627094,-0.001713046481600422
2017-01-27,42.099,3.7400239874371084,-0.014041434425601018
2017-01-30,41.0428,3.714615424656076,-0.02540856278103254
2017-01-31,40.8614,3.7101858521407296,-0.004429572515346258
2017-02-01,40.6148,3.7041325322017373,-0.006053319938992274
2017-02-02,40.7652,3.707828776272347,0.0036962440706096444
2017-02-03,40.8584,3.7101124305219457,0.0022836542495987544
2017-02-06,40.9326,3.711926811575005,0.0018143810530593107
2017-02-07,41.3118,3.721148173444148,0.009221361869142797
2017-02-08,41.3441,3.7219297268878617,0.0007815534437138894
2017-02-09,41.3531,3.7221473884298613,0.00021766154199953647
2017-02-10,41.5916,3.7278982238010854,0.005750835371224117
2017-02-13,41.7965,3.73281260396757,0.004914380166484822
2017-02-14,41.8527,3.734156310983441,0.00134370701587061
2017-02-15,41.7148,3.730855981904093,-0.0033003290793476303
2017-02-16,41.9564,3.7366309838512226,0.005775001947129432
2017-02-17,42.1747,3.7418205151880013,0.0051895313367786855
2017-02-21,42.3101,3.745025828236628,0.0032053130486269232
2017-02-22,42.4143,3.747485569528086,0.002459741291457984
2017-02-23,42.3963,3.747061094279231,-0.00042447524885513843
2017-02-24,42.2374,3.7433060844732373,-0.0037550098059937476
2017-02-27,42.3301,3.7454984169207814,0.002192332447544132
2017-02-28,42.094,3.7399052127169803,-0.005593204203801161
2017-03-01,42.6758,3.7536320148433995,0.01372680212641919
2017-03-02,42.3391,3.7457110089857566,-0.007921005857642882
2017-03-03,42.3006,3.744801270348798,-0.0009097386369587568
2017-03-06,42.2104,3.742666636176893,-0.002134634171904626
2017-03-07,42.4038,3.7472379808635523,0.004571344686659096
2017-03-08,42.5279,3.7501603311360463,0.00292235027249399
2017-03-09,42.737,3.7550650555696934,0.00490472443364709
2017-03-10,42.9146,3.7592120943764242,0.004147038806730841
2017-03-13,43.0728,3.7628917074010393,0.0036796130246150582
2017-03-14,43.1392,3.764432096514608,0.0015403891135687964
2017-03-15,43.2626,3.7672885204294646,0.0028564239148565207
2017-03-16,43.3428,3.769140599466687,0.0018520790372225093
2017-03-17,43.461,3.771863984227624,0.00272338476093692
2017-03-20,43.2388,3.7667382403045053,-0.0051257439231187085
2017-03-21,42.3535,3.7460510623112833,-0.02068717799322206
2017-03-22,42.3366,3.7456519601677196,-0.0003991021435636455
2017-03-23,41.8309,3.7336353008812666,-0.012016659286453013
2017-03-24,41.6066,3.728258808529181,-0.0053764923520858154
2017-03-27,41.774,3.7322741364331256,0.004015327903944765
2017-03-28,41.8797,3.734801222652897,0.0025270862197714905
2017-03-29,42.3401,3.745734627536712,0.010933404883815001
2017-03-30,42.3206,3.745273965143303,-0.0004606623934089171
2017-03-31,42.2369,3.743294246553302,-0.0019797185900012337
2017-04-03,42.6828,3.7537960287802656,0.01050178222696374
2017-04-04,42.4745,3.7489038958583385,-0.004892132921927139
2017-04-05,42.2921,3.7446003073808676,-0.004303588477470921
2017-04-06,42.1022,3.7400999958550774,-0.004500311525790224
2017-04-07,41.9529,3.73654756044042,-0.003552435414657218
2017-04-10,41.933,3.7360731064410397,-0.00047445399938039756
2017-04-11,41.8423,3.7339077895651114,-0.002165316875928358
2017-04-12,41.9211,3.7357892801265273,0.001881490561415955
2017-04-13,41.8572,3.7342638251485356,-0.0015254549779917248
2017-04-17,42.6021,3.751903547834976,0.01763972268644043
2017-04-18,42.5452,3.7505670401953957,-0.0013365076395803754
2017-04-19,42.6708,3.753514845559428,0.0029478053640321633
2017-04-20,42.8492,3.75768697509121,0.004172129531782254
2017-04-21,42.7925,3.756362853587682,-0.0013241215035280085
2017-04-24,43.7877,3.779352956026734,0.022990102439051974
2017-04-25,44.2816,3.7905692408823,0.011216284855565917
2017-04-26,44.2964,3.7909034096406313,0.0003341687583313657
2017-04-27,44.411,3.7934871865015216,0.0025837768608902856
2017-04-28,46.059,3.8299231833448717,0.03643599684335008
2017-05-01,46.4725,3.838860739799162,0.008937556454290174
2017-05-02,46.6853,3.843429339962152,0.004568600162990322
2017-05-03,47.2511,3.8554759340920475,0.012046594129895283
2017-05-04,47.5636,3.862067762818332,0.006591828726284721
2017-05-05,47.3423,3.8574041876120186,-0.004663575206313553
2017-05-08,47.7613,3.8662156881443903,0.008811500532371674
2017-05-09,47.6618,3.864130238477354,-0.0020854496670361655
2017-05-10,47.5696,3.8621939017479163,-0.0019363367294378264
2017-05-11,47.6218,3.8632906395883584,0.0010967378404420636
2017-05-12,47.5846,3.862509179478679,-0.0007814601096796103
2017-05-15,47.7877,3.8667682842086464,0.0042591047299676
2017-05-16,48.0563,3.872373240245205,0.00560495603655875
2017-05-17,46.9383,3.848833973320519,-0.02353926692468633
2017-05-18,47.3533,3.8576365109733888,0.00880253765286998
2017-05-19,47.5601,3.8619941744276036,0.004357663454214844
2017-05-22,48.0294,3.8718133234063252,0.009819148978721604
2017-05-23,48.3523,3.878513790571412,0.006700467165086987
2017-05-24,48.704,3.8857611622392207,0.007247371667808533
2017-05-25,49.4139,3.900231761133147,0.014470598893926212
2017-05-26,49.4842,3.9016534267028695,0.0014216655697225633
2017-05-30,49.6286,3.9045672804567646,0.0029138537538950793
2017-05-31,49.1762,3.895409766621003,-0.009157513835761577
2017-06-01,49.2361,3.8966270942801895,0.0012173276591864735
2017-06-02,49.6261,3.9045169050085384,0.007889810728348934
2017-06-05,50.0128,3.9122789726657374,0.007762067657199001
2017-06-06,49.654,3.9050789511937145,-0.007200021472022922
2017-06-07,49.8986,3.9099929462516685,0.004913995057953979
2017-06-08,50.0326,3.9126747929684904,0.002681846716821923
2017-06-09,48.3308,3.8780690385857106,-0.034605754382779796
2017-06-12,47.9168,3.869466173614174,-0.008602864971536395
2017-06-13,48.3498,3.8784620853860945,0.008995911771920273
2017-06-14,48.2216,3.875807053455132,-0.0026550319309626147
2017-06-15,47.8357,3.867772222659519,-0.008034830795613068
2017-06-16,47.758,3.8661465921606193,-0.0016256304988995218
2017-06-19,48.5849,3.8833127830408536,0.0171661908802343
2017-06-20,48.2746,3.876905542418003,-0.006407240622850807
2017-06-21,48.7527,3.8867605805255696,0.009855038107566827
2017-06-22,48.6546,3.884746357091253,-0.0020142234343167864
2017-06-23,49.1264,3.8943965685110795,0.009650211419826693
2017-06-26,48.429,3.880098807843502,-0.014297760667577375
2017-06-27,47.2334,3.855101269460133,-0.024997538383368934
2017-06-28,47.8769,3.8686331333973873,0.01353186393725414
2017-06-29,46.7216,3.8442065845089135,-0.024426548888473842
2017-06-30,46.3126,3.835414062298239,-0.008792522210674392
2017-07-03,45.8069,3.8244347347946452,-0.010979327503593872
2017-07-05,46.4447,3.838262357565743,0.013827622771097836
2017-07-06,46.2169,3.8333455320646688,-0.004916825501074307
2017-07-07,46.8706,3.847390613218157,0.014045081153488237
2017-07-10,47.3783,3.8581643179687393,0.010773704750582258
2017-07-11,47.5043,3.8608202332591253,0.0026559152903860017
2017-07-12,48.2083,3.875531205402104,0.014710972142978562
2017-07-13,48.2676,3.8767605281131234,0.0012293227110196092
2017-07-14,48.669,3.8850422770963715,0.008281748983248072
2017-07-17,48.6218,3.884071990004415,-0.0009702870919565676
2017-07-18,49.1692,3.8952674112081045,0.011195421203689548
2017-07-19,49.4592,3.901148087275843,0.005880676067738566
2017-07-20,49.4302,3.9005615734365167,-0.0005865138393263969
2017-07-21,49.5125,3.902225162948035,0.0016635895115184596
2017-07-24,49.7352,3.9067129319092504,0.004487768961215277
2017-07-25,48.2766,3.8769469712143363,-0.029765960694914106
2017-07-26,48.0912,3.873099208190971,-0.0038477630233653137
2017-07-27,47.4535,3.8597502841902487,-0.013348924000722295
2017-07-28,47.737,3.8657067785507233,0.005956494360474629
2017-07-31,47.1042,3.85236216902131,-0.013344609529413187
2017-08-01,47.1571,3.8534845809879106,0.0011224119666004562
2017-08-02,47.2109,3.8546247981341626,0.0011402171462520094
2017-08-03,46.8452,3.84684854879312,-0.007776249341042707
2017-08-04,47.1187,3.8526699498286185,0.005821401035498663
2017-08-07,47.1167,3.852627502934982,-4.2446893636416405e-05
2017-08-08,47.039,3.850977044861005,-0.0016504580739771235
2017-08-09,46.8342,3.8466137052725475,-0.004363339588457471
2017-08-10,46.0128,3.828919618651285,-0.017694086621262706
2017-08-11,46.3365,3.835929987450888,0.0070103687996030395
2017-08-14,46.777,3.845391629129546,0.00946164167865815
2017-08-15,46.7345,3.844482649957438,-0.000908979172108193
2017-08-16,47.043,3.851062077067004,0.0065794271095662715
2017-08-17,46.2154,3.833313075877814,-0.017749001189190317
2017-08-18,46.1417,3.831717096453519,-0.001595979424294569
2017-08-21,45.8772,3.8259682616281325,-0.005748834825386684
2017-08-22,46.8502,3.846955277618756,0.02098701599062336
2017-08-23,46.9588,3.849270621530649,0.002315343911893031
2017-08-24,46.6753,3.843215116830805,-0.006055504699844061
2017-08-25,46.357,3.8363723054199843,-0.0068428114108205484
2017-08-28,46.2389,3.8338214351538253,-0.0025508702661589666
2017-08-29,46.6186,3.8419996031266708,0.00817816797284543
2017-08-30,47.011,3.8503816168795644,0.008382013752893602
2017-08-31,47.5895,3.862612148668917,0.012230531789352739
2017-09-01,47.4275,3.8592022292445636,-0.003409919424353536
2017-09-05,46.9039,3.848100827645314,-0.011101401599249439
2017-09-06,46.9309,3.8486763071208423,0.0005754794755281623
2017-09-07,47.323,3.85699643524093,0.008320128120087755
2017-09-08,46.8776,3.8475399494190228,-0.009456485821907279
2017-09-11,46.9941,3.8500220619153747,0.002482112496351885
2017-09-12,47.1614,3.8535757614032686,0.0035536994878939687
2017-09-13,47.3503,3.8575731554092707,0.003997394006002075
2017-09-14,46.8367,3.8466670836430037,-0.010906071766267011
2017-09-15,46.5956,3.841506116072836,-0.005160967570167596
2017-09-18,46.3196,3.835565197648869,-0.005940918423966934
2017-09-19,46.6738,3.843182979402589,0.007617781753719743
2017-09-20,47.2059,3.8545188847796608,0.011335905377071853
2017-09-21,47.2064,3.854529476619919,1.0591840258200591e-05
2017-09-22,46.9926,3.849990142505498,-0.004539334114420868
2017-09-25,46.5453,3.840426031923125,-0.009564110582373164
2017-09-26,46.7023,3.8437934139974157,0.00336738207429077
2017-09-27,47.8217,3.867479511377381,0.02368609737996552
2017-09-28,48.0662,3.872579227397745,0.005099716020363854
2017-09-29,48.4922,3.8814029602674838,0.008823732869738699
2017-10-02,48.1988,3.875334124481077,-0.006068835786406712
2017-10-03,48.4285,3.8800884833977958,0.004754358916718715
2017-10-04,48.1644,3.8746201589535465,-0.005468324444249273
2017-10-05,49.0815,3.89348218172288,0.018862022769333464
2017-10-06,49.5025,3.9020231733498125,0.00854099162693256
2017-10-09,49.4362,3.9006829493540653,-0.0013402239957471807
2017-10-10,49.2116,3.8961293680660516,-0.004553581288013753
2017-10-11,50.1009,3.9140389720013236,0.017909603935271967
2017-10-12,50.1009,3.9140389720013236,0.0
2017-10-13,50.2115,3.916244084127366,0.0022051121260422413
2017-10-16,50.2852,3.9177107992177578,0.001466715090391979
2017-10-17,50.3674,3.9193441403987,0.0016333411809421605
2017-10-18,50.4542,3.9210659940777775,0.0017218536790775119
2017-10-19,49.9111,3.910243422910056,-0.010822571167721229
2017-10-20,50.072,3.9134619696224004,0.003218546712344228
2017-10-23,49.099,3.8938386679942947,-0.01962330162810577
2017-10-24,49.246,3.896828146045604,0.0029894780513091135
2017-10-25,49.394,3.89982895932744,0.003000813281836212
2017-10-26,49.392,3.8997884677598034,-4.049156763663575e-05
2017-10-27,51.4969,3.941521611683191,0.04173314392338767
2017-10-30,51.4699,3.9409971707834286,-0.0005244408997624461
2017-10-31,51.4654,3.940909737220737,-8.743356269169666e-05
2017-11-01,51.9417,3.9501219357721467,0.009212198551409756
2017-11-02,51.9602,3.9504780409096947,0.000356105137548024
2017-11-03,52.3098,3.9571837340144764,0.006705693104781751
2017-11-06,51.9457,3.9501989422234,-0.006984791791076361
2017-11-07,52.4294,3.9594675026890918,0.009268560465691689
2017-11-08,52.7234,3.9650593797687756,0.0055918770796838935
2017-11-09,52.1968,3.9550211903275145,-0.010038189441261114
2017-11-10,52.0189,3.9516071140837448,-0.0034140762437697703
2017-11-13,51.872,3.9487791455532655,-0.0028279685304792856
2017-11-14,51.8939,3.9492012495455247,0.0004221039922591707
2017-11-15,51.6333,3.9441668131767127,-0.0050344363688119564
2017-11-16,52.2341,3.9557355383142916,0.011568725137578895
2017-11-17,51.5965,3.943453840729631,-0.012281697584660467
2017-11-20,51.5461,3.942476552896837,-0.0009772878327942713
2017-11-21,52.3253,3.9574800017126655,0.015003448815828602
2017-11-22,52.406,3.9590210885887287,0.0015410868760632468
2017-11-24,52.6352,3.963385097449085,0.004364008860356261
2017-11-27,53.4069,3.977939951101952,0.014554853652867017
2017-11-28,52.9725,3.96977291096905,-0.008167040132902148
2017-11-29,51.6816,3.945101818747425,-0.02467109222162467
2017-11-30,51.6213,3.94393437801055,-0.001167440736875136
2017-12-01,51.0684,3.933165910621092,-0.010768467389457914
2017-12-04,50.4107,3.9202034541318316,-0.012962456489260532
2017-12-05,50.7959,3.9278156426659,0.007612188534068309
2017-12-06,51.4495,3.9406007440598536,0.012785101393953724
2017-12-07,52.0399,3.952010732043688,0.011409987983834302
2017-12-08,52.2794,3.9566024120260477,0.004591679982359764
2017-12-11,52.414,3.959173731214478,0.0025713191884304543
2017-12-12,52.2491,3.9560226658161874,-0.0031510653982906867
2017-12-13,52.3796,3.9585172025479256,0.0024945367317381617
2017-12-14,52.6825,3.964283332089231,0.005766129541305176
2017-12-15,53.4065,3.9779324614049667,0.01364912931573592
2017-12-18,54.0585,3.990066793515512,0.012134332110545376
2017-12-19,53.7696,3.984708251701486,-0.005358541814026285
2017-12-20,53.4841,3.9793844134687175,-0.005323838232768274
2017-12-21,53.3491,3.9768571078772568,-0.002527305591460749
2017-12-22,53.25,3.9749978045895347,-0.0018593032877221027
2017-12-26,53.1,3.9721769282478934,-0.0028208763416412985
2017-12-27,52.8185,3.9668615081317813,-0.0053154201161120795
2017-12-28,52.6068,3.96284538895458,-0.00401611917720146
2017-12-29,52.4798,3.960428333652962,-0.002417055301617843
2018-01-02,53.4782,3.9792740942252838,0.01884576057232179
2018-01-03,54.3789,3.9959762109747263,0.016702116749442553
2018-01-04,54.6021,4.000072343549695,0.004096132574968436
2018-01-05,55.314,4.013026041044513,0.012953697494817895
2018-01-08,55.5093,4.01655057428208,0.0035245332375675176
2018-01-09,55.4386,4.015276102037545,-0.001274472244535474
2018-01-10,55.3065,4.012890442308085,-0.0023856597294598103
2018-01-11,55.4017,4.014610279203012,0.0017198368949271625
2018-01-12,56.3283,4.031197073150668,0.016586793947656275
2018-01-16,56.3308,4.031241454829563,4.438167889464495e-05
2018-01-17,56.7493,4.038643321483676,0.007401866654112688
2018-01-18,56.5933,4.035890603644012,-0.0027527178396633545
2018-01-19,56.9685,4.04249848349849,0.0066078798544779715
2018-01-22,57.9978,4.060405078792536,0.017906595294046035
2018-01-23,58.5961,4.0706681414672,0.010263062674663814
2018-01-24,58.353,4.0665107712926645,-0.004157370174535657
2018-01-25,58.8935,4.075730728031308,0.009219956738643731
2018-01-26,59.1635,4.080304797688294,0.004574069656985813
2018-01-29,59.1098,4.079396731308307,-0.0009080663799867494
2018-01-30,58.6559,4.0716881668004135,-0.007708564507893811
2018-01-31,58.8975,4.075798644935002,0.0041104781345886465
2018-02-01,58.8661,4.0752653731813515,-0.0005332717536505882
2018-02-02,55.7578,4.021017310867594,-0.05424806231375712
2018-02-05,52.9521,3.9693877313176333,-0.05162957954996106
2018-02-06,54.0256,3.9894580083007374,0.02007027698310404
2018-02-07,52.5798,3.9623320155668478,-0.027125992733889603
2018-02-08,50.2035,3.9160847453828174,-0.04624727018403041
2018-02-09,52.1246,3.95363700622861,0.03755226084579277
2018-02-12,52.5759,3.962257839844528,0.0086208336159177
2018-02-13,52.5201,3.9611959534693404,-0.0010618863751874486
2018-02-14,53.4413,3.978583855279815,0.01738790181047456
2018-02-15,54.3709,3.9958290842671014,0.01724522898728642
2018-02-16,54.5772,3.9996162131214597,0.0037871288543582793
2018-02-20,54.9802,4.006973120416915,0.0073569072954553505
2018-02-21,55.4864,4.016137945678901,0.009164825261986032
2018-02-22,55.2945,4.012673446077542,-0.0034644996013586393
2018-02-23,56.2007,4.02892921233809,0.01625576626054759
2018-02-26,56.9784,4.042672248647431,0.01374303630934115
2018-02-27,55.6736,4.01950606689103,-0.02316618175640084
2018-02-28,54.9966,4.007271365139831,-0.012234701751199673
2018-03-01,53.377,3.977379941572774,-0.029891423567056652
2018-03-02,54.0112,3.989191432465739,0.011811490892965182
2018-03-05,54.5402,3.9989380444440887,0.009746611978349584
2018-03-06,54.8461,4.004531081185096,0.005593036741007307
2018-03-07,55.5506,4.017294317107416,0.012763235922319538
2018-03-08,56.2651,4.030074449504211,0.012780132396795096
2018-03-09,57.8324,4.05754917226005,0.027474722755838954
2018-03-12,58.0859,4.061922949379272,0.004373777119222488
2018-03-13,56.7897,4.039354971255208,-0.02256797812406397
2018-03-14,57.237,4.047200542413283,0.00784557115807516
2018-03-15,57.3226,4.048694961317169,0.001494418903885908
2018-03-16,56.5161,4.034525553312428,-0.01416940800474098
2018-03-19,54.8048,4.0037777813589575,-0.03074777195347078
2018-03-20,54.5921,3.999889183637759,-0.00388859772119865
2018-03-21,54.5024,3.9982447373968593,-0.0016444462408995442
2018-03-22,52.4673,3.9601901183986272,-0.03805461899823204
2018-03-23,51.1422,3.9346099881008247,-0.025580130297802484
2018-03-26,52.5141,3.9610817049672993,0.026471716866474537
2018-03-27,50.1652,3.9153215592130453,-0.04576014575425402
2018-03-28,50.0775,3.9135718054179964,-0.0017497537950488251
2018-03-29,51.6698,3.944873471573584,0.031301666155587604
2018-04-02,50.4487,3.9209569783804,-0.023916493193183896
2018-04-03,50.75,3.926911617921897,0.005954639541496665
2018-04-04,51.2995,3.9376810055405316,0.010769387618634774
2018-04-05,51.4455,3.9405229948980476,0.002841989357516006
2018-04-06,50.3151,3.9183052308622046,-0.02221776403584297
2018-04-09,50.8203,3.928295881062316,0.00999065020011125
2018-04-10,51.6378,3.9442539624373065,0.015958081374990662
2018-04-11,51.0679,3.9331561197827716,-0.01109784265453495
2018-04-12,51.6771,3.9450147433487825,0.011858623566010973
2018-04-13,51.6148,3.9438084530674615,-0.0012062902813210208
2018-04-16,52.1161,3.953473922135375,0.009665469067913435
2018-04-17,53.7731,3.9847733421260565,0.03129941999068153
2018-04-18,53.5753,3.9810881409706544,-0.0036852011554020514
2018-04-19,54.2758,3.994078455406993,0.01299031443633858
2018-04-20,53.6714,3.9828802711848357,-0.011198184222157348
2018-04-23,53.4965,3.979616231201195,-0.0032640399836405543
2018-04-24,50.9473,3.9307917651340283,-0.04882446606716684
2018-04-25,50.9648,3.931135198350928,0.000343433216899669
2018-04-26,51.977,3.950801313042219,0.019666114691291092
2018-04-27,51.3862,3.939369653922971,-0.011431659119248039
2018-04-30,50.745,3.9268130909007812,-0.01255656302218977
2018-05-01,51.8495,3.9483452914274975,0.021532200526716228
2018-05-02,51.1172,3.9341210354862373,-0.0142242559412602
2018-05-03,51.1297,3.934365541677863,0.0002445061916258595
2018-05-04,52.3602,3.958146760744106,0.023781219066242976
2018-05-07,52.7817,3.966164539726614,0.008017778982507995
2018-05-08,52.7383,3.9653419468068405,-0.0008225929197736015
2018-05-09,54.2508,3.9936177388556184,0.028275792048777948
2018-05-10,55.0738,4.008674103980767,0.01505636512514874
2018-05-11,54.9698,4.00678394351776,-0.0018901604630068292
2018-05-14,55.1302,4.009697660383875,0.002913716866114413
2018-05-15,54.0476,3.9898651397691105,-0.01983252061476426
2018-05-16,54.0088,3.989146996250216,-0.0007181435188945429
2018-05-17,53.8677,3.9865310404032077,-0.0026159558470082445
2018-05-18,53.2888,3.975726177759035,-0.010804862644172797
2018-05-21,54.0048,3.98907293150278,0.013346753743745055
2018-05-22,53.5713,3.9810134769122176,-0.008059454590562343
2018-05-23,54.1019,3.990869305383612,0.009855828471394545
2018-05-24,54.0765,3.9903997107054368,-0.00046959467817542233
2018-05-25,54.0083,3.989137738456774,-0.0012619722486628682
2018-05-29,53.2106,3.974257624620629,-0.014880113836144737
2018-05-30,53.6789,3.9830200006501877,0.008762376029558538
2018-05-31,54.8013,4.00371391630033,0.020693915650142447
2018-06-01,56.545,4.03503678132329,0.03132286502296022
2018-06-04,57.4438,4.050807078540616,0.015770297217325258
2018-06-05,57.3431,4.049052522474837,-0.0017545560657783454
2018-06-06,57.1404,4.045511397128142,-0.00354112534669504
2018-06-07,56.5161,4.034525553312428,-0.010985843815713991
2018-06-08,56.4309,4.033016880817183,-0.0015086724952455555
2018-06-11,56.839,4.040222709829942,0.007205829012759679
2018-06-12,57.2021,4.04659061099855,0.006367901168607304
2018-06-13,57.0049,4.04313722905206,-0.0034533819464899196
2018-06-14,57.796,4.056919569131365,0.013782340079305122
2018-06-15,57.7542,4.05619607403013,-0.0007234951012344837
2018-06-18,58.9653,4.076949135292918,0.020753061262787753
2018-06-19,58.7216,4.072807631891445,-0.004141503401473123
2018-06-20,58.9896,4.077361157181687,0.004553525290242
2018-06-21,58.2608,4.064929482985244,-0.012431674196442977
2018-06-22,58.2533,4.064800743201641,-0.00012873978360339322
2018-06-25,56.7583,4.038801901173826,-0.025998842027814995
2018-06-26,56.4264,4.032937134092737,-0.005864767081088296
2018-06-27,55.6453,4.01899761773083,-0.0139395163619076
2018-06-28,56.1355,4.027768410970033,0.008770793239203378
2018-06-29,56.2556,4.029905591684759,0.002137180714726128
2018-07-02,56.8992,4.041281281279492,0.011375689594732563
2018-07-03,55.6124,4.018406197973654,-0.022875083305837762
2018-07-05,56.8584,4.040563966537453,0.02215776856379925
2018-07-06,57.5454,4.052574201478058,0.012010234940604825
2018-07-09,58.1532,4.063080907545157,0.01050670606709847
2018-07-10,58.1463,4.06296224839343,-0.00011865915172659669
2018-07-11,58.3615,4.0666564258602635,0.003694177466833537
2018-07-12,59.846,4.091774596019463,0.025118170159199593
2018-07-13,60.0035,4.094402893854111,0.00262829783464813
2018-07-16,59.6094,4.087813279755914,-0.0065896140981971385
2018-07-17,60.4349,4.101566752639744,0.01375347288383022
2018-07-18,60.4264,4.101426095539184,-0.0001406571005606594
2018-07-19,59.7384,4.089975029704158,-0.011451065835025531
2018-07-20,59.6776,4.08895674060967,-0.0010182890944880896
2018-07-23,60.3314,4.099852697885395,0.01089595727572501
2018-07-24,62.6803,4.138047203692065,0.038194505806670165
2018-07-25,63.5666,4.152088175170015,0.014040971477950137
2018-07-26,64.0428,4.159551609846035,0.007463434676019176
2018-07-27,62.4183,4.133858501611137,-0.0256931082348979
2018-07-30,61.2799,4.115451893577219,-0.018406608033918026
2018-07-31,61.1394,4.113156502871846,-0.0022953907053722133
2018-08-01,61.4268,4.117846222007192,0.004689719135345882
2018-08-02,61.8324,4.1244274989258365,0.0065812769186441855
2018-08-03,61.6844,4.122031062638155,-0.0023964362876816026
2018-08-06,61.66,4.121635422458004,-0.0003956401801508136
2018-08-07,62.5652,4.136209212987366,0.014573790529362363
2018-08-08,62.8387,4.140571125713215,0.00436191272584896
2018-08-09,62.9946,4.143049008432139,0.002477882718923574
2018-08-10,62.3993,4.133554057363742,-0.009494951068396595
2018-08-13,62.2065,4.130459495892938,-0.0030945614708040026
2018-08-14,62.6798,4.138039226672263,0.007579730779324834
2018-08-15,61.3884,4.117220892223072,-0.020818334449191234
2018-08-16,60.9819,4.1105770988313575,-0.006643793391714503
2018-08-17,60.5729,4.103847598334418,-0.0067295004969398775
2018-08-20,60.8768,4.108852149754107,0.0050045514196890295
2018-08-21,60.6506,4.105129528168825,-0.0037226215852816935
2018-08-22,60.8668,4.108687870070863,0.003558341902038187
2018-08-23,60.8375,4.108206375159573,-0.0004814949112903477
2018-08-24,61.6141,4.120890740450654,0.012684365291081079
2018-08-27,62.5867,4.136552795469319,0.015662055018665022
2018-08-28,62.068,4.1282305582212375,-0.008322237248081343
2018-08-29,63.0041,4.1431998036390425,0.014969245417804977
2018-08-30,62.4955,4.135094554150231,-0.008105249488811417
2018-08-31,61.3676,4.11688200858074,-0.018212545569491034
2018-09-04,60.3467,4.100106265021138,-0.01677574355960232
2018-09-05,59.7384,4.089975029704158,-0.01013123531697957
2018-09-06,58.9856,4.077293346319717,-0.0126816833844412
2018-09-07,58.6669,4.07187568363486,-0.005417662684856772
2018-09-10,58.5407,4.069722238828052,-0.0021534448068081247
2018-09-11,59.2846,4.08234957581803,0.01262733698997831
2018-09-12,58.3684,4.066774647498559,-0.015574928319471049
2018-09-13,58.8935,4.075730728031308,0.008956080532748878
2018-09-14,58.6862,4.072204605498433,-0.00352612253287532
2018-09-17,57.782,4.056677308492342,-0.015527297006090457
2018-09-18,58.1448,4.06293645106242,0.006259142570077536
2018-09-19,58.5015,4.069052394934726,0.006115943872305962
2018-09-20,59.3633,4.083676190305805,0.014623795371079495
2018-09-21,58.3943,4.067218282330998,-0.016457907974807284
2018-09-24,58.765,4.073546439584818,0.006328157253819633
2018-09-25,59.4789,4.0856216278096475,0.01207518822482978
2018-09-26,59.4874,4.08576452542039,0.0001428976107424873
2018-09-27,60.15,4.096841442420688,0.011076917000298003
2018-09-28,60.136,4.096608663875168,-0.0002327785455200626
2018-10-01,60.2082,4.097808555663263,0.0011998917880946536
2018-10-02,60.1639,4.0970725046680565,-0.0007360509952061278
2018-10-03,60.3577,4.100288528468543,0.003216023800486134
2018-10-04,58.6409,4.071432405346021,-0.028856123122521282
2018-10-05,58.1806,4.0635519658361545,-0.007880439509866832
2018-10-08,57.5872,4.053300320784607,-0.01025164505154752
2018-10-09,57.0517,4.043957874286557,-0.009342446498050272
2018-10-10,54.4107,3.9965608256971943,-0.047397048589362445
2018-10-11,54.34,3.9952606039982017,-0.0013002216989925763
2018-10-12,55.8246,4.022214632452006,0.026954028453804568
2018-10-15,54.9229,4.005930383584344,-0.01628424886766222
2018-10-16,56.4494,4.033344661664073,0.027414278079729293
2018-10-17,56.1759,4.0284878393048675,-0.004856822359205815
2018-10-18,54.6972,4.001812519817952,-0.02667531948691515
2018-10-19,55.0595,4.008414418670686,0.006601898852733434
2018-10-22,55.3677,4.0139963912327286,0.005581972562042736
2018-10-23,55.5441,4.017177299823829,0.0031809085911005397
2018-10-24,52.665,3.963951098288505,-0.05322620153532398
2018-10-25,54.9802,4.006973120416915,0.04302202212840989
2018-10-26,53.9918,3.9888321831817626,-0.01814093723515242
2018-10-29,51.5496,3.942544450976026,-0.046287732205736454
2018-10-30,52.2859,3.956726736252313,0.014182285276286954
2018-10-31,54.332,3.9951133719602443,0.038386635707931216
2018-11-01,54.1029,3.9908877888519987,-0.004225583108245612
2018-11-02,53.381,3.977454877408999,-0.013432911442999629
2018-11-05,52.5958,3.962636268646905,-0.014818608762094065
2018-11-06,53.2853,3.975660495759351,0.013024227112445885
2018-11-07,55.2119,4.011178509759228,0.035518013999876974
2018-11-08,54.5339,3.998822526644593,-0.012355983114634927
2018-11-09,53.6565,3.982602617376353,-0.016219909268239796
2018-11-12,52.2785,3.956585196684117,-0.026017420692236115
2018-11-13,52.2092,3.9552587245699584,-0.0013264721141585945
2018-11-14,52.5386,3.9615481375376986,0.0062894129677402155
2018-11-15,53.359,3.9770426608020752,0.015494523264376614
2018-11-16,53.2206,3.9744455394431513,-0.0025971213589239817
2018-11-19,51.1854,3.935454335130688,-0.03899120431246317
2018-11-20,51.3364,3.9384000522208815,0.0029457170901934226
2018-11-21,51.983,3.950916742053505,0.012516689832623662
2018-11-23,51.319,3.938061053976919,-0.012855688076585992
2018-11-26,52.6063,3.962835884434705,0.024774830457785946
2018-11-27,52.424,3.9593645017371957,-0.003471382697509462
2018-11-28,54.3923,3.996222599725936,0.03685809798874029
2018-11-29,54.5314,3.9987766825493503,0.0025540828234142943
2018-11-30,55.2821,4.012449167160448,0.013672484611098046
2018-12-03,55.6164,4.018478121791977,0.006028954631529082
2018-12-04,52.9316,3.9690005140168374,-0.04947760777513999
2018-12-06,53.7092,3.9835843090010026,0.014583794984165177
2018-12-07,52.1399,3.953930490590206,-0.029653818410796617
2018-12-10,52.4688,3.9602187072255437,0.00628821663533774
2018-12-11,52.8907,3.9682275200063777,0.008008812780833985
2018-12-12,53.4926,3.9795433265781686,0.011315806571790876
2018-12-13,53.4831,3.979365716148417,-0.00017761042975150687
2018-12-14,52.3956,3.9588226183357147,-0.02054309781270236
2018-12-17,51.0972,3.9337297011878363,-0.025092917147878424
2018-12-18,51.982,3.9508975048102015,0.017167803622365252
2018-12-19,51.586,3.9432503178447185,-0.007647186965483055
2018-12-20,50.9942,3.9317119007668957,-0.011538417077822771
2018-12-21,49.3835,3.8996163603035825,-0.0320955404633132
2018-12-24,49.0557,3.8929563872108215,-0.006659973092761007
2018-12-26,52.2032,3.9551437956916526,0.06218740848083115
2018-12-27,52.4548,3.9599518463842633,0.004808050692610699
2018-12-28,52.1449,3.954026381841929,-0.0059254645423343355
2018-12-31,52.0592,3.9523815325639835,-0.0016448492779455037
2019-01-02,52.5435,3.9616413979503386,0.009259865386355148
2019-01-03,51.0882,3.9335535507784183,-0.028087847171920366
2019-01-04,53.7087,3.9835749995656107,0.05002144878719239
2019-01-07,53.6017,3.9815807839917117,-0.0019942155738990053
2019-01-08,54.0725,3.9903257386853195,0.00874495469360781
2019-01-09,53.8871,3.98689111717398,-0.003434621511339664
2019-01-10,53.7467,3.9842822697741633,-0.002608847399816483
2019-01-11,53.0312,3.970880419593749,-0.01340185018041451
2019-01-14,52.3856,3.9586317443997343,-0.012248675194014513
2019-01-15,54.1293,3.991375628894492,0.03274388449475785
2019-01-16,54.2787,3.994131884790403,0.0027562558959108863
2019-01-17,54.7575,4.0029143456162135,0.008782460825810467
2019-01-18,55.165,4.010328694212269,0.007414348596055831
2019-01-22,53.7367,3.9840961945285187,-0.026232499683750632
2019-01-23,54.0246,3.989439498385901,0.005343303857382242
2019-01-24,54.0043,3.9890636730236335,-0.00037582536226743457
2019-01-25,54.8766,4.005087028145672,0.016023355122038563
2019-01-28,53.7979,3.985234432948664,-0.019852595197007883
2019-01-29,53.3098,3.9761201791862892,-0.009114253762374958
2019-01-30,54.7012,4.001885647030083,0.025765467843794188
2019-01-31,56.0912,4.0269789374793055,0.02509329044922204
2019-02-01,55.729,4.020500657763538,-0.006478279715767421
2019-02-04,56.8649,4.040678279083908,0.02017762132036971
2019-02-05,57.3855,4.049791658173004,0.009113379089096263
2019-02-06,55.9417,4.0243100770153095,-0.0254815811576945
2019-02-07,55.0958,4.00907348820822,-0.015236588807089113
2019-02-08,54.9199,4.005875760067814,-0.0031977281404067526
2019-02-11,54.907,4.005640844941205,-0.00023491512660900327
2019-02-12,56.1754,4.028478938651293,0.022838093710088714
2019-02-13,56.2277,4.0294095180352105,0.0009305793839171628
2019-02-14,56.2561,4.0299144796493005,0.0005049616140899715
2019-02-15,55.7793,4.021402832819775,-0.008511646829525432
2019-02-19,56.122,4.02752789251799,0.006125059698215196
2019-02-20,55.8271,4.022259414573558,-0.005268477944432526
2019-02-21,55.0111,4.007534983051739,-0.01472443152181846
2019-02-22,55.6263,4.018656110999829,0.011121127948089615
2019-02-25,55.6648,4.019347990252272,0.0006918792524430728
2019-02-26,55.8978,4.023525023393741,0.004177033141469444
2019-02-27,55.9417,4.0243100770153095,0.0007850536215681103
2019-02-28,56.124,4.02756352853175,0.0032534515164401867
2019-03-01,57.2186,4.046879020353052,0.019315491821302544
2019-03-04,57.4627,4.05113604165707,0.0042570213040180604
2019-03-05,58.2483,4.064714907470576,0.013578865813506091
2019-03-06,58.0366,4.06107384601064,-0.003641061459936701
2019-03-07,57.3346,4.048904280924552,-0.012169565086087353
2019-03-08,57.2908,4.04814005236558,-0.0007642285589719577
2019-03-11,58.7501,4.07329285515048,0.025152802784899286
2019-03-12,59.6463,4.0884321181204974,0.015139262970017775
2019-03-13,59.7364,4.089941549840619,0.0015094317201214125
2019-03-14,59.4111,4.084481077597689,-0.005460472242929448
2019-03-15,59.3,4.08260930600368,-0.0018717715940095303
2019-03-18,59.2128,4.081137734734819,-0.001471571268861105
2019-03-19,59.9058,4.092773328480615,0.01163559374579659
2019-03-20,61.1,4.11251186617755,0.019738537696934344
2019-03-21,61.5832,4.120389106069901,0.007877239892351007
2019-03-22,60.1644,4.097080815264982,-0.02330829080491892
2019-03-25,59.6528,4.088541087928424,-0.008539727336557945
2019-03-26,59.2772,4.08222474640401,-0.006316341524414071
2019-03-27,58.6877,4.072230164843399,-0.00999458156061106
2019-03-28,58.4018,4.067346711277004,-0.0048834535663946355
2019-03-29,58.6319,4.071278917068813,0.003932205791809196
2019-04-01,59.7324,4.089874586750649,0.01859566968183568
2019-04-02,60.0593,4.095332407475609,0.0054578207249598165
2019-04-03,60.3219,4.099695221877368,0.0043628144017588966
2019-04-04,60.7523,4.1068049415862875,0.007109719708919826
2019-04-05,60.3537,4.100222254694874,-0.006582686891413836
2019-04-08,60.1957,4.097600921192205,-0.002621333502668577
2019-04-09,59.9173,4.092965278113621,-0.004635643078583662
2019-04-10,60.1046,4.096086377713692,0.003121099600070565
2019-04-11,60.261,4.098685128320521,0.0025987506068290145
2019-04-12,60.9157,4.109490941162819,0.010805812842297868
2019-04-15,61.105,4.112593695889964,0.0031027547271449407
2019-04-16,61.3731,4.1169716284053575,0.0043779325153936455
2019-04-17,61.783,4.123628245715804,0.006656617310446755
2019-04-18,61.8492,4.124699164235848,0.0010709185200434845
2019-04-22,62.4615,4.134550366936405,0.00985120270055706
2019-04-23,63.3001,4.147886908927713,0.013336541991308515
2019-04-24,62.775,4.139556905043649,-0.008330003884064574
2019-04-25,63.1381,4.145324390817716,0.0057674857740677155
2019-04-26,63.6404,4.153248488804956,0.007924097987239698
2019-04-29,64.5759,4.167841276167011,0.014592787362055049
2019-04-30,59.7314,4.089857845277499,-0.0779834308895122
2019-05-01,58.454,4.068240120135992,-0.02161772514150684
2019-05-02,58.1148,4.062420364637457,-0.005819755498535528
2019-05-03,59.2627,4.081980103037981,0.01955973840052483
2019-05-06,59.4575,4.085261771613715,0.003281668575733754
2019-05-07,58.7301,4.072952372240283,-0.012309399373432228
2019-05-08,58.3276,4.0660753947107615,-0.006876977529521433
2019-05-09,58.1876,4.0636722736179784,-0.002403121092783067
2019-05-10,58.1711,4.063388667834989,-0.00028360578298958217
2019-05-13,56.6243,4.0364382216958825,-0.026950446139106354
2019-05-14,56.0399,4.026063937027528,-0.010374284668354328
2019-05-15,58.3286,4.066092539106002,0.040028602078473696
2019-05-16,59.0111,4.077725561803659,0.01163302269765687
2019-05-17,58.2279,4.064364621314115,-0.013360940489543616
2019-05-20,57.0262,4.043510811351059,-0.020853809963056413
2019-05-21,57.5135,4.052019702854877,0.008508891503818283
2019-05-22,57.5837,4.0532395415426095,0.0012198386877324552
2019-05-23,57.0601,4.044105098325003,-0.009134443217606147
2019-05-24,56.7248,4.038211504877407,-0.005893593447596324
2019-05-28,56.7722,4.039046769294189,0.0008352644167821666
2019-05-29,55.7948,4.0216806750806535,-0.017366094213535632
2019-05-30,55.868,4.022991765443525,0.0013110903628712478
2019-05-31,55.1252,4.009606961878342,-0.013384803565182679
2019-06-03,51.7495,3.9464147702630537,-0.06319219161528844
2019-06-04,52.5341,3.9614624825578084,0.015047712294754767
2019-06-05,52.0434,3.952077985868294,-0.009384496689514243
2019-06-06,52.1988,3.955059506118606,0.002981520250311842
2019-06-07,53.2256,3.9745394836140786,0.01947997749547259
2019-06-10,53.9424,3.987916810603852,0.01337732698977323
2019-06-11,53.8568,3.9863286723246887,-0.0015881382791631538
2019-06-12,53.7601,3.984531556332212,-0.0017971159924767832
2019-06-13,54.3535,3.9955090089178964,0.0109774525856845
2019-06-14,54.1188,3.9911816301077616,-0.004327378810134785
2019-06-17,54.4969,3.998143819317483,0.006962189209721359
2019-06-18,55.0624,4.008467087576701,0.010323268259218032
2019-06-19,55.026,4.007805800804862,-0.0006612867718391868
2019-06-20,55.4589,4.015642205876256,0.007836405071394381
2019-06-21,56.0652,4.02651529919445,0.010873093318194194
2019-06-24,55.6333,4.018781942838326,-0.007733356356124155
2019-06-25,54.1826,3.992359823693076,-0.026422119145250278
2019-06-26,53.8209,3.985661867566969,-0.00669795612610713
2019-06-27,53.637,3.9822391284377927,-0.0034227391291761222
2019-06-28,53.9444,3.987953886501927,0.005714758064134351
2019-07-01,54.8013,4.00371391630033,0.015760029798403075
2019-07-02,55.4291,4.015104726604966,0.01139081030463629
2019-07-03,55.9467,4.024399451785229,0.009294725180262198
2019-07-05,56.4289,4.032981438613667,0.008581986828438026
2019-07-08,55.6378,4.018862826374167,-0.01411861223949984
2019-07-09,56.0115,4.025557026795115,0.006694200420947816
2019-07-10,56.8395,4.040231506568112,0.014674479772997628
2019-07-11,56.9974,4.043005652759111,0.002774146190998472
2019-07-12,57.0601,4.044105098325003,0.0010994455658925872
2019-07-15,57.3178,4.04861122120456,0.004506122879556429
2019-07-16,57.4647,4.051170846238053,0.0025596250334931625
2019-07-17,57.1299,4.045327622341,-0.005843223897052496
2019-07-18,57.1548,4.045763376215211,0.000435753874210576
2019-07-19,56.3731,4.031992094372404,-0.01377128184280707
2019-07-22,56.7548,4.038740234282496,0.006748139910092377
2019-07-23,57.1952,4.046469978780684,0.007729744498187863
2019-07-24,56.7807,4.03919647925344,-0.007273499527244098
2019-07-25,56.5918,4.03586409838846,-0.003332380864979889
2019-07-26,62.0361,4.127716473663152,0.09185237527469159
2019-07-29,61.8677,4.124998234130711,-0.0027182395324407693
2019-07-30,61.1782,4.113790916910404,-0.011207317220306656
2019-07-31,60.69,4.105778939847764,-0.00801197706264034
2019-08-01,60.3701,4.100493949258843,-0.005284990588920735
2019-08-02,59.5999,4.087653896217548,-0.01284005304129554
2019-08-05,57.529,4.052289168488774,-0.03536472772877364
2019-08-06,58.3425,4.066330815766902,0.014041647278127734
2019-08-07,58.5832,4.070447966059904,0.00411715029300197
2019-08-08,60.0917,4.095871728842645,0.025423762782740944
2019-08-09,59.2303,4.081433235276891,-0.014438493565753774
2019-08-12,58.5129,4.069247242748945,-0.012185992527945722
2019-08-13,59.6204,4.08799779738542,0.018750554636474348
2019-08-14,58.0022,4.060480940861539,-0.027516856523880584
2019-08-15,58.2548,4.06482649248431,0.004345551622771282
2019-08-16,58.7476,4.073250301126011,0.00842380864170078
2019-08-19,59.8052,4.091092613697826,0.017842312571814567
2019-08-20,58.9628,4.076906736577085,-0.01418587712074082
2019-08-21,59.3638,4.083684612982684,0.006777876405599237
2019-08-22,59.3608,4.083634075857258,-5.0537125425798024e-05
2019-08-23,57.4707,4.051275252713437,-0.03235882314382099
2019-08-26,58.3475,4.066416512913239,0.015141260199801998
2019-08-27,58.3296,4.066109683207317,-0.00030682970592188497
2019-08-28,58.4755,4.0686078630963625,0.0024981798890451046
2019-08-29,59.4963,4.085914125744075,0.017306262647712956
2019-08-30,59.3115,4.082803216375542,-0.003110909368533754
2019-09-03,58.2663,4.065023881627346,-0.017779334748195375
2019-09-04,58.9,4.075841090657541,0.010817209030194341
2019-09-05,60.3906,4.1008334636902255,0.024992373032684867
2019-09-06,60.0982,4.0959798910094545,-0.004853572680771023
2019-09-09,60.0458,4.09510760436472,-0.000872286644734821
2019-09-10,60.0673,4.095465600290719,0.00035799592599961017
2019-09-11,60.7797,4.10725585164231,0.01179025135159062
2019-09-12,61.5255,4.11945172302183,0.01219587137951983
2019-09-13,61.7775,4.123539220501376,0.00408749747954662
2019-09-16,61.3591,4.116743489415577,-0.006795731085799339
2019-09-17,61.2719,4.115321336539111,-0.0014221528764659652
2019-09-18,61.4098,4.117569431537437,0.0022480949983263443
2019-09-19,61.7138,4.122507568787455,0.004938137250017682
2019-09-20,61.2699,4.115288694616107,-0.0072188741713477
2019-09-23,61.5115,4.119224149201591,0.003935454585483278
2019-09-24,60.6965,4.105886035776985,-0.01333811342460578
2019-09-25,62.072,4.128295001591648,0.02240896581466334
2019-09-26,61.8902,4.125361847285878,-0.002933154305770458
2019-09-27,61.0761,4.112120627624267,-0.013241219661610515
2019-09-30,60.8365,4.108189937794153,-0.003930689830114353
2019-10-01,60.0822,4.095713624628338,-0.012476313165814545
2019-10-02,58.6832,4.072153484848576,-0.02356013977976268
2019-10-03,59.2567,4.081878853790936,0.009725368942360646
2019-10-04,60.3294,4.099819547102371,0.01794069331143433
2019-10-07,60.1942,4.097576002158298,-0.0022435449440729727
2019-10-08,59.2915,4.082465956775201,-0.015110045383096349
2019-10-09,59.9028,4.092723248603201,0.010257291827999282
2019-10-10,60.2551,4.098587216091288,0.005863967488087596
2019-10-11,60.5659,4.103732028426052,0.005144812334763493
2019-10-14,60.6686,4.105426266032776,0.0016942376067241582
2019-10-15,61.8877,4.125321452352689,0.01989518631991327
2019-10-16,61.9255,4.1259320496262335,0.0006105972735443999
2019-10-17,62.4138,4.133786404770629,0.007854355144395697
2019-10-18,61.9957,4.1270650278012235,-0.006721376969405668
2019-10-21,61.9893,4.126961789506177,-0.00010323829504610416
2019-10-22,61.8359,4.1244841019518494,-0.0024776875543279786
2019-10-23,62.6544,4.137633910320498,0.013149808368648763
2019-10-24,62.7281,4.138809513111766,0.0011756027912674938
2019-10-25,62.9866,4.142922005355319,0.004112492243553589
2019-10-28,64.2162,4.162255515313027,0.019333509957707662
2019-10-29,62.8053,4.140039464817562,-0.022216050495464934
2019-10-30,62.8073,4.140071308756787,3.1843939225062456e-05
2019-10-31,62.7126,4.138562384387534,-0.0015089243692534282
2019-11-01,63.3828,4.149192531261081,0.01063014687354702
2019-11-04,64.2476,4.162744368992045,0.013551837730964245
2019-11-05,64.3388,4.164162870719946,0.0014185017279011447
2019-11-06,64.3174,4.163830201168112,-0.000332669551833753
2019-11-07,65.111,4.176093505754696,0.012263304586583423
2019-11-08,65.2137,4.177669569559312,0.0015760638046158348
2019-11-11,64.6796,4.169445850397884,-0.00822371916142739
2019-11-12,64.6261,4.168618353960329,-0.0008274964375551974
2019-11-13,64.5749,4.167825790393791,-0.0007925635665380071
2019-11-14,65.2212,4.177784569455938,0.009958779062147372
2019-11-15,66.4362,4.196242088648261,0.018457519192322636
2019-11-18,65.7535,4.185912901580268,-0.010329187067992684
2019-11-19,65.3925,4.180407572987943,-0.00550532859232522
2019-11-20,64.8579,4.172198722926704,-0.008208850061238948
2019-11-21,64.7723,4.1708780428314505,-0.0013206800952536568
2019-11-22,64.4498,4.1658866261996215,-0.004991416631829004
2019-11-25,65.0463,4.175099324017227,0.009212697817605253
2019-11-26,65.4128,4.1807179579671905,0.005618633949963758
2019-11-27,65.3696,4.1800573185910785,-0.0006606393761119378
2019-11-29,64.9689,4.17390869385793,-0.006148624733148367
2019-12-02,64.2102,4.162162076580735,-0.01174661727719517
2019-12-03,64.5032,4.166714834974173,0.004552758393438161
2019-12-04,65.7088,4.185232858682454,0.01851802370828093
2019-12-05,66.1083,4.191294306296963,0.006061447614508886
2019-12-06,66.7276,4.20061866043627,0.009324354139306656
2019-12-09,66.9069,4.203302100829173,0.002683440392903691
2019-12-10,66.9019,4.2032273673288,-7.47335003730143e-05
2019-12-11,66.9696,4.204238785080469,0.0010114177516689082
2019-12-12,67.181,4.207390469455914,0.0031516843754451074
2019-12-13,67.1003,4.206188514906539,-0.0012019545493755501
2019-12-16,67.7892,4.216402890222628,0.01021437531608882
2019-12-17,67.4997,4.212123153424163,-0.004279736798464384
2019-12-18,67.3513,4.209922204823021,-0.002200948601141839
2019-12-19,67.577,4.213267688468894,0.0033454836458730597
2019-12-20,67.317,4.209412805049776,-0.003854883419118771
2019-12-23,67.2876,4.208975970046105,-0.0004368350036703106
2019-12-24,66.9786,4.204373165385894,-0.004602804660211568
2019-12-26,67.8774,4.217703136745003,0.013329971359109294
2019-12-27,67.4874,4.211940913787426,-0.005762222957576668
2019-12-30,66.7435,4.200856914261633,-0.011083999525792976
2019-12-31,66.7276,4.20061866043627,-0.0002382538253637989
2020-01-02,68.1868,4.222250997729414,0.021632337293143955
2020-01-03,67.8302,4.217007523501482,-0.005243474227931699
2020-01-06,69.6381,4.243311831357204,0.02630430785572191
2020-01-07,69.5035,4.241377111014969,-0.0019347203422350745
2020-01-08,69.9983,4.248470956040171,0.00709384502520205
2020-01-09,70.733,4.258912224965325,0.01044126892515429
2020-01-10,71.1899,4.265350954423125,0.0064387294578001075
2020-01-13,71.7415,4.273069380723019,0.007718426299893721
2020-01-14,71.2711,4.266490915658738,-0.006578465064280614
2020-01-15,71.7,4.272490747605575,0.005999831946836842
2020-01-16,72.2461,4.280078346296856,0.0075875986912805615
2020-01-17,73.7088,4.3001221950523965,0.020043848755540772
2020-01-21,73.8448,4.301965593498954,0.0018433984465575648
2020-01-22,73.9405,4.303260715725275,0.0012951222263213324
2020-01-23,73.9663,4.303609584070229,0.00034886834495395647
2020-01-24,73.0438,4.291059261220359,-0.012550322849870454
2020-01-27,71.3279,4.267287555228497,-0.02377170599186229
2020-01-28,72.2631,4.280313625435878,0.013026070207381224
2020-01-29,72.5719,4.284577794565061,0.004264169129183593
2020-01-30,72.4499,4.2828952885034886,-0.0016825060615728304
2020-01-31,71.3803,4.268021920911126,-0.014873367592362463
2020-02-03,73.8622,4.302201195062597,0.03417927415147126
2020-02-04,72.0094,4.276796666049976,-0.025404529012621246
2020-02-05,72.0413,4.277239565675198,0.0004428996252219264
2020-02-06,73.5319,4.297719325667571,0.020479759992372948
2020-02-07,73.6883,4.299844034896841,0.0021247092292702163
2020-02-10,75.1606,4.319627157483065,0.019783122586224167
2020-02-11,75.2303,4.320554075335015,0.0009269178519497601
2020-02-12,75.6573,4.326213932604603,0.0056598572695882865
2020-02-13,75.3962,4.3227568758659105,-0.0034570567386928985
2020-02-14,75.6622,4.3262786962339,0.0035218203679896476
2020-02-18,75.6975,4.326745134798987,0.0004664385650867686
2020-02-19,75.9681,4.33031351533006,0.00356838053107289
2020-02-20,75.5755,4.3251321565880625,-0.005181358741997322
2020-02-21,73.9051,4.302781837751545,-0.022350318836517502
2020-02-24,70.7365,4.258961705595436,-0.04382013215610936
2020-02-25,69.0655,4.235055329682657,-0.023906375912778444
2020-02-26,69.2724,4.2380465584676665,0.0029912287850093477
2020-02-27,65.51,4.182202802743785,-0.05584375572388112
2020-02-28,66.7206,4.200513750815812,0.01831094807202671
2020-03-02,69.0655,4.235055329682657,0.03454157886684506
2020-03-03,66.6444,4.199371022089504,-0.03568430759315344
2020-03-04,68.8305,4.231646960658187,0.03227593856868349
2020-03-05,65.5005,4.182057776199857,-0.04958918445833049
2020-03-06,64.5529,4.167485042697123,-0.01457273350273347
2020-03-09,60.5699,4.103798070009159,-0.06368697268796453
2020-03-10,63.5282,4.1514839018060625,0.04768583179690378
2020-03-11,60.3264,4.099769818867165,-0.05171408293889712
2020-03-12,55.3767,4.014158927668338,-0.08561089119882759
2020-03-13,60.4942,4.102547492672593,0.08838856500425507
2020-03-16,53.4562,3.9788626270021936,-0.12368486567039927
2020-03-17,55.7011,4.019999895391737,0.04113726838954346
2020-03-18,54.3625,3.9956745779237566,-0.0243253174679805
2020-03-19,55.3827,4.014267270617213,0.018592692693456758
2020-03-20,53.2176,3.9743891687040596,-0.039878101913153774
2020-03-23,52.5161,3.961119789251634,-0.013269379452425678
2020-03-24,56.2964,4.03063058993956,0.06951080068792592
2020-03-25,54.8821,4.005187247991654,-0.02544334194790565
2020-03-26,57.9359,4.059337226979266,0.05414997898761165
2020-03-27,55.3125,4.012998922768149,-0.046338304211117176
2020-03-30,57.1084,4.0449512161750505,0.031952293406901866
2020-03-31,57.8877,4.0585049267782285,0.013553710603178004
2020-04-01,54.906,4.005622632161296,-0.05288229461693206
2020-04-02,55.6498,4.01907848382471,0.013455851663413121
2020-04-03,54.4377,3.9970569285439748,-0.022021555280734795
2020-04-06,58.9458,4.076618377625866,0.07956144908189167
2020-04-07,58.9144,4.076085542949819,-0.0005328346760471447
2020-04-08,60.132,4.0965421457655875,0.02045660281576822
2020-04-09,60.1105,4.096184535099989,-0.0003576106655982514
2020-04-13,60.3019,4.0993636123577994,0.0031790772578101922
2020-04-14,63.0331,4.1436599852443425,0.04429637288654309
2020-04-15,62.6379,4.137370526216361,-0.006289459027981614
2020-04-16,62.6444,4.137474291872097,0.00010376565573633201
2020-04-17,63.7191,4.154484360648314,0.01701006877621669
2020-04-20,62.8297,4.140427891614343,-0.014056469033970842
2020-04-21,60.3891,4.1008086250791,-0.039619266535242836
2020-04-22,62.6932,4.138252988806871,0.03744436372777038
2020-04-23,63.3289,4.148341781042262,0.010088792235391608
2020-04-24,63.5994,4.152604036339312,0.004262255297049933
2020-04-27,63.3135,4.148098576553466,-0.004505459785845822
2020-04-28,61.4068,4.117520578206526,-0.030577998346940305
2020-04-29,66.8667,4.202701085364088,0.08518050715756154
2020-04-30,67.0918,4.206061830846727,0.0033607454826389827
2020-05-01,65.6281,4.184003957891342,-0.02205787295538464
2020-05-04,65.9061,4.188231001716288,0.004227043824945653
2020-05-05,67.2074,4.207783360514066,0.01955235879777817
2020-05-06,67.0286,4.205119393981375,-0.0026639665326904094
2020-05-07,68.2167,4.222689402909323,0.017570008927947356
2020-05-08,68.9671,4.233629579292261,0.010940176382938205
2020-05-11,69.926,4.24743754002259,0.013807960730328972
2020-05-12,68.5107,4.226989937449108,-0.02044760257348166
2020-05-13,67.173,4.2072713810773115,-0.019718556371796758
2020-05-14,67.5979,4.213576917477631,0.006305536400319944
2020-05-15,68.405,4.225445921372077,0.011869003894445562
2020-05-18,69.0088,4.234234032697089,0.008788111325012338
2020-05-19,68.4717,4.226420521216749,-0.007813511480340374
2020-05-20,70.2034,4.251396742907357,0.02497622169060776
2020-05-21,70.0835,4.249687388303404,-0.0017093546039523844
2020-05-22,70.4068,4.254289849408486,0.004602461105081446
2020-05-26,70.8117,4.260024241283985,0.005734391875499512
2020-05-27,70.7575,4.259258537972133,-0.0007657033118526613
2020-05-28,70.6558,4.257820200594627,-0.0014383373775057606
2020-05-29,71.4171,4.2685373364693175,0.010717135874690698
2020-06-01,71.4844,4.269479244076664,0.0009419076073466925
2020-06-02,71.8549,4.274648807833641,0.005169563756976636
2020-06-03,71.7025,4.2725256145012045,-0.0021231933324363794
2020-06-04,70.4595,4.255038076663105,-0.01748753783809942
2020-06-05,71.741,4.273062411231965,0.018024334568860212
2020-06-08,72.1405,4.278615606418937,0.005553195186971394
2020-06-09,72.3418,4.281402108713697,0.0027865022947599627
2020-06-10,72.9705,4.290055249885066,0.008653141171369505
2020-06-11,69.8418,4.2462326843951,-0.043822565489966436
2020-06-12,70.3908,4.254062572806202,0.007829888411102104
2020-06-15,70.7805,4.25958353903478,0.005520966228577784
2020-06-16,72.0623,4.277531022656823,0.017947483622043237
2020-06-17,72.3647,4.281718611430453,0.004187588773629791
2020-06-18,71.447,4.268955916090602,-0.012762695339850971
2020-06-19,70.9747,4.262323475509665,-0.006632440580936816
2020-06-22,72.271,4.280422942199298,0.018099466689633026
2020-06-23,72.9346,4.289563149187771,0.009140206988472954
2020-06-24,71.3763,4.267965881470553,-0.02159726771721804
2020-06-25,71.7947,4.273810657173644,0.005844775703090832
2020-06-26,67.8809,4.217754698969939,-0.05605595820370457
2020-06-29,69.6061,4.242852207178052,0.02509750820811263
2020-06-30,70.6463,4.257685736916956,0.014833529738904616
2020-07-01,71.8396,4.274435856049712,0.016750119132756147
2020-07-02,73.231,4.293618828585368,0.019182972535655374
2020-07-06,74.7116,4.313635367900805,0.020016539315436788
2020-07-07,74.2269,4.307126618166596,-0.00650874973420823
2020-07-08,74.9084,4.3162660337675955,0.009139415600999179
2020-07-09,75.6588,4.326233758650874,0.00996772488327835
2020-07-10,76.6725,4.3395431043171415,0.013309345666267625
2020-07-13,75.3384,4.321989964979718,-0.01755313933742375
2020-07-14,75.7683,4.32767999937114,0.0056900343914225715
2020-07-15,75.5701,4.3250607023081855,-0.0026192970629548284
2020-07-16,75.4724,4.323767026506661,-0.0012936758015245076
2020-07-17,75.5686,4.325040852990968,0.0012738264843070723
2020-07-20,77.9096,4.355549180200463,0.030508327209495256
2020-07-21,77.515,4.350471466018326,-0.005077714182137427
2020-07-22,77.9599,4.356194591929456,0.005723125911130111
2020-07-23,75.5636,4.324974685754578,-0.031219906174878354
2020-07-24,75.1381,4.31932775369357,-0.005646932061007526
2020-07-27,76.1953,4.333299781000298,0.01397202730672742
2020-07-28,74.9109,4.3162994073049195,-0.0170003736953781
2020-07-29,75.9004,4.329421954479924,0.01312254717500494
2020-07-30,76.6407,4.339128267232585,0.00970631275266065
2020-07-31,74.1287,4.305802771755111,-0.033325495477473766
2020-08-03,73.8702,4.30230949899603,-0.0034932727590808454
2020-08-04,73.399,4.295910311549461,-0.006399187446569421
2020-08-05,73.6873,4.29983046412936,0.003920152579898861
2020-08-06,74.9757,4.31716406103697,0.01733359690761027
2020-08-07,74.6478,4.312781052686893,-0.004383008350076878
2020-08-10,74.5706,4.311746327654485,-0.0010347250324080903
2020-08-11,73.7596,4.300811156240141,-0.01093517141434397
2020-08-12,75.0897,4.318683398898059,0.017872242657917425
2020-08-13,75.5586,4.324908514139794,0.006225115241734969
2020-08-14,74.9598,4.31695196983696,-0.00795654430283399
2020-08-17,75.5381,4.324637164730762,0.007685194893802816
2020-08-18,77.508,4.350381156838336,0.025743992107573277
2020-08-19,76.9516,4.34317665279127,-0.007204504047066074
2020-08-20,78.5278,4.363452702222937,0.02027604943166761
2020-08-21,78.4939,4.3630209147626475,-0.00043178746028971204
2020-08-24,78.9712,4.369083229037952,0.006062314275304459
2020-08-25,80.0025,4.382057884185611,0.01297465514765861
2020-08-26,81.9096,4.405616200106968,0.023558315921357043
2020-08-27,81.1319,4.396076225336495,-0.009539974770472526
2020-08-28,81.6754,4.402752854934584,0.006676629598088901
2020-08-31,81.1823,4.396697243110908,-0.006055611823676088
2020-09-01,82.4551,4.412253902762728,0.015556659651820404
2020-09-02,85.5593,4.449209702787563,0.03695580002483467
2020-09-03,81.1813,4.396684925079033,-0.05252477770852959
2020-09-04,78.7749,4.366594418204259,-0.030090506874774547
2020-09-08,75.9049,4.329481240947541,-0.03711317725671748
2020-09-09,77.0821,4.344871087596424,0.015389846648882433
2020-09-10,76.0269,4.331087225030159,-0.013783862566264737
2020-09-11,75.5143,4.324322042293821,-0.006765182736337749
2020-09-14,75.169,4.319738911921429,-0.004583130372392219
2020-09-15,76.4788,4.337013578243481,0.017274666322052212
2020-09-16,75.3314,4.3218970465580435,-0.015116531685437806
2020-09-17,74.0835,4.305192835442159,-0.016704211115884604
2020-09-18,72.2924,4.280719006073782,-0.024473829368377054
2020-09-21,71.2486,4.2661751698329065,-0.014543836240875407
2020-09-22,72.7273,4.286716829869486,0.020541660036579756
2020-09-23,70.2149,4.25156053922202,-0.03515629064746584
2020-09-24,70.886,4.261072952827074,0.009512413605053283
2020-09-25,71.6931,4.272394508665133,0.011321555838059716
2020-09-28,72.6696,4.285923140278732,0.01352863161359874
2020-09-29,73.0363,4.290956577829444,0.005033437550712172
2020-09-30,73.0153,4.290669008228773,-0.0002875696006716666
2020-10-01,74.1262,4.305769046057003,0.015100037828230661
2020-10-02,72.5172,4.283823775102654,-0.021945270954349283
2020-10-05,73.8737,4.302356878278704,0.018533103176049615
2020-10-06,72.289,4.28067197374458,-0.02168490453412364
2020-10-07,72.6935,4.286251972014095,0.005579998269515052
2020-10-08,73.9036,4.30276154124667,0.01650956923257496
2020-10-09,75.2497,4.320811916910075,0.01805037566340495
2020-10-12,77.9469,4.356027825630229,0.03521590872015423
2020-10-13,78.0705,4.357612264620465,0.001584438990235526
2020-10-14,77.8896,4.355292439471245,-0.002319825149220023
2020-10-15,77.4926,4.350182447929458,-0.005109991541786485
2020-10-16,78.1018,4.358013103955214,0.007830656025755722
2020-10-19,76.2211,4.333638327249211,-0.02437477670600252
2020-10-20,77.2738,4.3473549589425735,0.013716631693362125
2020-10-21,79.013,4.369612395891036,0.02225743694846205
2020-10-22,80.0429,4.382562740943232,0.01295034505219661
2020-10-23,81.3541,4.3988112319033315,0.016248490960099282
2020-10-26,78.9283,4.368539845416654,-0.030271386486677265
2020-10-27,79.6553,4.3777085752596845,0.009168729843030299
2020-10-28,75.2671,4.3210431203382305,-0.05666545492145403
2020-10-29,77.5629,4.351089220082874,0.03004609974464323
2020-10-30,80.5136,4.388426114254449,0.03733689417157571
2020-11-02,80.9227,4.393494378030594,0.005068263776144555
2020-11-03,81.9858,4.406546061536764,0.013051683506169809
2020-11-04,86.9772,4.465646015342994,0.05909995380623023
2020-11-05,87.8068,4.475138946389224,0.009492931046230169
2020-11-06,87.6686,4.473563796498425,-0.00157514989079921
2020-11-09,87.7528,4.474523770668808,0.0009599741703834042
2020-11-10,86.5722,4.460978747865388,-0.013545022803420181
2020-11-11,87.0459,4.466435565736809,0.005456817871420938
2020-11-12,86.8263,4.463909571164176,-0.002525994572633472
2020-11-13,88.2929,4.480659696676023,0.01675012551184718
2020-11-16,88.3811,4.4816581458799485,0.0009984492039256665
2020-11-17,87.7648,4.474660509092974,-0.006997636786974404
2020-11-18,86.7176,4.462656862031616,-0.012003647061358258
2020-11-19,87.6109,4.472905419425416,0.010248557393800262
2020-11-20,86.5055,4.460207995731498,-0.012697423693918353
2020-11-23,86.0661,4.455115605679381,-0.005092390052117146
2020-11-24,87.8765,4.475932419686424,0.02081681400704305
2020-11-25,87.8879,4.4760621387878565,0.00012971910143289023
2020-11-27,89.0283,4.48895429671609,0.012892157928233061
2020-11-30,87.4031,4.470530751140028,-0.01842354557606196
2020-12-01,89.4438,4.493610495087444,0.02307974394741663
2020-12-02,90.9189,4.50996790036298,0.016357405275535974
2020-12-03,90.763,4.508251713574265,-0.0017161867887152127
2020-12-04,90.8587,4.509305552502728,0.0010538389284633354
2020-12-07,90.5233,4.505607276132648,-0.0036982763700805776
2020-12-08,90.2394,4.502466138791474,-0.0031411373411733834
2020-12-09,88.5719,4.483814651550304,-0.018651487241170273
2020-12-10,88.0633,4.478055874074697,-0.005758777475606713
2020-12-11,88.4195,4.482092533552884,0.004036659478186877
2020-12-14,87.2966,4.469311515924478,-0.012781017628406666
2020-12-15,87.7359,4.474331165674273,0.005019649749795185
2020-12-16,87.5422,4.472120962815479,-0.0022102028587935862
2020-12-17,86.7111,4.462581903273313,-0.00953905954216605
2020-12-18,85.9993,4.4543391566854975,-0.008242746587815653
2020-12-21,86.4148,4.459158957436771,0.00481980075127364
2020-12-22,85.7003,4.450856326181038,-0.008302631255733495
2020-12-23,86.0993,4.455501281319335,0.004644955138297213
2020-12-24,86.3948,4.458927488813623,0.003426207494288569
2020-12-28,88.3776,4.48161854386884,0.022691055055216403
2020-12-29,87.5705,4.472444183235773,-0.009174360633067202
2020-12-30,86.499,4.460132853177367,-0.0123113300584059
2020-12-31,87.3154,4.469526850495671,0.009393997318304592
2021-01-04,85.9948,4.45428682930914,-0.015240021186531116
2021-01-05,86.6882,4.462317773024424,0.008030943715283456
2021-01-06,85.8328,4.452401217824144,-0.009916555200280008
2021-01-07,88.3966,4.481833507365472,0.029432289541328593
2021-01-08,89.5668,4.494984715601279,0.013151208235806955
2021-01-11,87.4973,4.47160793574462,-0.02337677985665909
2021-01-12,86.5577,4.4608112435806415,-0.010796692163978605
2021-01-13,87.0469,4.466447053862682,0.00563581028204041
2021-01-14,86.2334,4.457057573619825,-0.009389480242856685
2021-01-15,86.0691,4.455150462001623,-0.0019071116182018955
2021-01-19,88.9012,4.4875256407414685,0.03237517873984519
2021-01-20,93.664,4.539713910509476,0.05218826976800717
2021-01-21,93.8672,4.541881017417818,0.002167106908342653
2021-01-22,94.2861,4.546333776865881,0.004452759448062338
2021-01-25,94.3718,4.547242299709556,0.0009085228436749304
2021-01-26,95.0529,4.554433578726769,0.007191279017213503
2021-01-27,90.6184,4.506657282936574,-0.04777629579019482
2021-01-28,92.3253,4.5253182101240865,0.018660927187512222
2021-01-29,91.0381,4.511278100212964,-0.014040109911122478
2021-02-01,94.3116,4.546604193738997,0.035326093526032665
2021-02-02,95.6094,4.560271141583469,0.013666947844471977
2021-02-03,102.572,4.6305649910080335,0.07029384942456485
2021-02-04,102.311,4.6280171940587005,-0.0025477969493330477
2021-02-05,104.064,4.64500609448529,0.016988900426589737
2021-02-08,103.85,4.642947550322122,-0.0020585441631686408
2021-02-09,103.396,4.63856627660652,-0.004381273715601708
2021-02-10,103.947,4.643881153858703,0.005314877252183159
2021-02-11,104.061,4.64497726565646,0.0010961117977572599
2021-02-12,104.373,4.647971021310785,0.0029937556543249144
2021-02-16,105.153,4.655416432412188,0.007445411101402399
2021-02-17,105.549,4.659175300066598,0.0037588676544100252
2021-02-18,104.91,4.6531028397433944,-0.006072460323203188
2021-02-19,104.063,4.644996484968025,-0.008106354775369695
2021-02-22,102.342,4.628320145886791,-0.01667633908123367
2021-02-23,102.634,4.631169261856708,0.00284911596991666
2021-02-24,103.814,4.6426008363961575,0.011431574539449763
2021-02-25,100.434,4.609500795348538,-0.033100041047619655
2021-02-26,100.731,4.61245359743435,0.0029528020858125004
2021-03-01,103.109,4.635786681102452,0.02333308366810183
2021-03-02,102.851,4.633281338949122,-0.0025053421533298703
2021-03-03,100.208,4.607248025783057,-0.026033313166065497
2021-03-04,101.328,4.618362779774075,0.011114753991018134
2021-03-05,104.475,4.648947808333979,0.03058502855990408
2021-03-08,100.012,4.6052901787886675,-0.043657629545311494
2021-03-09,101.65,4.621535540074356,0.016245361285688098
2021-03-10,101.442,4.6194872065828845,-0.002048333491471155
2021-03-11,104.648,4.6506023373859255,0.03111513080304107
2021-03-12,102.129,4.626236720099792,-0.024365617286133734
2021-03-15,102.351,4.62840808245527,0.0021713623554777683
2021-03-16,103.818,4.642639366102566,0.014231283647296422
2021-03-17,103.735,4.641839570345103,-0.0007997957574632508
2021-03-18,100.702,4.6121656605004775,-0.029673909844625257
2021-03-19,100.982,4.614942283136794,0.002776622636316617
2021-03-22,101.169,4.616792385815879,0.0018501026790849195
2021-03-23,101.697,4.621997804094351,0.005205418278471541
2021-03-24,101.258,4.617671715211016,-0.0043260888833343
2021-03-25,101.255,4.617642087483412,-2.9627727604619736e-05
2021-03-26,100.87,4.613832559066744,-0.0038095284166672627
2021-03-29,101.921,4.624198003392674,0.010365444325930007
2021-03-30,101.955,4.6245315394667115,0.0003335360740370774
2021-03-31,102.753,4.632328050030409,0.0077965105636979
2021-04-01,106.104,4.664419745192052,0.03209169516164234
2021-04-05,110.547,4.705440769893177,0.04102102470112534
2021-04-06,110.064,4.701062014783658,-0.004378755109518906
2021-04-07,111.548,4.714454991538072,0.013392976754413866
2021-04-08,112.115,4.719525130225494,0.005070138687422343
2021-04-09,113.124,4.728484562202014,0.008959431976519383
2021-04-12,111.825,4.716935149318912,-0.011549412883101517
2021-04-13,112.314,4.721298520047247,0.004363370728334814
2021-04-14,111.69,4.715727176552735,-0.005571343494511716
2021-04-15,113.85,4.734881792509748,0.019154615957012844
2021-04-16,113.726,4.733792046558758,-0.0010897459509902063
2021-04-19,114.074,4.736847360612431,0.003055314053672653
2021-04-20,113.538,4.732137582649968,-0.004709777962462525
2021-04-21,113.505,4.731846888814594,-0.0002906938353737232
2021-04-22,112.219,4.7204523192155765,-0.011394569599017856
2021-04-23,114.581,4.741281996468966,0.020829677253389356
2021-04-26,115.079,4.745618849038363,0.004336852569396754
2021-04-27,114.135,4.737381958296596,-0.0082368907417667
2021-04-28,117.526,4.766659585701904,0.029277627405307705
2021-04-29,119.206,4.7808530889349266,0.01419350323302293
2021-04-30,117.25,4.764308407326388,-0.01654468160853817
2021-05-03,116.731,4.759872142405912,-0.0044362649204767735
2021-05-04,114.925,4.744279741692291,-0.015592400713620336
2021-05-05,115.32,4.7477108727702015,0.0034311310779102655
2021-05-06,116.445,4.757419058525754,0.009708185755552101
2021-05-07,117.171,4.763634406251479,0.0062153477257256284
2021-05-10,114.174,4.737723600547925,-0.025910805703554196
2021-05-11,113.093,4.7282104890758205,-0.00951311147210454
2021-05-12,109.614,4.696965103582488,-0.031245385493332556
2021-05-13,111.049,4.709971545347168,0.0130064417646798
2021-05-14,113.507,4.7318645090285045,0.021892963681336752
2021-05-17,114.033,4.736487880189283,0.004623371160778156
2021-05-18,112.715,4.724862508906096,-0.011625371283186858
2021-05-19,113.165,4.728846930681689,0.0039844217755931055
2021-05-20,114.931,4.744331948291218,0.015485017609528917
2021-05-21,114.292,4.73875657710017,-0.005575371191048006
2021-05-24,117.626,4.767510099463454,0.028753522363284212
2021-05-25,117.717,4.768283438840748,0.0007733393772939579
2021-05-26,118.586,4.775638435751046,0.007354996910297729
2021-05-27,117.708,4.768206981370179,-0.0074314543808666755
2021-05-28,117.416,4.765723184308897,-0.0024837970612816562
2021-06-01,118.629,4.776000976066548,0.010277791757650867
2021-06-02,118.102,4.771548657860941,-0.00445231820560732
2021-06-03,116.955,4.761789245429673,-0.009759412431267656
2021-06-04,119.247,4.7811969722192975,0.019407726789624213
2021-06-07,119.681,4.784829869806233,0.00363289758693508
2021-06-08,119.489,4.78322431692548,-0.00160555288075237
2021-06-09,119.963,4.7871833619042174,0.003959044978737225
2021-06-10,121.316,4.79839871162072,0.011215349716502843
2021-06-11,121.071,4.796377150370018,-0.0020215612507019642
2021-06-14,122.004,4.804053831081024,0.007676680711005801
2021-06-15,120.981,4.795633508473669,-0.008420322607355146
2021-06-16,120.336,4.790287830084047,-0.005345678389621966
2021-06-17,121.304,4.798299791498638,0.008011961414591262
2021-06-18,119.677,4.784796447067069,-0.01350334443156953
2021-06-21,121.372,4.798860209519207,0.014063762452138029
2021-06-22,121.888,4.803102590296193,0.004242380776986465
2021-06-23,121.686,4.801443956400051,-0.001658633896142625
2021-06-24,122.058,4.804496341597869,0.0030523851978188077
2021-06-25,122.066,4.804561882060937,6.554046306739281e-05
2021-06-28,122.094,4.804791239860107,0.00022935779916988253
2021-06-29,121.83,4.8026266303663165,-0.0021646094937901594
2021-06-30,121.649,4.8011398488915935,-0.0014867814747230312
2021-07-01,122.002,4.804037438041508,0.002897589149914559
2021-07-02,124.805,4.826752519235347,0.022715081193839026
2021-07-06,125.734,4.834168564304071,0.007416045068723953
2021-07-07,126.018,4.836424753891225,0.0022561895871540116
2021-07-08,124.592,4.82504439883463,-0.011380355056594738
2021-07-09,125.065,4.828833602149152,0.0037892033145219273
2021-07-12,126.517,4.840376686490182,0.011543084341029797
2021-07-13,126.882,4.843257520687903,0.002880834197720894
2021-07-14,127.774,4.850263078366625,0.007005557678722241
2021-07-15,126.546,4.840605878431533,-0.009657199935092287
2021-07-16,126.511,4.840329260908815,-0.0002766175227177925
2021-07-19,124.128,4.821313291257557,-0.019015969651258402
2021-07-20,125.754,4.834327617619078,0.013014326361521
2021-07-21,127.088,4.844879759890776,0.010552142271698095
2021-07-22,127.957,4.8516942699799745,0.006814510089198755
2021-07-23,132.535,4.886846761487956,0.035152491507981054
2021-07-26,133.551,4.894483427360209,0.00763666587225309
2021-07-27,131.423,4.878421128784888,-0.01606229857532071
2021-07-28,135.603,4.909731499155371,0.03131037037048312
2021-07-29,135.287,4.907398447781487,-0.0023330513738839542
2021-07-30,134.241,4.899636692035608,-0.007761755745879562
2021-08-02,134.366,4.900567419894699,0.0009307278590915402
2021-08-03,135.14,4.906311278124028,0.005743858229329213
2021-08-04,134.638,4.902589695345603,-0.0037215827784251587
2021-08-05,135.76,4.910888620925971,0.008298925580367822
2021-08-06,135.247,4.90710273633456,-0.0037858845914113815
2021-08-09,136.419,4.915731031896232,0.008628295561672772
2021-08-10,136.313,4.914953711997303,-0.000777319898929818
2021-08-11,135.787,4.911087481529027,-0.003866230468275944
2021-08-12,136.698,4.917774113044969,0.006686631515941954
2021-08-13,137.231,4.921665637291354,0.0038915242463852806
2021-08-16,137.81,4.925875924887054,0.0042102875956997465
2021-08-17,136.168,4.913889417505672,-0.011986507381381628
2021-08-18,134.96,4.904978438237713,-0.008910979267959362
2021-08-19,135.189,4.906673799352137,0.0016953611144243652
2021-08-20,136.933,4.919491755108744,0.012817955756607269
2021-08-23,139.535,4.938315465849616,0.018823710740871746
2021-08-24,140.752,4.946999476510319,0.008684010660703123
2021-08-25,141.566,4.952766039433529,0.0057665629232097615
2021-08-26,140.929,4.948256217456965,-0.004509821976563799
2021-08-27,143.484,4.966223530725443,0.017967313268478335
2021-08-30,144.068,4.970285410336397,0.0040618796109539446
2021-08-31,144.175,4.971027839501477,0.0007424291650792725
2021-09-01,144.692,4.97460734530879,0.0035795058073135877
2021-09-02,142.769,4.961227939503993,-0.01337940580479735
2021-09-03,143.221,4.964388891819465,0.0031609523154720875
2021-09-07,143.76,4.968145242475304,0.0037563506558386806
2021-09-08,143.172,4.964046704681664,-0.004098537793639778
2021-09-09,143.022,4.9629984645806475,-0.00104824010101634
2021-09-10,140.368,4.944267545386028,-0.018730919194619666
2021-09-13,141.818,4.954544545393109,0.010277000007080872
2021-09-14,142.029,4.956031262102215,0.0014867167091061617
2021-09-15,143.908,4.969174206510637,0.013142944408421897
2021-09-16,143.091,4.963480791502792,-0.005693415007844926
2021-09-17,140.292,4.943725964812682,-0.019754826690109972
2021-09-20,138.218,4.928832148872553,-0.014893815940128619
2021-09-21,138.531,4.931094127296733,0.0022619784241797447
2021-09-22,139.777,4.940048295520768,0.00895416822403483
2021-09-23,140.706,4.946672607134358,0.00662431161359045
2021-09-24,141.702,4.9537262609230694,0.007053653788711145
2021-09-27,140.562,4.945648672576703,-0.008077588346366404
2021-09-28,135.339,4.907782741978201,-0.037865930598502295
2021-09-29,133.869,4.896861709836388,-0.010921032141812503
2021-09-30,133.193,4.891799204172803,-0.005062505663585348
2021-10-01,136.049,4.913015114963359,0.021215910790556514
2021-10-04,133.177,4.891679070523974,-0.021336044439385304
2021-10-05,135.532,4.909207774799438,0.017528704275464158
2021-10-06,137.068,4.9204771530519915,0.011269378252553253
2021-10-07,138.722,4.932471930460019,0.011994777408027346
2021-10-08,139.281,4.936493475215894,0.004021544755874906
2021-10-11,138.412,4.930234744627203,-0.006258730588690753
2021-10-12,135.956,4.912331303977356,-0.017903440649846836
2021-10-13,137.085,4.920601171392275,0.008269867414918863
2021-10-14,140.641,4.946210544264262,0.025609372871986835
2021-10-15,140.858,4.947752290721505,0.0015417464572431427
2021-10-18,142.262,4.957670427972186,0.009918137250680914
2021-10-19,142.719,4.960877662080694,0.0032072341085083167
2021-10-20,141.256,4.950573847000497,-0.01030381508019751
2021-10-21,141.373,4.951401787563451,0.0008279405629538772
2021-10-22,137.069,4.920484448674253,-0.030917338889197232
2021-10-25,136.95,4.919615895709087,-0.0008685529651666357
2021-10-26,138.805,4.933070070478645,0.013454174769558236
2021-10-27,145.689,4.981474212753269,0.04840414227462375
2021-10-28,145.322,4.978951969988821,-0.0025222427644475687
2021-10-29,147.511,4.993902749270389,0.01495077928156796
2021-11-01,142.978,4.962690772270528,-0.031211976999861335
2021-11-02,144.906,4.97608525633685,0.013394484066322043
2021-11-03,146.069,4.984079112806561,0.00799385646971107
2021-11-04,147.732,4.9953998214534785,0.011320708646917588
2021-11-05,148.314,4.999331647924864,0.003931826471385236
2021-11-08,148.493,5.000537819084584,0.0012061711597199931
2021-11-09,148.38,4.999776550761379,-0.0007612683232043338
2021-11-10,145.367,4.979261579230034,-0.020514971531345516
2021-11-11,145.24,4.978387546546135,-0.00087403268389874
2021-11-12,148.141,4.99816452293363,0.01977697638749465
2021-11-15,147.915,4.996637784452402,-0.0015267384812274187
2021-11-16,147.341,4.992749628254847,-0.003888156197555226
2021-11-17,147.512,4.993909528402863,0.0011599001480160354
2021-11-18,149.297,5.005937610572331,0.012028082169467602
2021-11-19,148.388,4.999830464930036,-0.006107145642294753
2021-11-22,145.773,4.982050617240479,-0.01777984768955676
2021-11-23,145.256,4.978497702968366,-0.003552914272113128
2021-11-24,145.592,4.980808189198106,0.0023104862297396167
2021-11-26,141.67,4.95350040939126,-0.027307779806846177
2021-11-29,145.005,4.976768224584679,0.02326781519341914
2021-11-30,141.384,4.9514795928874955,-0.025288631697183206
2021-12-01,140.542,4.945506376486759,-0.0059732164007364474
2021-12-02,142.45,4.958991060943918,0.013484684457158558
2021-12-03,141.489,4.952221975545596,-0.00676908539832155
2021-12-06,142.639,4.960316962874113,0.008094987328516545
2021-12-07,146.738,4.9886486836441035,0.02833172076999091
2021-12-08,147.651,4.994851380940448,0.006202697296344262
2021-12-09,147.105,4.991146617512393,-0.0037047634280549246
2021-12-10,147.467,4.993604421935291,0.0024578044228977802
2021-12-13,145.299,4.978793688240097,-0.014810733695193257
2021-12-14,143.388,4.965554242655617,-0.01323944558447998
2021-12-15,145.912,4.983003700261697,0.0174494576060793
2021-12-16,143.923,4.969278434338866,-0.01372526592283041
2021-12-17,141.213,4.950269388809813,-0.019009045529053026
2021-12-20,141.096,4.949440509768063,-0.0008288790417498859
2021-12-21,142.954,4.9625229001886595,0.013082390420596113
2021-12-22,145.886,4.982825494790317,0.02030259460165773
2021-12-23,146.386,4.986246968539223,0.003421473748905335
2021-12-27,147.371,4.992953216843731,0.006706248304508833
2021-12-28,146.157,4.984681386407542,-0.008271830436189731
2021-12-29,146.126,4.984469263224762,-0.0002121231827798553
2021-12-30,145.671,4.981350654268762,-0.003118608956000024
2021-12-31,144.329,4.97209541578899,-0.0092552384797715
2022-01-03,144.468,4.97305802974089,0.0009626139518994492
2022-01-04,143.878,4.968965718258195,-0.004092311482694733
2022-01-05,137.278,4.922008066868957,-0.046957651389237576
2022-01-06,137.251,4.921811366337597,-0.0001967005313607828
2022-01-07,136.523,4.9164930985992905,-0.005318267738306126
2022-01-10,138.169,4.928477573581289,0.011984474981998616
2022-01-11,139.231,4.936134424255525,0.007656850674235827
2022-01-12,140.919,4.9481852572230505,0.012050832967525515
2022-01-13,138.087,4.927883921299288,-0.020301335923762487
2022-01-14,138.976,4.934301256352412,0.006417335053123807
2022-01-18,135.507,4.909023299502002,-0.025277956850409566
2022-01-19,134.628,4.902515419350828,-0.006507880151174206
2022-01-20,132.827,4.889047529630007,-0.013467889720820914
2022-01-21,129.881,4.866618646619849,-0.022428883010157996
2022-01-24,130.332,4.8700850410859,0.0034663944660504598
2022-01-25,126.476,4.840052566847671,-0.030032474238228524
2022-01-26,128.766,4.857996803667399,0.017944236819728232
2022-01-27,128.539,4.856232360233401,-0.0017644434339985082
2022-01-28,132.869,4.8893636804215115,0.03313132018811071
2022-01-31,134.815,4.903903468251888,0.014539787830376127
2022-02-01,137.147,4.921053343283639,0.017149875031751804
2022-02-02,147.465,4.993590859486997,0.07253751620335791
2022-02-03,142.574,4.959861163165647,-0.03372969632135003
2022-02-04,142.775,4.961269964550927,0.0014088013852795456
2022-02-07,138.698,4.932298907606152,-0.02897105694477453
2022-02-08,138.895,4.933718251992156,0.0014193443860035515
2022-02-09,141.081,4.949334193519651,0.015615941527495458
2022-02-10,138.12,4.928122872521792,-0.021211320997859495
2022-02-11,133.797,4.896323725918098,-0.031799146603693984
2022-02-14,135.037,4.905548814961065,0.009225089042967483
2022-02-15,136.114,4.913492769907168,0.007943954946102671
2022-02-16,137.241,4.921738504469094,0.008245734561926454
2022-02-17,132.061,4.8832639370533695,-0.03847456741572497
2022-02-18,129.932,4.867011236680047,-0.016252700373322604
2022-02-22,129.345,4.862483253072398,-0.004527983607649055
2022-02-23,127.127,4.845186586791675,-0.017296666280723016
2022-02-24,132.211,4.884399131217778,0.039212544426103335
2022-02-25,133.974,4.897645751273938,0.013246620056159841
2022-02-28,134.569,4.902077078649076,0.004431327375137961
2022-03-01,133.578,4.894685576884161,-0.007391501764915098
2022-03-02,134.086,4.89848138513589,0.0037958082517288716
2022-03-03,133.416,4.893472066319278,-0.0050093188166115965
2022-03-04,131.429,4.878466781852021,-0.01500528446725724
2022-03-07,125.922,4.835662667643339,-0.04280411420868191
2022-03-08,126.645,4.8413878967895725,0.005725229146233524
2022-03-09,132.938,4.889882854119344,0.048494957329771715
2022-03-10,131.952,4.882438220090999,-0.007444634028344943
2022-03-11,129.401,4.86291611001221,-0.019522110078789012
2022-03-14,125.496,4.832273885553939,-0.030642224458270917
2022-03-15,128.731,4.857724955838372,0.02545107028443283
2022-03-16,132.8,4.888844237042334,0.03111928120396179
2022-03-17,133.356,4.89302224399151,0.004178006949175916
2022-03-18,135.635,4.9099674542954945,0.01694521030398466
2022-03-21,135.611,4.909790493160122,-0.00017696113537279956
2022-03-22,139.363,4.937082039852973,0.027291546692850943
2022-03-23,137.776,4.92562917795381,-0.011452861899162947
2022-03-24,141.061,4.949192420936813,0.023563242983003718
2022-03-25,141.161,4.949901082941795,0.0007086620049818748
2022-03-28,140.945,4.948369743358731,-0.001531339583064728
2022-03-29,141.991,4.955763675310956,0.007393931952225152
2022-03-30,141.425,4.951769541229219,-0.0039941340817364335
2022-03-31,138.566,4.931346746417013,-0.020422794812206213
2022-04-01,139.644,4.9390963269139405,0.007749580496927422
2022-04-04,142.456,4.959033180099013,0.019936853185072323
2022-04-05,140.083,4.942235104081794,-0.016798076017218833
2022-04-06,136.054,4.913051865752586,-0.02918323832920766
2022-04-07,135.397,4.908211203659597,-0.0048406620929890565
2022-04-08,132.807,4.888896946496539,-0.019314257163058457
2022-04-11,128.358,4.854823234942331,-0.0340737115542078
2022-04-12,127.253,4.846177230791238,-0.0086460041510934
2022-04-13,129.425,4.863101562787965,0.016924331996727382
2022-04-14,126.272,4.83843831040015,-0.02466325238781497
2022-04-18,127.215,4.845878568481773,0.0074402580816226305
2022-04-19,129.54,4.863989713754771,0.018111145272998286
2022-04-20,127.578,4.848727942252619,-0.015261771502151689
2022-04-21,124.363,4.82320470841197,-0.025523233840649695
2022-04-22,119.204,4.780836311115204,-0.04236839729676589
2022-04-25,122.629,4.809163537129253,0.028327226014049245
2022-04-26,118.222,4.7725642128643555,-0.036599324264897426
2022-04-27,113.881,4.735154043544448,-0.037410169319907816
2022-04-28,118.094,4.771480917509681,0.036326873965233375
2022-04-29,113.698,4.733545810452266,-0.03793510705741543
2022-05-02,116.162,4.754985768559118,0.021439958106852508
2022-05-03,116.91,4.761404408018728,0.006418639459609743
2022-05-04,121.819,4.802536336541942,0.0411319285232139
2022-05-05,116.085,4.754322681390532,-0.04821365515141007
2022-05-06,115.328,4.747780242545818,-0.006542438844713949
2022-05-09,112.105,4.7194359321164345,-0.028344310429383235
2022-05-10,113.982,4.736040541190967,0.016604609074532206
2022-05-11,113.192,4.729085491893651,-0.006955049297316052
2022-05-12,112.437,4.722393064785911,-0.00669242710773954
2022-05-13,115.631,4.750404086378143,0.028011021592232233
2022-05-16,114.032,4.7364791107595146,-0.013924975618628821
2022-05-17,116.052,4.754038366522827,0.017559255763312187
2022-05-18,111.495,4.713979746845366,-0.040058619677460605
2022-05-19,109.985,4.700343992857687,-0.013635753987679244
2022-05-20,108.515,4.686888412272949,-0.013455580584738058
2022-05-23,111.085,4.710295674029091,0.02340726175614183
2022-05-24,105.588,4.659544728451424,-0.050750945577666684
2022-05-25,105.423,4.65798082862033,-0.0015638998310940622
2022-05-26,107.402,4.676578803875307,0.018597975254976973
2022-05-27,111.91,4.717694976829936,0.04111617295462899
2022-05-31,113.351,4.730489199146647,0.012794222316711235
2022-06-01,113.48,4.73162660994065,0.0011374107940032019
2022-06-02,117.197,4.763856279545672,0.03222966960502127
2022-06-03,114.127,4.737311863405608,-0.0265444161400632
2022-06-06,116.398,4.757015353019138,0.019703489613529968
2022-06-07,116.726,4.759829307965302,0.002813954946163655
2022-06-08,116.771,4.760214751894407,0.0003854439291046674
2022-06-09,114.421,4.739884628533008,-0.020330123361398833
2022-06-10,110.761,4.7073747267921595,-0.032509901740848335
2022-06-13,106.008,4.663514562962335,-0.04386016382982483
2022-06-14,106.33,4.666547465662995,0.003032902700660145
2022-06-15,109.368,4.694718342629691,0.028170876966695957
2022-06-16,105.651,4.660141209232605,-0.0345771333970859
2022-06-17,106.756,4.670545856618224,0.010404647385619192
2022-06-21,111.141,4.710799665471905,0.040253808853680795
2022-06-22,111.085,4.710295674029091,-0.0005039914428142112
2022-06-23,111.836,4.717033512466791,0.006737838437699928
2022-06-24,117.549,4.766855267931604,0.049821755464813045
2022-06-27,115.416,4.748542992643471,-0.018312275288132618
2022-06-28,111.604,4.714956891598797,-0.03358610104467363
2022-06-29,111.298,4.712211288668115,-0.002745602930682267
2022-06-30,108.57,4.687395126243761,-0.02481616242435436
2022-07-01,108.345,4.68532058017092,-0.002074546072840633
2022-07-05,112.854,4.726094947916723,0.040774367745802564
2022-07-06,114.158,4.737583453743919,0.011488505827196072
2022-07-07,118.354,4.773680133445463,0.03609667970154451
2022-07-08,118.923,4.778476224855091,0.0047960914096281115
2022-07-11,115.258,4.747173093784398,-0.03130313107069327
2022-07-12,113.608,4.732753926342712,-0.014419167441686476
2022-07-13,110.952,4.709097675354034,-0.02365625098867774
2022-07-14,109.968,4.700189414379249,-0.00890826097478481
2022-07-15,111.374,4.71289390707502,0.012704492695770675
2022-07-18,108.636,4.6880028442813035,-0.024891062793716223
2022-07-19,113.399,4.730912572912618,0.04290972863131426
2022-07-20,113.488,4.731697104459731,0.0007845315471133318
2022-07-21,113.927,4.7355578924051125,0.003860787945381361
2022-07-22,107.51,4.6775838664971365,-0.05797402590797596
2022-07-25,107.122,4.673968371858361,-0.0036154946387751963
2022-07-26,104.641,4.650535444238148,-0.023432927620213206
2022-07-27,112.651,4.724294543891671,0.07375909965352268
2022-07-28,113.808,4.73451281799116,0.010218274099488944
2022-07-29,115.9,4.752727750345706,0.018214932354545965
2022-08-01,114.445,4.740094358244612,-0.012633392101093932
2022-08-02,114.715,4.742450791522125,0.0023564332775132257
2022-08-03,117.654,4.7677481137454345,0.025297322223309493
2022-08-04,117.764,4.768682621794992,0.0009345080495570812
2022-08-05,117.046,4.7625670199228365,-0.006115601872155096
2022-08-08,116.877,4.761122099761902,-0.0014449201609343376
2022-08-09,116.209,4.755390294086322,-0.005731805675580404
2022-08-10,119.268,4.781373061773869,0.02598276768754726
2022-08-11,118.411,4.774161623539871,-0.00721143823399828
2022-08-12,121.241,4.797780300258523,0.023618676718652587
2022-08-15,121.639,4.80105764179543,0.0032773415369069525
2022-08-16,121.26,4.797937000643585,-0.0031206411518454047
2022-08-17,119.118,4.780114598442997,-0.017822402200588172
2022-08-18,119.736,4.7852893192268455,0.005174720783848841
2022-08-19,116.787,4.760351762829806,-0.024937556397039096
2022-08-22,113.828,4.734688537122153,-0.025663225707653226
2022-08-23,113.448,4.7313445821590445,-0.0033439549631086862
2022-08-24,113.28,4.729862629945409,-0.0014819522136351182
2022-08-25,116.229,4.755562382987873,0.025699753042463414
2022-08-26,109.942,4.699952954007996,-0.055609428979876974
2022-08-29,109.025,4.69157721372883,-0.008375740279165989
2022-08-30,108.547,4.687183258908766,-0.0043939548200642164
2022-08-31,107.829,4.680546638993981,-0.006636619914784703
2022-09-01,109.344,4.694498875932881,0.013952236938900242
2022-09-02,107.46,4.677118685300675,-0.017380190632206194
2022-09-06,106.425,4.667440511714216,-0.00967817358645906
2022-09-07,109.055,4.691852342123816,0.024411830409600377
2022-09-08,107.989,4.682029370085115,-0.009822972038700861
2022-09-09,110.251,4.702759584580605,0.020730214495489285
2022-09-12,110.459,4.704644411381184,0.0018848268005795532
2022-09-13,103.943,4.643842671969238,-0.06080173941194644
2022-09-14,104.621,4.650344296298619,0.006501624329381173
2022-09-15,102.538,4.630233461581761,-0.02011083471685815
2022-09-16,102.429,4.629169875635972,-0.0010635859457890362
2022-09-19,102.698,4.631792642548199,0.002622766912226737
2022-09-20,100.775,4.612890309003229,-0.018902333544969174
2022-09-21,98.9214,4.594325595403854,-0.018564713599375615
2022-09-22,99.778,4.602947718134993,0.008622122731138937
2022-09-23,98.3833,4.588871074207757,-0.014076643927235288
2022-09-26,97.8155,4.583083051190647,-0.005788023017110788
2022-09-27,97.1478,4.576233530173317,-0.006849521017329607
2022-09-28,99.6887,4.602052330524267,0.025818800350950077
2022-09-29,97.0681,4.575412794028915,-0.026639536495352445
2022-09-30,95.3045,4.55707702885281,-0.018335765176104246
2022-10-03,98.2837,4.587858194481975,0.030781165629164775
2022-10-04,101.272,4.617809966334527,0.029951771852552156
2022-10-05,101.064,4.615753979527736,-0.00205598680679131
2022-10-06,101.054,4.615655027430366,-9.895209737020849e-05
2022-10-07,98.3236,4.588264079721717,-0.027390947708648916
2022-10-10,97.5066,4.579920068020473,-0.008344011701243659
2022-10-11,96.829,4.572946536192233,-0.0069735318282404535
2022-10-12,97.2077,4.576849926435801,0.0039033902435683387
2022-10-13,98.7022,4.592107235957993,0.015257309522191953
2022-10-14,96.2112,4.566545775011323,-0.02556146094666989
2022-10-17,99.6089,4.601251518028135,0.0347057430168114
2022-10-18,100.406,4.60922196642819,0.007970448400055119
2022-10-19,99.2701,4.597844417954805,-0.011377548473384458
2022-10-20,99.6089,4.601251518028135,0.003407100073329339
2022-10-21,100.765,4.612791073119452,0.011539555091317766
2022-10-24,102.149,4.626432531690505,0.013641458571052922
2022-10-25,104.103,4.645380793649484,0.018948261958978918
2022-10-26,94.5871,4.549521103123103,-0.09585969052638088
2022-10-27,91.8869,4.52055847295504,-0.02896263016806344
2022-10-28,95.9421,4.563744884514789,0.04318641155974934
2022-10-31,94.1687,4.545087854605616,-0.018657029909173062
2022-11-01,90.1432,4.501399516965196,-0.043688337640420016
2022-11-02,86.6559,4.461945103860906,-0.03945441310429043
2022-11-03,83.1287,4.420390009263616,-0.04155509459728979
2022-11-04,86.2672,4.4574494563197415,0.03705944705612563
2022-11-07,88.1705,4.479272439945962,0.021822983626220704
2022-11-08,88.5789,4.483893680264864,0.004621240318901876
2022-11-09,87.0046,4.465960990820045,-0.017932689444819516
2022-11-10,93.6007,4.53903786208806,0.07307687126801543
2022-11-11,96.0618,4.564991734349689,0.025953872261628597
2022-11-14,95.3543,4.5575994280406,-0.007392306309088603
2022-11-15,98.0844,4.585828332519345,0.02822890447874471
2022-11-16,98.493,4.5899854796628885,0.00415714714354376
2022-11-17,98.0047,4.58501543670424,-0.004970042958648335
2022-11-18,97.078,4.575514779080467,-0.009500657623773279
2022-11-21,95.2547,4.556554356621464,-0.018960422459002757
2022-11-22,96.6994,4.571607197683019,0.015052841061554467
2022-11-23,98.1044,4.586032217757129,0.014425020074110506
2022-11-25,97.108,4.5758237611928605,-0.010208456564268609
2022-11-28,95.7031,4.561250690828732,-0.014573070364128249
2022-11-29,94.8462,4.552256632320694,-0.008994058508037917
2022-11-30,100.625,4.611400735738727,0.05914410341803311
2022-12-01,100.625,4.611400735738727,0.0
2022-12-02,100.077,4.605939889690181,-0.005460846048546131
2022-12-05,99.1207,4.596338299442843,-0.009601590247338088
2022-12-06,96.6297,4.570886147380505,-0.025452152062338307
2022-12-07,94.5971,4.549626820196826,-0.021259327183678955
2022-12-08,93.3716,4.536587230474106,-0.013039589722719569
2022-12-09,92.4947,4.527151345579529,-0.009435884894577029
2022-12-12,92.9729,4.53230805283919,0.0051567072596609975
2022-12-13,95.2846,4.556868202639009,0.02456014979981891
2022-12-14,94.7266,4.5509948477622775,-0.005873354876731796
2022-12-15,90.5317,4.505700065616573,-0.045294782145704815
2022-12-16,89.9339,4.4990749560493715,-0.006625109567201193
2022-12-19,88.1205,4.4787051959988435,-0.02036976005052793
2022-12-20,88.6984,4.485241850821387,0.006536654822543397
2022-12-21,89.2564,4.491513126772277,0.006271275950890498
2022-12-22,87.443,4.470987152520356,-0.020525974251921042
2022-12-23,88.9077,4.487598752942296,0.016611600421939876
2022-12-27,87.0743,4.466761777172953,-0.020836975769343624
2022-12-28,85.7093,4.45096133780242,-0.015800439370532438
2022-12-29,88.1305,4.478818670532443,0.02785733273002311
2022-12-30,87.9113,4.47632835160496,-0.0024903189274834148
2023-01-03,88.798,4.486364127221966,0.010035775617006415
2023-01-04,87.7618,4.474626326239774,-0.011737800982192681
2023-01-05,85.8887,4.453052272024981,-0.02157405421479286
2023-01-06,87.0246,4.466190837306589,0.013138565281607839
2023-01-09,87.7021,4.473945844359413,0.007755007052824503
2023-01-10,88.1006,4.478479343361622,0.004533499002208785
2023-01-11,91.1895,4.512939758873189,0.03446041551156753
2023-01-12,90.8008,4.508668096141122,-0.004271662732067583
2023-01-13,91.7873,4.5194739438294205,0.01080584768829862
2023-01-17,90.9603,4.510423147589876,-0.009050796239544745
2023-01-18,90.7908,4.508557958887966,-0.0018651887019096591
2023-01-19,92.7138,4.529517328806087,0.02095936991812053
2023-01-20,97.666,4.581553494387094,0.052036165581007765
2023-01-23,99.4295,4.599448850315957,0.0178953559288626
2023-01-24,97.3471,4.578282941954875,-0.02116590836108223
2023-01-25,94.8761,4.55257182985148,-0.025711112103394385
2023-01-26,97.1677,4.57643835171426,0.0238665218627796
2023-01-27,99.0111,4.595231965061598,0.018793613347337867
2023-01-30,96.5899,4.570474180886807,-0.02475778417479102
2023-01-31,98.483,4.589883944450389,0.019409763563582594
2023-02-01,100.067,4.605839961638296,0.01595601718790629
2023-02-02,107.35,4.67609452432479,0.0702545626864941
2023-02-03,104.401,4.648239253946725,-0.027855270378064567
2023-02-06,102.528,4.63013593200584,-0.018103321940885486
2023-02-07,107.252,4.675181205652902,0.045045273647062345
2023-02-08,99.0111,4.595231965061598,-0.07994924059130426
2023-02-09,94.6668,4.550363357942809,-0.04486860711878915
2023-02-10,94.2284,4.545721622344061,-0.004641735598747587
2023-02-13,94.2683,4.546144971936875,0.00042334959281387086
2023-02-14,94.3381,4.546885137733864,0.0007401657969889897
2023-02-15,96.5899,4.570474180886807,0.023589043152942857
2023-02-16,95.165,4.555612227139747,-0.014861953747059786
2023-02-17,94.0092,4.543392649821245,-0.012219577318502317
2023-02-21,91.4585,4.515885317483128,-0.027507332338116974
2023-02-22,91.3189,4.514357776034951,-0.0015275414481763505
2023-02-23,90.5617,4.506031386363485,-0.008326389671466039
2023-02-24,88.808,4.486476736030346,-0.019554650333139634
2023-02-27,89.5454,4.494745759236477,0.008269023206131543
2023-02-28,89.7348,4.496858653694001,0.0021128944575234954
2023-03-01,90.0336,4.50018293399205,0.003324280298048876
2023-03-02,91.6676,4.518168990764809,0.01798605677275944
2023-03-03,93.3117,4.535945501920394,0.017776511155584984
2023-03-06,94.7864,4.551625939054007,0.015680437133612557
2023-03-07,93.521,4.538186010006559,-0.01343992904744784
2023-03-08,93.9096,4.542332617410156,0.00414660740359718
2023-03-09,91.9866,4.5216429142668195,-0.020689703143336402
2023-03-10,90.3026,4.503166252920946,-0.01847666134587378
2023-03-13,90.781,4.50845001260986,0.005283759688913925
2023-03-14,93.6306,4.539357253132764,0.030907240522904722
2023-03-15,95.7628,4.561874300588326,0.022517047455561823
2023-03-16,99.9574,4.604744095224314,0.042869794635987724
2023-03-17,101.253,4.617622335177329,0.012878239953015402
2023-03-20,100.854,4.613673926479312,-0.003948408698017047
2023-03-21,104.541,4.649579338955497,0.035905412476184395
2023-03-22,102.996,4.634690152524083,-0.01488918643141357
2023-03-23,105.218,4.656034388328815,0.021344235804732214
2023-03-24,105.059,4.6545220971100605,-0.0015122912187548465
2023-03-27,102.09,4.625854777180924,-0.02866731992913607
2023-03-28,100.665,4.611798172278313,-0.014056604902611625
2023-03-29,101.024,4.615358112375581,0.0035599400972685658
2023-03-30,100.525,4.610406452783338,-0.004951659592243196
2023-03-31,103.356,4.638179339595037,0.027772886811698427
2023-04-03,103.983,4.644227424241618,0.006048084646581131
2023-04-04,104.341,4.647664381600457,0.003436957358839088
2023-04-05,104.093,4.645284730324466,-0.002379651275990824
2023-04-06,108.028,4.682390452781605,0.037105722457138945
2023-04-10,106.055,4.6639578274711795,-0.018432625310425443
2023-04-11,104.97,4.653674595047707,-0.010283232423472732
2023-04-12,104.262,4.646906961968172,-0.006767633079534541
2023-04-13,107.042,4.6732212808092495,0.026314318841077267
2023-04-14,108.477,4.686538168942426,0.013316888133176441
2023-04-17,105.588,4.659544728451424,-0.02699344049100194
2023-04-18,104.123,4.645572892619463,-0.01397183583196071
2023-04-19,103.804,4.642504505634782,-0.0030683869846814815
2023-04-20,104.91,4.6531028397433944,0.010598334108612661
2023-04-21,105.029,4.6542365025001455,0.001133662756751086
2023-04-24,105.588,4.659544728451424,0.005308225951278445
2023-04-25,103.475,4.639330037634796,-0.020214690816628078
2023-04-26,103.336,4.637985814929714,-0.0013442227050814992
2023-04-27,107.202,4.674714905179085,0.03672909024937088
2023-04-28,106.952,4.672380135680822,-0.0023347694982636114
2023-05-01,106.813,4.671079641964912,-0.0013004937159095675
2023-05-02,104.94,4.653388758258566,-0.017690883706346305
2023-05-03,105.029,4.6542365025001455,0.0008477442415797398
2023-05-04,104.311,4.647376821450478,-0.006859681049667721
2023-05-05,105.188,4.655749225356246,0.008372403905767989
2023-05-08,107.38,4.676373944994423,0.020624719638177247
2023-05-09,106.962,4.6724736311977795,-0.003900313796643573
2023-05-10,111.346,4.712642470292086,0.04016883909430646
2023-05-11,116.149,4.754873849622748,0.04223137933066212
2023-05-12,117.085,4.762900166753976,0.008026317131228033
2023-05-15,116.089,4.754357138306469,-0.008543028447506984
2023-05-16,119.079,4.779787138396493,0.025430000090024052
2023-05-17,120.403,4.79084444950782,0.011057311111327017
2023-05-18,122.386,4.807179984451472,0.016335534943651808
2023-05-19,122.317,4.806616035486165,-0.0005639489653068708
2023-05-22,124.598,4.825092554860162,0.018476519373996858
2023-05-23,122.117,4.8049796015642725,-0.02011295329588947
2023-05-24,120.463,4.791342651838087,-0.013636949726185676
2023-05-25,123.034,4.812460739938912,0.021118088100824828
2023-05-26,124.16,4.821571056434909,0.00911031649599714
2023-05-30,123.223,4.8139957219870135,-0.0075753344478952656
2023-05-31,122.426,4.807506765821307,-0.006488956165706661
2023-06-01,123.273,4.814401408088903,0.006894642267596396
2023-06-02,124.22,4.822054187131157,0.007652779042254032
2023-06-05,125.555,4.832743909581617,0.010689722450459627
2023-06-06,126.85,4.843005286045291,0.01026137646367431
2023-06-07,122.058,4.804496341597869,-0.03850894444742181
2023-06-08,121.699,4.801550783032853,-0.0029455585650159932
2023-06-09,121.788,4.8022818282546815,0.0007310452218280972
2023-06-12,123.193,4.813752231303387,0.011470403048705613
2023-06-13,123.383,4.815293338609892,0.0015411073065045855
2023-06-14,123.223,4.8139957219870135,-0.001297616622878195
2023-06-15,124.638,4.825413535780602,0.01141781379358875
2023-06-16,123.083,4.812858924547431,-0.012554611233171364
2023-06-20,122.655,4.80937553628205,-0.00348338826538086
2023-06-21,120.114,4.788441291817634,-0.020934244464416274
2023-06-22,122.705,4.809783100682866,0.02134180886523218
2023-06-23,121.898,4.803184629461737,-0.00659847122112911
2023-06-26,117.912,4.769938583534457,-0.033246045927279866
2023-06-27,117.902,4.769853770927861,-8.481260659642942e-05
2023-06-28,119.746,4.785372832810379,0.01551906188251806
2023-06-29,118.669,4.776338104911956,-0.00903472789842219
2023-06-30,119.268,4.781373061773869,0.005034956861912576
2023-07-03,119.467,4.783040182607345,0.0016671208334759768
2023-07-05,121.31,4.798349252782828,0.015309070175483441
2023-07-06,119.676,4.784788091207731,-0.013561161575097458
2023-07-07,119.049,4.7795351730655895,-0.005252918142141461
2023-07-10,116.03,4.753848778359454,-0.02568639470613565
2023-07-11,116.717,4.759752201348231,0.005903422988777329
2023-07-12,118.501,4.774921399358145,0.015169198009913565
2023-07-13,124.09,4.821007108786528,0.046085709428383304
2023-07-14,124.967,4.828049702448166,0.007042593661638286
2023-07-17,124.2,4.821893169499378,-0.0061565329487880405
2023-07-18,123.313,4.81472583851359,-0.007167330985788034
2023-07-19,121.589,4.800646504913951,-0.014079333599639199
2023-07-20,118.769,4.777180430116116,-0.023466074797835468
2023-07-21,119.586,4.784035777808656,0.00685534769254037
2023-07-24,121.091,4.796542329052433,0.012506551243776975
2023-07-25,121.768,4.802117594977366,0.0055752659249330705
2023-07-26,128.803,4.858284105324467,0.05616651034710074
2023-07-27,128.933,4.859292889592279,0.0010087842678121461
2023-07-28,132.102,4.883574351459091,0.024281461866811682
2023-07-31,132.24,4.884618453512769,0.0010441020536786638
2023-08-01,131.075,4.875769678458596,-0.008848775054173252
2023-08-02,127.916,4.851373798493332,-0.024395879965264378
2023-08-03,127.986,4.851920882937736,0.0005470844444044332
2023-08-04,127.647,4.84926864164869,-0.0026522412890459535
2023-08-07,131.055,4.8756170824181675,0.0263484407694774
2023-08-08,130.925,4.8746246401655515,-0.000992442252615966
2023-08-09,129.191,4.861291929479445,-0.01333271068610653
2023-08-10,129.221,4.861524116840209,0.00023218736076380253
2023-08-11,129.092,4.860525328465454,-0.0009987883747548665
2023-08-14,130.855,4.874089839938884,0.013564511473430407
2023-08-15,129.311,4.8622203556318135,-0.011869484307070799
2023-08-16,128.235,4.853864518146307,-0.008355837485506612
2023-08-17,129.451,4.863302431158052,0.009437913011745458
2023-08-18,126.999,4.844179212411843,-0.019123218746209147
2023-08-21,127.906,4.8512956191342065,0.007116406722363244
2023-08-22,128.614,4.856815670574922,0.005520051440715434
2023-08-23,131.892,4.881983405874764,0.025167735299842064
2023-08-24,129.311,4.8622203556318135,-0.019763050242950442
2023-08-25,129.411,4.862993386181824,0.0007730305500102119
2023-08-28,130.537,4.871656711481372,0.008663325299548497
2023-08-29,134.084,4.89846646922434,0.02680975774296801
2023-08-30,135.389,4.9081521164098705,0.009685647185530222
2023-08-31,135.679,4.910291801733414,0.002139685323543361
2023-09-01,135.169,4.906525847377078,-0.0037659543563357545
2023-09-05,135.279,4.907339312487308,0.0008134651102302826
2023-09-06,133.974,4.897645751273938,-0.009693561213370394
2023-09-07,134.772,4.903584461768899,0.005938710494961086
2023-09-08,135.887,4.9118236580090455,0.008239196240146462
2023-09-11,136.426,4.915782343080249,0.003958685071203227
2023-09-12,134.851,4.904170465205258,-0.01161187787499074
2023-09-13,136.216,4.9142418611183425,0.01007139591308448
2023-09-14,137.601,4.9243581929146965,0.010116331796353961
2023-09-15,136.903,4.919272645859997,-0.005085547054699546
2023-09-18,137.711,4.925157286349442,0.005884640489445481
2023-09-19,137.541,4.923922054477445,-0.0012352318719974775
2023-09-20,133.257,4.892279594499174,-0.0316424599782712
2023-09-21,129.968,4.867288266308598,-0.024991328190576034
2023-09-22,129.78,4.865840709193022,-0.0014475571155756484
2023-09-25,130.636,4.872414829699884,0.006574120506861902
2023-09-26,128.101,4.852819015273468,-0.019595814426415892
2023-09-27,130.068,4.868057390621614,0.015238375348145539
2023-09-28,131.832,4.881528384708429,0.013470994086815402
2023-09-29,130.388,4.870514620718158,-0.011013763990271208
2023-10-02,133.685,4.895486286340516,0.024971665622357975
2023-10-03,131.952,4.882438220090999,-0.013048066249516488
2023-10-04,134.752,4.903436051979518,0.020997831888518448
2023-10-05,134.582,4.902173678698937,-0.00126237328058032
2023-10-06,137.083,4.920586581797573,0.018412903098635525
2023-10-09,137.92,4.926673806915383,0.00608722511780968
2023-10-10,137.561,4.924067455092746,-0.00260635182263691
2023-10-11,140.043,4.9419495183077355,0.017882063214989863
2023-10-12,138.468,4.930639252000531,-0.011310266307204664
2023-10-13,136.864,4.918987732044498,-0.01165151995603253
2023-10-16,138.593,4.931541580429875,0.012553848385376654
2023-10-17,139.215,4.9360195007154655,0.004477920285590464
2023-10-18,137.461,4.923340240510589,-0.012679260204876641
2023-10-19,137.253,4.921825938074257,-0.0015143024363322155
2023-10-20,135.111,4.906096662821134,-0.015729275253122843
2023-10-23,136.007,4.912706354999722,0.006609692178588311
2023-10-24,138.308,4.929483082261659,0.01677672726193702
2023-10-25,125.157,4.829568949194141,-0.09991413306751795
2023-10-26,121.838,4.802692293481726,-0.02687665571241471
2023-10-27,121.728,4.80178904748287,-0.0009032459988560504
2023-10-30,124.01,4.820362207514681,0.018573160031810865
2023-10-31,123.632,4.8173094111912285,-0.003052796323452789
2023-11-01,125.994,4.836234286770036,0.018924875578807843
2023-11-02,127.029,4.8444154068482,0.00818112007816385
2023-11-03,128.634,4.856971162551849,0.012555755703648863
2023-11-06,129.78,4.865840709193022,0.00886954664117301
2023-11-07,130.497,4.871350237992761,0.005509528799739094
2023-11-08,131.363,4.877964483445771,0.006614245453009815
2023-11-09,129.77,4.8657636527491395,-0.01220083069663147
2023-11-10,132.111,4.883642478311316,0.01787882556217646
2023-11-13,131.613,4.879865798206908,-0.0037766801044076814
2023-11-14,133.137,4.891378673246318,0.011512875039409565
2023-11-15,134.134,4.898839300283995,0.007460627037676915
2023-11-16,136.436,4.9158556402048355,0.01701633992084073
2023-11-17,134.821,4.9039479726949216,-0.0119076675099139
2023-11-20,135.758,4.910873888937668,0.0069259162427464105
2023-11-21,136.476,4.916148774990308,0.005274886052640149
2023-11-22,137.99,4.927181218763463,0.011032443773155265
2023-11-24,136.196,4.914095024708523,-0.013086194054940492
2023-11-27,135.917,4.912044405313146,-0.0020506193953773177
2023-11-28,136.704,4.9178180044576205,0.00577359914447495
2023-11-29,134.502,4.901579068819814,-0.016238935637806762
2023-11-30,132.052,4.883195784406559,-0.018383284413254763
2023-12-01,131.383,4.878116721729426,-0.005079062677133095
2023-12-04,128.803,4.858284105324467,-0.019832616404959147
2023-12-05,130.517,4.871503486477817,0.013219381153350085
2023-12-06,129.551,4.8640746260057295,-0.007428860472087351
2023-12-07,136.436,4.9158556402048355,0.05178101419910597
2023-12-08,134.502,4.901579068819814,-0.014276571385021697
2023-12-11,132.809,4.888912005830314,-0.012667062989499378
2023-12-12,132.042,4.883120053795453,-0.005791952034861048
2023-12-13,132.092,4.883498649512758,0.00037859571730436414
2023-12-14,131.463,4.8787254432048925,-0.004773206307865152
2023-12-15,132.121,4.883718169370724,0.0049927261658311295
2023-12-18,135.309,4.907561051811468,0.023842882440744617
2023-12-19,136.156,4.913801287190255,0.006240235378786707
2023-12-20,137.84,4.926093592219674,0.012292305029419026
2023-12-21,139.913,4.941020800871111,0.014927208651436707
2023-12-22,140.979,4.948610943115863,0.007590142244752407
2023-12-26,141.009,4.948823718128368,0.00021277501250516195
2023-12-27,139.863,4.940663372067123,-0.008160346061245605
2023-12-28,139.723,4.939661891222579,-0.0010014808445433232
2023-12-29,139.185,4.935803983473252,-0.0038579077493272607
2024-01-02,137.671,4.924866780795111,-0.010937202678141134
2024-01-03,138.418,4.930278092530255,0.0054113117351439755
2024-01-04,135.897,4.911897245858253,-0.01838084667200235
2024-01-05,135.239,4.907043583550295,-0.004853662307957585
2024-01-08,138.338,4.929699965933337,0.02265638238304213
2024-01-09,140.44,4.944780351300231,0.015080385366894156
2024-01-10,141.767,4.954184864870162,0.00940451356993055
2024-01-11,141.567,4.952773103251593,-0.0014117616185691517
2024-01-12,142.134,4.956770274604045,0.003997171352452256
2024-01-16,141.975,4.955650985763496,-0.0011192888405489043
2024-01-17,140.959,4.9484690679515815,-0.007181917811914573
2024-01-18,142.962,4.9625788606805665,0.014109792728985049
2024-01-19,145.851,4.982585552649499,0.020006691968932344
2024-01-22,145.463,4.97992175874031,-0.0026637939091891383
2024-01-23,146.508,4.987080034474719,0.007158275734409081
2024-01-24,148.163,4.998313019073003,0.011232984598284368
2024-01-25,151.322,5.019410016701011,0.021096997628007763
2024-01-26,151.636,5.0214829120359115,0.0020728953349005153
2024-01-29,152.956,5.030150298333543,0.008667386297631197
2024-01-30,150.913,5.016703511831183,-0.01344678650235931
2024-01-31,139.594,4.938738209461914,-0.07796530236926902
2024-02-01,140.65,4.946274534935866,0.007536325473951777
2024-02-02,141.866,4.954882950100163,0.008608415164297334
2024-02-05,143.161,4.963969871064823,0.009086920964659129
2024-02-06,143.579,4.96688540636576,0.0029155353009375773
2024-02-07,145.014,4.976830289483894,0.009944883118134129
2024-02-08,145.383,4.979371639419312,0.0025413499354174363
2024-02-09,148.462,5.0003290332408525,0.020957393821540826
2024-02-12,146.998,4.990418981244004,-0.009910051996848246
2024-02-13,144.616,4.974081953672553,-0.016337027571450946
2024-02-14,145.413,4.979577969630913,0.005496015958359912
2024-02-15,142.254,4.957614192119003,-0.021963777511910365
2024-02-16,140.013,4.941735275441204,-0.015878916677799282
2024-02-20,140.61,4.9459901006027245,0.00425482516152087
2024-02-21,142.035,4.956073506103573,0.010083405500848741
2024-02-22,143.569,4.9668157558719095,0.010742249768336265
2024-02-23,143.44,4.965916829296877,-0.0008989265750320996
2024-02-26,137.073,4.920513630631052,-0.04540319866582543
2024-02-27,138.378,4.92998907101059,0.009475440379538291
2024-02-28,135.887,4.9118236580090455,-0.018165413001544728
2024-02-29,137.96,4.92696378806864,0.015140130059594803
2024-03-01,136.644,4.917379003616468,-0.009584784452171924
2024-03-04,132.868,4.889356154183163,-0.02802284943330502
2024-03-05,132.191,4.884247846431444,-0.00510830775171911
2024-03-06,130.925,4.8746246401655515,-0.009623206265892748
2024-03-07,133.895,4.897055910700446,0.022431270534894132
2024-03-08,134.921,4.904689421965567,0.007633511265121129
2024-03-11,137.173,4.921242902922586,0.01655348095701914
2024-03-12,138.0,4.927253685157205,0.00601078223461915
2024-03-13,139.285,4.936522193724256,0.009268508567051192
2024-03-14,142.584,4.95993129972155,0.023409105997293622
2024-03-15,140.67,4.946416721769604,-0.013514577951945661
2024-03-18,147.147,4.99143208711182,0.0450153653422154
2024-03-19,146.498,4.987011776486801,-0.004420310625018686
2024-03-20,148.202,4.998576208047579,0.011564431560778132
2024-03-21,147.067,4.990888265254453,-0.0076879427931260125
2024-03-22,150.225,5.0121341702199915,0.021245904965538465
2024-03-25,149.528,5.007483666263877,-0.004650503956114882
2024-03-26,150.126,5.0114749414937,0.00399127522982301
2024-03-27,150.325,5.012799616925633,0.0013246754319329312
2024-03-28,150.385,5.013198672499416,0.0003990555737836132
2024-04-01,154.928,5.042960492869176,0.029761820369759384
2024-04-02,154.002,5.0369655893422856,-0.0059949035268900275
2024-04-03,154.36,5.039287536669418,0.002321947327132534
2024-04-04,149.986,5.010541956407096,-0.028745580262322434
2024-04-05,151.949,5.023544938228938,0.013002981821842674
2024-04-08,154.29,5.0388339484549345,0.015289010225996158
2024-04-09,156.034,5.050073932220115,0.011239983765180206
2024-04-10,155.576,5.047134358202581,-0.0029395740175335305
2024-04-11,158.834,5.067859631689112,0.02072527348653086
2024-04-12,157.16,5.057264394690259,-0.010595236998852897
2024-04-15,154.3,5.038898759369115,-0.018365635321144325
2024-04-16,153.843,5.035932601870417,-0.0029661574986974415
2024-04-17,154.908,5.042831392312572,0.006898790442154912
2024-04-18,155.446,5.046298404427153,0.003467012114581003
2024-04-19,153.553,5.0340457843058735,-0.012252620121279811
2024-04-22,155.716,5.048033835281587,0.013988050975713762
2024-04-23,157.689,5.060624738841169,0.012590903559582145
2024-04-24,158.555,5.066101536280239,0.005476797439069259
2024-04-25,155.437,5.046240504831469,-0.019861031448769495
2024-04-26,171.329,5.143585684638418,0.09734517980694868
2024-04-29,165.55,5.109273263993256,-0.034312420645162156
2024-04-30,162.192,5.088780818640044,-0.02049244535321204
2024-05-01,163.268,5.095393022415223,0.006612203775179459
2024-05-02,166.018,5.11209621621297,0.016703193797747318
2024-05-03,166.636,5.115811792824005,0.003715576611035054
2024-05-06,167.492,5.1209355889304895,0.005123796106484058
2024-05-07,170.631,5.139503330156121,0.018567741225631096
2024-05-08,168.769,5.128530916007161,-0.01097241414895933
2024-05-09,169.346,5.131943959262363,0.003413043255201309
2024-05-10,168.041,5.124207997247531,-0.007735962014831621
2024-05-13,168.529,5.1271078418086615,0.002899844561130571
2024-05-14,169.725,5.1341794801877105,0.007071638379049006
2024-05-15,171.887,5.146837284165478,0.012657803977767834
2024-05-16,173.55,5.1564657423077955,0.009628458142317164
2024-05-17,175.424,5.167205900680321,0.010740158372525066
2024-05-20,176.281,5.17207931275098,0.004873412070659278
2024-05-21,177.208,5.17732418387876,0.005244871127779938
2024-05-22,175.744,5.169028390705451,-0.008295793173308752
2024-05-23,172.923,5.152846408712088,-0.016181981993362626
2024-05-24,174.357,5.161104921441028,0.008258512728939849
2024-05-28,175.764,5.16914218612417,0.00803726468314192
2024-05-29,175.264,5.166293408601311,-0.0028487775228596135
2024-05-30,171.488,5.14451329331244,-0.021780115288870583
2024-05-31,171.877,5.14677910471677,0.0022658114043299094
2024-06-03,172.544,5.150652276409732,0.0038731716929625293
2024-06-04,173.163,5.1542333474410285,0.0035810710312960126
2024-06-05,174.777,5.163510875616797,0.009277528175768879
2024-06-06,176.091,5.171000906870753,0.007490031253955642
2024-06-07,173.83,5.158077810133449,-0.012923096737304185
2024-06-10,174.578,5.162371633175596,0.0042938230421469825
2024-06-11,176.184,5.17152890347659,0.009157270300994114
2024-06-12,177.351,5.178130819771538,0.006601916294948218
2024-06-13,174.728,5.16323047905411,-0.014900340717428406
2024-06-14,176.354,5.1724933385909715,0.00926285953686179
2024-06-17,176.802,5.175030462356755,0.002537123765783633
2024-06-18,174.658,5.162829776101292,-0.012200686255463111
2024-06-20,175.864,5.169710969057816,0.006881192956523563
2024-06-21,179.187,5.188429953266483,0.018718984208667244
2024-06-24,178.777,5.186139219118422,-0.0022907341480609134
2024-06-25,183.576,5.212628750687674,0.026489531569252378
2024-06-26,183.426,5.2118113164047415,-0.0008174342829327941
2024-06-27,184.952,5.220096331953436,0.008285015548694652
2024-06-28,181.701,5.202362478964306,-0.017733852989129772
2024-07-01,182.539,5.206963848822383,0.004601369858076687
2024-07-02,184.783,5.219182163634129,0.01221831481174629
2024-07-03,185.362,5.2223106698803266,0.0031285062461972046
2024-07-05,190.129,5.2477027891484145,0.02539211926808793
2024-07-08,188.563,5.239432168556467,-0.008270620591947164
2024-07-09,188.514,5.239172274687173,-0.00025989386929392566
2024-07-10,190.708,5.250743462434385,0.011571187747211553
2024-07-11,185.112,5.220961047299808,-0.029782415134577356
2024-07-12,184.613,5.218261742124413,-0.0026993051753949615
2024-07-15,186.07,5.22612294699955,0.007861204875137418
2024-07-16,183.466,5.212029364223492,-0.014093582776058433
2024-07-17,180.573,5.196135128145269,-0.015894236078223045
2024-07-18,177.252,5.177572448846463,-0.01856267929880584
2024-07-19,177.222,5.1774031839634445,-0.00016926488301827192
2024-07-22,181.221,5.1997172809334185,0.022314096969973995
2024-07-23,181.341,5.200379236705849,0.0006619557724301117
2024-07-24,172.204,5.148679820527563,-0.05169941617828577
2024-07-25,166.867,5.117197087930445,-0.031482732597117646
2024-07-26,166.588,5.115523698327018,-0.0016733896034271112
2024-07-29,169.111,5.1305553040549725,0.015031605727954478
2024-07-30,169.869,5.135027551759238,0.004472247704265797
2024-07-31,171.117,5.142347533063669,0.007319981304430456
2024-08-01,170.339,5.137790569083985,-0.004556963979683637
2024-08-02,166.248,5.113480649388413,-0.024309919695571836
2024-08-05,158.857,5.068004426474235,-0.04547622291417852
2024-08-06,157.899,5.061955588119313,-0.0060488383549222036
2024-08-07,158.547,5.066051079329468,0.004095491210155622
2024-08-08,161.63,5.085309772421717,0.019258693092249146
2024-08-09,163.266,5.095380772542315,0.010071000120597695
2024-08-12,161.889,5.086910915200548,-0.008469857341767195
2024-08-13,163.754,5.098365301697931,0.011454386497383062
2024-08-14,159.974,5.075011302029272,-0.023353999668659142
2024-08-15,160.902,5.0807954840018805,0.005784181972608771
2024-08-16,162.558,5.091034861164826,0.010239377162945651
2024-08-19,166.258,5.1135407986789705,0.022505937514144314
2024-08-20,166.767,5.116597628624771,0.0030568299458009207
2024-08-21,165.44,5.108608591320064,-0.007989037304707125
2024-08-22,163.396,5.096176702322105,-0.012431888997959106
2024-08-23,165.212,5.107229497673958,0.011052795351853106
2024-08-26,165.75,5.110480629065972,0.0032511313920133844
2024-08-27,164.274,5.101535765411881,-0.008944863654090973
2024-08-28,162.448,5.090357950558867,-0.011177814853013501
2024-08-29,161.381,5.083768028955878,-0.006589921602989435
2024-08-30,162.976,5.093602950702194,0.009834921746316283
2024-09-03,156.971,5.056061074910895,-0.037541875791299084
2024-09-04,156.064,5.050266179527642,-0.0057948953832527295
2024-09-05,156.852,5.055302685591415,0.0050365060637727055
2024-09-06,150.547,5.014275327794626,-0.04102735779678923
2024-09-09,148.54,5.00085428224115,-0.013421045553475786
2024-09-10,148.49,5.00051761590797,-0.000336666333179636
2024-09-11,150.987,5.017193740393502,0.016676124485531574
2024-09-12,154.513,5.040278235192849,0.023084494799347155
2024-09-13,157.28,5.058027656398856,0.0177494212060072
2024-09-16,157.879,5.061828916850088,0.003801260451231414
2024-09-17,159.138,5.069771750319832,0.00794283346974467
2024-09-18,159.627,5.072839843639913,0.0030680933200804006
2024-09-19,161.954,5.08731234429349,0.014472500653577747
2024-09-20,163.403,5.096219542110483,0.008907197816992785
2024-09-23,161.665,5.085526292937882,-0.010693249172601504
2024-09-24,162.104,5.088238104563028,0.002711811625146332
2024-09-25,161.305,5.083296982790842,-0.0049411217721857525
2024-09-26,162.544,5.0909487343491895,0.007651751558347186
2024-09-27,163.762,5.098414154273082,0.007465419923892824
2024-09-30,165.66,5.109937495170118,0.011523340897035439
2024-10-01,166.799,5.1167894947028385,0.006851999532720754
2024-10-02,165.67,5.109997857950446,-0.0067916367523928045
2024-10-03,165.67,5.109997857950446,0.0
2024-10-04,166.869,5.117209073451936,0.007211215501490287
2024-10-07,162.793,5.092479455101022,-0.02472961835091425
2024-10-08,164.192,5.101036474759554,0.008557019658532283
2024-10-09,161.675,5.085588147332657,-0.01544832742689728
2024-10-10,161.894,5.086941800083327,0.0013536527506703422
2024-10-11,163.053,5.0940753013300935,0.007133501246766372
2024-10-14,164.771,5.104556631116894,0.010481329786800941
2024-10-15,165.271,5.107586550839336,0.0030299197224419316
2024-10-16,164.971,5.105769700877651,-0.0018168499616857403
2024-10-17,162.743,5.092172269411002,-0.013597431466648935
2024-10-18,163.233,5.095178627971506,0.003006358560504019
2024-10-21,163.882,5.099146656655947,0.003968028684441016
2024-10-22,164.951,5.105648460099379,0.006501803443431875
2024-10-23,162.594,5.091256296063871,-0.014392164035507804
2024-10-24,162.534,5.090887210653318,-0.0003690854105524721
2024-10-25,165.081,5.106436262535042,0.015549051881723841
2024-10-28,166.529,5.115169468428112,0.008733205893070028
2024-10-29,169.486,5.132770327539071,0.0176008591109591
2024-10-30,174.26,5.160548436803141,0.027778109264069428
2024-10-31,170.914,5.14116050601737,-0.01938793078577028
2024-11-01,171.094,5.142213113071122,0.001052607053751764
2024-11-04,169.046,5.130170867235385,-0.012042245835736765
2024-11-05,169.546,5.1331242764325475,0.002953409197162138
2024-11-06,176.308,5.172232465572269,0.03910818913972136
2024-11-07,180.543,5.195968976548169,0.023736510975900238
2024-11-08,178.146,5.182603438810719,-0.013365537737450417
2024-11-11,180.144,5.1937565310607745,0.011153092250055785
2024-11-12,181.412,5.200770687643024,0.007014156582249242
2024-11-13,178.675,5.185568513106043,-0.015202174536980806
2024-11-14,175.379,5.166949346430518,-0.0186191666755251
2024-11-15,172.293,5.149196515894896,-0.017752830535622266
2024-11-18,175.099,5.165351528253225,0.016155012358329834
2024-11-19,177.916,5.181311528795105,0.015960000541879182
2024-11-20,175.779,5.1692275241909735,-0.01208400460413106
2024-11-21,167.438,5.120613133489245,-0.04861439070172846
2024-11-22,164.571,5.103342088030466,-0.017271045458779
2024-11-25,167.458,5.1207325735543625,0.017390485523896437
2024-11-26,168.926,5.129460749207604,0.008728175653241799
2024-11-27,169.036,5.130111709989493,0.0006509607818889762
2024-11-29,168.757,5.128459810373788,-0.0016518996157053323
2024-12-02,171.294,5.1433813784469375,0.014921568073149594
2024-12-03,171.144,5.142505307394112,-0.0008760710528257221
2024-12-04,174.17,5.160031833743694,0.01752652634958185
2024-12-05,172.442,5.1500609480487425,-0.009970885694951193
2024-12-06,174.51,5.16198204659078,0.011921098542037711
2024-12-09,175.37,5.166898027681201,0.004915981090420907
2024-12-10,185.17,5.221274322049725,0.05437629436852376
2024-12-11,195.4,5.275048739608683,0.05377441755895784
2024-12-12,191.96,5.257287016990045,-0.017761722618637954
2024-12-13,189.82,5.246076254702346,-0.011210762287698905
2024-12-16,196.66,5.28147634935201,0.035400094649664204
2024-12-17,195.42,5.275151088516197,-0.006325260835812863
2024-12-18,188.4,5.238567362142263,-0.03658372637393459
2024-12-19,188.51,5.239151055878821,0.0005836937365586436
2024-12-20,191.41,5.254417724258018,0.01526666837919688
2024-12-23,194.63,5.271100320254484,0.01668259599646582
2024-12-24,196.11,5.278675726292748,0.007575406038264454
2024-12-26,195.6,5.276071757600717,-0.0026039686920311667
2024-12-27,192.76,5.261445891772132,-0.014625865828585383
2024-12-30,191.24,5.253529183757903,-0.007916708014229279
2024-12-31,189.3,5.243333058215277,-0.010196125542625722
2025-01-02,189.43,5.244019563140188,0.0006865049249107358
2025-01-03,191.79,5.256401023446745,0.012381460306557734
2025-01-06,196.87,5.282543612431996,0.026142588985250903
2025-01-07,195.49,5.275509227222028,-0.007034385209967908
2025-01-08,193.95,5.267600393885976,-0.00790883333605219
2025-01-10,192.04,5.25770368366274,-0.009896710223236127
2025-01-13,191.01,5.252325782697044,-0.005377900965696014
2025-01-14,189.66,5.245232995455582,-0.007092787241462339
2025-01-15,195.55,5.2758161012015234,0.030583105745941808
2025-01-16,192.91,5.262223758899798,-0.01359234230172568
2025-01-17,196.0,5.278114659230517,0.01589090033071905
2025-01-21,198.05,5.288519524067926,0.0104048648374091
2025-01-22,198.37,5.2901339737400175,0.0016144496720915669
2025-01-23,197.98,5.288166015491662,-0.0019679582483558278
2025-01-24,200.21,5.299366815683608,0.011200800191946136
2025-01-27,191.81,5.256505298733597,-0.04286151695001106
2025-01-28,195.3,5.274536837882633,0.018031539149036213
2025-01-29,195.41,5.275099915371852,0.0005630774892191326
2025-01-30,200.87,5.302657932646457,0.02755801727460483
2025-01-31,204.02,5.318218028254373,0.015560095607916047
2025-02-03,201.23,5.304448532478276,-0.01376949577609654
2025-02-04,206.38,5.329719129687568,0.0252705972092917
2025-02-05,191.33,5.253999685896911,-0.07571944379065698
2025-02-06,191.6,5.25540986553676,0.0014101796398486854
2025-02-07,185.34,5.222191976158546,-0.03321788937821424
2025-02-10,186.47,5.228270368236002,0.006078392077456307
2025-02-11,185.32,5.222084060548448,-0.006186307687554127
2025-02-12,183.61,5.212813942934096,-0.009270117614351925
2025-02-13,186.14,5.2264990787575645,0.013685135823468642
2025-02-14,185.23,5.221598296134632,-0.004900782622932809
2025-02-18,183.77,5.213684975707333,-0.00791332042729831
2025-02-19,185.27,5.221814220561922,0.008129244854588435
2025-02-20,184.56,5.217974613865498,-0.003839606696423914
2025-02-21,179.66,5.19106617580106,-0.026908438064437767
2025-02-24,179.32,5.189171919287238,-0.0018942565138218015
2025-02-25,175.42,5.167183098523235,-0.02198882076400288
2025-02-26,172.73,5.151729681705193,-0.015453416818042243
2025-02-27,168.5,5.126935749792416,-0.024793931912777012
2025-02-28,170.28,5.137444140959952,0.010508391167535436
2025-03-03,167.01,5.118053690863526,-0.019390450096425482
2025-03-04,170.92,5.141195610775824,0.023141919912298192
2025-03-05,173.02,5.153407194752228,0.012211583976403872
2025-03-06,172.35,5.149527292962874,-0.0038799017893538235
2025-03-07,173.86,5.158250377650918,0.008723084688043947
2025-03-10,165.87,5.111204349017951,-0.04704602863296703
2025-03-11,164.04,5.100110300523858,-0.011094048494093123
2025-03-12,167.11,5.118652278215292,0.01854197769143351
2025-03-13,162.76,5.092276723133489,-0.02637555508180256
2025-03-14,165.49,5.108910770030852,0.01663404689736314
2025-03-17,164.29,5.101633158918245,-0.007277611112606941
2025-03-18,160.67,5.079352572055243,-0.02228058686300205
2025-03-19,163.89,5.099195471075736,0.01984289902049241
2025-03-20,162.8,5.09252245356844,-0.00667301750729532
2025-03-21,163.99,5.099805450355355,0.007282996786914353
2025-03-24,167.68,5.122057401132677,0.02225195077732245
2025-03-25,170.56,5.139087140977479,0.017029739844802272
2025-03-26,165.06,5.106309044164538,-0.03277809681294119
2025-03-27,162.24,5.089076720402819,-0.01723232376171957
2025-03-28,154.33,5.03909316691274,-0.04998355349007877
2025-03-31,154.64,5.041099834900075,0.0020066679873353976
2025-04-01,157.07,5.0566915658549405,0.015591730954865213
2025-04-02,157.04,5.056500549968206,-0.00019101588673464676
2025-04-03,150.72,5.015423810828053,-0.041076739140152974
2025-04-04,145.6,4.980863135762585,-0.03456067506546745
2025-04-07,146.75,4.988730458708206,0.007867322945620536
2025-04-08,144.7,4.974662633637438,-0.01406782507076798
2025-04-09,158.71,5.067078637519467,0.09241600388202897
2025-04-10,152.82,5.02926075821942,-0.03781787930004654
2025-04-11,157.14,5.0571371277476755,0.02787636952825512
2025-04-14,159.07,5.069344356910269,0.012207229162593869
2025-04-15,156.31,5.0518412149073795,-0.017503142002889938
2025-04-16,153.33,5.0325924614482975,-0.019248753459081946
2025-04-17,151.16,5.018338878481289,-0.01425358296700896
2025-04-21,147.67,4.994980054485683,-0.02335882399560596
2025-04-22,151.47,5.020387585538934,0.025407531053251553
2025-04-23,155.35,5.045680635839056,0.025293050300121855
2025-04-24,159.28,5.070663659755941,0.024983023916885116
2025-04-25,161.96,5.0873493911639605,0.016685731408019322
2025-04-28,160.61,5.0789790660748055,-0.008370325089154917
2025-04-29,160.16,5.07617331556691,-0.0028057505078953326
2025-04-30,158.8,5.067645548813036,-0.008527766753874566
2025-05-01,161.3,5.083265985131163,0.015620436318127595
2025-05-02,164.03,5.1000493379243945,0.016783352793231288
2025-05-05,164.21,5.101146096503746,0.0010967585793517642
2025-05-06,163.23,5.095160249165944,-0.005985847337802497
2025-05-07,151.38,5.019793231881021,-0.07536701728492279
2025-05-08,154.28,5.038769133340027,0.018975901459006295
2025-05-09,152.75,5.028802598051705,-0.009966535288322476
2025-05-12,158.46,5.065502195537096,0.03669959748539142
2025-05-13,159.53,5.072231992312906,0.00672979677580976
2025-05-14,165.37,5.108185387662105,0.035953395349198836
2025-05-15,163.96,5.099622495636137,-0.00856289202596816
2025-05-16,166.19,5.113131712139432,0.013509216503295285
2025-05-19,166.54,5.115235520807674,0.002103808668241669
2025-05-20,163.98,5.099744469168032,-0.015491051639641817
2025-05-21,168.56,5.127291769495933,0.027547300327901425
2025-05-22,170.87,5.140903033460182,0.013611263964248721
2025-05-23,168.47,5.126757692398113,-0.014145341062069328
2025-05-27,172.9,5.152713392689245,0.025955700291132366
2025-05-28,172.36,5.149585312747638,-0.0031280799416073535
2025-05-29,171.86,5.146680191885077,-0.002905120862561006
2025-05-30,171.74,5.145981705244338,-0.0006984866407382384
2025-06-02,169.03,5.130076213962086,-0.01590549128225227
2025-06-03,166.18,5.113071538236835,-0.017004675725250884
2025-06-04,168.05,5.124261554171115,0.011190015934279707
2025-06-05,168.21,5.125213198803691,0.0009516446325763539
2025-06-06,173.68,5.157214525570036,0.03200132676634482
2025-06-09,176.09,5.1709952279726865,0.013780702402650391
2025-06-10,178.6,5.185148668442399,0.014153440469712564
2025-06-11,177.35,5.178125181219631,-0.007023487222768132
2025-06-12,175.7,5.168777995193051,-0.009347186026579912
2025-06-13,174.67,5.162898479440301,-0.005879515752750031
2025-06-16,176.77,5.174849452547792,0.011950973107491158
2025-06-17,175.95,5.170199863767594,-0.004649588780198499
2025-06-18,173.32,5.155139596871709,-0.015060266895885022
2025-06-20,166.64,5.115835796952717,-0.0393037999189918
2025-06-23,165.19,5.107096326567049,-0.00873947038566758
2025-06-24,166.77,5.116615617633488,0.009519291066438562
2025-06-25,170.68,5.1397904583197995,0.023174840686311704
2025-06-26,173.54,5.156408120365343,0.016617662045543824
2025-06-27,178.53,5.18475665432487,0.028348533959526634
2025-06-30,176.23,5.171789960076278,-0.012966694248592425
2025-07-01,175.84,5.169574490655311,-0.0022154694209666204
2025-07-02,178.64,5.185372607531902,0.015798116876591273
2025-07-03,179.53,5.190342324882738,0.004969717350835623
2025-07-07,176.79,5.174962587517932,-0.015379737364805912
2025-07-08,174.36,5.1611221273701915,-0.01384046014774043
2025-07-09,176.62,5.174000532040656,0.01287840467046486
2025-07-10,177.62,5.179646436830358,0.005645904789701284
2025-07-11,180.19,5.194011849738723,0.014365412908365016
2025-07-14,181.56,5.201586177588265,0.007574327849542151
2025-07-15,182.0,5.204006687076795,0.0024205094885303424
2025-07-16,182.97,5.209322204976474,0.005315517899679101
2025-07-17,183.58,5.212650539790945,0.0033283348144710345
2025-07-18,185.06,5.220680096820884,0.008029557029939127
2025-07-21,190.1,5.247550249494384,0.026870152673499348
2025-07-22,191.34,5.254051950250021,0.006501700755637607
2025-07-23,190.23,5.24823386638005,-0.005818083869971069
2025-07-24,192.17,5.258380396944336,0.010146530564285605
2025-07-25,193.18,5.26362239675115,0.005241999806814057
2025-07-28,192.58,5.260511651812138,-0.0031107449390122
2025-07-29,195.75,5.276838334870913,0.01632668305877516
2025-07-30,196.53,5.2808150914118945,0.003976756540981619
2025-07-31,191.9,5.256974403013654,-0.023840688398240495
2025-08-01,189.13,5.242434609300363,-0.014539793713290727
2025-08-04,195.04,5.273204665732961,0.03077005643259767
2025-08-05,194.67,5.271305817301187,-0.001898848431774347
2025-08-06,196.09,5.278573737511425,0.0072679202102383655
2025-08-07,196.52,5.2807642073004475,0.0021904697890224867
2025-08-08,201.42,5.305392280219999,0.02462807291955116
2025-08-11,201.0,5.303304908059076,-0.002087372160922918
2025-08-12,203.34,5.314879454847015,0.0115745467879389
2025-08-13,201.96,5.308069657990715,-0.006809796856299677
2025-08-14,202.94,5.312910368850937,0.004840710860221975
2025-08-15,203.9,5.31762967758041,0.004719308729472793
2025-08-18,203.5,5.31566600488265,-0.0019636726977596553
2025-08-19,201.57,5.306136715600168,-0.00952928928248209
2025-08-20,199.32,5.294911573413204,-0.011225142186964021
2025-08-21,199.75,5.297066584646384,0.0021550112331798488
2025-08-22,206.09,5.328312966583417,0.03124638193703344
2025-08-25,208.49,5.339891078457965,0.011578111874547936
2025-08-26,207.14,5.333394893160733,-0.00649618529723206
2025-08-27,207.48,5.335034949483199,0.0016400563224658882
2025-08-28,211.64,5.354886718035931,0.01985176855273174
2025-08-29,212.91,5.360869541205001,0.005982823169070173
2025-09-02,211.35,5.3535155270127985,-0.007354014192202385
2025-09-03,230.66,5.440944764797792,0.08742923778499367
2025-09-04,232.3,5.4480296397763635,0.007084874978571243
2025-09-05,235.0,5.459585514144159,0.011555874367795482
2025-09-08,234.04,5.455492040920035,-0.004093473224124011
2025-09-09,239.63,5.479096067084477,0.023604026164441905
2025-09-10,239.17,5.477174596150773,-0.0019214709337038727
2025-09-11,240.37,5.48217940286057,0.005004806709797194
2025-09-12,240.8,5.483966713434666,0.0017873105740955353
2025-09-15,251.61,5.52788026966443,0.04391355622976434
2025-09-16,251.16,5.526090186245908,-0.0017900834185216041
2025-09-17,249.53,5.519579148444228,-0.006511037801680608
2025-09-18,252.03,5.5295481280448655,0.009968979600637695
2025-09-19,254.72,5.540164902656018,0.010616774611152735
2025-09-22,252.53,5.53153005353903,-0.008634849116988086
2025-09-23,251.66,5.528078970163822,-0.0034510833752081638
2025-09-24,247.14,5.509954977676045,-0.018123992487777407
2025-09-25,245.79,5.504477512821833,-0.005477464854211966
2025-09-26,246.54,5.507524252123373,0.0030467393015403132
2025-09-29,244.05,5.497373122333157,-0.010151129790216373
2025-09-30,243.1,5.493472881322077,-0.0039002410110793306
2025-10-01,244.9,5.500849963958122,0.007377082636044641
2025-10-02,245.69,5.5040705786581645,0.0032206147000426455
2025-10-03,245.35,5.502685762535912,-0.0013848161222522748
2025-10-06,250.43,5.523179440356211,0.02049367782029865
2025-10-07,245.76,5.5043554499593075,-0.01882399039690341
2025-10-08,244.62,5.499705986059217,-0.004649463900090467
2025-10-09,241.53,5.486993688979999,-0.012712297079217727
2025-10-10,236.57,5.466244147224316,-0.02074954175568333
2025-10-13,244.15,5.497782790507669,0.031538643283353096
2025-10-14,245.45,5.503093260504062,0.005310469996392619
2025-10-15,251.03,5.52557245390196,0.02247919339789828
2025-10-16,251.46,5.5272839311650355,0.0017114772630755226
2025-10-17,253.3,5.5345745570076295,0.00729062584259399
2025-10-20,256.55,5.547323577387973,0.012749020380343978
2025-10-21,250.46,5.523299227135887,-0.024024350252086712
2025-10-22,251.69,5.528198171514911,0.004898944379024606
2025-10-23,253.08,5.533705644278683,0.005507472763771837
2025-10-24,259.92,5.560373891360845,0.026668247082161756
2025-10-27,269.27,5.595714593686387,0.03534070232554232
2025-10-28,267.47,5.589007410514122,-0.006707183172265374
2025-10-29,274.57,5.615206237547758,0.026198827033636185
2025-10-30,281.48,5.640061397098348,0.024855159550590145
2025-10-31,281.19,5.639030597426504,-0.0010307996718443846
2025-11-03,283.72,5.647987836333886,0.008957238907382425
2025-11-04,277.54,5.6259650669428645,-0.022022769391021768
2025-11-05,284.31,5.650065192150214,0.024100125207349166
2025-11-06,284.75,5.651611602327291,0.0015464101770774619
2025-11-07,278.83,5.630602277114688,-0.021009325212602903
2025-11-10,290.1,5.670225691127358,0.03962341401267011
2025-11-11,291.31,5.674387992246747,0.004162301119388978
2025-11-12,286.71,5.658471251946198,-0.01591674030054957
2025-11-13,278.57,5.629669374284202,-0.028801877661996045
2025-11-14,276.41,5.621885270689127,-0.007784103595074754
2025-11-17,285.02,5.652559353245066,0.030674082555939286
2025-11-18,284.28,5.6499596679586945,-0.002599685286371667
2025-11-19,292.81,5.679523934509421,0.02956426655072608
2025-11-20,289.45,5.667982570525013,-0.011541363984407305
2025-11-21,299.66,5.702648498614998,0.03466592808998481
2025-11-24,318.58,5.763873620866492,0.06122512225149368
2025-11-25,323.44,5.7790136253325155,0.015140004466023704
2025-11-26,319.95,5.768164733585469,-0.010848891747046174
2025-11-28,320.18,5.768883337649949,0.0007186040644793223
2025-12-01,314.89,5.752223371489691,-0.016659966160257333
2025-12-02,315.81,5.755140766931343,0.0029173954416519265
2025-12-03,319.63,5.767164076821024,0.012023309889681144
2025-12-04,317.62,5.760855699682501,-0.006308377138523724
2025-12-05,321.27,5.772281891080893,0.011426191398392405
2025-12-08,313.72,5.748500868344466,-0.02378102273642746
2025-12-09,317.08,5.759154107968955,0.010653239624489608
2025-12-10,320.21,5.768977030555902,0.009822922586947058
2025-12-11,312.43,5.744380444084709,-0.024596586471193227
2025-12-12,309.29,5.734279348098205,-0.010101095986503772
2025-12-15,308.22,5.730813813707232,-0.0034655343909735237
2025-12-16,306.57,5.725446114292227,-0.005367699415004701
2025-12-17,296.72,5.692788933181335,-0.032657181110892
2025-12-18,302.46,5.7119490373225945,0.01916010414125946
2025-12-19,307.16,5.727368784462343,0.015419747139748807
2025-12-22,309.78,5.735862368119613,0.00849358365726971
2025-12-23,314.35,5.75050701482907,0.014644646709457199
2025-12-24,314.09,5.749679569043205,-0.000827445785865244
2025-12-26,313.51,5.747831257490882,-0.001848311552323345
2025-12-29,313.56,5.747990729320521,0.00015947182963937934
2025-12-30,313.85,5.748915164763541,0.0009244354430197887
2025-12-31,313.0,5.746203190540153,-0.0027119742233878696
2026-01-02,315.15,5.753048715959119,0.006845525418966325
2026-01-05,316.54,5.757449615905137,0.004400899946017667
2026-01-06,314.34,5.750475202648183,-0.006974413256953582
2026-01-07,321.98,5.774489431814148,0.02401422916596463
2026-01-08,325.44,5.785178112860195,0.010688681046047144
2026-01-09,328.57,5.794749905026389,0.009571792166194193
2026-01-12,331.86,5.804713193234642,0.009963288208252763
2026-01-13,335.97,5.817021870262712,0.012308677028070036
2026-01-14,335.84,5.816634856072323,-0.00038701419038922324
2026-01-15,332.78,5.807481610987361,-0.009153245084961625
2026-01-16,330.0,5.799092654460526,-0.008388956526835578
2026-01-20,322.0,5.7745515455444085,-0.02454110891611716
2026-01-21,328.38,5.794171474383882,0.01961992883947339
2026-01-22,330.54,5.80072768071268,0.006556206328798275
2026-01-23,327.93,5.7928001709738535,-0.007927509738826721
2026-01-26,333.26,5.808922966110478,0.01612279513662429
2026-01-27,334.55,5.812786345228826,0.0038633791183482202
2026-01-28,336.01,5.817140921425089,0.004354576196263338
2026-01-29,338.25,5.823785267050898,0.006644345625808512
2026-01-30,338.0,5.823045895483019,-0.0007393715678789547
2026-02-02,343.69,5.839740088291405,0.016694192808386354
2026-02-03,339.71,5.828092312472438,-0.011647775818967254
2026-02-04,333.04,5.80826260288672,-0.019829709585717836
2026-02-05,331.25,5.802873377300432,-0.005389225586288404
2026-02-06,322.86,5.777218792729383,-0.025654584571048744
2026-02-09,324.32,5.78173068270369,0.0045118899743066265
2026-02-10,318.58,5.763873620866492,-0.01785706183719782
2026-02-11,310.96,5.7396642865439675,-0.024209334322524256
2026-02-12,309.0,5.733341276897746,-0.006323009646221678
2026-02-13,305.72,5.722669650374684,-0.010671626523062194
2026-02-17,302.02,5.710493240347643,-0.012176410027040951
2026-02-18,303.33,5.714821321771417,0.004328081423774499
2026-02-19,302.85,5.713237633426957,-0.0015836883444606542
2026-02-20,314.98,5.752509144746434,0.0392715113194777
2026-02-23,311.49,5.741367234983472,-0.011141909762962143
2026-02-24,310.9,5.739471317064708,-0.0018959179187643116
2026-02-25,312.9,5.745883650674837,0.00641233361012894
2026-02-26,307.38,5.7280847671791655,-0.01779888349567127
2026-02-27,311.76,5.742233661030454,0.014148893851288591
2026-03-02,306.52,5.725283006102203,-0.016950654928250763
2026-03-03,303.53,5.71548045240201,-0.009802553700192895
2026-03-04,303.03,5.713831810509203,-0.0016486418928076674
2026-03-05,300.845,5.706595181950392,-0.00723662855881102
2026-03-06,298.48,5.698702928912902,-0.007892253037489638
2026-03-09,306.34,5.7246955962364074,0.02599266732350536
2026-03-10,307.04,5.72697803225939,0.0022824360229822815
2026-03-11,308.7,5.732369931508114,0.005391899248723853
2026-03-12,303.55,5.715546341576443,-0.016823589931670213
2026-03-13,302.28,5.711353740152519,-0.004192601423924636
2026-03-16,305.56,5.722146158673159,0.010792418520639835
2026-03-17,310.92,5.739535644362019,0.01738948568886034
2026-03-18,307.69,5.729092782612366,-0.010442861749653254
2026-03-19,307.13,5.7272711107251055,-0.0018216718872601234
2026-03-20,301.0,5.707110264748875,-0.020160845976230135
2026-03-23,302.06,5.710625673138195,0.0035154083893198518
2026-03-24,290.44,5.671397014512046,-0.03922865862614966
2026-03-25,290.93,5.673082688406564,0.0016856738945181249
2026-03-26,280.92,5.638069931290819,-0.035012757115744364
2026-03-27,274.34,5.614368213050261,-0.023701718240558556
2026-03-30,273.5,5.611301621862036,-0.003066591188225054
2026-03-31,287.56,5.661431534115671,0.05012991225363539
2026-04-01,297.39,5.695044408712916,0.033612874597245046
2026-04-02,295.77,5.689582125255059,-0.00546228345785682
2026-04-06,299.99,5.7037491407673,0.014167015512240866
2026-04-07,305.46,5.721818837142299,0.01806969637499911
2026-04-08,317.32,5.759910728433802,0.03809189129150248
2026-04-09,318.49,5.763591077345062,0.003680348911260012
2026-04-10,317.24,5.759658585215119,-0.003932492129942844
2026-04-13,321.31,5.77240638919802,0.012747803982900763
2026-04-14,332.91,5.807872183180582,0.035465793982562666
2026-04-15,337.12,5.820438950055879,0.012566766875296231
2026-04-16,336.02,5.817170682001256,-0.0032682680546223253
2026-04-17,341.68,5.833874626533211,0.016703944531954562
2026-04-20,337.42,5.821328445177829,-0.01254618135538177
2026-04-21,332.29,5.80600808161854,-0.01532036355928934
2026-04-22,339.32,5.826943614939534,0.020935533320994182
2026-04-23,338.89,5.825675570948388,-0.0012680439911463282
2026-04-24,344.4,5.841803772553575,0.016128201605187797
2026-04-27,350.34,5.858904111523501,0.01710033896992602
2026-04-28,349.78,5.857304385421045,-0.0015997261024560672
2026-04-29,349.94,5.857761711216474,0.0004573257954287868
2026-04-30,384.8,5.952723718791551,0.09496200757507722
2026-05-01,385.69,5.955033937991893,0.002310219200341912
2026-05-04,383.25,5.948687517751924,-0.0063464202399696745
2026-05-05,388.43,5.962112973393123,0.013425455641199235
2026-05-06,398.04,5.986552502746961,0.024439529353838196
2026-05-07,397.99,5.986426879340643,-0.00012562340631827595
2026-05-08,400.8,5.993462549770655,0.007035670430012075
2026-05-11,388.64,5.9626534652538625,-0.030809084516792318
2026-05-12,387.35,5.959328677077911,-0.0033247881759512765
2026-05-13,402.62,5.997993189070682,0.038664511992770656
2026-05-14,401.07,5.9941359756631405,-0.0038572134075414155
2026-05-15,396.78,5.983381970914626,-0.010754004748514845
2026-05-18,396.94,5.983785135764113,0.00040316484948732523
2026-05-19,387.66,5.960128666798129,-0.023656468965984168
2026-05-20,388.91,5.963347954382155,0.0032192875840264534
2026-05-21,387.66,5.960128666798129,-0.0032192875840264534
2026-05-22,382.97,5.947956657131048,-0.012172009667080985
2026-05-26,388.88,5.9632708127372,0.015314155606152013
2026-05-27,388.83,5.963142230103394,-0.00012858263380621793
2026-05-28,390.13,5.966480016913812,0.0033377868104187414
2026-05-29,380.34,5.94106558952413,-0.02541442738968236
2026-06-01,376.37,5.930572702090608,-0.010492887433522391
2026-06-02,361.85,5.891229761312137,-0.03934294077847067
2026-06-03,358.99,5.883294532947113,-0.007935228365023583
2026-06-04,372.19,5.91940447657156,0.03610994362444675
2026-06-05,368.53,5.909522119441872,-0.009882357129687769
2026-06-08,363.31,5.895256464309389,-0.014265655132483346
2026-06-09,364.26,5.897867898370397,0.0026114340610083886
2026-06-10,356.38,5.875997577299269,-0.02187032107112863
2026-06-11,357.77,5.879890321835502,0.003892744536233117
2026-06-12,359.68,5.885214747265271,0.005324425429769519
2026-06-15,369.35,5.911744703974747,0.026529956709475222
2026-06-16,373.25,5.9222484364192995,0.010503732444552938
2026-06-17,363.79,5.896576778075664,-0.025671658343635606
2026-06-18,368.03,5.908164456585345,0.011587678509680899
2026-06-22,349.68,5.857018450555059,-0.05114600603028574
2026-06-23,346.13,5.846814427035037,-0.010204023520022254
2026-06-24,345.29,5.844384643652233,-0.002429783382804196
2026-06-25,343.71,5.839798278573644,-0.00458636507858845
2026-06-26,337.39,5.82123953126126,-0.01855874731238405
2026-06-29,353.65,5.8683077234819985,0.047068192220738325
2026-06-30,357.37,5.878771659638691,0.010463936156692277
2026-07-01,361.21,5.889459506652396,0.010687847013705287
2026-07-02,359.91,5.885854000194946,-0.0036055064574496143
2026-07-06,366.46,5.903889374852029,0.018035374657082492
2026-07-07,367.03,5.905443588582932,0.0015542137309028092
2026-07-08,361.92,5.891423192927756,-0.014020395655175655
2026-07-09,358.89,5.883015934850922,-0.008407258076833735
2026-07-10,357.18,5.878239856393353,-0.004776078457569
2026-07-13,352.51,5.865078990644263,-0.013160865749090256
2026-07-14,359.51,5.884741993185915,0.019663002541651764
2026-07-15,370.92,5.915986405932025,0.03124441274611023
2026-07-16,354.46,5.870595504626993,-0.04539090130503176
2026-07-17,346.77,5.848661735974286,-0.021933768652707464
2026-07-20,351.99,5.863602766103642,0.014941030129356214
2026-07-21,347.15,5.849756963199282,-0.013845802904359772
2026-07-22,342.09,5.835073860337377,-0.01468310286190544
2026-07-23,317.69,5.761076064544641,-0.07399779579273602
2026-07-24,319.74,5.7675081655367455,0.006432100992104672
2026-07-27,326.56,5.788613699061535,0.021105533524789166
2026-07-28,333.71,5.810272352344586,0.021658653283051166
2026-07-29,336.71,5.819222025755692,0.008949673411105863
2026-07-30,333.66,5.810122510427528,-0.00909951532816411
2026-07-31,356.13,5.875295832733553,0.06517332230602513
2026-08-03,373.51,5.922944777976174,0.04764894524262164
2026-08-04,377.65,5.933967840759457,0.011023062783282356
2026-08-05,362.43,5.8928313521995825,-0.041136488559874174
2026-08-06,357.75,5.87983441843656,-0.012996933763022689
2026-08-07,354.3,5.870144011871426,-0.009690406565133536
2026-08-10,357.52,5.879191304625196,0.009047292753769476
2026-08-11,343.8,5.8400600929487485,-0.039131211676447286
2026-08-12,343.54,5.83930355320888,-0.0007565397398687779
2026-08-13,346.36,5.847478696579601,0.008175143370721116
2026-08-14,345.9,5.846149715943123,-0.0013289806364777945
2026-08-17,344.0,5.840641657373398,-0.005508058569724916
2026-08-18,344.2,5.841222883777439,0.0005812264040407911
2026-08-19,344.72,5.842732493307583,0.0015096095301441181
2026-08-20,340.67,5.830914266783482,-0.011818226524100695
2026-08-21,344.82,5.843022541747705,0.01210827496422251
2026-08-24,348.06,5.852374878706028,0.00935233695832327
2026-08-25,346.96,5.8492094995271104,-0.003165379178917682
