Date,Close,Log_Price,Log_Return
2010-06-28,1.13333,0.1251602017732101,
2010-06-29,1.59267,0.4654118531592284,0.3402516513860183
2010-06-30,1.58867,0.4628971882017913,-0.002514664957437074
2010-07-01,1.464,0.3811724155391198,-0.08172477266267153
2010-07-02,1.28,0.2468600779315258,-0.13431233760759398
2010-07-06,1.074,0.071389996086673,-0.1754700818448528
2010-07-07,1.05333,0.051956574368741903,-0.019433421717931096
2010-07-08,1.164,0.15186234930924603,0.09990577494050412
2010-07-09,1.16,0.14842000511827322,-0.003442344190972807
2010-07-12,1.13667,0.12810293517433552,-0.0203170699439377
2010-07-13,1.20933,0.19006648724140074,0.06196355206706522
2010-07-14,1.32267,0.27965242091263137,0.08958593367123063
2010-07-15,1.326,0.2821668917636708,0.002514470851039452
2010-07-16,1.376,0.31918073951115183,0.03701384774748101
2010-07-19,1.46067,0.3788952345655461,0.059714495054394245
2010-07-20,1.35333,0.302568221888311,-0.07632701267723507
2010-07-21,1.348,0.29862201249011533,-0.003946209398195677
2010-07-22,1.4,0.3364722366212129,0.037850224131097565
2010-07-23,1.41933,0.3501849292799881,0.013712692658775227
2010-07-26,1.39667,0.3340908318979336,-0.01609409738205453
2010-07-27,1.37,0.3148107398400336,-0.01928009205789999
2010-07-28,1.38133,0.32304680315874745,0.008236063318713849
2010-07-29,1.35667,0.30503316778583256,-0.018013635372914893
2010-07-30,1.32933,0.2846750559057706,-0.02035811188006198
2010-08-02,1.39467,0.33265782814901734,0.04798277224324676
2010-08-03,1.46333,0.38071466051204783,0.04805683236303049
2010-08-04,1.41733,0.34877481997439536,-0.031939840537652475
2010-08-05,1.36333,0.3099302363958366,-0.038844583578558745
2010-08-06,1.306,0.26696903085423934,-0.04296120554159727
2010-08-09,1.30667,0.2674819161514158,0.0005128852971764686
2010-08-10,1.26867,0.23796910763276943,-0.029512808518646377
2010-08-11,1.19333,0.1767477184445086,-0.06122138918826084
2010-08-12,1.17333,0.15984586002876972,-0.01690185841573888
2010-08-13,1.22133,0.19994042888240782,0.0400945688536381
2010-08-16,1.252,0.22474227267790678,0.024801843795498962
2010-08-17,1.27667,0.24425512548709377,0.019512852809186992
2010-08-18,1.25133,0.22420698566740638,-0.020048139819687394
2010-08-19,1.25267,0.22527727330951164,0.001070287642105261
2010-08-20,1.27333,0.24163551614590062,0.01635824283638898
2010-08-23,1.342,0.2941610385494901,0.052525522403589486
2010-08-24,1.28,0.2468600779315258,-0.047300960617964294
2010-08-25,1.32667,0.28267204318789424,0.03581196525636843
2010-08-26,1.31667,0.27510582188728583,-0.007566221300608411
2010-08-27,1.31333,0.27256589656744595,-0.0025399253198398752
2010-08-30,1.32467,0.28116337181466544,0.008597475247219488
2010-08-31,1.29867,0.26134066384399784,-0.019822707970667597
2010-09-01,1.36333,0.3099302363958366,0.04858957255183877
2010-09-02,1.404,0.33932530560361934,0.02939506920778273
2010-09-03,1.40333,0.3388479837264472,-0.00047732187717214325
2010-09-07,1.36933,0.314321569120653,-0.02452641460579419
2010-09-08,1.39333,0.331696565521196,0.017374996400542964
2010-09-09,1.38067,0.3225688885949806,-0.009127676926215356
2010-09-10,1.34467,0.29614862978994044,-0.026420258805040175
2010-09-13,1.38133,0.32304680315874745,0.02689817336880701
2010-09-14,1.408,0.3421702577358506,0.019123454577103127
2010-09-15,1.46533,0.3820804730754095,0.03991021533955891
2010-09-16,1.396,0.33361100434018065,-0.04846946873522884
2010-09-17,1.34867,0.29911892165125575,-0.0344920826889249
2010-09-20,1.40333,0.3388479837264472,0.039729062075191446
2010-09-21,1.38467,0.3254618441011608,-0.013386139625286397
2010-09-22,1.32467,0.28116337181466544,-0.04429847228649536
2010-09-23,1.304,0.26543646350446126,-0.01572690831020418
2010-09-24,1.34,0.29266961396282004,0.02723315045835878
2010-09-27,1.36867,0.31383946538596846,0.021169851423148422
2010-09-28,1.42667,0.35534305737146443,0.04150359198549597
2010-09-29,1.46533,0.3820804730754095,0.026737415703945056
2010-09-30,1.36067,0.30797722549606255,-0.07410324757934694
2010-10-01,1.37333,0.3172384475059136,0.009261222009851078
2010-10-04,1.39933,0.3359935506407864,0.018755103134872775
2010-10-05,1.408,0.3421702577358506,0.006176707095064182
2010-10-06,1.364,0.3104215594212704,-0.03174869831458016
2010-10-07,1.362,0.3089542077273207,-0.0014673516939497366
2010-10-08,1.362,0.3089542077273207,0.0
2010-10-11,1.34933,0.29960817295827213,-0.00934603476904855
2010-10-12,1.34933,0.29960817295827213,0.0
2010-10-13,1.36933,0.314321569120653,0.014713396162380876
2010-10-14,1.38333,0.3244936359330398,0.010172066812386804
2010-10-15,1.36933,0.314321569120653,-0.010172066812386804
2010-10-18,1.34867,0.29911892165125575,-0.015202647469397257
2010-10-19,1.33667,0.29018144641284477,-0.008937475238410986
2010-10-20,1.37667,0.3196675396094064,0.029486093196561647
2010-10-21,1.38333,0.3244936359330398,0.0048260963236334
2010-10-22,1.38133,0.32304680315874745,-0.0014468327742923615
2010-10-25,1.39,0.3293037471426003,0.006256943983852847
2010-10-26,1.424,0.35346981298978397,0.02416606584718367
2010-10-27,1.4,0.3364722366212129,-0.016997576368571077
2010-10-28,1.41267,0.34548153077880045,0.009009294157587555
2010-10-29,1.456,0.3756929497744942,0.03021141899569374
2010-11-01,1.42733,0.3558055661393447,-0.01988738363514947
2010-11-02,1.41667,0.34830904720662414,-0.007496518932720575
2010-11-03,1.45133,0.37248037740297735,0.024171330196353202
2010-11-04,1.66,0.5068176023684519,0.1343372249654745
2010-11-05,1.62933,0.48816888737257785,-0.018648714995874005
2010-11-08,1.66533,0.5100233019919374,0.021854414619359497
2010-11-09,1.642,0.49591501103023644,-0.014108290961700909
2010-11-10,1.95733,0.6715812996453795,0.17566628861514305
2010-11-11,1.86933,0.6255800778956849,-0.046001221749694565
2010-11-12,1.98933,0.6877978986287291,0.06221782073304416
2010-11-15,2.05333,0.7194628654993777,0.03166496687064857
2010-11-16,1.978,0.6820862332005203,-0.03737663229885735
2010-11-17,1.966,0.6760010217249748,-0.006085211475545527
2010-11-18,1.99267,0.6894754479925049,0.013474426267530148
2010-11-19,2.066,0.7256143706974467,0.03613892270494179
2010-11-22,2.22667,0.8005071958853122,0.07489282518786544
2010-11-23,2.30467,0.8349374991710351,0.03443030328572294
2010-11-24,2.36467,0.8606384773242777,0.02570097815324257
2010-11-26,2.35467,0.8564005902610863,-0.004237887063191392
2010-11-29,2.28867,0.8279708628184128,-0.02842972744267347
2010-11-30,2.35533,0.8566808450399906,0.028709982221577834
2010-12-01,2.29,0.8285518175661483,-0.028129027473842383
2010-12-02,2.15667,0.7685653654385592,-0.05998645212758902
2010-12-03,2.09933,0.7416182462038101,-0.02694711923474913
2010-12-06,2.02067,0.7034291395867284,-0.03818910661708175
2010-12-07,2.104,0.7438402948754634,0.04041115528873507
2010-12-08,2.158,0.7691818668359429,0.02534157196047948
2010-12-09,2.13667,0.7592485423256546,-0.009933324510288277
2010-12-10,2.10133,0.7425704775917938,-0.016678064733860798
2010-12-13,2.03667,0.7113161211752661,-0.03125435641652774
2010-12-14,1.902,0.6429059641231986,-0.06841015705206754
2010-12-15,1.97333,0.6797224710371887,0.03681650691399019
2010-12-16,2.054,0.7197891115063664,0.04006664046917763
2010-12-17,2.09067,0.737484588766481,0.017695477260114667
2010-12-20,2.11333,0.7482649024927147,0.01078031372623367
2010-12-21,2.15067,0.7657794215006571,0.01751451900794243
2010-12-22,2.17533,0.7771803771696356,0.011400955668978474
2010-12-23,2.006,0.6961426895397437,-0.08103768762989194
2010-12-27,1.70333,0.5325851585984261,-0.16355753094131753
2010-12-28,1.76067,0.565694418427303,0.0331092598288768
2010-12-29,1.84867,0.6144664616251854,0.04877204319788242
2010-12-30,1.76667,0.5690964186806393,-0.04537004294454605
2010-12-31,1.77533,0.5739863211401933,0.0048899024595540075
2011-01-03,1.77467,0.5736144901499938,-0.0003718309901995509
2011-01-04,1.778,0.5754891370917129,0.001874646941719127
2011-01-05,1.78867,0.5814723269191248,0.005983189827411861
2011-01-06,1.85867,0.6198611781887919,0.03838885126966718
2011-01-07,1.88267,0.6326909820595075,0.012829803870715528
2011-01-10,1.89667,0.6400997169378299,0.007408734878322387
2011-01-11,1.79733,0.58630223034077,-0.05379748659705985
2011-01-12,1.79733,0.58630223034077,0.0
2011-01-13,1.748,0.5584722772333437,-0.02782995310742631
2011-01-14,1.71667,0.5403863677532227,-0.01808590948012101
2011-01-18,1.70933,0.5361014808703547,-0.004284886882867989
2011-01-19,1.602,0.4712528486461675,-0.06484863222418719
2011-01-20,1.508,0.41078426958576436,-0.06046857906040315
2011-01-21,1.536,0.42918163472548043,0.01839736513971607
2011-01-24,1.63267,0.4902167115094351,0.061035076783954645
2011-01-25,1.64533,0.4979409720009961,0.007724260491560997
2011-01-26,1.65,0.5007752879124892,0.0028343159114930794
2011-01-27,1.66133,0.5076184863944837,0.00684319848199455
2011-01-28,1.60067,0.4704222915944228,-0.03719619480006092
2011-01-31,1.60667,0.4741637140810438,0.0037414224866210155
2011-02-01,1.594,0.46624658036802336,-0.007917133713020441
2011-02-02,1.596,0.4675004990276171,0.0012539186595937335
2011-02-03,1.57533,0.4544647741400723,-0.013035724887544786
2011-02-04,1.564,0.4472466421231194,-0.007218132016952927
2011-02-07,1.538,0.43048287108345223,-0.01676377103966714
2011-02-08,1.63267,0.4902167115094351,0.05973384042598284
2011-02-09,1.54733,0.4365308649379549,-0.05368584657148018
2011-02-10,1.54733,0.4365308649379549,0.0
2011-02-11,1.55,0.4382549309311553,0.0017240659932004077
2011-02-14,1.53867,0.4309184069131584,-0.007336524017996893
2011-02-15,1.52267,0.4204653728250596,-0.010453034088098834
2011-02-16,1.64867,0.4999689022648978,0.07950352943983824
2011-02-18,1.54533,0.43523747977514515,-0.06473142248975267
2011-02-22,1.458,0.3770656335864664,-0.058171846188678766
2011-02-23,1.45533,0.3752326790310002,-0.0018329545554661708
2011-02-24,1.502,0.406797553341943,0.03156487431094279
2011-02-25,1.574,0.45362014999521155,0.046822596653268544
2011-02-28,1.59267,0.4654118531592284,0.011791703164016842
2011-03-01,1.596,0.4675004990276171,0.0020886458683886944
2011-03-02,1.60133,0.47083453394879304,0.0033340349211759546
2011-03-03,1.624,0.48489224173948625,0.014057707790693208
2011-03-04,1.66333,0.5088216170852935,0.023929375345807247
2011-03-07,1.66267,0.5084247439592184,-0.0003968731260750591
2011-03-08,1.644,0.4971322966339881,-0.011292447325230326
2011-03-09,1.648,0.4995624314872799,0.002430134853291799
2011-03-10,1.60067,0.4704222915944228,-0.02914013989285713
2011-03-11,1.60467,0.4729181279652287,0.002495836370805915
2011-03-14,1.55,0.4382549309311553,-0.03466319703407339
2011-03-15,1.53,0.4252677354043441,-0.012987195526811213
2011-03-16,1.52133,0.4195849522688459,-0.005682783135498193
2011-03-17,1.52067,0.4191510272127275,-0.0004339250561183894
2011-03-18,1.53067,0.42570554804713284,0.006554520834405331
2011-03-21,1.51533,0.41563323702379074,-0.010072311023342106
2011-03-22,1.47933,0.3915892825725164,-0.02404395445127433
2011-03-23,1.48067,0.39249468803977294,0.000905405467256537
2011-03-24,1.48867,0.3978831038875197,0.005388415847746741
2011-03-25,1.51667,0.41651714209453194,0.01863403820701226
2011-03-28,1.55,0.4382549309311553,0.021737788836623362
2011-03-29,1.59467,0.4666668182790396,0.0284118873478843
2011-03-30,1.58067,0.4578488077877266,-0.008818010491313033
2011-03-31,1.85,0.6151856390902335,0.15733683130250692
2011-04-01,1.77733,0.5751122381777267,-0.040073400912506774
2011-04-04,1.722,0.543486406005539,-0.03162583217218773
2011-04-05,1.78,0.5766133643039938,0.0331269582984548
2011-04-06,1.766,0.5687171021817683,-0.007896262122225495
2011-04-07,1.816,0.5966362801791015,0.027919177997333233
2011-04-08,1.766,0.5687171021817683,-0.027919177997333233
2011-04-11,1.68467,0.5215696989267228,-0.04714740325504552
2011-04-12,1.64333,0.4967246709868659,-0.02484502793985688
2011-04-13,1.662,0.5080216964332565,0.011297025446390552
2011-04-14,1.676,0.5164100020598913,0.00838830562663484
2011-04-15,1.70533,0.5337586403945043,0.017348638334612976
2011-04-18,1.66867,0.5120269019423542,-0.02173173845215004
2011-04-19,1.67733,0.517203243446656,0.005176341504301796
2011-04-20,1.71667,0.5403863677532227,0.02318312430656666
2011-04-21,1.78267,0.5781122404277297,0.037725872674507
2011-04-25,1.75933,0.5649330547541608,-0.013179185673568905
2011-04-26,1.79533,0.585188849054145,0.020255794299984253
2011-04-27,1.80533,0.5907434005590666,0.005554551504921568
2011-04-28,1.844,0.6119371251344021,0.021193724575335526
2011-04-29,1.84,0.6097655716208943,-0.00217155351350784
2011-05-02,1.83,0.6043159668533296,-0.005449604767564731
2011-05-03,1.79133,0.5829583607121448,-0.02135760614118476
2011-05-04,1.77933,0.5762368889516587,-0.006721471760486097
2011-05-05,1.76267,0.5668297049536175,-0.009407183998041191
2011-05-06,1.808,0.5922212619699848,0.025391557016367305
2011-05-09,1.86067,0.6209366379170066,0.028715375947021782
2011-05-10,1.88867,0.6358728776521769,0.014936239735170331
2011-05-11,1.80467,0.5903777495854635,-0.04549512806671341
2011-05-12,1.84467,0.6123003997061953,0.0219226501207318
2011-05-13,1.83667,0.6079541493770992,-0.00434625032909608
2011-05-16,1.77333,0.5728591349844286,-0.0350950143926706
2011-05-17,1.73067,0.548508616771886,-0.024350518212542638
2011-05-18,1.75667,0.5634199714165677,0.01491135464468174
2011-05-19,1.88,0.6312717768418578,0.06785180542529001
2011-05-20,1.86467,0.6230840937396637,-0.008187683102194088
2011-05-23,1.788,0.5810976767513224,-0.04198641698834127
2011-05-24,1.78133,0.5773602763069992,-0.0037374004443232467
2011-05-25,1.932,0.6585557357903262,0.08119545948332707
2011-05-26,1.96533,0.6756601701523586,0.01710443436203235
2011-05-27,1.97,0.6780335427498971,0.002373372597538559
2011-05-31,2.00933,0.6978013331697467,0.01976779041984955
2011-06-01,1.90133,0.6425536412866681,-0.05524769188307854
2011-06-02,1.91733,0.6509335932233944,0.008379951936726249
2011-06-03,2.00867,0.6974728115142286,0.04653921829083418
2011-06-06,1.91333,0.6488451795015691,-0.048627632012659516
2011-06-07,1.89133,0.6372802852918998,-0.011564894209669219
2011-06-08,1.808,0.5922212619699848,-0.045059023321915026
2011-06-09,1.84133,0.6104881365948933,0.018266874624908502
2011-06-10,1.85733,0.6191399725601148,0.008651835965221455
2011-06-13,1.89533,0.6393929658535591,0.02025299329344432
2011-06-14,1.90667,0.645358264973817,0.005965299120257894
2011-06-15,1.82133,0.5995670034376502,-0.04579126153616675
2011-06-16,1.76667,0.5690964186806393,-0.03047058475701092
2011-06-17,1.76667,0.5690964186806393,0.0
2011-06-20,1.734,0.5504308783583501,-0.018665540322289176
2011-06-21,1.83533,0.607224301850148,0.056793423491797834
2011-06-22,1.814,0.5955343516929449,-0.011689950157203088
2011-06-23,1.84733,0.6137413533683063,0.01820700167536138
2011-06-24,1.838,0.6086780239334953,-0.005063329434810915
2011-06-27,1.83067,0.6046820200662558,-0.003996003867239528
2011-06-28,1.874,0.6280751838162305,0.023393163749974688
2011-06-29,1.886,0.6344581842112657,0.006383000395035143
2011-06-30,1.942,0.6637183698691331,0.029260185657867477
2011-07-01,1.93467,0.6599367693020373,-0.0037816005670958663
2011-07-05,1.94267,0.6640633155178721,0.004126546215834859
2011-07-06,1.93067,0.6578670929331522,-0.006196222584719968
2011-07-07,1.982,0.6841064359077962,0.02623934297464403
2011-07-08,1.92067,0.6526740835012251,-0.03143235240657105
2011-07-11,1.89,0.636576829071551,-0.016097254429674135
2011-07-12,1.878,0.6302073807860711,-0.006369448285479917
2011-07-13,1.90933,0.646752395178655,0.016545014392583934
2011-07-14,1.84067,0.6101296357762792,-0.036622759402375804
2011-07-15,1.83867,0.6090424841692067,-0.0010871516070725118
2011-07-18,1.81533,0.5962672693717099,-0.01277521479749677
2011-07-19,1.85933,0.6202162077783199,0.023948938406609943
2011-07-20,1.91267,0.6485001716570596,0.02828396387873977
2011-07-21,1.91333,0.6488451795015691,0.00034500784450941513
2011-07-22,1.95267,0.6691976668032334,0.02035248730166439
2011-07-25,1.89933,0.6415011924043118,-0.027696474398921644
2011-07-26,1.86667,0.6241560947856852,-0.01734509761862657
2011-07-27,1.84267,0.6112156067681265,-0.01294048801755876
2011-07-28,1.878,0.6302073807860711,0.018991774017944607
2011-07-29,1.878,0.6302073807860711,0.0
2011-08-01,1.918,0.6512829764612464,0.021075595675175363
2011-08-02,1.82267,0.6003024590141596,-0.05098051744708687
2011-08-03,1.81333,0.5951649339627579,-0.005137525051401637
2011-08-04,1.65,0.5007752879124892,-0.09438964605026878
2011-08-05,1.616,0.4799539600989037,-0.020821327813585477
2011-08-08,1.576,0.4548899914356874,-0.02506396866321625
2011-08-09,1.67067,0.5132247435752142,0.05833475213952677
2011-08-10,1.588,0.462475362824944,-0.05074938075027019
2011-08-11,1.68667,0.5227561709138966,0.06028080808895259
2011-08-12,1.754,0.5618988939499913,0.03914272303609467
2011-08-15,1.74867,0.5588554989890139,-0.003043394960977386
2011-08-16,1.74,0.5538851132264376,-0.004970385762576246
2011-08-17,1.722,0.543486406005539,-0.01039870722089864
2011-08-18,1.61733,0.4807766414057993,-0.0627097645997397
2011-08-19,1.48667,0.3965387195138157,-0.08423792189198359
2011-08-22,1.46333,0.38071466051204783,-0.015824059001767865
2011-08-23,1.53067,0.42570554804713284,0.04499088753508501
2011-08-24,1.59133,0.4645701445668207,0.03886459651968788
2011-08-25,1.54067,0.4322173867472948,-0.0323527578195259
2011-08-26,1.582,0.4586898693454622,0.02647248259816737
2011-08-29,1.64733,0.499155795423983,0.040465926078520786
2011-08-30,1.642,0.49591501103023644,-0.003240784393746532
2011-08-31,1.64933,0.5003691448414961,0.004454133811259642
2011-09-01,1.6,0.47000362924573563,-0.03036551559576045
2011-09-02,1.538,0.43048287108345223,-0.0395207581622834
2011-09-06,1.52933,0.4248297309976855,-0.005653140085766728
2011-09-07,1.58933,0.4633125437773033,0.03848281277961779
2011-09-08,1.574,0.45362014999521155,-0.009692393782091746
2011-09-09,1.53133,0.42613663884414216,-0.027483511151069395
2011-09-12,1.52533,0.422210780092314,-0.00392585875182816
2011-09-13,1.60533,0.4733293429242943,0.051118562831980296
2011-09-14,1.62267,0.4840729406867785,0.01074359776248418
2011-09-15,1.65467,0.503601593176654,0.01952865248987551
2011-09-16,1.72,0.5423242908253617,0.03872269764870773
2011-09-19,1.718,0.5411608235620636,-0.0011634672632980791
2011-09-20,1.734,0.5504308783583501,0.009270054796286509
2011-09-21,1.72333,0.5442584656143806,-0.006172412743969513
2011-09-22,1.70867,0.5357152901107275,-0.008543175503653133
2011-09-23,1.75867,0.5645578415604465,0.028842551449719034
2011-09-26,1.70133,0.5314102981248109,-0.03314754343563564
2011-09-27,1.746,0.5573274574174104,0.025917159292599523
2011-09-28,1.63933,0.49428762177693486,-0.06303983564047555
2011-09-29,1.608,0.47499117075677466,-0.0192964510201602
2011-09-30,1.626,0.4861230111256188,0.011131840368844126
2011-10-03,1.582,0.4586898693454622,-0.0274331417801566
2011-10-04,1.57733,0.4557335441744536,-0.002956325171008578
2011-10-05,1.69133,0.5255152016753474,0.06978165750089377
2011-10-06,1.79733,0.58630223034077,0.06078702866542263
2011-10-07,1.79933,0.5874143733880103,0.0011121430472402771
2011-10-10,1.85867,0.6198611781887919,0.03244680480078166
2011-10-11,1.84067,0.6101296357762792,-0.009731542412512728
2011-10-12,1.85333,0.6169840210316128,0.0068543852553335505
2011-10-13,1.86267,0.6220109422740381,0.00502692124242532
2011-10-14,1.87,0.6259384308664954,0.003927488592457284
2011-10-17,1.828,0.6032224730319583,-0.02271595783453706
2011-10-18,1.88933,0.6362222688680128,0.0329997958360545
2011-10-19,1.838,0.6086780239334953,-0.02754424493451746
2011-10-20,1.82267,0.6003024590141596,-0.008375564919335776
2011-10-21,1.86867,0.625226947875964,0.024924488861804428
2011-10-24,1.90333,0.6436049836847905,0.018378035808826465
2011-10-25,1.88333,0.6330414865771692,-0.010563497107621278
2011-10-26,1.86533,0.6234379811428207,-0.009603505434348514
2011-10-27,1.91733,0.6509335932233944,0.027495612080573717
2011-10-28,1.99133,0.688802757204086,0.03786916398069162
2011-10-31,1.958,0.6719235441083187,-0.016879213095767343
2011-11-01,1.92533,0.6550973816189777,-0.01682616248934099
2011-11-02,1.914,0.6491952930307625,-0.005902088588215171
2011-11-03,2.164,0.7719583609842352,0.1227630679534727
2011-11-04,2.154,0.7673265787341967,-0.004631782250038463
2011-11-07,2.08467,0.7346105693429165,-0.032716009391280276
2011-11-08,2.12267,0.7526747302244979,0.01806416088158147
2011-11-09,2.05867,0.7220601432240391,-0.030614587000458826
2011-11-10,2.08867,0.7365274997750758,0.014467356551036703
2011-11-11,2.24267,0.8076671203272352,0.07113962055215939
2011-11-14,2.21467,0.7951034081992052,-0.01256371212802998
2011-11-15,2.262,0.8162493776939287,0.02114596949472347
2011-11-16,2.32933,0.8455806725780629,0.029331294884134218
2011-11-17,2.24533,0.8088525037102439,-0.036728168867819044
2011-11-18,2.17333,0.7762605535269445,-0.03259195018329941
2011-11-21,2.11733,0.7501558609681809,-0.026104692558763576
2011-11-22,2.138,0.7598708126028534,0.009714951634672508
2011-11-23,2.09667,0.7403503718680949,-0.01952044073475845
2011-11-25,2.11067,0.7470054326292572,0.00665506076116229
2011-11-28,2.17067,0.775035875657486,0.02803044302822877
2011-11-29,2.11667,0.7498440990384002,-0.02519177661908578
2011-11-30,2.18267,0.7805488980234855,0.03070479898508527
2011-12-01,2.17333,0.7762605535269445,-0.00428834449654103
2011-12-02,2.22,0.7975071958841882,0.021246642357243717
2011-12-05,2.29467,0.8305890423239399,0.03308184643975176
2011-12-06,2.32467,0.8435780934816546,0.012989051157714648
2011-12-07,2.27933,0.8238815401320194,-0.01969655334963516
2011-12-08,2.05933,0.722380687180159,-0.1015008529518604
2011-12-09,2.06933,0.7272248833867683,0.0048441962066092525
2011-12-12,2.02733,0.7067196563897234,-0.020505226997044823
2011-12-13,1.96333,0.6746420112010751,-0.03207764518864831
2011-12-14,1.902,0.6429059641231986,-0.031736047077876584
2011-12-15,1.908,0.6460555730260947,0.0031496089028961727
2011-12-16,1.86667,0.6241560947856852,-0.021899478240409498
2011-12-19,1.85,0.6151856390902335,-0.00897045569545174
2011-12-20,1.86,0.62057648772511,0.005390848634876488
2011-12-21,1.838,0.6086780239334953,-0.011898463791614633
2011-12-22,1.85133,0.615904299710736,0.007226275777240665
2011-12-23,1.86,0.62057648772511,0.004672188014373968
2011-12-27,1.90467,0.6443087652264446,0.023732277501334664
2011-12-28,1.90067,0.6422064555914395,-0.0021023096350051285
2011-12-29,1.91533,0.6498899315463669,0.007683475954927355
2011-12-30,1.904,0.6439569363691735,-0.0059329951771933676
2012-01-03,1.872,0.6270073780554004,-0.016949558313773094
2012-01-04,1.84733,0.6137413533683063,-0.013266024687094147
2012-01-05,1.808,0.5922212619699848,-0.02152009139832145
2012-01-06,1.794,0.5844477636366044,-0.007773498333380369
2012-01-09,1.81667,0.597005154867745,0.012557391231140524
2012-01-10,1.84133,0.6104881365948933,0.013482981727148347
2012-01-11,1.882,0.6323350411631878,0.021846904568294523
2012-01-12,1.88333,0.6330414865771692,0.0007064454139813492
2012-01-13,1.51933,0.41826944820826356,-0.21477203836890563
2012-01-17,1.77333,0.5728591349844286,0.15458968677616508
2012-01-18,1.78733,0.5807228861681635,0.007863751183734835
2012-01-19,1.784,0.5788580341578177,-0.0018648520103458077
2012-01-20,1.77333,0.5728591349844286,-0.005998899173389027
2012-01-23,1.78467,0.5792335241907274,0.006374389206298736
2012-01-24,1.828,0.6032224730319583,0.023988948841230928
2012-01-25,1.86467,0.6230840937396637,0.019861620707705363
2012-01-26,1.92933,0.6571727923871266,0.03408869864746289
2012-01-27,1.95533,0.6705589771465217,0.013386184759395126
2012-01-30,1.97133,0.6787084418578041,0.008149464711282417
2012-01-31,1.938,0.6616565134685745,-0.017051928389229642
2012-02-01,1.972,0.6790482561804436,0.017391742711869163
2012-02-02,2.01667,0.7014476362658364,0.022399380085392773
2012-02-03,2.07667,0.7307656492664004,0.029318013000564025
2012-02-06,2.12,0.7514160886839212,0.02065043941752076
2012-02-07,2.10667,0.7451085017678855,-0.006307586916035723
2012-02-08,2.12867,0.7554973715487165,0.01038886978083109
2012-02-09,2.172,0.7756484020716891,0.020151030522972513
2012-02-10,2.07333,0.7291560103646442,-0.04649239170704489
2012-02-13,2.09933,0.7416182462038101,0.012462235839165947
2012-02-14,2.21133,0.7935941444694224,0.05197589826561233
2012-02-15,2.24,0.8064758658669485,0.01288172139752608
2012-02-16,2.27933,0.8238815401320194,0.017405674265070892
2012-02-17,2.33133,0.8464389201750834,0.022557380043063957
2012-02-21,2.3,0.8329091229351039,-0.01352979723997949
2012-02-22,2.28133,0.8247586062269301,-0.008150516708173794
2012-02-23,2.302,0.833778310299691,0.00901970407276087
2012-02-24,2.25,0.8109302162163288,-0.02284809408336219
2012-02-27,2.24133,0.8070694396671596,-0.003860776549169165
2012-02-28,2.254,0.8127064156175846,0.005636975950425005
2012-02-29,2.22733,0.8008035587074184,-0.011902856910166237
2012-03-01,2.294,0.830297018707179,0.029493459999760607
2012-03-02,2.26933,0.8194846337417201,-0.010812384965458888
2012-03-05,2.25133,0.8115211526900836,-0.007963481051636467
2012-03-06,2.20733,0.7917836403380153,-0.01973751235206833
2012-03-07,2.208,0.792087128414849,0.00030348807683366896
2012-03-08,2.20467,0.7905778378347089,-0.0015092905801400436
2012-03-09,2.316,0.8398415597107487,0.04926372187603978
2012-03-12,2.40067,0.8757478650608034,0.03590630535005468
2012-03-13,2.406,0.8779656175524871,0.0022177524916837665
2012-03-14,2.35267,0.8555508534159286,-0.022414764136558518
2012-03-15,2.33333,0.8472964318147547,-0.008254421601173956
2012-03-16,2.35467,0.8564005902610863,0.009104158446331612
2012-03-19,2.332,0.8467262684882458,-0.009674321772840444
2012-03-20,2.33067,0.8461557798900515,-0.0005704885981943075
2012-03-21,2.34333,0.8515729946783454,0.005417214788293823
2012-03-22,2.29333,0.8300049097877142,-0.021568084890631112
2012-03-23,2.272,0.8206605008589049,-0.009344408928809389
2012-03-26,2.49333,0.9136191664189868,0.09295866556008192
2012-03-27,2.52933,0.9279544455334681,0.014335279114481292
2012-03-28,2.52333,0.9255794577764123,-0.002374987757055802
2012-03-29,2.48867,0.9117484312286894,-0.013831026547722836
2012-03-30,2.48267,0.909334593948075,-0.002413837280614395
2012-04-02,2.43867,0.891452808726716,-0.01788178522135908
2012-04-03,2.534,0.9297990818989472,0.03834627317223127
2012-04-04,2.33333,0.8472964318147547,-0.08250265008419255
2012-04-05,2.314,0.8389776287714849,-0.008318803043269818
2012-04-09,2.21,0.7929925155296614,-0.045985113241823417
2012-04-10,2.164,0.7719583609842352,-0.02103415454542623
2012-04-11,2.206,0.7911809208313108,0.01922255984707555
2012-04-12,2.22933,0.801701091897862,0.010520171066551232
2012-04-13,2.23933,0.8061767139826279,0.004475622084765929
2012-04-16,2.15,0.7654678421395714,-0.04070887184305649
2012-04-17,2.14933,0.7651561656665286,-0.0003116764730428656
2012-04-18,2.17733,0.7780993555142586,0.012943189847730019
2012-04-19,2.21067,0.7932956370045193,0.015196281490260755
2012-04-20,2.21067,0.7932956370045193,0.0
2012-04-23,2.12933,0.75580737624824,-0.03748826075627931
2012-04-24,2.12133,0.7520432504674155,-0.003764125780824523
2012-04-25,2.194,0.7857263618530385,0.033683111385622966
2012-04-26,2.23267,0.8031981786857687,0.017471816832730247
2012-04-27,2.22267,0.7987091759193733,-0.004489002766395411
2012-04-30,2.20867,0.7923905244146132,-0.0063186515047600755
2012-05-01,2.252,0.8118187102774439,0.019428185862830682
2012-05-02,2.26267,0.8165455318907638,0.0047268216133199425
2012-05-03,2.164,0.7719583609842352,-0.04458717090652864
2012-05-04,2.122,0.7523590401917913,-0.019599320792443864
2012-05-07,2.16467,0.7722679248943278,0.01990888470253649
2012-05-08,2.01267,0.6994621987927081,-0.07280572610161973
2012-05-09,2.004,0.6951451832226183,-0.004317015570089788
2012-05-10,2.19733,0.787242986947619,0.09209780372500065
2012-05-11,2.15,0.7654678421395714,-0.021775144808047542
2012-05-14,2.004,0.6951451832226183,-0.0703226589169531
2012-05-15,1.962,0.6739643611431714,-0.021180822079446937
2012-05-16,1.94533,0.6654316284885625,-0.008532732654608854
2012-05-17,1.90467,0.6443087652264446,-0.021122863262117875
2012-05-18,1.83733,0.6083134308180896,-0.035995334408355006
2012-05-21,1.918,0.6512829764612464,0.042969545643156803
2012-05-22,2.05267,0.7191413847367453,0.06785840827549883
2012-05-23,2.068,0.7265819566461827,0.007440571909437477
2012-05-24,2.02133,0.7037557105940839,-0.02282624605209882
2012-05-25,1.98733,0.6867920292968632,-0.0169636812972207
2012-05-29,2.11267,0.7479525503841647,0.06116052108730152
2012-05-30,2.02733,0.7067196563897234,-0.0412328939944413
2012-05-31,1.96667,0.6763417571573819,-0.030377899232341576
2012-06-01,1.87667,0.6294989296808462,-0.046842827476535676
2012-06-04,1.85867,0.6198611781887919,-0.009637751492054258
2012-06-05,1.86067,0.6209366379170066,0.001075459728214656
2012-06-06,1.94333,0.664402996426954,0.0434663585099474
2012-06-07,1.92867,0.6568306461940533,-0.007572350232900704
2012-06-08,2.00533,0.6958086357440049,0.038977989549951575
2012-06-11,1.94133,0.663373305191834,-0.03243533055217085
2012-06-12,1.97733,0.6817474498340714,0.01837414464223741
2012-06-13,1.98467,0.6854526534672287,0.0037052036331572946
2012-06-14,1.95933,0.6726025780682372,-0.012850075398991523
2012-06-15,1.994,0.6901426715396466,0.01754009347140939
2012-06-18,2.12267,0.7526747302244979,0.06253205868485134
2012-06-19,2.13933,0.7604926959005479,0.007817965676049976
2012-06-20,2.252,0.8118187102774439,0.05132601437689599
2012-06-21,2.146,0.7636056442085067,-0.04821306606893716
2012-06-22,2.25267,0.8121161793506239,0.04851053514211712
2012-06-25,2.20733,0.7917836403380153,-0.020332539012608564
2012-06-26,2.10733,0.745421743346147,-0.04636189699186832
2012-06-27,2.13067,0.7564364842502095,0.011014740904062514
2012-06-28,2.094,0.739076112448345,-0.01736037180186445
2012-06-29,2.086,0.7352483565785807,-0.00382775586976436
2012-07-02,2.02667,0.7063940520454556,-0.028854304533125097
2012-07-03,2.044,0.714908672341458,0.008514620296002473
2012-07-05,2.082,0.7333289701927771,0.018420297851319045
2012-07-06,2.066,0.7256143706974467,-0.0077145994953303765
2012-07-09,2.09933,0.7416182462038101,0.016003875506363396
2012-07-10,2.08467,0.7346105693429165,-0.007007676860893652
2012-07-11,2.10067,0.7422563414635562,0.007645772120639771
2012-07-12,2.18,0.7793248768009977,0.03706853533744148
2012-07-13,2.28333,0.825634903750944,0.04631002694994624
2012-07-16,2.39733,0.8743556180664275,0.048720714315483526
2012-07-17,2.22333,0.7990060720079238,-0.07534954605850364
2012-07-18,2.14333,0.7623606943702558,-0.036645377637668064
2012-07-19,2.15133,0.766086255533748,0.003725561163492208
2012-07-20,2.11933,0.7511000009976224,-0.014986254536125565
2012-07-23,2.044,0.714908672341458,-0.03619132865616437
2012-07-24,1.98933,0.6877978986287291,-0.027110773712728964
2012-07-25,1.93,0.6575200029167941,-0.030277895711934955
2012-07-26,1.87533,0.6287846439361912,-0.028735358980602976
2012-07-27,1.96733,0.6766772935103011,0.04789264957410999
2012-07-30,1.82333,0.6006644996105441,-0.07601279389975701
2012-07-31,1.828,0.6032224730319583,0.0025579734214141725
2012-08-01,1.75,0.5596157879354227,-0.04360668509653565
2012-08-02,1.74,0.5538851132264376,-0.0057306747089850285
2012-08-03,1.818,0.5977369957552872,0.04385188252884953
2012-08-06,1.88467,0.6337527392610811,0.03601574350579395
2012-08-07,2.01667,0.7014476362658364,0.06769489700475528
2012-08-08,1.93933,0.6623425525997104,-0.03910508366612597
2012-08-09,1.96067,0.6732862515642545,0.010943698964544057
2012-08-10,1.996,0.6911451778892722,0.017858926325017732
2012-08-13,2.078,0.7314058926770356,0.040260714787763385
2012-08-14,1.96133,0.673622814545504,-0.05778307813153161
2012-08-15,1.96,0.6729444732424258,-0.0006783413030782004
2012-08-16,2.02,0.7030975114131134,0.030153038170687596
2012-08-17,2.00067,0.6934821244599739,-0.00961538695313946
2012-08-20,1.96733,0.6766772935103011,-0.016804830949672778
2012-08-21,1.94067,0.6630332742766567,-0.013644019233644444
2012-08-22,1.99667,0.6914807929069365,0.028447518630279833
2012-08-23,2.04867,0.7171908021133796,0.025710009206443063
2012-08-24,1.96667,0.6763417571573819,-0.040849044955997726
2012-08-27,1.888,0.6355180677233089,-0.040823689434072996
2012-08-28,1.91267,0.6485001716570596,0.012982103933750766
2012-08-29,1.894,0.6386909947638865,-0.009809176893173177
2012-08-30,1.894,0.6386909947638865,0.0
2012-08-31,1.90133,0.6425536412866681,0.0038626465227816764
2012-09-04,1.876,0.6291418505840328,-0.013411790702635318
2012-09-05,1.86267,0.6220109422740381,-0.0071309083099947435
2012-09-06,1.90333,0.6436049836847905,0.021594041410752385
2012-09-07,1.95667,0.6712440487479571,0.0276390650631666
2012-09-10,1.82467,0.6013991487663927,-0.0698448999815644
2012-09-11,1.85333,0.6169840210316128,0.015584872265220095
2012-09-12,1.88533,0.6341028718906527,0.01711885085903997
2012-09-13,1.96533,0.6756601701523586,0.041557298261705844
2012-09-14,2.026,0.7060634058264915,0.030403235674132945
2012-09-17,2.16933,0.7744183641171262,0.06835495829063465
2012-09-18,2.08933,0.7368434404191591,-0.03757492369796711
2012-09-19,2.07,0.7275486072772777,-0.009294833141881398
2012-09-20,2.06,0.7227059828014898,-0.004842624475787871
2012-09-21,2.00133,0.6938119595454229,-0.028894023256066936
2012-09-24,2.044,0.714908672341458,0.0210967127960352
2012-09-25,1.844,0.6119371251344021,-0.10297154720705592
2012-09-26,1.836,0.6075892921982987,-0.004347832936103413
2012-09-27,1.89933,0.6415011924043118,0.03391190020601309
2012-09-28,1.952,0.6688544879909007,0.027353295586588944
2012-10-01,1.944,0.6647477060382473,-0.00410678195265346
2012-10-02,1.98667,0.68645987026009,0.021712164221842745
2012-10-03,1.95333,0.6695356084347138,-0.016924261825376208
2012-10-04,1.96,0.6729444732424258,0.0034088648077119643
2012-10-05,1.926,0.6554453133759338,-0.017499159866491976
2012-10-08,1.95,0.6678293725756554,0.012384059199721631
2012-10-09,1.89133,0.6372802852918998,-0.030549087283755605
2012-10-10,1.89333,0.6383371835000202,0.0010568982081203826
2012-10-11,1.888,0.6355180677233089,-0.002819115776711345
2012-10-12,1.84267,0.6112156067681265,-0.024302460955182403
2012-10-15,1.822,0.5999347988377666,-0.011280807930359904
2012-10-16,1.87067,0.6262966554664545,0.026361856628687952
2012-10-17,1.92127,0.652986425705881,0.026689770239426425
2012-10-18,1.86933,0.6255800778956849,-0.02740634781019602
2012-10-19,1.84933,0.6148234113315172,-0.010756666564167738
2012-10-22,1.85667,0.6187845606016078,0.003961149270090614
2012-10-23,1.89267,0.6379885305646342,0.019203969963026424
2012-10-24,1.828,0.6032224730319583,-0.03476605753267592
2012-10-25,1.83467,0.6068646288217475,0.0036421557897892143
2012-10-26,1.82533,0.6017607926059505,-0.00510383621579702
2012-10-31,1.8754,0.6288219700033877,0.027061177397437186
2012-11-01,1.94967,0.6676601274852823,0.038838157481894564
2012-11-02,1.92787,0.6564157665291334,-0.011244360956148891
2012-11-05,2.1,0.7419373447293773,0.08552157820024398
2012-11-06,2.07667,0.7307656492664004,-0.011171695462976916
2012-11-07,2.10267,0.7432079657199481,0.012442316453547653
2012-11-08,2.08733,0.7358857373009423,-0.007322228419005761
2012-11-09,2.02133,0.7037557105940839,-0.03213002670685838
2012-11-12,2.07133,0.7281909130320594,0.02443520243797548
2012-11-13,2.1076,0.7455498593529938,0.017358946320934376
2012-11-14,2.092,0.7381205462026765,-0.007429313150317252
2012-11-15,2.05467,0.7201152511116106,-0.018005295091065965
2012-11-16,2.12267,0.7526747302244979,0.03255947911288737
2012-11-19,2.19467,0.7860316935390413,0.03335696331454341
2012-11-20,2.2,0.7884573603642703,0.0024256668252289337
2012-11-21,2.16467,0.7722679248943278,-0.016189435469942448
2012-11-23,2.142,0.761739972025557,-0.01052795286877084
2012-11-26,2.15133,0.766086255533748,0.004346283508190996
2012-11-27,2.14333,0.7623606943702558,-0.003725561163492208
2012-11-28,2.214,0.7948008342864451,0.032440139916189326
2012-11-29,2.246,0.8091508563162514,0.014350022029806286
2012-11-30,2.25467,0.8130036207822703,0.0038527644660188987
2012-12-03,2.308,0.836381348645853,0.02337772786358272
2012-12-04,2.26,0.8153648132841944,-0.021016535361658595
2012-12-05,2.24733,0.8097428449032644,-0.005621968380929987
2012-12-06,2.26,0.8153648132841944,0.005621968380929987
2012-12-07,2.278,0.8232978650249904,0.007933051740795949
2012-12-10,2.30467,0.8349374991710351,0.011639634146044742
2012-12-11,2.352,0.8552660300363805,0.020328530865345362
2012-12-12,2.35067,0.8547003939039449,-0.000565636132435543
2012-12-13,2.24067,0.8067749282861821,-0.047925465617762786
2012-12-14,2.254,0.8127064156175846,0.005931487331402474
2012-12-17,2.29333,0.8300049097877142,0.01729849417012963
2012-12-18,2.306,0.8355144218468673,0.0055095120591530655
2012-12-19,2.30733,0.8360910118748285,0.0005765900279611769
2012-12-20,2.29533,0.8308766240252683,-0.005214387849560187
2012-12-21,2.26667,0.8183117941011053,-0.012564829924162968
2012-12-24,2.28533,0.8265104340498759,0.00819863994877057
2012-12-26,2.23933,0.8061767139826279,-0.020333720067247985
2012-12-27,2.246,0.8091508563162514,0.002974142333623475
2012-12-28,2.21467,0.7951034081992052,-0.014047448117046168
2012-12-31,2.258,0.8144794657274703,0.0193760575282651
2013-01-02,2.35733,0.8575296226390836,0.04305015691161329
2013-01-03,2.318,0.84070474491756,-0.016824877721523634
2013-01-04,2.29333,0.8300049097877142,-0.010699835129845736
2013-01-07,2.28933,0.8282591983381037,-0.0017457114496105541
2013-01-08,2.24533,0.8088525037102439,-0.019406694627859822
2013-01-09,2.24267,0.8076671203272352,-0.0011853833830086646
2013-01-10,2.23533,0.8043888681729064,-0.0032782521543287535
2013-01-11,2.194,0.7857263618530385,-0.01866250631986799
2013-01-14,2.21733,0.7963037693541656,0.010577407501127123
2013-01-15,2.26,0.8153648132841944,0.01906104393002883
2013-01-16,2.27333,0.8212457169105263,0.005880903626331868
2013-01-17,2.292,0.8294247988524931,0.008179081941966815
2013-01-18,2.30133,0.8334872166762788,0.004062417823785691
2013-01-22,2.346,0.8527117502312838,0.019224533555004975
2013-01-23,2.4,0.8754687373538999,0.02275698712261609
2013-01-24,2.466,0.9025974047421527,0.027128667388252814
2013-01-25,2.46533,0.902325672773648,-0.00027173196850471815
2013-01-28,2.53533,0.930323806085582,0.027998133311934015
2013-01-29,2.53,0.9282193027394288,-0.002104503346153197
2013-01-30,2.50133,0.9168225904123246,-0.011396712327104153
2013-01-31,2.50067,0.91655869596857,-0.0002638944437546309
2013-02-01,2.55333,0.9373983896005094,0.020839693631939382
2013-02-04,2.516,0.922670338838194,-0.014728050762315315
2013-02-05,2.542,0.9329511727672622,0.0102808339290682
2013-02-06,2.61133,0.9598596700876078,0.026908497320345504
2013-02-07,2.632,0.9677440134630708,0.007884343375463065
2013-02-08,2.616,0.9616464335949523,-0.006097579868118541
2013-02-11,2.56133,0.9405266548318357,-0.021119778763116548
2013-02-12,2.526,0.9266370239282993,-0.013889630903536454
2013-02-13,2.56333,0.9413071944584804,0.014670170530181159
2013-02-14,2.55333,0.9373983896005094,-0.003908804857971071
2013-02-15,2.46933,0.9039468587828488,-0.03345153081766061
2013-02-19,2.61867,0.9626665552956685,0.05871969651281972
2013-02-20,2.56933,0.9436451645297695,-0.019021390765898927
2013-02-21,2.344,0.8518588717147662,-0.09178629281500339
2013-02-22,2.40733,0.8785182495282082,0.026659377813442076
2013-02-25,2.292,0.8294247988524931,-0.04909345067571513
2013-02-26,2.29533,0.8308766240252683,0.0014518251727752007
2013-02-27,2.34,0.85015092936961,0.019274305344341713
2013-02-28,2.322,0.8424288832756998,-0.007722046093910251
2013-03-01,2.31,0.8372475245337022,-0.005181358741997544
2013-03-04,2.372,0.863733481135479,0.026485956601776772
2013-03-05,2.44333,0.8933618629730397,0.02962838183756067
2013-03-06,2.51267,0.9213459327877874,0.02798406981474777
2013-03-07,2.54867,0.935571654478654,0.014225721690866555
2013-03-08,2.56467,0.9418298153752119,0.006258160896557952
2013-03-11,2.60667,0.9580735446606709,0.01624372928545892
2013-03-12,2.608,0.9585836440644065,0.0005100994037356976
2013-03-13,2.59867,0.9549997756854636,-0.003583868378942978
2013-03-14,2.45667,0.8988067743843181,-0.05619300130114546
2013-03-15,2.35267,0.8555508534159286,-0.04325592096838948
2013-03-18,2.34333,0.8515729946783454,-0.003977858737583273
2013-03-19,2.33867,0.8495823917143255,-0.001990602964019872
2013-03-20,2.39667,0.8740802738844625,0.024497882170137042
2013-03-21,2.40067,0.8757478650608034,0.0016675911763408546
2013-03-22,2.44133,0.8925429727691099,0.0167951077083065
2013-03-25,2.502,0.9170904120447193,0.02454743927560943
2013-03-26,2.524,0.9258449446789667,0.008754532634247414
2013-03-27,2.544,0.9337376454778757,0.007892700798909025
2013-03-28,2.526,0.9266370239282993,-0.007100621549576469
2013-04-01,2.92867,1.0745483950591987,0.14791137113089947
2013-04-02,2.956,1.0838370030859554,0.009288608026756684
2013-04-03,2.74,1.007957920399979,-0.07587908268597654
2013-04-04,2.80067,1.0298586742711837,0.021900753871204826
2013-04-05,2.758,1.01450577937111,-0.015352894900073633
2013-04-08,2.78867,1.0255647796655503,0.01105900029444018
2013-04-09,2.7,0.9932517730102834,-0.03231300665526682
2013-04-10,2.79067,1.0262817103726465,0.03302993736236304
2013-04-11,2.906,1.0667775651480913,0.04049585477544482
2013-04-12,2.91667,1.070442554557903,0.0036649894098117475
2013-04-15,2.88667,1.0601035886399786,-0.010338965917924492
2013-04-16,3.03933,1.111637096390799,0.05153350775082055
2013-04-17,3.03,1.1085626195212777,-0.0030744768695214475
2013-04-18,3.13133,1.141457834426866,0.03289521490558833
2013-04-19,3.18867,1.1596039019584643,0.01814606753159831
2013-04-22,3.346,1.2077656025646322,0.04816170060616787
2013-04-23,3.40067,1.2239724710321054,0.016206868467473212
2013-04-24,3.362,1.2125360349864238,-0.011436436045681564
2013-04-25,3.46667,1.2431944790172167,0.030658444030792875
2013-04-26,3.41333,1.2276883543802752,-0.015506124636941454
2013-04-29,3.66267,1.2981923896482312,0.07050403526795601
2013-04-30,3.59933,1.2807477170301313,-0.0174446726180999
2013-05-01,3.552,1.2675108251299236,-0.013236891900207715
2013-05-02,3.60733,1.282967886508392,0.015457061378468362
2013-05-03,3.63667,1.291068427766734,0.00810054125834192
2013-05-06,3.96667,1.3779269517851553,0.08685852401842142
2013-05-07,3.70067,1.30851388433806,-0.06941306744709541
2013-05-08,3.71933,1.313543544536865,0.00502966019880513
2013-05-09,4.62667,1.5318373868713844,0.21829384233451932
2013-05-10,5.11733,1.6326328186561494,0.10079543178476502
2013-05-13,5.85333,1.7670107300626168,0.13437791140646738
2013-05-14,5.54933,1.7136771997502898,-0.053333530312327015
2013-05-15,5.656,1.7327169285942716,0.019039728843981862
2013-05-16,6.15,1.8164520818184267,0.08373515322415503
2013-05-17,6.1,1.8082887711792655,-0.008163310639161203
2013-05-20,5.996,1.7910925802403515,-0.017196190938914002
2013-05-21,5.83933,1.7646160642312043,-0.026476516009147133
2013-05-22,5.816,1.7606127402312182,-0.0040033239999861525
2013-05-23,6.182,1.8216418437099247,0.06102910347870649
2013-05-24,6.472,1.8674851797561907,0.045843336046266
2013-05-28,7.35533,1.995425220484005,0.1279400407278144
2013-05-29,6.97533,1.942379638416217,-0.05304558206778798
2013-05-30,6.99667,1.94543432158166,0.003054683165442995
2013-05-31,6.51733,1.874464782864316,-0.07096953871734413
2013-06-03,6.17267,1.8201314833727202,-0.05433329949159571
2013-06-04,6.32267,1.8441415872985671,0.024010103925846904
2013-06-05,6.358,1.849713862488611,0.005572275190043774
2013-06-06,6.49,1.8702625307159986,0.020548668227387656
2013-06-07,6.80267,1.9173151821752006,0.04705265145920201
2013-06-10,6.67,1.8976198599275322,-0.019695322247668345
2013-06-11,6.298,1.840232122678833,-0.05738773724869928
2013-06-12,6.51533,1.874157861634774,0.03392573895594109
2013-06-13,6.54533,1.8787518182588765,0.0045939566241024465
2013-06-14,6.68667,1.9001159923700421,0.021364174111165646
2013-06-17,6.81333,1.9188809874304837,0.018764995060441603
2013-06-18,6.89267,1.9304585281020392,0.011577540671555475
2013-06-19,6.97867,1.9428583542057807,0.012399826103741463
2013-06-20,6.71,1.9035989509835904,-0.03925940322219024
2013-06-21,6.63667,1.8926103316680398,-0.010988619315550618
2013-06-24,6.766,1.9119100703585168,0.019299738690476964
2013-06-25,6.82667,1.9208369997843282,0.008926929425811414
2013-06-26,7.048,1.9527438886338784,0.031906888849550175
2013-06-27,7.28333,1.9855881752074809,0.0328442865736025
2013-06-28,7.15733,1.9681370063982513,-0.01745116880922959
2013-07-01,7.812,2.0556610130144324,0.0875240066161811
2013-07-02,7.85467,2.061108259367408,0.005447246352975554
2013-07-03,7.68267,2.0389671429911496,-0.022141116376258374
2013-07-05,8.006,2.080191260570382,0.04122411757923228
2013-07-08,8.10733,2.0927685907402145,0.012577330169832646
2013-07-09,8.23,2.1077860146889784,0.01501742394876393
2013-07-10,8.15133,2.0981811041227507,-0.009604910566227698
2013-07-11,8.374,2.1251316675969516,0.026950563474200884
2013-07-12,8.66,2.1587147225743437,0.03358305497739211
2013-07-15,8.484,2.1381820367024362,-0.020532685871907486
2013-07-16,7.27,1.9837562915454279,-0.15442574515700835
2013-07-17,8.01667,2.08152312368399,0.09776683213856208
2013-07-18,7.93533,2.071324941015321,-0.010198182668669009
2013-07-19,7.97867,2.0767717309046185,0.0054467898892975875
2013-07-22,8.162,2.0994892369836142,0.022717506078995697
2013-07-23,8.18267,2.10201850322382,0.002529266240205885
2013-07-24,8.11333,2.0935083880448433,-0.008510115178976818
2013-07-25,8.27133,2.1127953183541814,0.019286930309338146
2013-07-26,8.626,2.1547808982256513,0.04198557987146989
2013-07-29,8.97467,2.194406164896125,0.039625266670473724
2013-07-30,8.78267,2.172780461645713,-0.02162570325041191
2013-07-31,8.952,2.191876971009624,0.01909650936391083
2013-08-01,9.03667,2.201290743709973,0.009413772700348932
2013-08-02,9.2,2.2192034840549946,0.01791274034502166
2013-08-05,9.64533,2.266473860391359,0.04727037633636444
2013-08-06,9.47667,2.2488329887358556,-0.01764087165550343
2013-08-07,8.94867,2.1915049178922366,-0.05732807084361902
2013-08-08,10.232,2.3255200642765415,0.1340151463843049
2013-08-09,10.2,2.322387720290225,-0.003132343986316233
2013-08-12,9.82533,2.2849637449775275,-0.0374239753126977
2013-08-13,9.69533,2.271644326279332,-0.013319418698195307
2013-08-14,9.29067,2.2290106707849264,-0.04263365549440579
2013-08-15,9.31133,2.231231938228723,0.002221267443796471
2013-08-16,9.46667,2.247777208611665,0.016545270382942068
2013-08-19,9.66,2.2679936482244267,0.02021643961276176
2013-08-20,9.972,2.299781165661311,0.03178751743688446
2013-08-21,9.85733,2.28821534086897,-0.01156582479234114
2013-08-22,10.4733,2.3488291614681134,0.06061382059914333
2013-08-23,10.7893,2.378554902281425,0.029725740813311585
2013-08-26,10.948,2.393156791178433,0.014601888897007864
2013-08-27,11.134,2.410003489761316,0.016846698582883235
2013-08-28,11.0967,2.406647766819389,-0.0033557229419272083
2013-08-29,11.0707,2.4043019786870357,-0.0023457881323531993
2013-08-30,11.2667,2.4218514723963684,0.017549493709332786
2013-09-03,11.2627,2.421496380823399,-0.00035509157296953475
2013-09-04,11.3747,2.4313915908628503,0.009895210039451374
2013-09-05,11.3287,2.427339328827517,-0.004052262035333154
2013-09-06,11.1313,2.409760959904253,-0.017578368923264254
2013-09-09,10.7133,2.3714859602487377,-0.038274999655515174
2013-09-10,11.0913,2.4061610172154033,0.03467505696666562
2013-09-11,10.9013,2.3888820481785134,-0.01727896903688997
2013-09-12,10.9953,2.3974679087640967,0.008585860585583305
2013-09-13,11.036,2.4011626563550394,0.003694747590942793
2013-09-16,11.1053,2.407422471839668,0.006259815484628728
2013-09-17,11.082,2.405322170445158,-0.002100301394510229
2013-09-18,11.0813,2.405259002956541,-6.316748861712185e-05
2013-09-19,11.8613,2.47328099970426,0.06802199674771936
2013-09-20,12.226,2.5035648316065338,0.030283831902273572
2013-09-23,12.074,2.4910543803742344,-0.012510451232299324
2013-09-24,12.1553,2.4977652886646626,0.006710908290428197
2013-09-25,12.3493,2.513599381305662,0.01583409264099922
2013-09-26,12.576,2.531790235686851,0.01819085438118906
2013-09-27,12.7267,2.5437021487984035,0.011911913111552597
2013-09-30,12.8913,2.5565526652404453,0.012850516442041826
2013-10-01,12.8667,2.5546425784728948,-0.0019100867675505562
2013-10-02,12.0633,2.4901677857094713,-0.0644747927634235
2013-10-03,11.554,2.447031697359074,-0.043136088350397284
2013-10-04,12.0653,2.4903335640807467,0.04330186672167269
2013-10-07,12.2047,2.501821123452701,0.011487559371954337
2013-10-08,11.6487,2.4551945858024746,-0.046626537650226396
2013-10-09,11.252,2.4205458906276105,-0.03464869517486413
2013-10-10,11.5287,2.444839578574759,0.0242936879471487
2013-10-11,11.9133,2.4776554230738075,0.032815844499048286
2013-10-14,11.9813,2.4833471009903816,0.0056916779165741005
2013-10-15,12.2627,2.5065621346463463,0.023215033655964668
2013-10-16,12.2373,2.5044886645157227,-0.0020734701306235337
2013-10-17,12.1867,2.500345193143858,-0.00414347137186466
2013-10-18,12.2267,2.50362208499779,0.0032768918539320957
2013-10-21,11.5067,2.4429294744143006,-0.060692610583489515
2013-10-22,11.436,2.4367662744600653,-0.00616319995423531
2013-10-23,10.9667,2.394863408612275,-0.04190286584779024
2013-10-24,11.5433,2.446105182072401,0.05124177346012582
2013-10-25,11.3107,2.4257491803436477,-0.02035600172875318
2013-10-28,10.8573,2.3848376648104854,-0.0409115155331623
2013-10-29,10.9647,2.3946810217144443,0.009843356903958878
2013-10-30,10.6147,2.3622398328622976,-0.03244118885214675
2013-10-31,10.6627,2.366751669968962,0.0045118371066643626
2013-11-01,10.8113,2.3805918834400073,0.01384021347104536
2013-11-04,11.68,2.457877977400081,0.07728609396007391
2013-11-05,11.7873,2.4670226806894395,0.009144703289358347
2013-11-06,10.0773,2.3102853696202335,-0.15673731106920608
2013-11-07,9.318,2.231948013394605,-0.07833735622562843
2013-11-08,9.19667,2.2188414620111825,-0.013106551383422538
2013-11-11,9.64667,2.26661277807767,0.04777131606648766
2013-11-12,9.18667,2.2177535203219847,-0.04885925775568545
2013-11-13,9.24667,2.224263486708778,0.006509966386793131
2013-11-14,9.17333,2.2163003610248744,-0.00796312568390345
2013-11-15,9.03,2.200552367428894,-0.015747993595980336
2013-11-18,8.10533,2.0925218699664314,-0.10803049746246263
2013-11-19,8.406,2.128945736582925,0.03642386661649377
2013-11-20,8.074,2.088649022430749,-0.04029671415217617
2013-11-21,8.14,2.096790180014449,0.008141157583700043
2013-11-22,8.092,2.090875919305499,-0.005914260708950181
2013-11-25,8.056,2.086417155416261,-0.004458763889237716
2013-11-26,8.03333,2.0835991368906543,-0.0028180185256068135
2013-11-27,8.46267,2.135664726662912,0.0520655897722575
2013-11-29,8.48533,2.138338790092549,0.0026740634296369414
2013-12-02,8.278,2.1136013933265407,-0.024737396766008057
2013-12-03,9.64667,2.26661277807767,0.1530113847511294
2013-12-04,9.26333,2.226063595244568,-0.04054918283310194
2013-12-05,9.36533,2.2370145728619817,0.010950977617413482
2013-12-06,9.15733,2.214554651479955,-0.022459921382026682
2013-12-09,9.44,2.244955980157409,0.030401328677454043
2013-12-10,9.47933,2.249113638663842,0.004157658506433126
2013-12-11,9.31,2.231089091288976,-0.018024547374866362
2013-12-12,9.83133,2.2855742251085713,0.05448513381959552
2013-12-13,9.84333,2.286794068448992,0.0012198433404204678
2013-12-16,9.86267,2.288756923032309,0.0019628545833172417
2013-12-17,10.164,2.3188520654579174,0.0300951424256084
2013-12-18,9.86533,2.28902659051164,-0.02982547494627763
2013-12-19,9.38133,2.2387215440115096,-0.050305046500130235
2013-12-20,9.54933,2.2564709949634536,0.017749450951944024
2013-12-23,9.57,2.258633205464863,0.0021622105014094117
2013-12-24,10.094,2.3119411879180705,0.05330798245320745
2013-12-26,10.3667,2.3385987459459927,0.026657558027922246
2013-12-27,10.0747,2.3100273307144747,-0.02857141523151796
2013-12-30,10.1627,2.3187241548770783,0.008696824162603534
2013-12-31,10.0287,2.305450982407091,-0.013273172469987493
2014-01-02,10.0067,2.3032548686442498,-0.002196113762841012
2014-01-03,9.97067,2.299647783320635,-0.003607085323614978
2014-01-06,9.8,2.2823823856765264,-0.017265397644108393
2014-01-07,9.95733,2.2983089633695513,0.015926577693024857
2014-01-08,10.0853,2.311078918112969,0.012769954743417689
2014-01-09,9.83533,2.285981004913089,-0.025097913199879862
2014-01-10,9.71467,2.273637114161893,-0.012343890751195907
2014-01-13,9.28933,2.2288664296651928,-0.04477068449670041
2014-01-14,10.7513,2.375026677494759,0.14616024782956627
2014-01-15,10.942,2.3926085956416343,0.017581918146875264
2014-01-16,11.398,2.4334379014128076,0.040829305771173274
2014-01-17,11.334,2.4278070577474273,-0.005630843665380247
2014-01-21,11.7787,2.4662928155972077,0.038485757849780367
2014-01-22,11.904,2.476874478090736,0.01058166249352821
2014-01-23,12.1,2.4932054526026954,0.01633097451195953
2014-01-24,11.64,2.454447442303292,-0.03875801029940362
2014-01-27,11.308,2.425510439831344,-0.02893700247194797
2014-01-28,11.892,2.4758659051358514,0.05035546530450752
2014-01-29,11.682,2.4580491956181176,-0.01781670951773373
2014-01-30,12.1893,2.5005585177262226,0.042509322108104985
2014-01-31,12.094,2.492709461851021,-0.007849055875201572
2014-02-03,11.8073,2.46871798425806,-0.02399147759296083
2014-02-04,11.9153,2.477823288580358,0.009105304322297947
2014-02-05,11.628,2.4534159826966295,-0.024407305883728636
2014-02-06,11.892,2.4758659051358514,0.022449922439221837
2014-02-07,12.4353,2.5205392024167064,0.04467329728085501
2014-02-10,13.104,2.5729175271107136,0.05237832469400727
2014-02-11,13.108,2.573222730836568,0.00030520372585440825
2014-02-12,13.0213,2.5665864781862733,-0.006636252650294772
2014-02-13,13.3087,2.588417956712788,0.02183147852651457
2014-02-14,13.2153,2.5813752492741737,-0.007042707438614126
2014-02-18,13.58,2.60859812213055,0.027222872856376146
2014-02-19,12.9093,2.5579479818548156,-0.05065014027573422
2014-02-20,13.998,2.6389144622673477,0.08096648041253207
2014-02-21,13.9733,2.6371483658456487,-0.0017660964216990038
2014-02-24,14.51,2.6748380668960965,0.03768970105044778
2014-02-25,16.5333,2.8053765289317076,0.13053846203561115
2014-02-26,16.8667,2.8253412639079425,0.019964734976234855
2014-02-27,16.836,2.823519450908324,-0.0018218129996183663
2014-02-28,16.3207,2.792434240772981,-0.031085210135342933
2014-03-03,16.704,2.8156482117002284,0.023213970927247196
2014-03-04,16.9893,2.8325837341287703,0.016935522428541905
2014-03-05,16.844,2.8239945102996815,-0.008589223829088777
2014-03-06,16.8627,2.825104082101047,0.0011095718013653944
2014-03-07,16.414,2.79813462920752,-0.026969452893526924
2014-03-10,15.9227,2.7677457640260736,-0.030388865181446345
2014-03-11,15.6273,2.7490193847896083,-0.018726379236465363
2014-03-12,16.0993,2.778775792784341,0.02975640799473256
2014-03-13,15.8527,2.763339832819041,-0.015435959965299784
2014-03-14,15.398,2.7342376308558576,-0.02910220196318347
2014-03-17,15.5987,2.747187577449743,0.012949946593885375
2014-03-18,16.0027,2.7727574580031016,0.025569880553358626
2014-03-19,15.7227,2.7551055279779253,-0.017651930025176288
2014-03-20,15.6607,2.751154389435934,-0.003951138541991472
2014-03-21,15.2593,2.725189153244546,-0.02596523619138802
2014-03-24,14.678,2.686349774122871,-0.03883937912167479
2014-03-25,14.696,2.6875753479128246,0.0012255737899535823
2014-03-26,14.1973,2.6530518056830825,-0.03452354222974208
2014-03-27,13.8213,2.6262108804857296,-0.026840925197352927
2014-03-28,14.158,2.6502798353519976,0.024068954866268033
2014-03-31,13.8967,2.631651401878471,-0.018628433473526496
2014-04-01,14.4647,2.6717111984964705,0.04005979661799941
2014-04-02,15.3527,2.731291354330832,0.05958015583436138
2014-04-03,15.0267,2.7098286187796212,-0.0214627355512107
2014-04-04,14.1487,2.6496227470771636,-0.060205871702457614
2014-04-07,13.8347,2.627179928869343,-0.02244281820782046
2014-04-08,14.364,2.6647250763638364,0.037545147494493225
2014-04-09,14.462,2.67152451975276,0.006799443388923798
2014-04-10,13.6127,2.6110031805294756,-0.06052133922328462
2014-04-11,13.5853,2.608988325814459,-0.002014854715016501
2014-04-14,13.206,2.5806712717723794,-0.028317054042079626
2014-04-15,12.9273,2.5593413542731858,-0.021329917499193662
2014-04-16,13.274,2.5858072347237333,0.02646588045054754
2014-04-17,13.208,2.580822706617827,-0.004984528105906438
2014-04-21,13.6253,2.6119283586555313,0.031105652037704434
2014-04-22,14.576,2.6793763405176025,0.06744798186207124
2014-04-23,13.866,2.6294398005202986,-0.049936539997303964
2014-04-24,13.8573,2.6288121695899553,-0.000627630930343237
2014-04-25,13.3233,2.5895143821755853,-0.03929778741437007
2014-04-28,13.234,2.582789275589868,-0.006725106585717455
2014-04-29,13.7947,2.624284460422994,0.041495184833125975
2014-04-30,13.8593,2.628956487435829,0.004672027012835311
2014-05-01,13.8487,2.628191365412073,-0.0007651220237558931
2014-05-02,14.0607,2.64338367177194,0.01519230635986668
2014-05-05,14.4407,2.6700506087440283,0.02666693697208844
2014-05-06,13.8187,2.6260227473447983,-0.044027861399229984
2014-05-07,13.4233,2.5969920029540274,-0.029030744390770913
2014-05-08,11.906,2.4770424747311983,-0.11994952822282912
2014-05-09,12.1507,2.497386781295707,0.020344306564508585
2014-05-12,12.3113,2.510517539819551,0.013130758523844044
2014-05-13,12.6773,2.5398129925815263,0.029295452761975316
2014-05-14,12.708,2.5422317164072696,0.002418723825743374
2014-05-15,12.5727,2.5315277966725924,-0.010703919734677214
2014-05-16,12.7707,2.5471534845170485,0.01562568784445606
2014-05-19,13.0727,2.5705260862555233,0.023372601738474774
2014-05-20,13.02,2.5664866367804233,-0.004039449475099932
2014-05-21,13.2967,2.587515884140022,0.021029247359598546
2014-05-22,13.6587,2.6143766812390297,0.026860797099007794
2014-05-23,13.82,2.626116818339524,0.011740137100494152
2014-05-27,14.104,2.6464584450955693,0.02034162675604545
2014-05-28,14.016,2.6401995341940356,-0.006258910901533632
2014-05-29,14.016,2.6401995341940356,0.0
2014-05-30,13.8513,2.6283790910443936,-0.011820443149642035
2014-06-02,13.6467,2.6134977341609757,-0.014881356883417851
2014-06-03,13.6627,2.6146694920048454,0.0011717578438696918
2014-06-04,13.5993,2.610018320829115,-0.00465117117573044
2014-06-05,13.7933,2.6241829670199777,0.014164646190862662
2014-06-06,13.878,2.6303048524773573,0.006121885457379683
2014-06-09,13.6873,2.616468395597819,-0.013836456879538162
2014-06-10,13.4867,2.6017040146453017,-0.01476438095251753
2014-06-11,13.6313,2.612368619003257,0.010664604357955465
2014-06-12,13.568,2.6077140790495474,-0.00465453995370968
2014-06-13,13.7613,2.621860304786737,0.0141462257371896
2014-06-16,14.974,2.7063153638084936,0.08445505902175654
2014-06-17,15.4447,2.737265902420166,0.030950538611672407
2014-06-18,15.1413,2.717426109580688,-0.019839792839477788
2014-06-19,15.186,2.720373950791042,0.00294784121035363
2014-06-20,15.306,2.728244908387729,0.007870957596687322
2014-06-23,15.8147,2.7609398872447803,0.03269497885705119
2014-06-24,15.5,2.740840023925201,-0.02009986331957947
2014-06-25,15.7927,2.7595478079498816,0.018707784024680763
2014-06-26,15.7067,2.7540873729140563,-0.005460435035825384
2014-06-27,15.9373,2.7686622738202975,0.01457490090624125
2014-06-30,16.004,2.7728386909949885,0.004176417174690972
2014-07-01,15.9813,2.7714192887188713,-0.0014194022761171432
2014-07-02,15.2953,2.727545591663534,-0.0438736970553375
2014-07-03,15.2833,2.726760729006904,-0.0007848626566300254
2014-07-07,14.844,2.697595743198351,-0.029164985808552757
2014-07-08,14.6047,2.68134339471809,-0.016252348480261247
2014-07-09,14.8707,2.6993928340110274,0.018049439292937564
2014-07-10,14.6307,2.683122060777359,-0.016270773233668212
2014-07-11,14.542,2.677041014227865,-0.00608104654949404
2014-07-14,15.1133,2.715575150850835,0.03853413662296967
2014-07-15,14.6387,2.6836687067761984,-0.031906444074636386
2014-07-16,14.4773,2.6725819054825832,-0.011086801293615167
2014-07-17,14.36,2.664446563620078,-0.008135341862505197
2014-07-18,14.668,2.6856682502090794,0.021221686589001365
2014-07-21,14.7027,2.6880311503881718,0.002362900179092353
2014-07-22,14.6387,2.6836687067761984,-0.0043624436119733545
2014-07-23,14.8327,2.6968342029633443,0.013165496187145909
2014-07-24,14.9027,2.7015424045889085,0.004708201625564179
2014-07-25,14.9047,2.7016765994534726,0.0001341948645641189
2014-07-28,14.988,2.7072498809314407,0.005573281477968095
2014-07-29,15.0007,2.708096866680022,0.0008469857485811083
2014-07-30,15.2613,2.7253202122671643,0.017223345587142447
2014-07-31,14.8867,2.7004681968815656,-0.02485201538559867
2014-08-01,15.5513,2.744144236417024,0.04367603953545851
2014-08-04,15.9013,2.7664008668902262,0.022256630473202144
2014-08-05,15.8993,2.7662750830998175,-0.0001257837904087289
2014-08-06,16.5953,2.809119522742795,0.04284443964297768
2014-08-07,16.826,2.822925309128622,0.013805786385826746
2014-08-08,16.542,2.8059026012697146,-0.01702270785890736
2014-08-11,17.288,2.850012619204585,0.04411001793487035
2014-08-12,17.3307,2.852479495294915,0.002466876090330139
2014-08-13,17.354,2.853823027371298,0.0013435320763828251
2014-08-14,17.4253,2.8579231731411374,0.004100145769839525
2014-08-15,17.4673,2.86033056154351,0.0024073884023727565
2014-08-18,17.3293,2.8523987105285697,-0.007931851014940428
2014-08-19,17.1173,2.840089647995648,-0.012309062532921633
2014-08-20,17.0473,2.835991833418349,-0.004097814577299186
2014-08-21,16.956,2.830621753490391,-0.005370079927958127
2014-08-22,17.1187,2.8401714332509806,0.009549679760589846
2014-08-25,17.5033,2.862389434580683,0.022218001329702197
2014-08-26,17.4493,2.8592995332306432,-0.0030899013500396144
2014-08-27,17.55,2.865053949911875,0.005754416681231778
2014-08-28,17.5907,2.8673703532959136,0.002316403384038601
2014-08-29,17.98,2.8892600290434745,0.021889675747560844
2014-09-02,18.9413,2.9413447232060563,0.05208469416258188
2014-09-03,18.746,2.930980396324294,-0.010364326881762143
2014-09-04,19.0693,2.9480797120691857,0.01709931574489154
2014-09-05,18.4927,2.9173760596167515,-0.030703652452434227
2014-09-08,18.8073,2.934245092340135,0.01686903272338336
2014-09-09,18.5653,2.921294246938287,-0.012950845401847655
2014-09-10,18.74,2.930660276810276,0.009366029871988868
2014-09-11,18.6873,2.9278441487524978,-0.002816128057778311
2014-09-12,18.6133,2.9238763789534583,-0.003967769799039456
2014-09-15,16.924,2.828732732857821,-0.09514364609563719
2014-09-16,17.3827,2.8554754587496682,0.02674272589184712
2014-09-17,17.4253,2.8579231731411374,0.00244771439146918
2014-09-18,17.588,2.8672168513185636,0.009293678177426212
2014-09-19,17.288,2.850012619204585,-0.0172042321139787
2014-09-22,16.6687,2.8135327093186415,-0.03647990988594341
2014-09-23,16.694,2.8150493734285447,0.001516664109903143
2014-09-24,16.8093,2.8219323046736435,0.006882931245098867
2014-09-25,16.4633,2.8011336611810176,-0.020798643492625946
2014-09-26,16.44,2.799717389628034,-0.0014162715529835168
2014-09-29,16.3507,2.79427070988245,-0.005446679745583882
2014-09-30,16.1787,2.78369556229612,-0.010575147586330047
2014-10-01,16.016,2.7735882225728647,-0.010107339723255393
2014-10-02,16.7613,2.819072657678337,0.045484435105472176
2014-10-03,17.014,2.8340365345536926,0.01496387687535572
2014-10-06,17.3747,2.8550151251147433,0.02097859056105067
2014-10-07,17.3047,2.850978140906988,-0.004036984207755445
2014-10-08,17.2853,2.849856429312067,-0.0011217115949206935
2014-10-09,17.134,2.841064793541852,-0.008791635770215134
2014-10-10,15.794,2.7596301210753893,-0.08143467246646274
2014-10-13,14.9727,2.7062285428899404,-0.053401578185448884
2014-10-14,15.1373,2.717161896570624,0.010933353680683489
2014-10-15,15.3133,2.7287217318381876,0.011559835267563656
2014-10-16,15.09,2.7140322727797574,-0.01468945905843011
2014-10-17,15.1653,2.719009923338545,0.004977650558787516
2014-10-20,15.3647,2.7320726704975944,0.013062747159049426
2014-10-21,15.6893,2.75297895134561,0.0209062808480156
2014-10-22,15.4067,2.7348024797413406,-0.018176471604269384
2014-10-23,15.686,2.7527685947904748,0.017966115049134146
2014-10-24,15.6827,2.752558193976149,-0.00021040081432577296
2014-10-27,14.778,2.693139588366456,-0.05941860560969303
2014-10-28,16.1847,2.7840663515252335,0.09092676315877757
2014-10-29,15.8733,2.7646384524304013,-0.019427899094832224
2014-10-30,15.9107,2.7669918388676926,0.002353386437291327
2014-10-31,16.1133,2.7796450179249055,0.01265317905721286
2014-11-03,16.1727,2.7833246355313563,0.003679617606450858
2014-11-04,15.9287,2.7681225135611625,-0.015202121970193883
2014-11-05,15.398,2.7342376308558576,-0.033884882705304875
2014-11-06,16.0813,2.777657106254121,0.04341947539826352
2014-11-07,16.0133,2.773419626942839,-0.004237479311282044
2014-11-10,16.1287,2.7806002937248624,0.007180666782023337
2014-11-11,16.7387,2.8177234037423022,0.03712311001743984
2014-11-12,16.6067,2.809806228389924,-0.007917175352378347
2014-11-13,16.78,2.8201877010390604,0.01038147264913647
2014-11-14,17.2453,2.8475396425842567,0.02735194154519638
2014-11-17,16.932,2.829205322658677,-0.018334319925579656
2014-11-18,17.18,2.8437459165561094,0.014540593897432341
2014-11-19,16.516,2.804329608023844,-0.03941630853226563
2014-11-20,16.5807,2.8082393683575457,0.003909760333701939
2014-11-21,16.1853,2.7841034228876103,-0.02413594546993547
2014-11-24,16.448,2.8002038892727548,0.016100466385144507
2014-11-25,16.5393,2.805739367055461,0.005535477782706355
2014-11-26,16.5627,2.807153179145231,0.0014138120897699835
2014-11-28,16.3013,2.7912448592337147,-0.015908319911516422
2014-12-01,15.4427,2.7371363997748936,-0.054108459458821034
2014-12-02,15.4287,2.7362294113675176,-0.0009069884073760193
2014-12-03,15.2867,2.72698316930877,-0.0092462420587478
2014-12-04,15.2187,2.7225249348565215,-0.004458234452248355
2014-12-05,14.914,2.702300369121603,-0.020224565734918265
2014-12-08,14.2907,2.6596089760464436,-0.04269139307515957
2014-12-09,14.4593,2.6713378061535895,0.011728830107145871
2014-12-10,13.9893,2.6382927516857464,-0.033045054467843116
2014-12-11,13.9253,2.6337073295669167,-0.0045854221188297295
2014-12-12,13.8,2.624668592163159,-0.00903873740375749
2014-12-15,13.6027,2.6102683024494153,-0.014400289713743852
2014-12-16,13.1873,2.579254245244505,-0.03101405720491046
2014-12-17,13.7213,2.618949369995623,0.03969512475111836
2014-12-18,14.5507,2.67763910242589,0.05868973243026687
2014-12-19,14.6193,2.682342573558404,0.004703471132514014
2014-12-22,14.84,2.6973262377392344,0.014983664180830303
2014-12-23,14.7313,2.689974481841644,-0.007351755897590628
2014-12-24,14.8173,2.6957954170351948,0.00582093519355098
2014-12-26,15.188,2.720505642369556,0.02471022533436118
2014-12-29,15.0473,2.7111985731070667,-0.009307069262489254
2014-12-30,14.8153,2.6956604305673832,-0.015538142539683442
2014-12-31,14.8273,2.6964700761892604,0.0008096456218771308
2015-01-02,14.6207,2.6824383327924033,-0.014031743396857088
2015-01-05,14.006,2.639485809233326,-0.04295252355907708
2015-01-06,14.0853,2.645131700356036,0.005645891122709745
2015-01-07,14.0633,2.643568567235416,-0.0015631331206198418
2015-01-08,14.0413,2.642002986903828,-0.0015655803315879346
2015-01-09,13.7773,2.623022310248187,-0.018980676655641293
2015-01-12,13.4807,2.601259032919291,-0.021763277328895825
2015-01-13,13.6167,2.611296980615322,0.010037947696031058
2015-01-14,12.846,2.553032478835601,-0.0582645017797212
2015-01-15,12.7913,2.548765252333303,-0.004267226502297827
2015-01-16,12.8713,2.5550000266078685,0.0062347742745654244
2015-01-20,12.7953,2.5490779159957344,-0.005922110612134102
2015-01-21,13.1047,2.5729709444873987,0.023893028491664303
2015-01-22,13.4413,2.5983320566078034,0.025361112120404705
2015-01-23,13.4193,2.5966939692293054,-0.001638087378498021
2015-01-26,13.77,2.6224923127405635,0.025798343511258093
2015-01-27,13.732,2.6197288755954458,-0.002763437145117731
2015-01-28,13.2913,2.587109685849496,-0.03261918974594957
2015-01-29,13.68,2.615934912194404,0.028825226344908028
2015-01-30,13.5733,2.6081046277754645,-0.007830284418939737
2015-02-02,14.0627,2.643525902085726,0.03542127431026154
2015-02-03,14.5573,2.6780925860120592,0.03456668392633322
2015-02-04,14.57,2.6789646202071133,0.0008720341950541055
2015-02-05,14.7327,2.6900695130662604,0.011104892859147064
2015-02-06,14.4907,2.6735070643444843,-0.016562448721776146
2015-02-09,14.4987,2.6740589902348497,0.0005519258903654567
2015-02-10,14.4193,2.6685675869891994,-0.005491403245650339
2015-02-11,14.1867,2.652304905986579,-0.016262681002620294
2015-02-12,13.5253,2.604562005632573,-0.04774290035400597
2015-02-13,13.5847,2.608944159454496,0.004382153821922863
2015-02-17,13.6233,2.611781562122602,0.0028374026681059483
2015-02-18,13.6307,2.6123246016897737,0.0005430395671717214
2015-02-19,14.114,2.6471672125786387,0.03484261088886509
2015-02-20,14.474,2.672353936443936,0.02518672386529719
2015-02-23,13.8227,2.6263121682878707,-0.0460417681560652
2015-02-24,13.6073,2.6106064134412437,-0.015705754846627062
2015-02-25,13.584,2.6088926295689916,-0.0017137838722520726
2015-02-26,13.8127,2.6255884588111518,0.016695829242160176
2015-02-27,13.556,2.606829253744805,-0.018759205066346762
2015-03-02,13.1547,2.576779109215114,-0.030050144529691014
2015-03-03,13.304,2.5880647418906264,0.011285632675512414
2015-03-04,13.4953,2.6023414766785993,0.014276734787972867
2015-03-05,13.3753,2.5934097224370656,-0.008931754241533696
2015-03-06,12.9253,2.559186630956847,-0.034223091480218404
2015-03-09,12.7253,2.543592137797192,-0.015594493159654998
2015-03-10,12.688,2.5406566648924924,-0.002935472904699754
2015-03-11,12.916,2.5584668528960286,0.017810188003536176
2015-03-12,12.5787,2.5320049072997395,-0.026461945596289116
2015-03-13,12.5787,2.5320049072997395,0.0
2015-03-16,13.0467,2.5685352282275735,0.03653032092783404
2015-03-17,12.982,2.563563782611277,-0.004971445616296588
2015-03-18,13.3807,2.5938133702224833,0.03024958761120633
2015-03-19,13.0433,2.568274591966995,-0.025538778255488115
2015-03-20,13.2053,2.580618264158202,0.01234367219120669
2015-03-23,13.3087,2.588417956712788,0.007799692554586013
2015-03-24,13.448,2.5988303961063144,0.01041243939352654
2015-03-25,12.9533,2.5613505819376776,-0.03747981416863677
2015-03-26,12.6933,2.5410742952011867,-0.020276286736490956
2015-03-27,12.3333,2.5123029212697596,-0.028771373931427036
2015-03-30,12.7047,2.5419720037424565,0.02966908247269684
2015-03-31,12.5847,2.532481790400887,-0.009490213341569298
2015-04-01,12.506,2.5262085291451064,-0.00627326125578076
2015-04-02,12.7333,2.544220609139946,0.01801207999483978
2015-04-06,13.54,2.605648267484129,0.061427658344182845
2015-04-07,13.55,2.60638654732571,0.0007382798415811465
2015-04-08,13.8447,2.6279024879157875,0.02151594059007733
2015-04-09,14.006,2.639485809233326,0.011583321317538697
2015-04-10,14.06,2.643333886382519,0.0038480771491928856
2015-04-13,13.9853,2.6380067779790797,-0.005327108403439418
2015-04-14,13.8307,2.62689075900172,-0.011116018977359587
2015-04-15,13.8553,2.628667830913435,0.0017770719117149447
2015-04-16,13.78,2.6232182655855123,-0.005449565327922734
2015-04-17,13.786,2.62365358446346,0.00043531887794756585
2015-04-20,13.6847,2.616278420440153,-0.007375164023307068
2015-04-21,13.9607,2.6362462393435706,0.01996781890341781
2015-04-22,14.6293,2.6830263669973817,0.04678012765381112
2015-04-23,14.5733,2.679191087354904,-0.0038352796424776514
2015-04-24,14.562,2.6784153959725194,-0.0007756913823846467
2015-04-27,15.4367,2.7367477911830487,0.05833239521052924
2015-04-28,15.3653,2.73211172028608,-0.004636070896968825
2015-04-29,15.4967,2.7406270980322853,0.008515377746205477
2015-04-30,15.07,2.712706012638404,-0.027921085393881384
2015-05-01,15.0687,2.71261974481658,-8.626782182385995e-05
2015-05-04,15.3673,2.732241875235731,0.019622130419151063
2015-05-05,15.53,2.7427736371605955,0.01053176192486438
2015-05-06,15.362,2.73189692757649,-0.01087670958410536
2015-05-07,15.7867,2.759167813391898,0.02727088581540782
2015-05-08,15.774,2.758363014975799,-0.0008047984160990396
2015-05-11,15.966,2.770461461223607,0.012098446247807981
2015-05-12,16.316,2.792146221455312,0.02168476023170518
2015-05-13,16.212,2.785751708766062,-0.006394512689249954
2015-05-14,16.2733,2.7895257279537624,0.0037740191877002616
2015-05-15,16.5893,2.8087579092193304,0.019232181265568027
2015-05-18,16.5833,2.8083961648842206,-0.00036174433510982595
2015-05-19,16.476,2.801904776573834,-0.006491388310386537
2015-05-20,16.29,2.790551422613954,-0.011353353959880241
2015-05-21,16.3747,2.7957374607428043,0.005186038128850434
2015-05-22,16.5153,2.8042872239820347,0.008549763239230401
2015-05-26,16.4973,2.803196731153008,-0.0010904928290265126
2015-05-27,16.4953,2.803075491844651,-0.00012123930835716834
2015-05-28,16.7633,2.8191919730468946,0.016116481202243627
2015-05-29,16.72,2.8166056076565553,-0.002586365390339296
2015-06-01,16.63,2.811208293204836,-0.005397314451719204
2015-06-02,16.5567,2.8067908537368216,-0.004417439468014539
2015-06-03,16.5993,2.809360525798675,0.002569672061853545
2015-06-04,16.3947,2.7969581118675313,-0.01240241393114383
2015-06-05,16.6093,2.809962779449974,0.013004667582442675
2015-06-08,17.086,2.8382594147294267,0.028296635279452698
2015-06-09,17.0667,2.8371291965004453,-0.0011302182289814056
2015-06-10,16.7133,2.8162048096444128,-0.020924386856032484
2015-06-11,16.7607,2.8190368602915425,0.002832050647129769
2015-06-12,16.7127,2.8161689094469575,-0.002867950844585021
2015-06-15,16.692,2.814929562729306,-0.0012393467176514683
2015-06-16,16.8747,2.825815458822789,0.010885896093483005
2015-06-17,17.3607,2.854209030999916,0.028393572177126902
2015-06-18,17.4593,2.859872457969735,0.005663426969819252
2015-06-19,17.5007,2.8622408801294896,0.002368422159754413
2015-06-22,17.3193,2.8518214866131646,-0.010419393516325037
2015-06-23,17.8447,2.8817065453690365,0.029885058755871885
2015-06-24,17.678,2.8723209286387563,-0.009385616730280155
2015-06-25,17.9193,2.885878344283825,0.013557415645068627
2015-06-26,17.806,2.8795354791514796,-0.006342865132345388
2015-06-29,17.468,2.8603706356233145,-0.019164843528165054
2015-06-30,17.884,2.8839064583717344,0.02353582274841992
2015-07-01,17.9433,2.8872167862028637,0.0033103278311292783
2015-07-02,18.668,2.9268108280875693,0.03959404188470561
2015-07-06,18.648,2.925738901733456,-0.0010719263541134616
2015-07-07,17.8587,2.882490784445289,-0.04324811728816691
2015-07-08,16.9973,2.833054507913012,-0.04943627653227711
2015-07-09,17.1947,2.844601196799782,0.011546688886770351
2015-07-10,17.2767,2.8493587729161707,0.0047575761163884955
2015-07-13,17.4773,2.8609028960543057,0.01154412313813502
2015-07-14,17.71,2.8741294517947424,0.01322655574043674
2015-07-15,17.5427,2.8646379089628855,-0.009491542831856936
2015-07-16,17.7787,2.8780011115521464,0.013363202589260936
2015-07-17,18.3107,2.9074855884308035,0.029484476878657073
2015-07-20,18.8173,2.9347766594656575,0.027291071034853953
2015-07-21,17.7847,2.8783385371108348,-0.056438122354822706
2015-07-22,17.858,2.8824515870950247,0.0041130499841899315
2015-07-23,17.8133,2.879945369301045,-0.002506217793979637
2015-07-24,17.694,2.873225599061194,-0.006719770239850931
2015-07-27,16.8673,2.8253768363274636,-0.04784876273373051
2015-07-28,17.6547,2.871002036882537,0.04562520055507324
2015-07-29,17.588,2.8672168513185636,-0.0037851855639732257
2015-07-30,17.786,2.8784116309774483,0.011194779658884713
2015-07-31,17.7433,2.876007979874927,-0.002403651102521387
2015-08-03,17.3327,2.8525948907842333,-0.023413089090693617
2015-08-04,17.752,2.8764981856302927,0.023903294846059353
2015-08-05,18.0087,2.890854974461566,0.014356788831273448
2015-08-06,16.4087,2.797811681976118,-0.09304329248544807
2015-08-07,16.1673,2.7829906837657297,-0.014820998210388403
2015-08-10,16.076,2.777327476586955,-0.005663207178774776
2015-08-11,15.8247,2.7615720105045756,-0.01575546608237932
2015-08-12,15.878,2.764934503302922,0.003362492798346217
2015-08-13,16.1673,2.7829906837657297,0.01805618046280788
2015-08-14,16.21,2.785628335747585,0.0026376519818551714
2015-08-17,16.9993,2.833172166737854,0.047543830990269154
2015-08-18,17.3813,2.855394915659071,0.022222748921217228
2015-08-19,17.0167,2.834195214804505,-0.021199700854566128
2015-08-20,16.1453,2.7816289856418144,-0.052566229162690714
2015-08-21,15.3847,2.733373509071375,-0.04825547657043927
2015-08-24,14.5913,2.6804254606900786,-0.05294804838129652
2015-08-25,14.6687,2.685715972004655,0.005290511314576474
2015-08-26,14.9893,2.707336613225598,0.021620641220942982
2015-08-27,16.1993,2.7849680314282215,0.07763141820262343
2015-08-28,16.5653,2.807310146061757,0.022342114633535637
2015-08-31,16.604,2.8096436301907923,0.0023334841290352237
2015-09-01,15.9087,2.7668661293946895,-0.042777500796102874
2015-09-02,16.5127,2.8041297818114295,0.03726365241674001
2015-09-03,16.3713,2.7955298017913464,-0.008599980020083109
2015-09-04,16.1287,2.7806002937248624,-0.014929508066483965
2015-09-08,16.5447,2.8060658088429085,0.025465515118046067
2015-09-09,16.594,2.8090411842420937,0.0029753753991852427
2015-09-10,16.5653,2.807310146061757,-0.001731038180336597
2015-09-11,16.6827,2.8143722543345815,0.007062108272824386
2015-09-14,16.8793,2.8260880191136275,0.011715764779046012
2015-09-15,16.9047,2.8275916897734565,0.0015036706598290372
2015-09-16,17.4833,2.861246139594686,0.03365444982122945
2015-09-17,17.4713,2.8605595346573427,-0.0006866049373432936
2015-09-18,17.3747,2.8550151251147433,-0.005544409542599382
2015-09-21,17.6133,2.8686542984785466,0.01363917336380327
2015-09-22,17.396,2.856240294735392,-0.012414003743154378
2015-09-23,17.404,2.8567000648584338,0.0004597701230415474
2015-09-24,17.5413,2.8645581005031464,0.007858035644712658
2015-09-25,17.1273,2.8406736816993123,-0.023884418803834073
2015-09-28,16.562,2.8071109146115085,-0.03356276708780381
2015-09-29,16.4433,2.799918099411485,-0.00719281520002335
2015-09-30,16.56,2.8069901489571136,0.007072049545628456
2015-10-01,15.992,2.772088597198099,-0.03490155175901455
2015-10-02,16.5047,2.803645188829756,0.03155659163165714
2015-10-05,16.41,2.7978909051019993,-0.0057542837277568815
2015-10-06,16.0973,2.7786515560635334,-0.019239349038465914
2015-10-07,15.464,2.73851474190603,-0.040136814157503586
2015-10-08,15.1147,2.7156677802011724,-0.02284696170485745
2015-10-09,14.7127,2.6887110663767517,-0.026956713824420664
2015-10-12,14.372,2.665281869251272,-0.02342919712547964
2015-10-13,14.6167,2.6821647106491926,0.01688284139792051
2015-10-14,14.4587,2.671296309507896,-0.010868401141296502
2015-10-15,14.754,2.6915142324621106,0.02021792295421454
2015-10-16,15.134,2.7169438682723297,0.025429635810219064
2015-10-19,15.2067,2.7217361202067734,0.004792251934443659
2015-10-20,14.202,2.653382799759902,-0.06835332044687137
2015-10-21,14.006,2.639485809233326,-0.013896990526575781
2015-10-22,14.1147,2.6472168074944613,0.0077309982611351025
2015-10-23,13.9393,2.6347121888635177,-0.012504618630943654
2015-10-26,14.3507,2.6637987215037056,0.0290865326401879
2015-10-27,14.0233,2.640720231940765,-0.02307848956294034
2015-10-28,14.1973,2.6530518056830825,0.012331573742317303
2015-10-29,14.1087,2.6467916283813575,-0.006260177301725012
2015-10-30,13.7953,2.6243279544425726,-0.0224636739387849
2015-11-02,14.2527,2.6569463624509986,0.03261840800842597
2015-11-03,13.89,2.6311691567662523,-0.025777205684746285
2015-11-04,15.442,2.737091069886624,0.10592191312037169
2015-11-05,15.4513,2.7376931421988036,0.000602072312179569
2015-11-06,15.4907,2.7402398438531685,0.002546701654364991
2015-11-09,15.022,2.70951579326382,-0.03072405058934846
2015-11-10,14.4333,2.6695380368688455,-0.039977756394974584
2015-11-11,14.6053,2.6813844765393897,0.011846439670544218
2015-11-12,14.196,2.65296023478425,-0.02842424175513969
2015-11-13,13.8127,2.6255884588111518,-0.027371775973098256
2015-11-16,14.2873,2.659371030772734,0.033782571961582075
2015-11-17,14.2667,2.65792815036551,-0.0014428804072239565
2015-11-18,14.738,2.6904291923448076,0.03250104197929771
2015-11-19,14.7867,2.6937281280946537,0.003298935749846077
2015-11-20,14.6673,2.6856205261360255,-0.008107601958628141
2015-11-23,14.5167,2.6752997108390173,-0.010320815297008235
2015-11-24,14.55,2.6775909936175015,0.002291282778484227
2015-11-25,15.3093,2.7284604868738316,0.050869493256330056
2015-11-27,15.4407,2.737006880356514,0.00854639348268238
2015-11-30,15.3507,2.731161075599302,-0.005845804757211859
2015-12-01,15.8127,2.760813414629095,0.029652339029792696
2015-12-02,15.466,2.738644066186844,-0.022169348442250936
2015-12-03,15.514,2.74174284206868,0.0030987758818361577
2015-12-04,15.3587,2.7316820887210804,-0.010060753347599594
2015-12-07,15.4087,2.7349322849687794,0.0032501962476989554
2015-12-08,15.1147,2.7156677802011724,-0.019264504767606994
2015-12-09,14.968,2.7059145889717886,-0.009753191229383784
2015-12-10,15.138,2.7172081388869755,0.01129354991518694
2015-12-11,14.468,2.6719393140898515,-0.04526882479712402
2015-12-14,14.572,2.6791018791463173,0.007162565056465731
2015-12-15,14.7393,2.690517395809904,0.011415516663586533
2015-12-16,15.634,2.7494480297981387,0.05893063398823495
2015-12-17,15.5593,2.744658530591764,-0.0047894992063746145
2015-12-18,15.364,2.732027110483658,-0.012631420108105917
2015-12-21,15.504,2.7410980551484103,0.009070944664752112
2015-12-22,15.33,2.7298116928837226,-0.01128636226468771
2015-12-23,15.3133,2.7287217318381876,-0.0010899610455350484
2015-12-24,15.3713,2.732502134325122,0.0037804024869343422
2015-12-28,15.2633,2.725451254115566,-0.00705088020955591
2015-12-29,15.8127,2.760813414629095,0.035362160513528806
2015-12-30,15.8727,2.7646006523925966,0.0037872377635017607
2015-12-31,16.0007,2.772632471282778,0.008031818890181341
2016-01-04,14.894,2.700958447288454,-0.0716740239943241
2016-01-05,14.8953,2.701045726949327,8.72796608732962e-05
2016-01-06,14.6027,2.681206443123417,-0.019839283825910048
2016-01-07,14.3767,2.665608840560714,-0.015597602562702928
2016-01-08,14.0667,2.643810302039295,-0.021798538521418998
2016-01-11,13.8567,2.6287688701744907,-0.015041431864804444
2016-01-12,13.998,2.6389144622673477,0.010145592092857036
2016-01-13,13.354,2.591815965435677,-0.047098496831670555
2016-01-14,13.7453,2.620696947497611,0.028880982061934013
2016-01-15,13.666,2.6149109963585864,-0.005785951139024803
2016-01-19,13.648,2.613592990749323,-0.0013180056092632064
2016-01-20,13.2467,2.583748464808711,-0.029844525940612154
2016-01-21,13.3313,2.5901146538165194,0.006366189007808387
2016-01-22,13.5033,2.6029341000171526,0.012819446200633244
2016-01-25,13.0913,2.571947887442907,-0.03098621257424572
2016-01-26,12.904,2.5575373408229076,-0.014410546619999298
2016-01-27,12.538,2.5287640328517766,-0.02877330797113098
2016-01-28,12.6467,2.537396311575928,0.008632278724151288
2016-01-29,12.7407,2.544801593689538,0.007405282113610134
2016-02-01,13.1293,2.5748463738699052,0.03004478018036716
2016-02-02,12.1853,2.5002303072090526,-0.07461606666085263
2016-02-03,11.5653,2.4480092356841823,-0.05222107152487032
2016-02-04,11.6887,2.4586225631410032,0.010613327456820976
2016-02-05,10.84,2.3832429960115,-0.07537956712950322
2016-02-08,9.86867,2.289365092592505,-0.09387790341899516
2016-02-09,9.88333,2.29084949950744,0.0014844069149351213
2016-02-10,9.578,2.2594688019204177,-0.03138069758702233
2016-02-11,10.0313,2.305710204741543,0.04624140282112554
2016-02-12,10.0693,2.3094911909081453,0.0037809861666020517
2016-02-16,10.3447,2.3364743112603374,0.02698312035219219
2016-02-17,11.2453,2.419950263579202,0.08347595231886462
2016-02-18,11.118,2.4085654165312778,-0.011384847047924307
2016-02-19,11.1053,2.407422471839668,-0.001142944691609582
2016-02-22,11.8493,2.472268794106379,0.06484632226671083
2016-02-23,11.814,2.4692852688850433,-0.0029835252213357144
2016-02-24,11.9333,2.479332811438554,0.010047542553510702
2016-02-25,12.4953,2.5253525736025315,0.04601976216397752
2016-02-26,12.6893,2.540759118660319,0.01540654505778738
2016-02-29,12.7953,2.5490779159957344,0.008318797335415518
2016-03-01,12.4233,2.5195737416963024,-0.029504174299431973
2016-03-02,12.556,2.530198638979707,0.010624897283404433
2016-03-03,13.0493,2.568734492483291,0.03853585350358424
2016-03-04,13.4027,2.595456179197284,0.026721686713992998
2016-03-07,13.686,2.616373412530306,0.02091723333302209
2016-03-08,13.5067,2.603185858626406,-0.013187553903900362
2016-03-09,13.9147,2.6329458352772455,0.029759976650839626
2016-03-10,13.6787,2.615839878439074,-0.017105956838171288
2016-03-11,13.8333,2.6270787289270854,0.01123885048801121
2016-03-14,14.3433,2.66328293421967,0.036204205292584835
2016-03-15,14.556,2.6780032797499134,0.01472034553024315
2016-03-16,14.7953,2.6943095627672435,0.01630628301733017
2016-03-17,15.092,2.714164802102064,0.019855239334820585
2016-03-18,15.516,2.741871749577721,0.02770694747565683
2016-03-21,15.888,2.7655641073028168,0.023692357725095814
2016-03-22,15.616,2.748296029670737,-0.017268077632079937
2016-03-23,14.8387,2.697238632823869,-0.05105739684686794
2016-03-24,15.1833,2.720196139645766,0.022957506821897233
2016-03-28,15.3507,2.731161075599302,0.010964935953535981
2016-03-29,15.342,2.7305941655371044,-0.0005669100621976675
2016-03-30,15.126,2.716415117433838,-0.014179048103266645
2016-03-31,15.318,2.7290286074874017,0.012613490053563936
2016-04-01,15.8393,2.762494193490596,0.03346558600319449
2016-04-04,16.466,2.8012976488762344,0.03880345538563823
2016-04-05,17.0313,2.8350528276390246,0.033755178762790106
2016-04-06,17.6947,2.8732651597119157,0.0382123320728911
2016-04-07,17.1467,2.8418057352718065,-0.031459424440109185
2016-04-08,16.6713,2.8136886781251964,-0.02811705714661006
2016-04-11,16.6613,2.813088664906905,-0.0006000132182912843
2016-04-12,16.5213,2.8046504574906868,-0.008438207416218368
2016-04-13,16.9687,2.8313704705368656,0.02672001304617888
2016-04-14,16.7907,2.8208251617034095,-0.010545308833456168
2016-04-15,16.9673,2.831287962285994,0.010462800582584642
2016-04-18,16.9253,2.8288095438997414,-0.0024784183862527343
2016-04-19,16.4913,2.802832969122115,-0.025976574777626382
2016-04-20,16.6647,2.8132927097974885,0.010459740675373475
2016-04-21,16.5527,2.806549230510822,-0.0067434792866665205
2016-04-22,16.9167,2.8283012996951955,0.021752069184373557
2016-04-25,16.788,2.8206643454713443,-0.0076369542238512444
2016-04-26,16.916,2.8282599196102423,0.007595574138897998
2016-04-27,16.7647,2.81927548533518,-0.008984434275062458
2016-04-28,16.514,2.804208505995237,-0.015066979339942943
2016-04-29,16.0507,2.77575246233214,-0.028456043663096953
2016-05-02,16.12,2.7800607370784824,0.004308274746342544
2016-05-03,15.488,2.740065530534221,-0.039995206544261475
2016-05-04,14.8373,2.6971442804852086,-0.04292125004901237
2016-05-05,14.102,2.6463166312968487,-0.050827649188359914
2016-05-06,14.3287,2.6622645189530765,0.015947887656227788
2016-05-09,13.928,2.633901202465888,-0.028363316487188595
2016-05-10,13.9127,2.632802092059881,-0.0010991104060069645
2016-05-11,13.9307,2.6340950377854435,0.0012929457255625998
2016-05-12,13.8133,2.625631896152793,-0.008463141632650384
2016-05-13,13.8407,2.62761352694518,0.0019816307923870013
2016-05-16,13.886,2.6308811383310817,0.003267611385901592
2016-05-17,13.644,2.6132998645563994,-0.017581273774682327
2016-05-18,14.078,2.64461329518594,0.031313430629540395
2016-05-19,14.3473,2.663561771192471,0.018948476006531045
2016-05-20,14.6853,2.6868469934511072,0.023285222258636384
2016-05-23,14.4147,2.6682485192192735,-0.018598474231833695
2016-05-24,14.5273,2.6760296378787247,0.007781118659451192
2016-05-25,14.6387,2.6836687067761984,0.0076390688974736776
2016-05-26,15.008,2.708583392263869,0.024914685487670507
2016-05-27,14.8693,2.6992986847170775,-0.009284707546791449
2016-05-31,14.882,2.7001524289750694,0.0008537442579918952
2016-06-01,14.6373,2.683573065295049,-0.016579363680020442
2016-06-02,14.5973,2.680836580105502,-0.0027364851895468334
2016-06-03,14.5993,2.680973582359403,0.00013700225390111953
2016-06-06,14.712,2.68866348730202,0.007689904942616899
2016-06-07,15.4893,2.7401494629622096,0.05148597566018953
2016-06-08,15.7013,2.753743511474091,0.013594048511881507
2016-06-09,15.2907,2.7272448004496,-0.026498711024490973
2016-06-10,14.586,2.6800621645620413,-0.04718263588755889
2016-06-13,14.5247,2.6758506484799267,-0.004211516082114564
2016-06-14,14.33,2.6623552418400807,-0.013495406639846053
2016-06-15,14.5133,2.675065470397023,0.012710228556942482
2016-06-16,14.5287,2.6761260035175662,0.0010605331205431057
2016-06-17,14.3653,2.6648155763064656,-0.011310427211100649
2016-06-20,14.6467,2.684215054116443,0.019399477809977306
2016-06-21,14.6407,2.683805321597753,-0.00040973251869003136
2016-06-22,13.1107,2.5734286907056343,-0.11037663089211858
2016-06-23,13.0933,2.5721006489900677,-0.0013280417155665525
2016-06-24,12.8767,2.5554194766683915,-0.016681172321676208
2016-06-27,13.2367,2.5829932747292457,0.027573798060854138
2016-06-28,13.4527,2.5991798293959927,0.01618655466674701
2016-06-29,14.0107,2.6398213234119474,0.04064149401595474
2016-06-30,14.152,2.649855956857484,0.010034633445536567
2016-07-01,14.4333,2.6695380368688455,0.019682080011361514
2016-07-05,14.2653,2.657830014938542,-0.011708021930303403
2016-07-06,14.296,2.659979777857127,0.00214976291858493
2016-07-07,14.396,2.666950390216784,0.0069706123596571246
2016-07-08,14.452,2.6708328132853936,0.0038824230686094197
2016-07-11,14.9853,2.707069720588249,0.036236907302855226
2016-07-12,14.9767,2.70649566009588,-0.0005740604923687442
2016-07-13,14.8353,2.6970094759852303,-0.00948618411064972
2016-07-14,14.7687,2.6925100764204775,-0.004499399564752871
2016-07-15,14.6913,2.687255481845505,-0.005254594574972682
2016-07-18,15.0833,2.713588171530632,0.026332689685127253
2016-07-19,15.0173,2.709202869857592,-0.004385301673039965
2016-07-20,15.224,2.7228731299938485,0.013670260136256385
2016-07-21,14.7,2.6878474937846906,-0.035025636209157884
2016-07-22,14.818,2.695842657994465,0.007995164209774419
2016-07-25,15.334,2.7300725851367025,0.03422992714223749
2016-07-26,15.3007,2.7278985789858026,-0.00217400615089991
2016-07-27,15.2327,2.7234444328754233,-0.004454146110379309
2016-07-28,15.374,2.7326777709269403,0.009233338051517048
2016-07-29,15.6527,2.7506434260672763,0.01796565514033599
2016-08-01,15.334,2.7300725851367025,-0.02057084093057382
2016-08-02,15.1467,2.71778268644659,-0.012289898690112544
2016-08-03,15.0387,2.71062687861566,-0.007155807830929728
2016-08-04,15.374,2.7326777709269403,0.0220508923112801
2016-08-05,15.3353,2.7301573604658285,-0.002520410461111844
2016-08-08,15.0773,2.7131903014564855,-0.016967059009342922
2016-08-09,15.272,2.7260210864234464,0.012830784966960884
2016-08-10,15.0433,2.7109327093473836,-0.015088377076062809
2016-08-11,14.994,2.7076501210808703,-0.0032825882665132866
2016-08-12,15.0407,2.710759859991814,0.0031097389109437934
2016-08-15,15.0393,2.710666774885364,-9.308510645000823e-05
2016-08-16,14.9073,2.701851025859389,-0.008815749025975261
2016-08-17,14.8827,2.700199464557496,-0.0016515613018928121
2016-08-18,14.9007,2.701408191713666,0.001208727156170042
2016-08-19,15.0,2.70805020110221,0.006642009388543979
2016-08-22,14.862,2.6988076197352777,-0.009242581366932345
2016-08-23,14.9893,2.707336613225598,0.008528993490320325
2016-08-24,14.8413,2.6974138349806513,-0.009922778244946695
2016-08-25,14.7307,2.689933751409217,-0.0074800835714343705
2016-08-26,14.666,2.6855318896716076,-0.004401861737609369
2016-08-29,14.3467,2.6635199506027947,-0.022011939068812936
2016-08-30,14.0893,2.6454156440519094,-0.01810430655088524
2016-08-31,14.134,2.648583242268663,0.0031675982167533867
2016-09-01,13.3847,2.59411226357209,-0.054470978696572914
2016-09-02,13.1853,2.5791025726749566,-0.015009690897133332
2016-09-06,13.5213,2.604266219838487,0.025163647163530367
2016-09-07,13.4467,2.598733722783986,-0.005532497054500762
2016-09-08,13.1573,2.576976737674255,-0.02175698510973101
2016-09-09,12.9647,2.5622302795019323,-0.014746458172322896
2016-09-12,13.22,2.5817308344235403,0.01950055492160807
2016-09-13,13.07,2.570319527636131,-0.011411306787409536
2016-09-14,13.094,2.5721541100188996,0.0018345823827687902
2016-09-15,13.348,2.5913665608891274,0.019212450870227826
2016-09-16,13.6933,2.616906662114699,0.025540101225571377
2016-09-19,13.756,2.62147509257002,0.004568430455321071
2016-09-20,13.6427,2.6132045800404273,-0.008270512529592544
2016-09-21,13.6813,2.6160299369191784,0.002825356878751073
2016-09-22,13.762,2.621911170780288,0.005881233861109614
2016-09-23,13.83,2.626840145676667,0.004928974896378779
2016-09-26,13.9327,2.6342385952840575,0.007398449607390667
2016-09-27,13.7207,2.618905641404406,-0.015332953879651612
2016-09-28,13.7513,2.621133365097986,0.0022277236935801525
2016-09-29,13.38,2.5937610547000824,-0.027372310397903554
2016-09-30,13.602,2.610216840753447,0.01645578605336473
2016-10-03,14.2467,2.656525300948746,0.046308460195298995
2016-10-04,14.094,2.6457491749048305,-0.010776126043915646
2016-10-05,13.8973,2.631694576664403,-0.014054598240427651
2016-10-06,13.4,2.5952547069568657,-0.03643986970753721
2016-10-07,13.1073,2.573169326908315,-0.02208538004855054
2016-10-10,13.3967,2.595008407971044,0.021839081062728916
2016-10-11,13.34,2.590767040487478,-0.004241367483566183
2016-10-12,13.434,2.597788806844673,0.007021766357194981
2016-10-13,13.3493,2.5914639490145954,-0.006324857830077413
2016-10-14,13.1007,2.572665663894005,-0.018798285120590563
2016-10-17,12.9307,2.559604328982722,-0.013061334911282696
2016-10-18,13.2733,2.5857544986639334,0.0261501696812112
2016-10-19,13.5707,2.6079130568936524,0.022158558229719016
2016-10-20,13.2733,2.5857544986639334,-0.022158558229719016
2016-10-21,13.3393,2.590714565347563,0.004960066683629805
2016-10-24,13.5173,2.603970346529279,0.013255781181715776
2016-10-25,13.4893,2.601896778584214,-0.002073567945064969
2016-10-26,13.4827,2.601407382163353,-0.000489396420860988
2016-10-27,13.6007,2.610121262005676,0.008713879842323191
2016-10-28,13.3313,2.5901146538165194,-0.020006608189156783
2016-10-31,13.182,2.5788522626305284,-0.011262391185991039
2016-11-01,12.7193,2.5431205249511497,-0.03573173767937865
2016-11-02,12.5347,2.5285007983362235,-0.014619726614926165
2016-11-03,12.4947,2.525304554394839,-0.0031962439413844024
2016-11-04,12.704,2.54191690450478,0.016612350109940888
2016-11-07,12.8807,2.5557300670255048,0.013813162520724731
2016-11-08,12.996,2.564641617806854,0.008911550781349309
2016-11-09,12.6707,2.5392922414256835,-0.02534937638117052
2016-11-10,12.3567,2.5141984260900294,-0.025093815335654135
2016-11-11,12.5707,2.5313687091980093,0.017170283107979856
2016-11-14,12.0967,2.492932688133122,-0.03843602106488708
2016-11-15,12.2513,2.505632053809127,0.012699365676004604
2016-11-16,12.262,2.5065050493404963,0.000872995531369547
2016-11-17,12.5773,2.5318936018456575,0.025388552505161144
2016-11-18,12.3347,2.512416428647861,-0.019477173197796294
2016-11-21,12.3133,2.5106799790067376,-0.0017364496411236274
2016-11-22,12.7447,2.5451154989084355,0.03443551990169791
2016-11-23,12.876,2.5553651134365616,0.010249614528126116
2016-11-25,13.11,2.5733752977756086,0.018010184339046997
2016-11-28,13.0747,2.570679065137087,-0.0026962326385215896
2016-11-29,12.638,2.5367081483512637,-0.03397091678582331
2016-11-30,12.6267,2.535813619561806,-0.000894528789457727
2016-12-01,12.1253,2.495294178785503,-0.04051944077630276
2016-12-02,12.098,2.4930401496847225,-0.0022540291007806523
2016-12-05,12.4533,2.521985648029421,0.028945498344698617
2016-12-06,12.39,2.516889695641051,-0.0050959523883702396
2016-12-07,12.876,2.5553651134365616,0.03847541779551067
2016-12-08,12.8193,2.550951847817683,-0.004413265618878448
2016-12-09,12.812,2.550382231746912,-0.0005696160707713283
2016-12-12,12.8287,2.551684848474333,0.0013026167274210465
2016-12-13,13.21,2.580974118534234,0.029289270059901007
2016-12-14,13.246,2.583695620062788,0.0027215015285539934
2016-12-15,13.172,2.578093364514118,-0.005602255548669888
2016-12-16,13.4993,2.602637832248178,0.02454446773406005
2016-12-19,13.5153,2.6038223770403173,0.0011845447921392527
2016-12-20,13.9193,2.6332763662855,0.029453989245182832
2016-12-21,13.8467,2.6280469370952066,-0.005229429190293455
2016-12-22,13.8967,2.631651401878471,0.0036044647832644827
2016-12-23,14.2227,2.6548392797691402,0.023187877890669117
2016-12-27,14.6353,2.683436418737988,0.028597138968847968
2016-12-28,14.6493,2.684392552751535,0.0009561340135468832
2016-12-29,14.31,2.6609585935683597,-0.023433959183175368
2016-12-30,14.246,2.656476165556162,-0.004482428012197559
2017-01-03,14.466,2.6718010684270888,0.015324902870926582
2017-01-04,15.1327,2.7168579652831832,0.045056896856094486
2017-01-05,15.1167,2.7158000929622697,-0.0010578723209135887
2017-01-06,15.2673,2.7257132863077196,0.009913193345449933
2017-01-09,15.4187,2.7355810584852454,0.009867772177525769
2017-01-10,15.3247,2.7294659057742217,-0.006115152711023697
2017-01-11,15.3153,2.7288523287314734,-0.0006135770427482257
2017-01-12,15.306,2.728244908387729,-0.0006074203437442804
2017-01-13,15.85,2.7631695003232895,0.0349245919355603
2017-01-17,15.7053,2.753998235004918,-0.009171265318371535
2017-01-18,15.8907,2.765734032441762,0.011735797436843942
2017-01-19,16.2507,2.7881359847710394,0.022401952329277552
2017-01-20,16.3153,2.7921033178627424,0.00396733309170294
2017-01-23,16.5947,2.8090833672742765,0.016980049411534193
2017-01-24,16.974,2.8316827615474853,0.022599394273208784
2017-01-25,16.9647,2.8311347146138797,-0.0005480469336056615
2017-01-26,16.834,2.8234006507893845,-0.007734063824495152
2017-01-27,16.864,2.8251811723589517,0.001780521569567206
2017-01-30,16.708,2.8158876466349287,-0.009293525724022977
2017-01-31,16.7953,2.8210990853637896,0.005211438728860873
2017-02-01,16.616,2.8103660865738114,-0.010732998789978243
2017-02-02,16.7693,2.8195498337593974,0.009183747185586011
2017-02-03,16.7553,2.8187146261319334,-0.0008352076274640297
2017-02-06,17.1847,2.8440194530647536,0.025304826932820212
2017-02-07,17.1653,2.8428899041819196,-0.0011295488828340083
2017-02-08,17.472,2.8605995995624944,0.017709695380574875
2017-02-09,17.9467,2.887406254021764,0.026806654459269552
2017-02-10,17.9487,2.8875176889132583,0.00011143489149434416
2017-02-13,18.7067,2.9288817484605003,0.04136405954724198
2017-02-14,18.732,2.9302332913212954,0.0013515428607950852
2017-02-15,18.6507,2.925883678897524,-0.0043496124237711875
2017-02-16,17.93,2.8864752876170416,-0.03940839128048257
2017-02-17,18.1487,2.8985989328012898,0.012123645184248133
2017-02-21,18.4927,2.9173760596167515,0.01877712681546173
2017-02-22,18.234,2.903287983162711,-0.014088076454040532
2017-02-23,17.066,2.8370881801143932,-0.06619980304831774
2017-02-24,17.1333,2.8410239382658253,0.0039357581514321005
2017-02-27,16.4153,2.798213826753656,-0.04281011151216951
2017-02-28,16.666,2.813370715960015,0.01515688920635938
2017-03-01,16.668,2.813490713560207,0.00011999760019199002
2017-03-02,16.6987,2.8153308720813066,0.001840158521099422
2017-03-03,16.7713,2.8196690922104906,0.004338220129183945
2017-03-06,16.7473,2.8182370512480706,-0.0014320409624200003
2017-03-07,16.5727,2.8077567632458362,-0.010480288002234328
2017-03-08,16.4553,2.800647613769676,-0.007109149476160148
2017-03-09,16.3267,2.7928018045034806,-0.007845809266195491
2017-03-10,16.246,2.787846724628762,-0.00495507987471866
2017-03-13,16.4113,2.7979701219520745,0.010123397323312577
2017-03-14,17.2,2.8449093838194073,0.04693926186733277
2017-03-15,17.0487,2.8360739544883153,-0.008835429331091937
2017-03-16,17.47,2.8604851241459652,0.02441116965764989
2017-03-17,17.4333,2.8583821703550503,-0.002102953790914963
2017-03-20,17.4613,2.8599870035389516,0.0016048331839013663
2017-03-21,16.712,2.8161270242542646,-0.04385997928468699
2017-03-22,17.0007,2.833254519679077,0.017127495424812178
2017-03-23,16.9853,2.8323482641000735,-0.0009062555790033677
2017-03-24,17.544,2.864712011115587,0.03236374701551359
2017-03-27,18.0147,2.8911880912720553,0.026476080156468296
2017-03-28,18.4967,2.9175923377945856,0.02640424652253026
2017-03-29,18.492,2.917338206125979,-0.0002541316686066608
2017-03-30,18.528,2.919283101390585,0.0019448952646059503
2017-03-31,18.5533,2.9206476708056712,0.0013645694150863363
2017-04-03,19.9013,2.990785056229921,0.07013738542424974
2017-04-04,20.2453,3.007922667848029,0.017137611618108117
2017-04-05,19.6667,2.9789268501514274,-0.028995817696601645
2017-04-06,19.9133,2.9913878501981315,0.01246100004670403
2017-04-07,20.1693,3.004161646356451,0.012773796158319417
2017-04-10,20.826,3.036202206107704,0.032040559751253195
2017-04-11,20.5807,3.024353743432896,-0.01184846267480788
2017-04-12,19.7893,2.985141387589195,-0.0392123558437012
2017-04-13,20.2667,3.0089791450395014,0.023837757450306363
2017-04-17,20.096,3.000520790285788,-0.008458354753713149
2017-04-18,20.0167,2.9965669251354305,-0.003953865150357672
2017-04-19,20.368,3.0139650418150508,0.017398116679620212
2017-04-20,20.1673,3.0040624808342384,-0.009902560980812325
2017-04-21,20.3733,3.0142252200631625,0.010162739228924078
2017-04-24,20.5353,3.022145356505607,0.007920136442444381
2017-04-25,20.9193,3.0406721778338377,0.018526821328230803
2017-04-26,20.678,3.0290703331645012,-0.011601844669336447
2017-04-27,20.5753,3.0240913272587786,-0.004979005905722644
2017-04-28,20.938,3.0415656898971632,0.017474362638384644
2017-05-01,21.522,3.0690756677782005,0.027509977881037262
2017-05-02,21.2593,3.056794446689708,-0.012281221088492611
2017-05-03,20.7347,3.0318086253033476,-0.024985821386360296
2017-05-04,19.6973,2.9804815705133696,-0.05132705478997801
2017-05-05,20.5567,3.023186921867948,0.042705351354578536
2017-05-08,20.4793,3.0194146198996683,-0.003772301968279823
2017-05-09,21.4173,3.064199006654413,0.04478438675474461
2017-05-10,21.6813,3.0764501378733615,0.012251131218948608
2017-05-11,21.54,3.0699116717282426,-0.006538466145118882
2017-05-12,21.654,3.0751901948887066,0.005278523160463955
2017-05-15,21.0587,3.047313776405492,-0.02787641848321476
2017-05-16,21.134,3.050883118018839,0.003569341613347099
2017-05-17,20.4,3.0155349008501706,-0.03534821716866832
2017-05-18,20.8707,3.03834626149452,0.02281136064434941
2017-05-19,20.722,3.03119593782956,-0.007150323664959934
2017-05-22,20.69,3.029650491757452,-0.0015454460721082697
2017-05-23,20.2573,3.008515222417421,-0.02113526934003085
2017-05-24,20.6813,3.029229910333699,0.020714687916278063
2017-05-25,21.122,3.0503151513242828,0.02108524099058373
2017-05-26,21.676,3.0762056577038677,0.0258905063795849
2017-05-30,22.34,3.1063787936410545,0.030173135937186846
2017-05-31,22.734,3.123861601264519,0.017482807623464325
2017-06-01,22.6913,3.1219815911126116,-0.0018800101519071966
2017-06-02,22.6567,3.1204556139266657,-0.001525977185945937
2017-06-05,23.1547,3.1421977836838084,0.021742169757142715
2017-06-06,23.52,3.1578511230304263,0.015653339346617834
2017-06-07,23.9767,3.1770825254507002,0.01923140242027399
2017-06-08,24.6667,3.2054541558864984,0.028371630435798156
2017-06-09,23.8213,3.170580138424505,-0.03487401746199348
2017-06-12,23.934,3.1753000421513247,0.004719903726819741
2017-06-13,25.0633,3.2214046247568504,0.046104582605525746
2017-06-14,25.3773,3.233855073648448,0.012450448891597521
2017-06-15,25.0227,3.219783412885569,-0.014071660762879024
2017-06-16,24.76,3.2092294478163956,-0.010553965069173277
2017-06-19,24.6533,3.2049107657676936,-0.004318682048702005
2017-06-20,24.816,3.211488606434183,0.006577840666489365
2017-06-21,25.0933,3.222600878234062,0.011112271799878837
2017-06-22,25.5073,3.2389646857054557,0.016363807471393876
2017-06-23,25.5633,3.2411577291568365,0.0021930434513808272
2017-06-26,25.166,3.225493877169776,-0.01566385198706044
2017-06-27,24.158,3.1846155881830867,-0.04087828898668944
2017-06-28,24.7493,3.20879720578645,0.024181617603363126
2017-06-29,24.05,3.1801349965517702,-0.028662209234679548
2017-06-30,24.1073,3.182514699194599,0.0023797026428287182
2017-07-03,23.5,3.1570004211501135,-0.025514278044485472
2017-07-05,21.806,3.08218516128419,-0.07481525986592352
2017-07-06,20.5887,3.024742381601084,-0.05744277968310607
2017-07-07,20.8813,3.0388540216127296,0.014111640011645665
2017-07-10,21.07,3.0478502278160975,0.00899620620336794
2017-07-11,21.8147,3.0825840544755123,0.034733826659414824
2017-07-12,21.968,3.0895868490256153,0.0070027945501029976
2017-07-13,21.5607,3.070872213046205,-0.018714635979410144
2017-07-14,21.852,3.084292450533471,0.01342023748726584
2017-07-17,21.3047,3.0589277056511386,-0.025364744882332424
2017-07-18,21.8827,3.0856963703062124,0.02676866465507377
2017-07-19,21.684,3.0765746613980918,-0.009121708908120585
2017-07-20,21.9947,3.0908015152441504,0.014226853846058596
2017-07-21,21.8933,3.0861806539414083,-0.004620861302742085
2017-07-24,22.8347,3.1282813088234884,0.042100654882080146
2017-07-25,22.64,3.119718253334982,-0.008563055488506333
2017-07-26,22.9233,3.1321538605401407,0.012435607205158572
2017-07-27,22.2973,3.1044655949025706,-0.027688265637570098
2017-07-28,22.338,3.106289264118635,0.0018236692160642498
2017-07-31,21.5647,3.0710577185724826,-0.035231545546152265
2017-08-01,21.3047,3.0589277056511386,-0.012130012921343969
2017-08-02,21.726,3.078509700011559,0.019581994360420296
2017-08-03,23.1383,3.1414892532067995,0.06297955319524062
2017-08-04,23.794,3.1694334480543342,0.027944194847534742
2017-08-07,23.678,3.1645463469894444,-0.004887101064889876
2017-08-08,24.348,3.192449710631678,0.027903363642233447
2017-08-09,24.2353,3.1878102480117274,-0.004639462619950407
2017-08-10,23.6933,3.165192307751848,-0.02261794025987962
2017-08-11,23.858,3.172119590859754,0.006927283107906135
2017-08-14,24.2533,3.188552690599339,0.016433099739585177
2017-08-15,24.1553,3.1845038177181086,-0.004048872881230459
2017-08-16,24.194,3.1861046685376566,0.001600850819547972
2017-08-17,23.4613,3.1553522551597957,-0.030752413377860943
2017-08-18,23.164,3.1425993493635436,-0.0127529057962521
2017-08-21,22.524,3.114581407392372,-0.028017941971171467
2017-08-22,22.7567,3.124859607533234,0.010278200140862115
2017-08-23,23.518,3.157766085401224,0.032906477867989725
2017-08-24,23.5287,3.1582209525942253,0.0004548671930013626
2017-08-25,23.2033,3.1442945099362287,-0.013926442657996585
2017-08-28,23.044,3.1374054318701368,-0.006889078066091958
2017-08-29,23.1573,3.142310065597901,0.004904633727764285
2017-08-30,23.5453,3.1589262251730625,0.016616159575161493
2017-08-31,23.7267,3.166600996301964,0.007674771128901359
2017-09-01,23.6933,3.165192307751848,-0.0014086885501161106
2017-09-05,23.306,3.1487108381510716,-0.016481469600776233
2017-09-06,22.9687,3.134132419539992,-0.014578418611079336
2017-09-07,23.374,3.1516242935109653,0.01749187397097307
2017-09-08,22.8933,3.1308442913321493,-0.020780002178816037
2017-09-11,24.246,3.1882516553243914,0.05740736399224211
2017-09-12,24.1833,3.1856623123013854,-0.002589343023005952
2017-09-13,24.4153,3.1952099849662914,0.00954767266490597
2017-09-14,25.176,3.2258911597621056,0.030681174795814226
2017-09-15,25.3207,3.23162224302337,0.00573108326126448
2017-09-18,25.6667,3.2451944318860293,0.013572188862659207
2017-09-19,25.0067,3.2191437889626155,-0.026050642923413747
2017-09-20,24.9273,3.2159635884211486,-0.0031802005414669487
2017-09-21,24.432,3.1958937484762764,-0.020069839944872214
2017-09-22,23.406,3.1529923997525744,-0.04290134872370199
2017-09-25,22.9993,3.1354637806833936,-0.017528619069180795
2017-09-26,23.0167,3.136220039412066,0.0007562587286722433
2017-09-27,22.7313,3.1237428293658103,-0.012477210046255571
2017-09-28,22.64,3.119718253334982,-0.004024576030828175
2017-09-29,22.7347,3.123892391676387,0.004174138341404898
2017-10-02,22.7687,3.1253867857800115,0.0014943941036245079
2017-10-03,23.2093,3.1445530604174956,0.019166274637484104
2017-10-04,23.6673,3.1640943485785287,0.019541288161033066
2017-10-05,23.676,3.1644618768284785,0.00036752824994978894
2017-10-06,23.789,3.1692232889631295,0.0047614121346510885
2017-10-09,22.8627,3.1295067616284205,-0.039716527334709095
2017-10-10,23.706,3.1657281806573088,0.03622141902888831
2017-10-11,23.64,3.1629401925378975,-0.0027879881194112777
2017-10-12,23.712,3.1659812491136763,0.0030410565757788
2017-10-13,23.7047,3.1656733407161,-0.00030790839757610655
2017-10-16,23.3733,3.151594345257267,-0.014078995458833177
2017-10-17,23.7167,3.166179441348141,0.014585096090874217
2017-10-18,23.9767,3.1770825254507002,0.010903084102559024
2017-10-19,23.454,3.155041056038873,-0.022041469411827386
2017-10-20,23.0067,3.135785477856102,-0.019255578182770794
2017-10-23,22.468,3.112092074670186,-0.02369340318591595
2017-10-24,22.4893,3.1130396405424134,0.0009475658722273295
2017-10-25,21.7227,3.0783577967322278,-0.034681843810185686
2017-10-26,21.7447,3.0793700496794267,0.0010122529471989772
2017-10-27,21.3913,3.062984297311105,-0.016385752368321516
2017-10-30,21.3387,3.0605223255550222,-0.0024619717560829812
2017-10-31,22.102,3.0956681021665906,0.03514577661156837
2017-11-01,21.4053,3.063638554915653,-0.03202954725093754
2017-11-02,19.9507,2.9932642304396113,-0.07037432447604175
2017-11-03,20.406,3.0158289752531133,0.022564744813502013
2017-11-06,20.1853,3.0049546167161325,-0.010874358536980822
2017-11-07,20.4033,3.015696652473554,0.010742035757421498
2017-11-08,20.2873,3.0099950745049937,-0.005701577968560301
2017-11-09,20.1993,3.0056479503413676,-0.004347124163626148
2017-11-10,20.1993,3.0056479503413676,0.0
2017-11-13,21.0267,3.045793058713994,0.040145108372626304
2017-11-14,20.58,3.0243197304059035,-0.021473328308090345
2017-11-15,20.7533,3.0327052701763786,0.00838553977047507
2017-11-16,20.8333,3.036552668072966,0.003847397896587612
2017-11-17,21.0033,3.0446795682349204,0.008126900161954165
2017-11-20,20.5827,3.024450917135825,-0.02022865109909544
2017-11-21,21.1873,3.0534019455680927,0.028951028432267822
2017-11-22,20.84,3.0368742168851663,-0.0165277286829264
2017-11-24,21.0367,3.046268531461722,0.009394314576555818
2017-11-27,21.1207,3.0502536022282065,0.003985070766484355
2017-11-28,21.174,3.052774013921188,0.002520411692981561
2017-11-29,20.5027,3.0205565847887885,-0.032217429132399555
2017-11-30,20.5967,3.0251308687883207,0.0045742839995321916
2017-12-01,20.4353,3.0172637976033667,-0.007867071184954
2017-12-04,20.3467,3.012918736576737,-0.004345061026629793
2017-12-05,20.2467,3.0079918173096787,-0.0049269192670582385
2017-12-06,20.8847,3.0390168334696233,0.031025016159944574
2017-12-07,20.7507,3.032579981047456,-0.006436852422167405
2017-12-08,21.0087,3.0449366376450766,0.012356656597620752
2017-12-11,21.9267,3.0877050723105572,0.04276843466548064
2017-12-12,22.7353,3.123918782703439,0.036213710392881904
2017-12-13,22.602,3.118038397937959,-0.005880384765480251
2017-12-14,22.526,3.1146701976255047,-0.003368200312454217
2017-12-15,22.8953,3.1309316493208743,0.016261451695369633
2017-12-18,22.5873,3.117387801424248,-0.013543847896626104
2017-12-19,22.066,3.0940379623381142,-0.023349839086133972
2017-12-20,21.932,3.087946757541802,-0.006091204796312422
2017-12-21,22.1107,3.0960616542505974,0.008114896708795616
2017-12-22,21.68,3.0763901765714454,-0.019671477679152005
2017-12-26,21.1527,3.051767556918965,-0.02462261965248036
2017-12-27,20.776,3.0337984743604474,-0.0179690825585177
2017-12-28,21.024,3.0456646423022002,0.011866167941752881
2017-12-29,20.7567,3.0328690861247094,-0.012795556177490841
2018-01-02,21.3687,3.061927234537279,0.029058148412569818
2018-01-03,21.15,3.0516399054922867,-0.010287329044992521
2018-01-04,20.9747,3.043316949509626,-0.008322955982660751
2018-01-05,21.1053,3.0495241937745154,0.0062072442648895
2018-01-08,22.4273,3.110278966788086,0.060754773013570684
2018-01-09,22.246,3.1021622171698375,-0.008116749618248598
2018-01-10,22.32,3.1054831375131102,0.003320920343272693
2018-01-11,22.53,3.114847754444153,0.009364616931042846
2018-01-12,22.4147,3.1097169936231244,-0.0051307608210287015
2018-01-16,22.6707,3.121073341854814,0.01135634823168985
2018-01-17,23.144,3.141735567673834,0.020662225819019664
2018-01-18,22.9713,3.134245610658964,-0.007489957014870097
2018-01-19,23.3347,3.1499415230945815,0.015695912435617743
2018-01-22,23.4373,3.154328770360887,0.004387247266305572
2018-01-23,23.5193,3.15782136068277,0.0034925903218829824
2018-01-24,23.0593,3.1380691587860703,-0.019752201896699795
2018-01-25,22.5093,3.113928557145017,-0.024140601641053472
2018-01-26,22.8567,3.129244290990816,0.015315733845798984
2018-01-29,23.302,3.1485391937977494,0.019294902806933578
2018-01-30,23.0547,3.1378696532122636,-0.010669540585485748
2018-01-31,23.6207,3.1621234462318597,0.02425379301959607
2018-02-01,23.2833,3.1477363653946093,-0.014387080837250377
2018-02-02,22.9167,3.131865902422968,-0.01587046297164152
2018-02-05,22.2087,3.1004841040005546,-0.031381798422413176
2018-02-06,22.2647,3.10300246462046,0.002518360619905291
2018-02-07,23.0,3.1354942159291497,0.032491751308689754
2018-02-08,21.0153,3.0452507438726735,-0.0902434720564762
2018-02-09,20.6947,3.02987762884049,-0.015373115032183637
2018-02-12,21.0487,3.046838800501589,0.01696117166109934
2018-02-13,21.5773,3.0716418361543405,0.024803035652751326
2018-02-14,21.4873,3.067462062928594,-0.004179773225746697
2018-02-15,22.271,3.1032853837187124,0.03582332079011863
2018-02-16,22.366,3.1075419486059968,0.00425656488728432
2018-02-20,22.3173,3.105362162453987,-0.002179786152009644
2018-02-21,22.22,3.100992784211484,-0.0043693782425031635
2018-02-22,23.088,3.139313002031515,0.03832021782003103
2018-02-23,23.47,3.1557230098629323,0.016410007831417328
2018-02-26,23.8233,3.170664093374328,0.014941083511395892
2018-02-27,23.3993,3.1527061073862925,-0.017957985988035663
2018-02-28,22.8707,3.129856615349403,-0.02284949203688935
2018-03-01,22.062,3.09385667154719,-0.035999943802213163
2018-03-02,22.3413,3.106436983532592,0.012580311985401771
2018-03-05,22.2233,3.10114128803573,-0.005295695496861708
2018-03-06,21.88,3.0855729775537806,-0.01556831048194951
2018-03-07,22.1533,3.0979864695927466,0.012413492038966023
2018-03-08,21.94,3.088311454847084,-0.009675014745662569
2018-03-09,21.8113,3.0824281841226546,-0.005883270724429401
2018-03-12,23.034,3.136971385246716,0.05454320112406119
2018-03-13,22.7893,3.1262911275598944,-0.01068025768682146
2018-03-14,21.7753,3.0807762999111694,-0.04551482764872494
2018-03-15,21.7067,3.077620968651532,-0.003155331259637517
2018-03-16,21.4233,3.064479114777979,-0.013141853873552822
2018-03-19,20.904,3.0399405282183114,-0.024538586559667674
2018-03-20,20.7033,3.0302931078551145,-0.009647420363196879
2018-03-21,21.102,3.0493678227199004,0.019074714864785847
2018-03-22,20.6067,3.0256162656340346,-0.023751557085865738
2018-03-23,20.1027,3.000854134401993,-0.02476213123204163
2018-03-26,20.2787,3.0095710741042225,0.008716939702229531
2018-03-27,18.612,2.923806533982402,-0.08576454012182033
2018-03-28,17.1853,2.844054367234091,-0.0797521667483112
2018-03-29,17.742,2.875934710098395,0.03188034286430419
2018-04-02,16.832,2.8232818365552994,-0.05265287354309578
2018-04-03,17.8353,2.8811796395272498,0.05789780297195035
2018-04-04,19.1293,2.951221191041946,0.07004155151469638
2018-04-05,20.3813,3.014617813787687,0.06339662274574076
2018-04-06,19.9533,2.993394543190397,-0.0212232705972899
2018-04-09,19.3107,2.960659346430717,-0.03273519675967984
2018-04-10,20.3133,3.0112758439297873,0.05061649749907016
2018-04-11,20.062,2.9988274784612936,-0.012448365468493705
2018-04-12,19.6053,2.975799937846039,-0.023027540615254694
2018-04-13,20.0227,2.996866629928455,0.021066692082416072
2018-04-16,19.414,2.965994455290035,-0.03087217463842018
2018-04-17,19.1793,2.9538315724389195,-0.01216288285111533
2018-04-18,19.5567,2.973317938716817,0.01948636627789746
2018-04-19,20.0053,2.9959972384476927,0.02267929973087579
2018-04-20,19.3493,2.96265624311084,-0.03334099533685286
2018-04-23,18.8913,2.9387014986266733,-0.023954744484166568
2018-04-24,18.8973,2.939019054717686,0.000317556091012694
2018-04-25,18.7127,2.9292024377313823,-0.00981661698630365
2018-04-26,19.032,2.9461217730006566,0.01691933526927425
2018-04-27,19.605,2.975784635744295,0.029662862743638385
2018-04-30,19.5933,2.9751876710622827,-0.0005969646820123131
2018-05-01,19.9947,2.9954672384352867,0.02027956737300407
2018-05-02,20.0767,2.9995599386883165,0.0040927002530297685
2018-05-03,18.9633,2.942505532314733,-0.05705440637358361
2018-05-04,19.606,2.9758356418395344,0.03333010952480153
2018-05-07,20.1847,3.0049248916727813,0.0290892498332469
2018-05-08,20.1313,3.0022758177950015,-0.002649073877779795
2018-05-09,20.4567,3.018310457192217,0.0160346393972155
2018-05-10,20.3347,3.0123287863612553,-0.005981670830961683
2018-05-11,20.0707,2.9992610401272803,-0.013067746233974997
2018-05-14,19.4647,2.9686025686652,-0.03065847146208034
2018-05-15,18.9453,2.941555879657934,-0.02704668900726581
2018-05-16,19.0987,2.94962026990898,0.008064390251045772
2018-05-17,18.9693,2.942821882897084,-0.0067983870118961676
2018-05-18,18.4547,2.9153190805925884,-0.027502802304495422
2018-05-21,18.966,2.9426479024615357,0.02732882186894736
2018-05-22,18.334,2.9087572595395836,-0.0338906429219521
2018-05-23,18.6047,2.9234142369709195,0.014656977431335871
2018-05-24,18.5233,2.9190293990899794,-0.004384837880940129
2018-05-25,18.59,2.922623801733353,0.0035944026433734066
2018-05-29,18.9173,2.9400768473091654,0.01745304557581262
2018-05-30,19.448,2.967744237013822,0.027667389704656653
2018-05-31,18.982,2.9434911617083004,-0.024253075305521676
2018-06-01,19.4547,2.9680886861171616,0.024597524408861204
2018-06-04,19.7827,2.9848078183957654,0.016719132278603777
2018-06-05,19.4087,2.9657214191522634,-0.019086399243501972
2018-06-06,21.3,3.0587070727153796,0.09298565356311617
2018-06-07,21.0727,3.047978363887289,-0.010728708828090738
2018-06-08,21.1773,3.0529298532936124,0.004951489406323617
2018-06-11,22.14,3.0973859272804907,0.04445607398687823
2018-06-12,22.8513,3.1290080085008745,0.03162208122038379
2018-06-13,22.9853,3.1348548811634434,0.005846872662568892
2018-06-14,23.848,3.17170035637577,0.03684547521232684
2018-06-15,23.878,3.1729575329231965,0.0012571765474262975
2018-06-18,24.722,3.2076935354656313,0.03473600254243481
2018-06-19,23.5033,3.1571408368232863,-0.05055269864234502
2018-06-20,24.148,3.18420156093418,0.027060724110893553
2018-06-21,23.1673,3.1427418016584534,-0.04145975927572643
2018-06-22,22.242,3.1019823933966504,-0.04075940826180302
2018-06-25,22.2007,3.100123819912657,-0.001858573483993542
2018-06-26,22.8,3.126760535960395,0.026636716047738318
2018-06-27,22.9667,3.13404534072926,0.007284804768864728
2018-06-28,23.3287,3.1496843622347614,0.01563902150550156
2018-06-29,22.8633,3.1295330049035823,-0.02015135733117912
2018-07-02,22.338,3.106289264118635,-0.02324374078494751
2018-07-03,20.724,3.031292448952542,-0.07499681516609291
2018-07-05,20.6107,3.0258103584207006,-0.005482090531841344
2018-07-06,20.5933,3.0249657801742047,-0.000844578246495864
2018-07-09,21.234,3.0556036705913816,0.030637890417176905
2018-07-10,21.498,3.067959907550872,0.012356236959490285
2018-07-11,21.264,3.0570155019708896,-0.01094440557998233
2018-07-12,21.114,3.049936327567503,-0.007079174403386457
2018-07-13,21.258,3.05673329511139,0.006796967543886812
2018-07-16,20.6733,3.028843012619791,-0.02789028249159875
2018-07-17,21.5127,3.068643458414837,0.039800445795045825
2018-07-18,21.59,3.072230244526716,0.0035867861118790145
2018-07-19,21.3487,3.0609908478910244,-0.011239396635691623
2018-07-20,20.9053,3.0400027153393787,-0.020988132551645666
2018-07-23,20.2133,3.0063408035881296,-0.03366191175124911
2018-07-24,19.8287,2.9871303831462246,-0.01921042044190502
2018-07-25,20.5827,3.024450917135825,0.037320533989600335
2018-07-26,20.4433,3.017655200445055,-0.006795716690769726
2018-07-27,19.812,2.9862878147259915,-0.03136738571906372
2018-07-30,19.3447,2.962418480149054,-0.02386933457693763
2018-07-31,19.876,2.9895129737400743,0.027094493591020452
2018-08-01,20.056,2.9985283608559925,0.009015387115918205
2018-08-02,23.3027,3.1485692336864326,0.1500408728304401
2018-08-03,23.2113,3.1446392290581957,-0.003930004628236894
2018-08-06,22.7993,3.1267298337347005,-0.017909395323495225
2018-08-07,25.3047,3.2309901492312134,0.10426031549651293
2018-08-08,24.6893,3.2063699513958395,-0.024620197835373947
2018-08-09,23.4967,3.15685998575761,-0.0495099656382294
2018-08-10,23.6993,3.1654455118399145,0.008585526082304451
2018-08-13,23.7607,3.1680329553399305,0.00258744350001594
2018-08-14,23.176,3.1431172604670494,-0.024915694872881033
2018-08-15,22.5793,3.117033557355239,-0.026083703111810408
2018-08-16,22.3633,3.107421222370474,-0.009612334984764992
2018-08-17,20.3667,3.013901214169312,-0.09352000820116224
2018-08-20,20.5627,3.023478754922058,0.009577540752746305
2018-08-21,21.46,3.0661907372025525,0.04271198228049444
2018-08-22,21.4427,3.065384261109548,-0.0008064760930044379
2018-08-23,21.34,3.060583245873607,-0.0048010152359410085
2018-08-24,21.5213,3.069043142390971,0.008459896517364118
2018-08-27,21.2847,3.057988504748089,-0.01105463764288217
2018-08-28,20.7907,3.034505771336769,-0.023482733411320122
2018-08-29,20.334,3.012294361852969,-0.022211409483799738
2018-08-30,20.21,3.00617753141553,-0.006116830437439269
2018-08-31,20.1107,3.0012520117317156,-0.004925519683814272
2018-09-04,19.2633,2.958201731256896,-0.043050280474819846
2018-09-05,18.716,2.92937877300397,-0.0288229582529258
2018-09-06,18.73,2.930126516455997,0.0007477434520271053
2018-09-07,17.5493,2.8650140630765195,-0.06511245337947758
2018-09-10,19.0333,2.9461900766788363,0.08117601360231674
2018-09-11,18.6293,2.9247356101018944,-0.021454466576941833
2018-09-12,19.3693,2.963689338407612,0.03895372830571775
2018-09-13,19.2973,2.9599651897513723,-0.003724148656239823
2018-09-14,19.68,2.9796028916241073,0.019637701872734947
2018-09-17,19.656,2.978382635218878,-0.0012202564052294917
2018-09-18,18.9973,2.944296863805373,-0.03408577141350477
2018-09-19,19.9347,2.9924619318111283,0.04816506800575526
2018-09-20,19.8887,2.990151731252733,-0.002310200558395259
2018-09-21,19.94,2.9927277645336923,0.0025760332809592335
2018-09-24,19.9787,2.9946667060385193,0.0019389415048269854
2018-09-25,20.066,2.999026840503421,0.004360134464901577
2018-09-26,20.6387,3.027167954133631,0.028141113630210324
2018-09-27,20.5013,3.020488298767886,-0.0066796553657453295
2018-09-28,17.6513,2.870809435057889,-0.1496788637099966
2018-10-01,20.7133,3.0307760060261053,0.1599665709682161
2018-10-02,20.068,2.9991265066220065,-0.03164949940409878
2018-10-03,19.6533,2.9782452631464045,-0.02088124347560205
2018-10-04,18.7887,2.9332556252948363,-0.044989637851568176
2018-10-05,17.4633,2.860101535988983,-0.0731540893058531
2018-10-08,16.704,2.8156482117002284,-0.044453324288754814
2018-10-09,17.52,2.8633430855082453,0.04769487380801696
2018-10-10,17.1253,2.8405569022430215,-0.02278618326522386
2018-10-11,16.8153,2.822289186246283,-0.018267715996738598
2018-10-12,17.252,2.8479280787855967,0.02563889253931384
2018-10-15,17.306,2.8510532621845472,0.003125183398950515
2018-10-16,18.4393,2.9144842564534654,0.06343099426891818
2018-10-17,18.1187,2.8969445541117547,-0.01753970234171076
2018-10-18,17.594,2.867557934830483,-0.02938661928127173
2018-10-19,17.3333,2.8526295068345457,-0.014928427995937188
2018-10-22,17.3967,2.856280533061253,0.003651026226707099
2018-10-23,19.6093,2.976003943497703,0.11972341043645018
2018-10-24,19.2333,2.956643151742189,-0.019360791755513862
2018-10-25,20.9907,3.0440794824903805,0.08743633074819135
2018-10-26,22.06,3.0937660138253564,0.049686531334975914
2018-10-29,22.3233,3.1056309760468213,0.011864962221464825
2018-10-30,21.9933,3.090737861520386,-0.01489311452643527
2018-10-31,22.488,3.1129818336042305,0.022243972083844543
2018-11-01,22.952,3.133405078679064,0.020423245074833396
2018-11-02,23.094,3.139572843529664,0.006167764850600221
2018-11-05,22.76,3.1250046092581303,-0.014568234271533864
2018-11-06,22.7373,3.124006747763774,-0.0009978614943562114
2018-11-07,23.2107,3.1446133792456052,0.020606631481831172
2018-11-08,23.4267,3.1538763975296833,0.00926301828407805
2018-11-09,23.3673,3.1513376091420713,-0.002538788387612012
2018-11-12,22.0853,3.0949122288366917,-0.05642538030537958
2018-11-13,22.582,3.1171531287583303,0.02224089992163858
2018-11-14,22.9333,3.1325900027817597,0.015436874023429414
2018-11-15,23.2293,3.145414412880169,0.012824410098409178
2018-11-16,23.6207,3.1621234462318597,0.016709033351690827
2018-11-19,23.5647,3.159749829549909,-0.0023736166819507964
2018-11-20,23.166,3.1426856865101542,-0.017064143039754676
2018-11-21,22.546,3.1155576666223395,-0.02712801988781477
2018-11-23,21.722,3.078325571857844,-0.037232094764495294
2018-11-26,23.0667,3.138390019041175,0.06006444718333093
2018-11-27,22.928,3.132358871085816,-0.006031147955359195
2018-11-28,23.1913,3.1437772083421813,0.01141833725636543
2018-11-29,22.7447,3.124332151222958,-0.019445057119223286
2018-11-30,23.3653,3.1512520157874873,0.026919864564529217
2018-12-03,23.8993,3.1738491698056137,0.022597154018126453
2018-12-04,23.98,3.177220149599368,0.0033709797937544472
2018-12-06,24.204,3.186517908760075,0.009297759160706853
2018-12-07,23.8643,3.1723836183704397,-0.014134290389635318
2018-12-10,24.3433,3.1922566576626834,0.01987303929224371
2018-12-11,24.4507,3.1966588453679052,0.004402187705221827
2018-12-12,24.44,3.1962211343033946,-0.00043771106451062636
2018-12-13,25.1193,3.223636474969689,0.027415340666294252
2018-12-14,24.3807,3.193791835700007,-0.02984463926968184
2018-12-17,23.228,3.1453584475098033,-0.04843338819020371
2018-12-18,22.4687,3.1121232296059094,-0.03323521790389394
2018-12-19,22.198,3.1000021947297878,-0.012121034876121595
2018-12-20,21.0253,3.0457264744849195,-0.054275720244868264
2018-12-21,21.318,3.0595517862669452,0.013825311782025729
2018-12-24,19.6927,2.9802480086945877,-0.07930377757235751
2018-12-26,21.7393,3.079121682462622,0.09887367376803446
2018-12-27,21.0753,3.0481017386620493,-0.031019943800572936
2018-12-28,22.258,3.1027014945512335,0.0545997558891842
2018-12-31,22.1867,3.099493010247561,-0.0032084843036725985
2019-01-02,20.6747,3.0289107305263663,-0.07058227972119457
2019-01-03,20.024,2.996931554129473,-0.031979176396893294
2019-01-04,21.1793,3.053024289579881,0.05609273545040816
2019-01-07,22.3307,3.105962413323112,0.052938123743230925
2019-01-08,22.3567,3.1071260524219984,0.0011636390988862821
2019-01-09,22.5687,3.1165639905883937,0.009437938166395377
2019-01-10,22.998,3.135407255626473,0.018843265038079426
2019-01-11,23.1507,3.14202501765609,0.006617762029617058
2019-01-14,22.2933,3.1042861848919077,-0.03773883276418255
2019-01-15,22.962,3.13384067567162,0.029554490779712506
2019-01-16,23.07,3.138533072185662,0.004692396514041963
2019-01-17,23.154,3.142167551783537,0.0036344795978746625
2019-01-18,20.1507,3.0032390272433855,-0.13892852454015125
2019-01-22,19.928,2.9921257779598793,-0.01111324928350621
2019-01-23,19.1727,2.95348739221024,-0.038638385749639514
2019-01-24,19.434,2.967024109417247,0.013536717207007332
2019-01-25,19.8027,2.985818292040178,0.018794182622930755
2019-01-28,19.7587,2.9835939006818153,-0.0022243913583626096
2019-01-29,19.8307,2.987231241959101,0.003637341277285877
2019-01-30,20.5847,3.024548081396943,0.03731683943784203
2019-01-31,20.468,3.0188626909428455,-0.005685390454097661
2019-02-01,20.814,3.0356258372156675,0.016763146272821938
2019-02-04,20.8593,3.0377998919625964,0.0021740547469288884
2019-02-05,21.4233,3.064479114777979,0.026679222815382708
2019-02-06,21.148,3.0515453383732036,-0.012933776404775443
2019-02-07,20.5007,3.0204590319028526,-0.031086306470351044
2019-02-08,20.3867,3.014882727447007,-0.005576304455845449
2019-02-11,20.856,3.0376416766312007,0.022758949184193522
2019-02-12,20.7873,3.034342223306196,-0.0032994533250048086
2019-02-13,20.5447,3.0226030001357946,-0.011739223170401214
2019-02-14,20.2513,3.008218989022839,-0.01438401111295562
2019-02-15,20.5253,3.0216582715532336,0.013439282530394614
2019-02-19,20.376,3.0143577376771558,-0.007300533876077875
2019-02-20,20.1707,3.0042310563713523,-0.010126681305803409
2019-02-21,19.4153,2.9660614150343765,-0.03816964133697587
2019-02-22,19.6473,2.9779399242942435,0.011878509259866998
2019-02-25,19.918,2.991623845509448,0.013683921215204453
2019-02-26,19.8573,2.9885716977131302,-0.0030521477963176835
2019-02-27,20.9827,3.04369828868207,0.05512659096893957
2019-02-28,21.3253,3.0598941612741,0.01619587259203037
2019-03-01,19.6527,2.9782147334562783,-0.08167942781782189
2019-03-04,19.024,2.945701339948426,-0.03251339350785232
2019-03-05,18.436,2.9143052748582616,-0.03139606509016435
2019-03-06,18.416,2.9132198519795267,-0.0010854228787349207
2019-03-07,18.4393,2.9144842564534654,0.0012644044739387184
2019-03-08,18.9427,2.941418633036097,0.026934376582631536
2019-03-11,19.3947,2.964999832868202,0.02358119983210516
2019-03-12,18.8907,2.9386697374705646,-0.026330095397637532
2019-03-13,19.264,2.9582380691264105,0.019568331655845927
2019-03-14,19.3307,2.9616945057047563,0.003456436578345823
2019-03-15,18.362,2.9102833117215083,-0.051411193983248005
2019-03-18,17.966,2.888481082807015,-0.021802228914493238
2019-03-19,17.8313,2.8809553400416372,-0.007525742765377874
2019-03-20,18.24,2.9036169846461855,0.022661644604548226
2019-03-21,18.268,2.9051508953227527,0.0015339106765672739
2019-03-22,17.6353,2.8699025751679295,-0.035248320154823265
2019-03-25,17.3613,2.854243591221105,-0.015658983946824634
2019-03-26,17.8513,2.8820763347053884,0.02783274348428355
2019-03-27,18.322,2.908102523593017,0.026026188887628532
2019-03-28,18.5747,2.921800439733156,0.013697916140138933
2019-03-29,18.6573,2.9262374904161716,0.0044370506830158085
2019-04-01,19.2787,2.959000859523179,0.03276336910700728
2019-04-02,19.0587,2.947523690233627,-0.011477169289551892
2019-04-03,19.454,2.9680527044472487,0.020529014213621632
2019-04-04,17.852,2.8821155467670234,-0.08593715768022525
2019-04-05,18.3307,2.9085772498840345,0.026461703117011126
2019-04-08,18.2133,2.902152096431696,-0.006425153452338517
2019-04-09,18.154,2.8988909221044357,-0.0032611743272603633
2019-04-10,18.404,2.912568032293222,0.013677110188786479
2019-04-11,17.8947,2.8845045796181177,-0.02806345267510446
2019-04-12,17.8467,2.881818617184773,-0.002685962433344624
2019-04-15,17.7587,2.876875536686707,-0.00494308049806591
2019-04-16,18.224,2.902739406704826,0.025863870018119073
2019-04-17,18.082,2.8949169683151745,-0.007822438389651687
2019-04-18,18.2173,2.902371692047254,0.007454723732079671
2019-04-22,17.5167,2.8631547116026117,-0.0392169804446425
2019-04-23,17.5933,2.867518147748206,0.004363436145594424
2019-04-24,17.244,2.847464256884888,-0.020053890863318102
2019-04-25,16.5047,2.803645188829756,-0.043819068055131805
2019-04-26,15.676,2.752130880337385,-0.051514308492371264
2019-04-29,16.098,2.778695040671542,0.026564160334157094
2019-04-30,15.9127,2.76711753253981,-0.011577508131732195
2019-05-01,15.6007,2.7473157850436545,-0.019801747496155375
2019-05-02,16.2733,2.7895257279537624,0.042209942910107934
2019-05-03,17.002,2.8333309841951673,0.043805256241404855
2019-05-06,17.0227,2.8345477474614933,0.0012167632663260264
2019-05-07,16.4707,2.8015830448042967,-0.03296470265719664
2019-05-08,16.3227,2.7925567770285493,-0.009026267775747332
2019-05-09,16.132,2.780804877011122,-0.011751900017427541
2019-05-10,15.968,2.770586719569108,-0.010218157442013709
2019-05-13,15.134,2.7169438682723297,-0.05364285129677837
2019-05-14,15.4873,2.740020333231847,0.023076464959517207
2019-05-15,15.4633,2.7384694744562283,-0.0015508587756185577
2019-05-16,15.222,2.7227417498452,-0.01572772461102856
2019-05-17,14.0687,2.643952471690579,-0.07878927815462067
2019-05-20,13.6907,2.6167167702064447,-0.027235701484134456
2019-05-21,13.672,2.6153499458132896,-0.0013668243931550528
2019-05-22,12.8487,2.5532426389082956,-0.062107306904994
2019-05-23,13.0327,2.5674615837921317,0.014218944883836127
2019-05-24,12.7087,2.5422867983022583,-0.025174785489873397
2019-05-28,12.58,2.5321082512722946,-0.010178547029963791
2019-05-29,12.6573,2.538234123828539,0.006125872556244527
2019-05-30,12.548,2.5295612903284317,-0.00867283350010739
2019-05-31,12.344,2.5131701150608596,-0.016391175267572056
2019-06-03,11.9313,2.4791651991588863,-0.0340049159019733
2019-06-04,12.9067,2.55774655638156,0.07858135722267345
2019-06-05,13.106,2.5730701406173053,0.015323584235745535
2019-06-06,13.73,2.6195832197798796,0.0465130791625743
2019-06-07,13.6333,2.612515329389882,-0.007067890389997444
2019-06-10,14.192,2.6526784255672236,0.04016309617734137
2019-06-11,14.4733,2.6723055726932485,0.01962714712602498
2019-06-12,13.9507,2.63552968621991,-0.03677588647333874
2019-06-13,14.2607,2.657507502140402,0.021977815920492194
2019-06-14,14.328,2.6622156647584108,0.004708162618008771
2019-06-17,15.002,2.7081835255474447,0.04596786078903392
2019-06-18,14.9827,2.7068962021681657,-0.0012873233792789485
2019-06-19,15.0953,2.714383437091821,0.007487234923655439
2019-06-20,14.6413,2.6838463024050805,-0.030537134686740686
2019-06-21,14.7907,2.6939986048792517,0.010152302474171204
2019-06-24,14.9093,2.701985179317731,0.007986574438479277
2019-06-25,14.6507,2.6844881158915395,-0.017497063426191506
2019-06-26,14.618,2.6822536460582,-0.002234469833339414
2019-06-27,14.856,2.6984038240504047,0.01615017799220464
2019-06-28,14.8973,2.701179988477559,0.0027761644271544483
2019-07-01,15.1447,2.717650635765347,0.0164706472877878
2019-07-02,14.97,2.706048198431537,-0.011602437333809945
2019-07-03,15.66,2.751109690562657,0.045061492131119874
2019-07-05,15.54,2.7434173449395014,-0.007692345623155461
2019-07-08,15.356,2.731506277138551,-0.011911067800950192
2019-07-09,15.3373,2.730287770017209,-0.001218507121342416
2019-07-10,15.928,2.7680785667618952,0.03779079674468644
2019-07-11,15.9067,2.7667404041168284,-0.0013381626450668094
2019-07-12,16.3387,2.7935365269033174,0.02679612278648902
2019-07-15,16.9,2.8273136219290276,0.033777095025710135
2019-07-16,16.8253,2.8228837059810403,-0.004429915947987251
2019-07-17,16.9907,2.832666135541413,0.009782429560372563
2019-07-18,16.9027,2.827473372481838,-0.005192763059574723
2019-07-19,17.212,2.845606814976353,0.018133442494514984
2019-07-22,17.0453,2.835874505904326,-0.009732309072027157
2019-07-23,17.3447,2.8532869842213997,0.01741247831707371
2019-07-24,17.6587,2.8712285797822354,0.017941595560835744
2019-07-25,15.2547,2.7248876522918786,-0.14634092749035688
2019-07-26,15.2027,2.721473043656557,-0.0034146086353215033
2019-07-29,15.718,2.7548065524439833,0.03333350878742625
2019-07-30,16.1507,2.7819633923826075,0.027156839938624167
2019-07-31,16.1073,2.779272585377445,-0.0026908070051625543
2019-08-01,15.59,2.7466296830696852,-0.03264290230775968
2019-08-02,15.6227,2.748724984787482,0.002095301717796705
2019-08-05,15.2213,2.7226957627150186,-0.026029222072463387
2019-08-06,15.3833,2.7332825054311667,0.010586742716148123
2019-08-07,15.5613,2.744787062818183,0.0115045573870165
2019-08-08,15.8867,2.765482281195837,0.020695218377653646
2019-08-09,15.6673,2.7515757377567738,-0.013906543439063057
2019-08-12,15.2673,2.7257132863077196,-0.02586245144905419
2019-08-13,15.6667,2.75153744069926,0.02582415439154051
2019-08-14,14.6413,2.6838463024050805,-0.06769113829417961
2019-08-15,14.376,2.6655601494812577,-0.01828615292382274
2019-08-16,14.6627,2.6853068541252707,0.019746704644012958
2019-08-19,15.122,2.716150637136078,0.030843783010807257
2019-08-20,15.0573,2.711862923430127,-0.004287713705950935
2019-08-21,14.722,2.689342973636514,-0.022519949793613048
2019-08-22,14.81,2.6953026282797072,0.005959654643193257
2019-08-23,14.0933,2.6456995071466456,-0.049603121133061645
2019-08-26,14.3333,2.6625855014413533,0.016885994294707718
2019-08-27,14.272,2.6582995758376535,-0.004285925603699781
2019-08-28,14.3727,2.6653305738820485,0.007030998044394998
2019-08-29,14.7807,2.6933222756975974,0.027991701815548886
2019-08-30,15.0407,2.710759859991814,0.017437584294216713
2019-09-03,15.0007,2.708096866680022,-0.0026629933117923166
2019-09-04,14.712,2.68866348730202,-0.019433379378001714
2019-09-05,15.3053,2.728199173642709,0.03953568634068905
2019-09-06,15.1633,2.7188780346260493,-0.009321139016659874
2019-09-09,15.4527,2.737783745357033,0.01890571073098357
2019-09-10,15.7027,2.7538326720906325,0.0160489267335997
2019-09-11,16.4733,2.8017408884180286,0.04790821632739606
2019-09-12,16.3913,2.7967507062668364,-0.0049901821511921796
2019-09-13,16.3467,2.79402604210948,-0.0027246641573563934
2019-09-16,16.1873,2.784226984171075,-0.009799057938404854
2019-09-17,16.3193,2.7923484564592034,0.008121472288128206
2019-09-18,16.2327,2.7870277262856376,-0.005320730173565824
2019-09-19,16.44,2.799717389628034,0.012689663342396518
2019-09-20,16.0413,2.775166646535753,-0.024550743092281113
2019-09-23,16.082,2.7777006341259574,0.0025339875902044007
2019-09-24,14.8807,2.700065071309211,-0.07763556281674644
2019-09-25,15.2467,2.7243630861943586,0.024298014885147712
2019-09-26,16.1707,2.7832009626953185,0.05883787650095984
2019-09-27,16.142,2.7814245709021805,-0.0017763917931379325
2019-09-30,16.058,2.776207167762492,-0.005217403139688326
2019-10-01,16.3127,2.791943945544151,0.015736777781658606
2019-10-02,16.2087,2.785548135122594,-0.006395810421556902
2019-10-03,15.5353,2.7431148538912518,-0.04243328123134216
2019-10-04,15.4287,2.7362294113675176,-0.006885442523734131
2019-10-07,15.848,2.7630433093962496,0.02681389802873202
2019-10-08,16.0033,2.772794950973174,0.009751641576924541
2019-10-09,16.302,2.791287799672266,0.018492848699091624
2019-10-10,16.316,2.792146221455312,0.0008584217830462926
2019-10-11,16.526,2.804934898278993,0.012788676823680678
2019-10-14,17.1307,2.840872175482438,0.035937277203445195
2019-10-15,17.1927,2.844484875123688,0.0036126996412502166
2019-10-16,17.3167,2.851671353803089,0.0071864786794009206
2019-10-17,17.4647,2.8601817008996995,0.00851034709661036
2019-10-18,17.13,2.8408313123360287,-0.019350388563670773
2019-10-21,16.9,2.8273136219290276,-0.013517690407001126
2019-10-22,17.0387,2.8354872274110448,0.008173605482017177
2019-10-23,16.9787,2.831959617292685,-0.003527610118359892
2019-10-24,19.9787,2.9946667060385193,0.1627070887458344
2019-10-25,21.8753,3.0853581464353526,0.0906914403968333
2019-10-28,21.8473,3.0840773441121727,-0.0012808023231798416
2019-10-29,21.0813,3.0483863916008778,-0.03569095251129495
2019-10-30,21.0007,3.044555770501213,-0.0038306210996648105
2019-10-31,20.9947,3.04427002491761,-0.0002857455836031697
2019-11-01,20.8873,3.039141318770943,-0.005128706146666939
2019-11-04,21.1647,3.0523346995279934,0.013193380757050566
2019-11-05,21.148,3.0515453383732036,-0.0007893611547897805
2019-11-06,21.772,3.0806247405719533,0.029079402198749715
2019-11-07,22.3693,3.1076894831036297,0.027064742531676345
2019-11-08,22.476,3.1124480732499515,0.0047585901463218505
2019-11-11,23.006,3.1357550514738186,0.02330697822386707
2019-11-12,23.3287,3.1496843622347614,0.013929310760942837
2019-11-13,23.074,3.138706442505098,-0.010977919729663554
2019-11-14,23.29,3.1480240838962494,0.009317641391151543
2019-11-15,23.478,3.1560638124563303,0.008039728560080839
2019-11-18,23.3327,3.1498558101557323,-0.006208002300597926
2019-11-19,23.968,3.176719607334809,0.02686379717907661
2019-11-20,23.4813,3.156204359696406,-0.020515247638403178
2019-11-21,23.6553,3.1635871913108717,0.007382831614465957
2019-11-22,22.2027,3.1002139031045455,-0.06337328820632626
2019-11-25,22.4227,3.1100738385822386,0.00985993547769315
2019-11-26,21.928,3.087764359000485,-0.022309479581753777
2019-11-27,22.07,3.094219220268645,0.006454861268160084
2019-11-29,21.996,3.0908606186455683,-0.0033586016230766624
2019-12-02,22.3247,3.10569368882233,0.014833070176761609
2019-12-03,22.4133,3.1096545326612053,0.003960843838875405
2019-12-04,22.202,3.1001823749104553,-0.009472157750749943
2019-12-05,22.0247,3.0921645508441205,-0.008017824066334889
2019-12-06,22.3927,3.108735012889234,0.016570462045113477
2019-12-09,22.6353,3.1195106346105614,0.01077562172132751
2019-12-10,23.256,3.146563163256575,0.027052528646013485
2019-12-11,23.5133,3.1575662185034075,0.011003055246832538
2019-12-12,23.9787,3.1771659362866504,0.019599717783242987
2019-12-13,23.8927,3.173572972950828,-0.0035929633358224855
2019-12-16,25.4333,3.236059339005453,0.0624863660546251
2019-12-17,25.266,3.2294596184078457,-0.006599720597607384
2019-12-18,26.21,3.266141017335315,0.036681398927469466
2019-12-19,26.936,3.2934636818587735,0.02732266452345833
2019-12-20,27.0393,3.29729136326571,0.003827681406936456
2019-12-23,27.948,3.3303456406902043,0.033054277424494405
2019-12-24,28.35,3.3446270301737613,0.01428138948355695
2019-12-26,28.7293,3.3579175079188763,0.013290477745115048
2019-12-27,28.692,3.356618338264188,-0.001299169654688459
2019-12-30,27.6467,3.3195063718402595,-0.03711196642392833
2019-12-31,27.8887,3.328221588864262,0.008715217024002353
2020-01-02,28.684,3.3563394760203287,0.02811788715606678
2020-01-03,29.534,3.385542142051582,0.029202666031253433
2020-01-06,30.1027,3.404614868728614,0.01907272667703186
2020-01-07,31.2707,3.4426815568923637,0.038066688163749696
2020-01-08,32.8093,3.4907120117865627,0.04803045489419899
2020-01-09,32.0893,3.4685226412347325,-0.022189370551830123
2020-01-10,31.8767,3.461875335389752,-0.006647305844980522
2020-01-13,34.99,3.5550623063795967,0.09318697098984474
2020-01-14,35.86,3.5796224681769866,0.024560161797389846
2020-01-15,34.5667,3.542890790887061,-0.036731677289925546
2020-01-16,34.2333,3.5331988545560944,-0.009691936330966655
2020-01-17,34.0333,3.527339457070101,-0.005859397485993512
2020-01-21,36.48,3.5967641652061304,0.06942470813602952
2020-01-22,37.97,3.636796374243711,0.040032209037580646
2020-01-23,38.1467,3.6414392533337607,0.004642879090049679
2020-01-24,37.6533,3.6284205998073085,-0.013018653526452262
2020-01-27,37.2,3.616308761279101,-0.012111838528207297
2020-01-28,37.7933,3.63213183823789,0.015823076958788818
2020-01-29,38.7333,3.656699695164133,0.02456785692624308
2020-01-30,42.72,3.7546671946519394,0.09796749948780636
2020-01-31,43.37,3.7697679578472747,0.015100763195335265
2020-02-03,52.0,3.9512437185814275,0.18147576073415284
2020-02-04,59.1367,4.079851713070373,0.12860799448894555
2020-02-05,48.98,3.891412051524022,-0.18843966154635128
2020-02-06,49.93,3.910622024512518,0.019209972988496027
2020-02-07,49.87,3.9094196195580313,-0.0012024049544865356
2020-02-10,51.42,3.9400272018377436,0.030607582279712275
2020-02-11,51.6267,3.9440389805211056,0.0040117786833619995
2020-02-12,51.1533,3.934827006445592,-0.009211974075513663
2020-02-13,53.6,3.9815490680767565,0.046722061631164546
2020-02-14,53.3367,3.9766246495734183,-0.004924418503338135
2020-02-18,57.2267,4.04702057269314,0.07039592311972154
2020-02-19,61.16,4.113493381060861,0.06647280836772129
2020-02-20,59.96,4.093677673234397,-0.019815707826464468
2020-02-21,60.0667,4.0954556114449305,0.001777938210533847
2020-02-24,55.5867,4.017943964008495,-0.07751164743643546
2020-02-25,53.3267,3.9764371438305055,-0.04150682017798957
2020-02-26,51.92,3.9497040723958348,-0.02673307143467074
2020-02-27,45.2667,3.81257166283324,-0.13713240956259476
2020-02-28,44.5333,3.7962372239311613,-0.01633443890207875
2020-03-02,49.5733,3.903452382340334,0.10721515840917295
2020-03-03,49.7,3.906004933102583,0.0025525507622488064
2020-03-04,49.9667,3.9113567835516276,0.005351850449044626
2020-03-05,48.3033,3.877499881305985,-0.03385690224564275
2020-03-06,46.9,3.8480176754522337,-0.029482205853751164
2020-03-09,40.5333,3.702123858495198,-0.14589381695703585
2020-03-10,43.0233,3.7617418294053078,0.059617970910109896
2020-03-11,42.2833,3.744392209044194,-0.01734962036111387
2020-03-12,37.37,3.6208682434973927,-0.12352396554680123
2020-03-13,36.44,3.5956670723917576,-0.025201171105635023
2020-03-16,29.6713,3.3901802486445196,-0.20548682374723803
2020-03-17,28.68,3.3562000157314196,-0.03398023291310004
2020-03-18,24.0813,3.181435605694354,-0.17476441003706578
2020-03-19,28.5093,3.3502303498346606,0.16879474414030682
2020-03-20,28.502,3.3499742602510203,-0.00025608958364031764
2020-03-23,28.9527,3.365663463918869,0.015689203667848872
2020-03-24,33.6667,3.5165092182716693,0.15084575435280012
2020-03-25,35.95,3.5821290841670557,0.06561986589538638
2020-03-26,35.21,3.5613301331669613,-0.020798951000094323
2020-03-27,34.29,3.534853766474829,-0.02647636669213238
2020-03-30,33.4767,3.510849674455053,-0.024004092019775936
2020-03-31,34.9333,3.5534405290199036,0.04259085456485057
2020-04-01,32.104,3.4689806329646156,-0.08445989605528803
2020-04-02,30.298,3.411081703736132,-0.05789892922848372
2020-04-03,32.0007,3.4657577775604724,0.05467607382434059
2020-04-06,34.4167,3.5385419116955656,0.07278413413509321
2020-04-07,36.3633,3.59356002426683,0.05501811257126432
2020-04-08,36.59,3.5997749790311153,0.006214954764285352
2020-04-09,38.2,3.6428355156125294,0.043060536581414066
2020-04-13,43.3967,3.7703834013490507,0.12754788573652132
2020-04-14,47.3267,3.857074618267435,0.08669121691838422
2020-04-15,48.6567,3.8847895175464173,0.027714899278982408
2020-04-16,49.68,3.905602437625223,0.020812920078805863
2020-04-17,50.26,3.917209532115446,0.011607094490222902
2020-04-20,49.7567,3.9071451279037923,-0.010064404211653777
2020-04-21,45.78,3.8238473145244205,-0.08329781337937181
2020-04-22,48.8067,3.8878675985169613,0.06402028399254078
2020-04-23,47.0433,3.851068454190985,-0.03679914432597631
2020-04-24,48.3433,3.8783276393912964,0.027259185200311453
2020-04-27,53.25,3.9749978045895347,0.09667016519823823
2020-04-28,51.2733,3.937170148850068,-0.03782765573946678
2020-04-29,53.3667,3.977186955943983,0.04001680709391531
2020-04-30,52.1267,3.9536772934960163,-0.023509662447966928
2020-05-01,46.7533,3.8448848414787578,-0.10879245201725851
2020-05-04,50.7467,3.9268465911771617,0.08196174969840397
2020-05-05,51.2133,3.9359992639372137,0.009152672760051939
2020-05-06,52.1733,3.95457086977791,0.018571605840696392
2020-05-07,52.0033,3.9513071781062905,-0.0032636916716195508
2020-05-08,54.6267,4.000522774212961,0.04921559610667092
2020-05-11,54.0867,3.9905883145934546,-0.009934459619506786
2020-05-12,53.96,3.988243031339555,-0.0023452832538994883
2020-05-13,52.73,3.9651845535423784,-0.023058477797176735
2020-05-14,53.5567,3.9807409057806664,0.015556352238287996
2020-05-15,53.2767,3.9754990873770253,-0.00524181840364113
2020-05-18,54.2433,3.993479482489384,0.017980395112358494
2020-05-19,53.8667,3.9865124762305753,-0.006967006258808528
2020-05-20,54.37,3.995812531157829,0.009300054927253942
2020-05-21,55.1733,4.010479140612398,0.014666609454569102
2020-05-22,54.46,3.9974664872456134,-0.013012653366784921
2020-05-26,54.59,3.9998507157936665,0.002384228548053091
2020-05-27,54.6833,4.001558361168562,0.001707645374895428
2020-05-28,53.72,3.9837853716550367,-0.01777298951352524
2020-05-29,55.6667,4.019382122550861,0.03559675089582459
2020-06-01,59.8733,4.092230662843662,0.07284854029280119
2020-06-02,58.77,4.073631520624559,-0.018599142219103193
2020-06-03,58.8633,4.075217806473281,0.0015862858487221132
2020-06-04,57.6267,4.053986001966263,-0.02123180450701856
2020-06-05,59.0433,4.078271073039131,0.02428507107286837
2020-06-08,63.3267,4.148307041164985,0.070035968125854
2020-06-09,62.71,4.138520924554929,-0.009786116610055906
2020-06-10,68.3367,4.224446957549339,0.0859260329944096
2020-06-11,64.8567,4.17218022076889,-0.052266736780448575
2020-06-12,62.3533,4.1328165977503195,-0.03936362301857077
2020-06-15,66.06,4.190563419962643,0.057746822212323856
2020-06-16,65.4767,4.181694354165153,-0.008869065797490805
2020-06-17,66.12,4.191471272952824,0.009776918787671285
2020-06-18,66.93,4.203647297112551,0.01217602415972685
2020-06-19,66.7267,4.2006051726730425,-0.0030421244395082425
2020-06-22,66.2867,4.193989273750029,-0.006615898923013397
2020-06-23,66.7867,4.201503958922799,0.007514685172769653
2020-06-24,64.0567,4.159768628648678,-0.04173533027412102
2020-06-25,65.7333,4.185605646400905,0.025837017752227354
2020-06-26,63.9833,4.158622111809559,-0.026983534591345837
2020-06-29,67.29,4.209011637200227,0.05038952539066788
2020-06-30,71.9867,4.276481379730582,0.06746974253035454
2020-07-01,74.6433,4.312720767780407,0.036239388049825294
2020-07-02,80.5767,4.389209525834504,0.07648875805409716
2020-07-06,91.44,4.515683019486556,0.12647349365205152
2020-07-07,92.6567,4.528901265281351,0.013218245794795358
2020-07-08,91.06,4.511518629906636,-0.017382635374715072
2020-07-09,92.9533,4.532097216495818,0.020578586589182102
2020-07-10,102.977,4.634505662323388,0.10240844582757003
2020-07-13,99.8033,4.6032012489030105,-0.031304413420377486
2020-07-14,101.12,4.6163079303985475,0.013106681495536954
2020-07-15,103.067,4.635379262192579,0.019071331794031643
2020-07-16,100.043,4.605600093564585,-0.02977916862799379
2020-07-17,100.057,4.605740023599796,0.0001399300352105115
2020-07-20,109.533,4.696225873716794,0.09048585011699828
2020-07-21,104.557,4.649732377244062,-0.046493496472732154
2020-07-22,106.157,4.6649191303933035,0.01518675314924156
2020-07-23,100.87,4.613832559066744,-0.05108657132655914
2020-07-24,94.4667,4.5482473914465595,-0.06558516762018485
2020-07-27,102.64,4.631227720307381,0.0829803288608213
2020-07-28,98.4333,4.589379161443038,-0.04184855886434313
2020-07-29,99.94,4.604570005916059,0.015190844473020881
2020-07-30,99.1667,4.596802272451972,-0.007767733464086213
2020-07-31,95.3833,4.5579035107198775,-0.03889876173209483
2020-08-03,99.0,4.59511985013459,0.03721633941471225
2020-08-04,99.1333,4.596465409110411,0.001345558975820893
2020-08-05,99.0,4.59511985013459,-0.001345558975820893
2020-08-06,99.3067,4.598213041081117,0.003093190946526825
2020-08-07,96.8467,4.573129315963255,-0.025083725117861277
2020-08-10,94.57,4.549340301027421,-0.02378901493583463
2020-08-11,91.6267,4.517722713922825,-0.031617587104595835
2020-08-12,103.65,4.641019838881789,0.12329712495896405
2020-08-13,108.067,4.68275140514444,0.0417315662626514
2020-08-14,110.047,4.70090754726469,0.018156142120250074
2020-08-17,122.377,4.80710644392448,0.10619889665978999
2020-08-18,125.807,4.83474898659745,0.02764254267296984
2020-08-19,125.237,4.830207942162999,-0.004541044434451358
2020-08-20,133.457,4.893779328577525,0.06357138641452575
2020-08-21,136.667,4.91754731005166,0.02376798147413517
2020-08-24,134.28,4.899927172111834,-0.017620137939825753
2020-08-25,134.89,4.904459631481588,0.004532459369753994
2020-08-26,143.543,4.966634641881056,0.06217501039946782
2020-08-27,149.25,5.0056227522727115,0.03898811039165562
2020-08-28,147.56,4.994234872728475,-0.01138787954423659
2020-08-31,166.107,5.112632159018422,0.11839728628994717
2020-09-01,158.35,5.064807772984649,-0.04782438603377326
2020-09-02,149.123,5.0047714687606675,-0.06003630422398132
2020-09-03,135.667,4.910203353773924,-0.09456811498674345
2020-09-04,139.44,4.937634401211765,0.027431047437841194
2020-09-08,110.07,4.701116527035301,-0.23651787417646464
2020-09-09,122.093,4.8047830494158985,0.10366652238059793
2020-09-10,123.78,4.818505796311215,0.013722746895316718
2020-09-11,124.24,4.822215178840431,0.003709382529216043
2020-09-14,139.873,4.940734868049079,0.11851968920864753
2020-09-15,149.92,5.010101818490112,0.06936695044103303
2020-09-16,147.253,4.99215219583859,-0.017949622651522112
2020-09-17,141.143,4.949773560837791,-0.04237863500079886
2020-09-18,147.383,4.993034640675175,0.04326107983738403
2020-09-21,149.797,5.009281044180312,0.016246403505137508
2020-09-22,141.41,4.9516634723196855,-0.05761757186062688
2020-09-23,126.787,4.84250851308791,-0.1091549592317751
2020-09-24,129.263,4.861849088601475,0.019340575513564495
2020-09-25,135.78,4.911035928873501,0.04918684027202591
2020-09-28,140.4,4.944495491591711,0.03345956271821038
2020-09-29,139.69,4.9394256817394595,-0.005069809852251694
2020-09-30,143.003,4.962865609060829,0.02343992732136968
2020-10-01,149.387,5.006540254187147,0.04367464512631791
2020-10-02,138.363,4.929880666401121,-0.07665958778602633
2020-10-05,141.893,4.955073252434761,0.02519258603363994
2020-10-06,137.993,4.927202959232986,-0.02787029320177492
2020-10-07,141.767,4.954184864870162,0.026981905637176062
2020-10-08,141.973,4.955636898677128,0.0014520338069665684
2020-10-09,144.667,4.974434549577106,0.018797650899977647
2020-10-12,147.433,4.99337383529473,0.018939285717624266
2020-10-13,148.883,5.003160762587721,0.00978692729299091
2020-10-14,153.767,5.035438469680005,0.03227770709228395
2020-10-15,149.627,5.008145530539012,-0.02729293914099351
2020-10-16,146.557,4.987414431284004,-0.02073109925500738
2020-10-19,143.61,4.9671012920725275,-0.020313139211476816
2020-10-20,140.647,4.946253205166973,-0.02084808690555473
2020-10-21,140.88,4.94790846418795,0.0016552590209775175
2020-10-22,141.93,4.955333978311167,0.007425514123216459
2020-10-23,140.21,4.94314129873304,-0.012192679578126864
2020-10-26,140.093,4.9423064877834975,-0.0008348109495424083
2020-10-27,141.56,4.9527236554772625,0.010417167693764995
2020-10-28,135.34,4.90779013080408,-0.04493352467318257
2020-10-29,136.943,4.919564780857656,0.011774650053576252
2020-10-30,129.347,4.862498715475565,-0.05706606538209158
2020-11-02,133.503,4.894123949497927,0.03162523402236239
2020-11-03,141.3,4.950885289690482,0.056761340192554854
2020-11-04,140.327,4.943975413354524,-0.006909876335957854
2020-11-05,146.03,4.98381208005238,0.03983666669785624
2020-11-06,143.317,4.9650589600379345,-0.018753120014445734
2020-11-09,140.42,4.944637931589103,-0.020421028448831535
2020-11-10,136.787,4.91842497143312,-0.02621296015598329
2020-11-11,139.043,4.934783237809053,0.016358266375933184
2020-11-12,137.253,4.921825938074257,-0.012957299734796202
2020-11-13,136.167,4.913882073609368,-0.007943864464889039
2020-11-16,136.03,4.912875449645338,-0.001006623964029174
2020-11-17,147.203,4.99181258652188,0.07893713687654191
2020-11-18,162.213,5.088910286435111,0.09709769991323025
2020-11-19,166.423,5.114532739989291,0.025622453554180247
2020-11-20,163.203,5.094994824713995,-0.019537915275296136
2020-11-23,173.95,5.158767901597951,0.06377307688395639
2020-11-24,185.127,5.221042076040747,0.062274174442795704
2020-11-25,191.333,5.254015365489661,0.03297328944891387
2020-11-27,195.253,5.274296153518529,0.020280788028868457
2020-11-30,189.2,5.2428046566177775,-0.03149149690075159
2020-12-01,194.92,5.272589217975305,0.029784561357527828
2020-12-02,189.607,5.2449535089706245,-0.02763570900468082
2020-12-03,197.793,5.2872210292802935,0.04226752030966896
2020-12-04,199.68,5.296716085181063,0.0094950559007696
2020-12-07,213.92,5.365602113353633,0.06888602817257006
2020-12-08,216.627,5.37817698053787,0.01257486718423717
2020-12-09,201.493,5.305754641329215,-0.07242233920865537
2020-12-10,209.023,5.342444293756881,0.03668965242766564
2020-12-11,203.33,5.31483027492225,-0.02761401883463055
2020-12-14,213.277,5.362591790314967,0.047761515392717335
2020-12-15,211.083,5.352251421057276,-0.010340369257691329
2020-12-16,207.59,5.335564980574703,-0.01668644048257306
2020-12-17,218.633,5.387394525007762,0.051829544433059205
2020-12-18,231.667,5.445300995744568,0.05790647073680599
2020-12-21,216.62,5.378144666407591,-0.06715632933697702
2020-12-22,213.447,5.363388558291428,-0.014756108116163347
2020-12-23,215.327,5.372157802917251,0.008769244625823625
2020-12-24,220.59,5.39630577487624,0.02414797195898899
2020-12-28,221.23,5.3992028843218955,0.0028971094456551327
2020-12-29,221.997,5.4026638682674575,0.003460983945561935
2020-12-30,231.593,5.444981520717027,0.04231765244956964
2020-12-31,235.223,5.4605340003590745,0.015552479642047423
2021-01-04,243.257,5.494118497630482,0.03358449727140744
2021-01-05,245.037,5.501409219550457,0.0072907219199747075
2021-01-06,251.993,5.529401309347836,0.02799208979737955
2021-01-07,272.013,5.605849859271542,0.07644854992370576
2021-01-08,293.34,5.681332345818609,0.07548248654706669
2021-01-11,270.397,5.599891249432706,-0.08144109638590269
2021-01-12,283.147,5.645966197412744,0.046074947980038417
2021-01-13,284.803,5.651797713190207,0.005831515777462215
2021-01-14,281.667,5.6407255221203165,-0.011072191069890103
2021-01-15,275.387,5.618177381113595,-0.022548141006721423
2021-01-19,281.517,5.640192836520062,0.022015455406466877
2021-01-20,283.483,5.6471521566432195,0.006959320123157475
2021-01-21,281.663,5.640711320852853,-0.0064408357903662505
2021-01-22,282.213,5.642662104977099,0.0019507841242454305
2021-01-25,293.6,5.682218296740361,0.039556191763262305
2021-01-26,294.363,5.6848136996085845,0.002595402868223573
2021-01-27,288.053,5.663144490982689,-0.021669208625895386
2021-01-28,278.477,5.62933547067871,-0.0338090203039787
2021-01-29,264.51,5.577879057767046,-0.051456412911664806
2021-02-01,279.937,5.634564577852952,0.05668552008590666
2021-02-02,290.93,5.673082688406564,0.03851811055361143
2021-02-03,284.897,5.652127711437892,-0.02095497696867188
2021-02-04,283.33,5.646612296041165,-0.0055154153967267305
2021-02-05,284.077,5.649245328173551,0.0026330321323859707
2021-02-08,287.807,5.662290116603625,0.01304478843007395
2021-02-09,283.153,5.645987387594627,-0.016302729008997652
2021-02-10,268.273,5.592005118748593,-0.05398226884603474
2021-02-11,270.553,5.600468012550645,0.008462893802052562
2021-02-12,272.04,5.605949114307438,0.005481101756792839
2021-02-16,265.407,5.581264496832878,-0.024684617474560078
2021-02-17,266.05,5.583684261042379,0.002419764209500741
2021-02-18,262.46,5.57009868946814,-0.013585571574238564
2021-02-19,260.433,5.562345630415685,-0.007753059052455491
2021-02-22,238.167,5.472972108280959,-0.08937352213472582
2021-02-23,232.947,5.450810959879815,-0.02216114840114347
2021-02-24,247.34,5.510763908313911,0.05995294843409571
2021-02-25,227.407,5.42674136360431,-0.08402254470960102
2021-02-26,225.167,5.4168423491159485,-0.009899014488361502
2021-03-01,239.477,5.478457378836545,0.061615029720596404
2021-03-02,228.813,5.432905076073369,-0.04555230276317612
2021-03-03,217.733,5.38326954150235,-0.04963553457101888
2021-03-04,207.147,5.333428686159309,-0.0498408553430405
2021-03-05,199.317,5.294896522125942,-0.038532164033367344
2021-03-08,187.667,5.234669115668938,-0.06022740645700431
2021-03-09,224.527,5.413995967211361,0.1793268515424229
2021-03-10,222.687,5.405767198064629,-0.008228769146731985
2021-03-11,233.2,5.451896454476337,0.0461292564117084
2021-03-12,231.243,5.443469105664111,-0.008427348812226398
2021-03-15,235.98,5.4637470556717735,0.02027795000766286
2021-03-16,225.627,5.418883193313786,-0.044863862357987117
2021-03-17,233.937,5.455051848339361,0.0361686550255742
2021-03-18,217.72,5.383209833565999,-0.07184201477336138
2021-03-19,218.29,5.385824453986271,0.0026146204202719403
2021-03-22,223.333,5.4086639311784745,0.02283947719220336
2021-03-23,220.72,5.39689492990903,-0.011769001269444246
2021-03-24,210.09,5.347536010335536,-0.049358919573494475
2021-03-25,213.463,5.3634635155424055,0.015927505206869697
2021-03-26,206.237,5.329025992925267,-0.034437522617138505
2021-03-29,203.763,5.316957553766586,-0.012068439158681166
2021-03-30,211.873,5.355987038562138,0.03902948479555235
2021-03-31,222.643,5.405569591794477,0.049582553232339066
2021-04-01,220.583,5.3962740412932675,-0.009295550501209782
2021-04-05,230.35,5.439599891381926,0.04332585008865841
2021-04-06,230.54,5.440424383172867,0.0008244917909410177
2021-04-07,223.657,5.410113628293595,-0.03031075487927204
2021-04-08,227.933,5.429051726120111,0.01893809782651612
2021-04-09,225.673,5.419087048842965,-0.009964677277145562
2021-04-12,233.993,5.455291200380338,0.03620415153737255
2021-04-13,254.107,5.53775543815604,0.08246423777570211
2021-04-14,244.077,5.497483749280764,-0.04027168887527566
2021-04-15,246.283,5.506481281225924,0.008997531945159842
2021-04-16,246.593,5.507739204277068,0.0012579230511438055
2021-04-19,238.21,5.473152637568128,-0.034586566708940225
2021-04-20,239.663,5.47923376990948,0.006081132341352102
2021-04-21,248.04,5.513590023481677,0.03435625357219685
2021-04-22,239.897,5.480209664556954,-0.03338035892472302
2021-04-23,243.133,5.493608618715676,0.013398954158722276
2021-04-26,246.067,5.505603856573308,0.011995237857632013
2021-04-27,234.913,5.459215232832538,-0.04638862374077046
2021-04-28,231.467,5.44443731476916,-0.014777918063377804
2021-04-29,225.667,5.419060461347949,-0.025376853421210654
2021-04-30,236.48,5.465863637759837,0.04680317641188747
2021-05-03,228.3,5.43066055353575,-0.03520308422408647
2021-05-04,224.533,5.414022689698335,-0.016637863837415168
2021-05-05,223.647,5.41006891597266,-0.003953773725674736
2021-05-06,221.18,5.398976849647214,-0.011092066325446126
2021-05-07,224.123,5.412195008293736,0.013218158646521871
2021-05-10,209.68,5.345582559015151,-0.06661244927858512
2021-05-11,205.733,5.326579211599234,-0.019003347415917027
2021-05-12,196.63,5.281323790171466,-0.04525542142776828
2021-05-13,190.563,5.249982848556117,-0.031340941615348505
2021-05-14,196.58,5.2810694731384835,0.03108662458236644
2021-05-17,192.277,5.25893704065732,-0.02213243248116381
2021-05-18,192.623,5.26073491071811,0.001797870060790352
2021-05-19,187.82,5.235484057376468,-0.025250853341642454
2021-05-20,195.593,5.276035969639272,0.040551912262804635
2021-05-21,193.627,5.26593362792836,-0.010102341710911844
2021-05-24,202.147,5.308995155511658,0.04306152758329773
2021-05-25,201.563,5.30610198760717,-0.0028931679044879033
2021-05-26,206.377,5.329704593289639,0.02360260568246897
2021-05-27,210.283,5.348454242541509,0.018749649251869727
2021-05-28,208.407,5.3394928985665455,-0.008961343974963398
2021-06-01,207.967,5.3373794132683114,-0.0021134852982340746
2021-06-02,201.707,5.306816149365398,-0.03056326390291364
2021-06-03,190.947,5.251995902629019,-0.0548202467363792
2021-06-04,199.683,5.2967311091066644,0.04473520647764584
2021-06-07,201.71,5.306831022313242,0.010099913206577327
2021-06-08,201.197,5.304284527577642,-0.002546494735599758
2021-06-09,199.593,5.296280293122111,-0.008004234455531112
2021-06-10,203.373,5.315041731440448,0.018761438318336765
2021-06-11,203.297,5.314667964007961,-0.000373767432487071
2021-06-14,205.897,5.327376043747899,0.01270807973993815
2021-06-15,199.787,5.297251799032565,-0.030124244715334036
2021-06-16,201.623,5.30639961699134,0.00914781795877495
2021-06-17,205.533,5.3256066049856745,0.019206987994334845
2021-06-18,207.77,5.336431698656694,0.010825093671019914
2021-06-21,206.943,5.332443393027364,-0.003988305629330391
2021-06-22,207.903,5.3370716247742855,0.004628231746921507
2021-06-23,218.857,5.388418548503496,0.051346923729210125
2021-06-24,226.607,5.4232172395554334,0.03479869105193778
2021-06-25,223.957,5.411454069141824,-0.011763170413609636
2021-06-28,229.573,5.436221061711666,0.02476699256984194
2021-06-29,226.92,5.424597532458367,-0.011623529253299125
2021-06-30,226.567,5.423040706920712,-0.0015568255376550155
2021-07-01,225.973,5.420415523108745,-0.002625183811966636
2021-07-02,226.3,5.421861552639491,0.001446029530746351
2021-07-06,219.86,5.392990980150718,-0.028870572488773227
2021-07-07,214.883,5.370093693958185,-0.022897286192533173
2021-07-08,217.603,5.382672301651457,0.012578607693272126
2021-07-09,218.983,5.388994101232704,0.006321799581247234
2021-07-12,228.567,5.431829383984861,0.04283528275215698
2021-07-13,222.847,5.406485437332017,-0.02534394665284445
2021-07-14,217.793,5.383545070404779,-0.02294036692723811
2021-07-15,216.867,5.37928426241269,-0.004260807992088722
2021-07-16,214.74,5.3694279940059895,-0.009856268406700508
2021-07-19,215.407,5.372529261872987,0.0031012678669979366
2021-07-20,220.167,5.394386349297666,0.021857087424678845
2021-07-21,218.43,5.3864655970747295,-0.007920752222936756
2021-07-22,216.42,5.377220964143502,-0.009244632931227237
2021-07-23,214.46,5.368123240791999,-0.009097723351502829
2021-07-26,219.207,5.390016488870541,0.021893248078541205
2021-07-27,214.927,5.370298435588922,-0.019718053281618353
2021-07-28,215.66,5.373703093453926,0.0034046578650039905
2021-07-29,225.783,5.41957436101592,0.04587126756199389
2021-07-30,229.067,5.434014537181319,0.014440176165399166
2021-08-02,236.557,5.466189193691741,0.03217465651042151
2021-08-03,236.58,5.4662864171175904,9.722342584961297e-05
2021-08-04,236.973,5.46794621059466,0.001659793477069904
2021-08-05,238.21,5.473152637568128,0.005206426973467515
2021-08-06,233.033,5.451180074438279,-0.0219725631298493
2021-08-09,237.92,5.471934482711845,0.020754408273566227
2021-08-10,236.663,5.4666371882894875,-0.005297294422357268
2021-08-11,235.94,5.463577535413696,-0.00305965287579113
2021-08-12,240.75,5.483759050678235,0.020181515264538596
2021-08-13,239.057,5.476702017220253,-0.0070570334579818095
2021-08-16,228.723,5.432511664402328,-0.04419035281792549
2021-08-17,221.903,5.402240349450584,-0.030271314951743733
2021-08-18,229.663,5.4366130170511955,0.03437266760061153
2021-08-19,224.49,5.413831162760377,-0.022781854290818693
2021-08-20,226.753,5.423861319337713,0.010030156577336413
2021-08-23,235.433,5.461426371916796,0.03756505257908316
2021-08-24,236.163,5.4645222445834545,0.003095872666658117
2021-08-25,237.067,5.468342801604837,0.003820557021382953
2021-08-26,233.72,5.454123817686236,-0.014218983918601324
2021-08-27,237.307,5.469354661531718,0.015230843845482234
2021-08-30,243.637,5.495679412643419,0.02632475111170063
2021-08-31,245.24,5.502237322894487,0.006557910251068222
2021-09-01,244.697,5.500020710463379,-0.002216612431108267
2021-09-02,244.13,5.4977008702979075,-0.0023198401654713763
2021-09-03,244.523,5.499309374020318,0.0016085037224105037
2021-09-07,250.973,5.525345363624631,0.026035989604312526
2021-09-08,251.29,5.526607650681776,0.0012622870571457057
2021-09-09,251.62,5.527920012922985,0.0013123622412090086
2021-09-10,245.423,5.502983252416319,-0.024936760506665934
2021-09-13,247.667,5.5120851019437636,0.009101849527444195
2021-09-14,248.163,5.5140857883300125,0.002000686386248951
2021-09-15,251.943,5.529202871450309,0.01511708312029647
2021-09-16,252.33,5.530737754642455,0.0015348831921464523
2021-09-17,253.163,5.534033550050196,0.0032957954077401652
2021-09-20,243.39,5.494665095075083,-0.03936845497511232
2021-09-21,246.46,5.507199708509977,0.012534613434893593
2021-09-22,250.647,5.524045574756975,0.016845866246998575
2021-09-23,251.213,5.526301184847333,0.0022556100903576848
2021-09-24,258.13,5.55346333398774,0.027162149140407266
2021-09-27,263.787,5.5751419593115354,0.021678625323795053
2021-09-28,259.187,5.557549808899362,-0.01759215041217388
2021-09-29,260.437,5.562360989334417,0.004811180435055462
2021-09-30,258.493,5.554868614278158,-0.007492375056258993
2021-10-01,258.407,5.554535861324807,-0.00033275295335144506
2021-10-04,260.51,5.562641248172563,0.00810538684775608
2021-10-05,260.197,5.561439036419317,-0.001202211753245308
2021-10-06,260.917,5.564202349084699,0.0027633126653814344
2021-10-07,264.537,5.5779811280935885,0.013778779008889686
2021-10-08,261.83,5.567695438201781,-0.010285689891807337
2021-10-11,263.98,5.575873342700809,0.008177904499027555
2021-10-12,268.573,5.593122757815394,0.017249415114585
2021-10-13,270.36,5.599754404232153,0.006631646416759729
2021-10-14,272.773,5.6086399474640585,0.008885543231905046
2021-10-15,281.01,5.638390255889149,0.029750308425090743
2021-10-18,290.037,5.670008501048988,0.03161824515983902
2021-10-19,288.09,5.663272931317991,-0.006735569730997426
2021-10-20,288.6,5.665041646339771,0.0017687150217797765
2021-10-21,298.0,5.697093486505405,0.032051840165634005
2021-10-22,303.227,5.714481699935415,0.01738821343001007
2021-10-25,341.62,5.833699008209915,0.11921730827450006
2021-10-26,339.477,5.827406198017537,-0.006292810192377374
2021-10-27,345.953,5.846302927680598,0.01889672966306044
2021-10-28,359.013,5.883358599531816,0.03705567185121783
2021-10-29,371.333,5.917099234152649,0.0337406346208331
2021-11-01,402.863,5.998596553778248,0.08149731962559947
2021-11-02,390.667,5.967855534710805,-0.03074101906744353
2021-11-03,404.62,6.002948355049268,0.035092820338463504
2021-11-04,409.97,6.016083986289537,0.013135631240269063
2021-11-05,407.363,6.009704679835247,-0.006379306454290301
2021-11-08,387.647,5.960095131695257,-0.049609548139989634
2021-11-09,341.167,5.832372093472327,-0.12772303822293019
2021-11-10,355.983,5.87488297690284,0.04251088343051279
2021-11-11,354.503,5.870716808559788,-0.004166168343052057
2021-11-12,344.473,5.842015712926543,-0.02870109563324519
2021-11-15,337.797,5.822445123339592,-0.019570589586950682
2021-11-16,351.577,5.862428748426756,0.03998362508716369
2021-11-17,363.003,5.89441109869351,0.031982350266754445
2021-11-18,365.46,5.901156834076448,0.006745735382938101
2021-11-19,379.02,5.937588974138664,0.03643214006221562
2021-11-22,385.623,5.954860208260466,0.01727123412180198
2021-11-23,369.677,5.912629651402487,-0.042230556857978385
2021-11-24,372.0,5.918893854273146,0.006264202870658764
2021-11-26,360.64,5.887880230851412,-0.031013623421734415
2021-11-29,378.997,5.937528289483816,0.04964805863240418
2021-11-30,381.587,5.944338871907881,0.006810582424065181
2021-12-01,365.0,5.8998973535824915,-0.04444151832538967
2021-12-02,361.533,5.890353323739532,-0.009544029842959212
2021-12-03,338.323,5.8240010604694445,-0.0663522632700877
2021-12-06,336.337,5.818113633509126,-0.005887426960318187
2021-12-07,350.583,5.859597483005777,0.041483849496650294
2021-12-08,356.32,5.875829203509057,0.016231720503280478
2021-12-09,334.6,5.812935788552724,-0.06289341495633316
2021-12-10,339.01,5.826029605470451,0.01309381691772682
2021-12-13,322.137,5.774976920897992,-0.051052684572458595
2021-12-14,319.503,5.766766663444868,-0.00821025745312376
2021-12-15,325.33,5.784840051790853,0.01807338834598493
2021-12-16,308.973,5.733253894439233,-0.05158615735162009
2021-12-17,310.857,5.739332999361591,0.0060791049223576366
2021-12-20,299.98,5.703715805767214,-0.035617193594377206
2021-12-21,312.843,5.745701467253983,0.041985661486768855
2021-12-22,336.29,5.817973882948782,0.07227241569479936
2021-12-23,355.667,5.873994899840327,0.05602101689154537
2021-12-27,364.647,5.898929762329349,0.024934862489021548
2021-12-28,362.823,5.893915112041916,-0.005014650287432865
2021-12-29,362.063,5.89181822983293,-0.0020968822089857397
2021-12-30,356.78,5.877119345323122,-0.014698884509808607
2021-12-31,352.26,5.86436953930415,-0.01274980601897191
2022-01-03,399.927,5.9912820304528305,0.12691249114868075
2022-01-04,383.197,5.94854921725604,-0.042732813196790786
2022-01-05,362.707,5.893595345799339,-0.05495387145670083
2022-01-06,354.9,5.871836059652451,-0.021759286146887824
2022-01-07,342.32,5.835745972108561,-0.03609008754389009
2022-01-10,352.707,5.865637683940438,0.02989171183187711
2022-01-11,354.8,5.871554250435424,0.005916566494986064
2022-01-12,368.74,5.910091788642244,0.038537538206820265
2022-01-13,343.853,5.840214240462408,-0.0698775481798366
2022-01-14,349.87,5.857561656915354,0.017347416452945907
2022-01-18,343.503,5.83919584524872,-0.018365811666633647
2022-01-19,331.883,5.804782497167065,-0.03441334808165486
2022-01-20,332.09,5.805406016517118,0.0006235193500527814
2022-01-21,314.633,5.751406880227965,-0.05399913628915254
2022-01-24,310.0,5.736572297479192,-0.01483458274877325
2022-01-25,306.133,5.724019648046426,-0.012552649432766572
2022-01-26,312.47,5.744508464568161,0.020488816521735842
2022-01-27,276.367,5.621729692580462,-0.12277877198769982
2022-01-28,282.117,5.642321878510577,0.02059218593011547
2022-01-31,312.24,5.743772122872359,0.10145024436178218
2022-02-01,310.417,5.737916554850586,-0.0058555680217731165
2022-02-02,301.887,5.71005277516956,-0.02786377968102638
2022-02-03,297.047,5.693890375440872,-0.016162399728687937
2022-02-04,307.773,5.729362498258971,0.035472122818099194
2022-02-07,302.447,5.711906055508854,-0.017456442750116707
2022-02-08,307.333,5.727931850289197,0.016025794780342828
2022-02-09,310.667,5.738721598978279,0.010789748689082224
2022-02-10,301.517,5.708826399320632,-0.02989519965764753
2022-02-11,286.667,5.658321263369465,-0.05050513595116701
2022-02-14,291.92,5.676479792128192,0.018158528758727144
2022-02-15,307.477,5.728400287701189,0.05192049557299683
2022-02-16,307.797,5.7294404747685865,0.0010401870673977243
2022-02-17,292.117,5.677154406947018,-0.052286067821568416
2022-02-18,285.66,5.654802292434482,-0.022352114512536048
2022-02-22,273.843,5.612554949464287,-0.042247342970195056
2022-02-23,254.68,5.540007855148825,-0.07254709431546225
2022-02-24,266.923,5.586960227294888,0.046952372146063404
2022-02-25,269.957,5.598262687056013,0.011302459761124872
2022-02-28,290.143,5.670373904893242,0.07211121783722874
2022-03-01,288.123,5.663387472295151,-0.0069864325980910635
2022-03-02,293.297,5.681185747496045,0.017798275200894054
2022-03-03,279.763,5.633942816174891,-0.0472429313211542
2022-03-04,279.43,5.632751814000819,-0.0011910021740719756
2022-03-07,268.193,5.5917068705815405,-0.04104494341927811
2022-03-08,274.8,5.616043560348194,0.024336689766653485
2022-03-09,286.323,5.65712054418997,0.04107698384177638
2022-03-10,279.433,5.6327625500846175,-0.024357994105352887
2022-03-11,265.117,5.580171237983572,-0.05259131210104506
2022-03-14,255.457,5.543054098024184,-0.03711713995938837
2022-03-15,267.297,5.588360399737335,0.04530630171315053
2022-03-16,280.077,5.63506456536368,0.046704165626345606
2022-03-17,290.533,5.671717167086415,0.03665260172273488
2022-03-18,301.797,5.70975460592649,0.0380374388400746
2022-03-21,307.053,5.72702037112338,0.017265765196889937
2022-03-22,331.327,5.8031058031176475,0.07608543199426787
2022-03-23,333.037,5.808253594919172,0.005147791801524804
2022-03-24,337.973,5.822966010635505,0.01471241571633275
2022-03-25,336.88,5.819726783853672,-0.003239226781833082
2022-03-28,363.947,5.897008252639787,0.07728146878611497
2022-03-29,366.523,5.904061275155733,0.007053022515946417
2022-03-30,364.663,5.89897363941866,-0.0050876357370732705
2022-03-31,359.2,5.883879336428045,-0.015094302990615205
2022-04-01,361.53,5.89034502570741,0.006465689279365527
2022-04-04,381.817,5.944941436230204,0.054596410522793626
2022-04-05,363.753,5.896475065874373,-0.04846637035583079
2022-04-06,348.587,5.853887840365312,-0.042587225509061355
2022-04-07,352.42,5.864823646140585,0.010935805775273089
2022-04-08,341.83,5.834313537455971,-0.03051010868461379
2022-04-11,325.31,5.784778573861411,-0.04953496359456011
2022-04-12,328.983,5.796006077697819,0.011227503836408026
2022-04-13,340.79,5.83126645180165,0.03526037410383065
2022-04-14,328.333,5.794028337275037,-0.03723811452661252
2022-04-18,334.763,5.8134228187686805,0.019394481493643312
2022-04-19,342.717,5.836905033719671,0.023482214950990787
2022-04-20,325.733,5.786078027382983,-0.05082700633668846
2022-04-21,336.26,5.817884670250782,0.03180664286779944
2022-04-22,335.017,5.814181276806175,-0.00370339344460735
2022-04-25,332.673,5.807160025538285,-0.007021251267889994
2022-04-26,292.14,5.677233139422665,-0.1299268861156202
2022-04-27,293.837,5.683025191821395,0.005792052398730263
2022-04-28,292.503,5.678474923029571,-0.004550268791824408
2022-04-29,290.253,5.670752956441898,-0.007721966587672213
2022-05-02,300.98,5.7070438173585725,0.036290860916674106
2022-05-03,303.083,5.71400669539085,0.006962878032277686
2022-05-04,317.54,5.760603794649366,0.046597099258515406
2022-05-05,291.093,5.67364280374311,-0.0869609909062552
2022-05-06,288.55,5.6648683811569756,-0.008774422586134811
2022-05-09,262.37,5.569755721265552,-0.09511265989142359
2022-05-10,266.68,5.5860494377498595,0.016293716484307552
2022-05-11,244.667,5.499898102343298,-0.08615133540656128
2022-05-12,242.667,5.491690133154006,-0.008207969189292008
2022-05-13,256.53,5.547245616835974,0.05555548368196739
2022-05-16,241.457,5.486691403408934,-0.06055421342703937
2022-05-17,253.87,5.5368223249749455,0.05013092156601129
2022-05-18,236.603,5.466383631091965,-0.07043869388298063
2022-05-19,236.473,5.465834036509817,-0.0005495945821483161
2022-05-20,221.3,5.399519247057004,-0.06631478945281266
2022-05-23,224.967,5.415953724781146,0.016434477724142305
2022-05-24,209.387,5.344184214369815,-0.07176951041133162
2022-05-25,219.6,5.391807709635375,0.047623495265560756
2022-05-26,235.91,5.4634503763587405,0.07164266672336517
2022-05-27,253.21,5.534219183960909,0.07076880760216842
2022-05-31,252.753,5.532412727266341,-0.001806456694567693
2022-06-01,246.79,5.508537772571756,-0.023874954694584893
2022-06-02,258.333,5.554249450361825,0.04571167779006835
2022-06-03,234.517,5.457528079928232,-0.09672137043359275
2022-06-06,238.28,5.473446452760487,0.015918372832254946
2022-06-07,238.887,5.475990636777484,0.0025441840169975194
2022-06-08,241.867,5.488387988301658,0.012397351524173317
2022-06-09,239.707,5.479417344184564,-0.008970644117093585
2022-06-10,232.23,5.447728259884732,-0.03168908429983208
2022-06-13,215.737,5.374060073223455,-0.07366818666127717
2022-06-14,220.89,5.397664840048735,0.023604766825280343
2022-06-15,233.0,5.4510384535657,0.0533736135169649
2022-06-16,213.1,5.361761539104571,-0.08927691446112895
2022-06-17,216.76,5.378790750697913,0.01702921159334192
2022-06-21,237.037,5.468216247093422,0.08942549639550901
2022-06-22,236.087,5.464200381160877,-0.004015865932545104
2022-06-23,235.07,5.459883342129427,-0.00431703903145042
2022-06-24,245.707,5.50413976914979,0.04425642702036381
2022-06-27,244.92,5.500931626609754,-0.0032081425400365404
2022-06-28,232.663,5.449591054657763,-0.051340571951991265
2022-06-29,228.49,5.431492445700453,-0.018098608957309636
2022-06-30,224.473,5.413755432689043,-0.017737013011410063
2022-07-01,227.263,5.426107937141976,0.012352504452932678
2022-07-05,233.067,5.4513259658781426,0.025218028736166964
2022-07-06,231.733,5.445585846847055,-0.005740119031087509
2022-07-07,244.543,5.4993911625724206,0.05380531572536551
2022-07-08,250.763,5.524508269964767,0.025117107392346405
2022-07-11,234.343,5.4567858540698175,-0.06772241589494943
2022-07-12,233.07,5.4513388376304395,-0.005447016439378061
2022-07-13,237.04,5.4682289032653095,0.016890065634870055
2022-07-14,238.313,5.473584935701078,0.005356032435768654
2022-07-15,240.067,5.480918051048895,0.0073331153478166655
2022-07-18,240.547,5.4829154966480305,0.0019974455991356166
2022-07-19,245.53,5.5034191393614815,0.020503642713451065
2022-07-20,247.5,5.511410582008745,0.00799144264726337
2022-07-21,271.707,5.604724279810398,0.0933136978016531
2022-07-22,272.243,5.606695049820444,0.0019707700100459746
2022-07-25,268.433,5.592601348359366,-0.014093701461077579
2022-07-26,258.86,5.556287375014292,-0.03631397334507458
2022-07-27,274.82,5.6161163379036285,0.0598289628893367
2022-07-28,280.9,5.637998734110198,0.02188239620656951
2022-07-29,297.15,5.69423706181267,0.056238327702471835
2022-08-01,297.277,5.694664364078322,0.00042730226565179663
2022-08-02,300.587,5.705737229544049,0.011072865465727055
2022-08-03,307.397,5.728140071785566,0.022402842241517007
2022-08-04,308.633,5.732152868755068,0.004012796969502297
2022-08-05,288.17,5.663550583768322,-0.06860228498674559
2022-08-08,290.423,5.671338480916328,0.007787897148005207
2022-08-09,283.333,5.646622884344972,-0.02471559657135547
2022-08-10,294.357,5.684793316404344,0.03817043205937143
2022-08-11,286.63,5.658192185421904,-0.026601130982439436
2022-08-12,300.03,5.703882469656534,0.04569028423463006
2022-08-15,309.32,5.734376339740835,0.03049387008430049
2022-08-16,306.563,5.7254232807471395,-0.008953058993695251
2022-08-17,303.997,5.717017832936476,-0.00840544781066388
2022-08-18,302.87,5.713303670539838,-0.00371416239663791
2022-08-19,296.667,5.6926102976529505,-0.020693372886887218
2022-08-22,289.913,5.6695808779715176,-0.023029419681432906
2022-08-23,296.453,5.691888689852552,0.022307811881034034
2022-08-24,297.097,5.694058684807349,0.002169994954797083
2022-08-25,296.07,5.690595912852025,-0.003462771955323518
2022-08-26,288.09,5.663272931317991,-0.02732298153403434
2022-08-29,284.82,5.651857401791282,-0.0114155295267091
2022-08-30,277.7,5.626541394312754,-0.025316007478528135
2022-08-31,275.61,5.618986822951485,-0.0075545713612683585
2022-09-01,277.16,5.62459495675918,0.005608133807695204
2022-09-02,270.21,5.5991994344637614,-0.02539552229541897
2022-09-06,274.42,5.614659779493029,0.015460345029267408
2022-09-07,283.7,5.647917341814805,0.03325756232177657
2022-09-08,289.26,5.667325937645586,0.019408595830780584
2022-09-09,299.68,5.702715238695778,0.03538930105019222
2022-09-12,304.42,5.718408326851521,0.015693088155742885
2022-09-13,292.13,5.677198908673179,-0.041209418178342005
2022-09-14,302.61,5.7124448477348535,0.03524593906167439
2022-09-15,303.75,5.716204994654758,0.00376014691990445
2022-09-16,303.35,5.714887254388307,-0.0013177402664510396
2022-09-19,309.07,5.733567788458894,0.018680534070586674
2022-09-20,308.73,5.73246710851611,-0.0011006799427839553
2022-09-21,300.8,5.706445592075685,-0.02602151644042472
2022-09-22,288.59,5.665006995704794,-0.04143859637089076
2022-09-23,275.33,5.617970378242053,-0.04703661746274079
2022-09-26,276.01,5.620437096944849,0.0024667187027960225
2022-09-27,282.94,5.645234861030788,0.024797764085938923
2022-09-28,287.81,5.66230054020126,0.017065679170471526
2022-09-29,268.21,5.591770255760243,-0.07053028444101717
2022-09-30,265.25,5.580672777494092,-0.011097478266150596
2022-10-03,242.4,5.490589254195159,-0.09008352329893299
2022-10-04,249.44,5.519218405309466,0.028629151114307305
2022-10-05,240.81,5.484008240811595,-0.03521016449787151
2022-10-06,238.13,5.472816743035851,-0.011191497775743464
2022-10-07,223.07,5.40748562354869,-0.06533111948716108
2022-10-10,222.96,5.406992383173693,-0.000493240374997761
2022-10-11,216.5,5.377590547442544,-0.029401835731148296
2022-10-12,217.24,5.381002733166644,0.0034121857241000697
2022-10-13,221.72,5.401415324551604,0.020412591384959988
2022-10-14,204.99,5.322961197460796,-0.0784541270908079
2022-10-17,219.35,5.390668627612223,0.06770743015142688
2022-10-18,220.19,5.394490809996694,0.0038221823844706293
2022-10-19,222.04,5.40285754582196,0.008366735825266147
2022-10-20,207.28,5.334070536253854,-0.0687870095681058
2022-10-21,214.44,5.368029978959337,0.033959442705482346
2022-10-24,211.25,5.353042266237283,-0.014987712722053459
2022-10-25,222.415,5.40454500614521,0.051502739907927086
2022-10-26,224.64,5.414499120837446,0.009954114692235727
2022-10-27,225.09,5.4165003222257475,0.00200120138830151
2022-10-28,228.52,5.431623733856262,0.01512341163051456
2022-10-31,227.54,5.4273260471115705,-0.004297686744691553
2022-11-01,227.82,5.428555843471766,0.0012297963601950457
2022-11-02,214.98,5.370545000544918,-0.05801084292684777
2022-11-03,215.31,5.37207885011009,0.0015338495651722184
2022-11-04,207.47,5.334986750905048,-0.03709209920504186
2022-11-07,197.08,5.2836097376757625,-0.05137701322928567
2022-11-08,191.3,5.253842876446207,-0.02976686122955563
2022-11-09,177.59,5.179477522666504,-0.07436535377970266
2022-11-10,190.72,5.250806383876985,0.07132886121048099
2022-11-11,195.97,5.277961586290963,0.02715520241397762
2022-11-14,190.95,5.252011613671526,-0.02594997261943721
2022-11-15,194.42,5.270020767392923,0.018009153721397553
2022-11-16,186.92,5.230680717832225,-0.03934004956069792
2022-11-17,183.17,5.210414683372125,-0.020266034460100002
2022-11-18,180.19,5.194011849738723,-0.016402833633402558
2022-11-21,167.87,5.123189870334323,-0.07082197940439983
2022-11-22,169.91,5.135268885097667,0.012079014763344276
2022-11-23,183.2,5.21057845224003,0.07530956714236314
2022-11-25,182.86,5.20872083273628,-0.0018576195037498522
2022-11-28,182.92,5.209048898789854,0.0003280660535738278
2022-11-29,180.83,5.197557363396888,-0.01149153539296588
2022-11-30,194.7,5.271459912378154,0.07390254898126525
2022-12-01,194.7,5.271459912378154,0.0
2022-12-02,194.86,5.272281351997195,0.0008214396190417972
2022-12-05,182.45,5.206476162882456,-0.0658051891147391
2022-12-06,179.82,5.191956350556627,-0.014519812325829662
2022-12-07,174.04,5.159285157852479,-0.03267119270414742
2022-12-08,173.44,5.155831718251282,-0.0034534396011975943
2022-12-09,179.05,5.187665096444442,0.03183337819316012
2022-12-12,167.82,5.122891976441923,-0.06477312000251878
2022-12-13,160.95,5.081093757744817,-0.04179821869710576
2022-12-14,156.8,5.054971107916307,-0.02612264982851009
2022-12-15,157.67,5.06050424124939,0.005533133333083029
2022-12-16,150.23,5.0121674530743325,-0.0483367881750576
2022-12-19,149.87,5.009768251656904,-0.0023992014174281096
2022-12-20,137.8,4.925803358579558,-0.08396489307734623
2022-12-21,137.57,4.924132878472904,-0.0016704801066538266
2022-12-22,125.35,4.831109824604303,-0.09302305386860166
2022-12-23,123.15,4.813403124566547,-0.01770670003775532
2022-12-27,109.1,4.692264892839025,-0.1211382317275227
2022-12-28,112.71,4.724818148253987,0.03255325541496212
2022-12-29,121.82,4.802544545408338,0.07772639715435137
2022-12-30,123.18,4.813646700258897,0.01110215485055921
2023-01-03,108.1,4.683056724645162,-0.1305899756137352
2023-01-04,113.64,4.733035556985987,0.04997883234082501
2023-01-05,110.34,4.703566507844284,-0.029469049141702897
2023-01-06,113.06,4.727918651247145,0.024352143402860627
2023-01-09,119.77,4.785573236959415,0.05765458571227011
2023-01-10,118.85,4.777862193806203,-0.007711043153212138
2023-01-11,123.22,4.813971375586425,0.03610918178022171
2023-01-12,123.56,4.816726868050381,0.002755492463956344
2023-01-13,122.4,4.807294370078226,-0.009432497972155396
2023-01-17,131.49,4.878930803098828,0.0716364330206023
2023-01-18,128.78,4.858105522110037,-0.020825280988790773
2023-01-19,127.17,4.845524774032655,-0.012580748077382076
2023-01-20,133.42,4.893502047281369,0.047977273248713814
2023-01-23,143.75,4.96807567967746,0.07457363239609105
2023-01-24,143.89,4.9690491187753265,0.0009734390978666241
2023-01-25,144.43,4.972794961113076,0.0037458423377492167
2023-01-26,160.27,5.0768598930054845,0.10406493189240873
2023-01-27,177.9,5.18122159467179,0.10436170166630543
2023-01-30,166.66,5.115955808954061,-0.06526578571772923
2023-01-31,173.22,5.1545624629028985,0.03860665394883789
2023-02-01,181.41,5.2007596629532316,0.04619720005033301
2023-02-02,188.27,5.23787710273662,0.03711743978338866
2023-02-03,189.98,5.246918803462036,0.009041700725416213
2023-02-06,194.76,5.2717680313145,0.024849227852463684
2023-02-07,196.81,5.282238796335346,0.01047076502084554
2023-02-08,201.29,5.3047466543129405,0.022507857977594803
2023-02-09,207.32,5.334263493321505,0.029516839008564943
2023-02-10,196.89,5.282645197153741,-0.05161829616776448
2023-02-13,194.64,5.2711516984752675,-0.01149349867847338
2023-02-14,209.25,5.343529709369585,0.07237801089431706
2023-02-15,214.24,5.367096881942863,0.023567172573278228
2023-02-16,202.04,5.308465697599852,-0.05863118434301118
2023-02-17,208.31,5.339027354795824,0.030561657195971925
2023-02-21,197.37,5.285080139766016,-0.05394721502980726
2023-02-22,200.86,5.302608147965193,0.01752800819917688
2023-02-23,202.07,5.308614172025405,0.006006024060211779
2023-02-24,196.88,5.282594406082801,-0.026019765942604245
2023-02-27,207.63,5.335757649521882,0.053163243439080965
2023-02-28,205.71,5.3264674099643825,-0.009290239557499191
2023-03-01,202.77,5.312072331780373,-0.014395078184009868
2023-03-02,190.9,5.251749730731702,-0.0603226010486706
2023-03-03,197.79,5.287205861793318,0.035456131061615714
2023-03-06,193.81,5.2668782977126565,-0.020327564080661276
2023-03-07,187.71,5.2348982186783815,-0.03198007903427502
2023-03-08,182.0,5.204006687076795,-0.03089153160158631
2023-03-09,172.92,5.152829059799431,-0.0511776272773643
2023-03-10,173.44,5.155831718251282,0.0030026584518507704
2023-03-13,174.48,5.161810121893374,0.005978403642092012
2023-03-14,183.26,5.210905909537067,0.04909578764369371
2023-03-15,180.45,5.195453731088797,-0.015452178448270182
2023-03-16,184.13,5.215642029879128,0.02018829879033124
2023-03-17,180.13,5.193678812435467,-0.021963217443661698
2023-03-20,183.25,5.2108513407667605,0.01717252833129379
2023-03-21,197.58,5.286143565616328,0.07529222484956755
2023-03-22,191.15,5.253058460142422,-0.03308510547390586
2023-03-23,192.22,5.258640549395138,0.0055820892527158605
2023-03-24,190.41,5.249179641986489,-0.009460907408649355
2023-03-27,191.81,5.256505298733597,0.007325656747108056
2023-03-28,189.19,5.242751801098328,-0.013753497635268452
2023-03-29,193.88,5.267239410977175,0.024487609878846683
2023-03-30,195.28,5.274434426084705,0.007195015107529734
2023-03-31,207.46,5.334938550003682,0.06050412391897719
2023-04-03,194.77,5.271819375241808,-0.06311917476187379
2023-04-04,192.58,5.260511651812138,-0.011307723429670347
2023-04-05,185.52,5.223162692947276,-0.03734895886486189
2023-04-06,185.06,5.220680096820884,-0.0024825961263914564
2023-04-10,184.51,5.217703662553791,-0.0029764342670937083
2023-04-11,186.79,5.229984991171212,0.012281328617421039
2023-04-12,180.54,5.195952359870009,-0.03403263130120315
2023-04-13,185.9,5.225208894727398,0.02925653485738966
2023-04-14,185.0,5.220355825078324,-0.004853069649073838
2023-04-17,187.04,5.231322497723759,0.010966672645434272
2023-04-18,184.31,5.216619122563531,-0.014703375160227239
2023-04-19,180.59,5.1962292684642515,-0.020389854099279958
2023-04-20,162.99,5.093688849231541,-0.10254041923271018
2023-04-21,165.08,5.106430204884381,0.012741355652839736
2023-04-24,162.55,5.090985646749915,-0.015444558134466213
2023-04-25,160.67,5.079352572055243,-0.011633074694671564
2023-04-26,153.75,5.035327906686628,-0.0440246653686156
2023-04-27,160.19,5.076360610713392,0.0410327040267644
2023-04-28,164.31,5.1017548874637395,0.025394276750347444
2023-05-01,161.83,5.0865464015287944,-0.01520848593494506
2023-05-02,160.31,5.077109440701582,-0.00943696082721246
2023-05-03,160.61,5.0789790660748055,0.001869625373223549
2023-05-04,161.2,5.0826458300725275,0.0036667639977219224
2023-05-05,170.06,5.136151315957647,0.053505485885119164
2023-05-08,171.79,5.1462728006383545,0.010121484680707837
2023-05-09,169.15,5.130785895226717,-0.01548690541163733
2023-05-10,168.54,5.1271731103442075,-0.003612784882509601
2023-05-11,172.08,5.1479594849594745,0.020786374615267
2023-05-12,167.98,5.123844924697481,-0.024114560261993212
2023-05-15,166.35,5.114094002464486,-0.00975092223299523
2023-05-16,166.52,5.115115422326775,0.0010214198622886528
2023-05-17,173.86,5.158250377650918,0.043134955324143576
2023-05-18,176.89,5.1755280704554165,0.0172776928044982
2023-05-19,180.14,5.193734326355597,0.018206255900180324
2023-05-22,188.87,5.241058947707755,0.04732462135215787
2023-05-23,185.77,5.224509349403313,-0.016549598304441915
2023-05-24,182.9,5.20893955539682,-0.015569794006492721
2023-05-25,184.47,5.217486848633488,0.008547293236667919
2023-05-26,193.17,5.263570630218202,0.04608378158471371
2023-05-30,201.16,5.304100611303764,0.04052998108556238
2023-05-31,203.93,5.317776797704256,0.01367618640049173
2023-06-01,207.52,5.335227720568134,0.01745092286387795
2023-06-02,213.97,5.3658358182788595,0.0306080977107257
2023-06-05,217.61,5.382704469808202,0.016868651529342138
2023-06-06,221.31,5.39956443356432,0.016859963756118646
2023-06-07,224.57,5.41418746259045,0.01462302902612933
2023-06-08,234.86,5.458989591936935,0.04480212934648531
2023-06-09,244.4,5.4988062272974405,0.039816635360505614
2023-06-12,249.83,5.520780686557383,0.021974459259942236
2023-06-13,258.71,5.55570774325743,0.03492705670004703
2023-06-14,256.79,5.5482586302476244,-0.00744911300980533
2023-06-15,255.9,5.544786743165743,-0.0034718870818810643
2023-06-16,260.54,5.562756400269418,0.017969657103674486
2023-06-20,274.45,5.614769094995898,0.05201269472648029
2023-06-21,259.46,5.558602548142867,-0.05616654685303146
2023-06-22,264.61,5.578257043861657,0.01965449571879052
2023-06-23,256.6,5.547518452181536,-0.030738591680121274
2023-06-26,241.05,5.485004380851631,-0.06251407132990483
2023-06-27,250.21,5.52230056525969,0.03729618440805904
2023-06-28,256.24,5.546114505300903,0.02381394004121251
2023-06-29,257.5,5.551019720103791,0.0049052148028883025
2023-06-30,261.77,5.567466255618654,0.01644653551486286
2023-07-03,279.82,5.6341465393051395,0.06668028368648571
2023-07-05,282.48,5.643607751620131,0.009461212314991307
2023-07-06,276.54,5.622355475960472,-0.021252275659659148
2023-07-07,274.43,5.614696219321766,-0.0076592566387052585
2023-07-10,269.61,5.596976470338392,-0.017719748983374473
2023-07-11,269.79,5.597643878594534,0.0006674082561417549
2023-07-12,271.99,5.6057653009142765,0.008121422319742777
2023-07-13,277.9,5.627261336748458,0.021496035834181804
2023-07-14,281.38,5.639706068949067,0.012444732200608932
2023-07-17,290.38,5.671190410055542,0.03148434110647447
2023-07-18,293.34,5.681332345818609,0.01014193576306699
2023-07-19,291.26,5.674216339054435,-0.00711600676417401
2023-07-20,262.9,5.571773731735836,-0.10244260731859889
2023-07-21,260.02,5.560758551134023,-0.011015180601813057
2023-07-24,269.06,5.594934403057397,0.03417585192337391
2023-07-25,265.28,5.58078587194693,-0.014148531110466323
2023-07-26,264.35,5.57727398268146,-0.0035118892654706357
2023-07-27,255.71,5.544043989862504,-0.033229992818955445
2023-07-28,266.44,5.585149077544979,0.04110508768247456
2023-07-31,267.43,5.588857849848298,0.003708772303319563
2023-08-01,261.07,5.5647885705974245,-0.024069279250873876
2023-08-02,254.11,5.537767244136556,-0.027021326460868522
2023-08-03,259.32,5.5580628203067945,0.020295576170238583
2023-08-04,253.86,5.536782933960031,-0.02127988634676381
2023-08-07,251.45,5.527244162617974,-0.00953877134205694
2023-08-08,249.7,5.520260197285728,-0.0069839653322461
2023-08-09,242.19,5.489722542075034,-0.030537655210693515
2023-08-10,245.34,5.502645003604606,0.01292246152957155
2023-08-11,242.65,5.491620075851225,-0.011024927753380709
2023-08-14,239.76,5.479638423008407,-0.011981652842817603
2023-08-15,232.96,5.450866765008321,-0.028771658000086298
2023-08-16,225.6,5.418763519623904,-0.032103245384417
2023-08-17,219.22,5.390075791787577,-0.028687727836326893
2023-08-18,215.49,5.37291450475482,-0.017161287032757322
2023-08-21,231.28,5.443629097708091,0.0707145929532711
2023-08-22,233.19,5.451853571910238,0.008224474202147114
2023-08-23,236.86,5.467469249293349,0.01561567738311087
2023-08-24,230.04,5.438253206845554,-0.02921604244779541
2023-08-25,238.59,5.474746597637154,0.03649339079160008
2023-08-28,238.82,5.475710130105239,0.0009635324680852264
2023-08-29,257.18,5.549776228842293,0.07406609873705428
2023-08-30,256.9,5.548686904115838,-0.0010893247264549544
2023-08-31,258.08,5.553269614376899,0.0045827102610607184
2023-09-01,245.01,5.501299026038294,-0.05197058833860524
2023-09-05,256.49,5.547089677496061,0.04579065145776706
2023-09-06,251.92,5.529111576792769,-0.01797810070329131
2023-09-07,251.49,5.527403227317876,-0.0017083494748932893
2023-09-08,248.5,5.5154428455366835,-0.01196038178119263
2023-09-11,273.58,5.6115940836612985,0.09615123812461501
2023-09-12,267.48,5.589044797185778,-0.022549286475520347
2023-09-13,271.3,5.603225219664886,0.014180422479108223
2023-09-14,276.04,5.6205457827524015,0.017320563087515062
2023-09-15,274.39,5.614550452038975,-0.0059953307134268385
2023-09-18,265.28,5.58078587194693,-0.033764580092044305
2023-09-19,266.5,5.585374243605899,0.004588371658968526
2023-09-20,262.59,5.570593880412456,-0.014780363193442447
2023-09-21,255.7,5.544004882297141,-0.02658899811531512
2023-09-22,244.88,5.500768294637157,-0.04323658765998406
2023-09-25,246.99,5.509347849978444,0.008579555341286849
2023-09-26,244.12,5.497659907676295,-0.011687942302149423
2023-09-27,240.5,5.482720089545816,-0.014939818130478955
2023-09-28,246.38,5.506875059533828,0.02415496998801192
2023-09-29,250.22,5.522340530889254,0.01546547135542653
2023-10-02,251.6,5.527840524826286,0.005499993937031711
2023-10-03,246.53,5.507483689931387,-0.02035683489489859
2023-10-04,261.16,5.565133246318433,0.057649556387045386
2023-10-05,260.05,5.560873920219081,-0.004259326099351313
2023-10-06,260.53,5.562718017710448,0.00184409749136627
2023-10-09,259.67,5.5594115940907205,-0.0033064236197271057
2023-10-10,263.62,5.57450867228432,0.015097078193599067
2023-10-11,262.99,5.572116008641191,-0.002392663643128401
2023-10-12,258.87,5.556326005188326,-0.01579000345286552
2023-10-13,251.12,5.525930912533698,-0.030395092654627476
2023-10-16,253.92,5.537019256778099,0.011088344244400972
2023-10-17,254.85,5.54067513678605,0.00365588000795114
2023-10-18,242.68,5.491743703074097,-0.048931433711953076
2023-10-19,220.11,5.394127421394012,-0.09761628168008496
2023-10-20,211.99,5.356539103748161,-0.037588317645851355
2023-10-23,212.08,5.35696356198077,0.00042445823260894855
2023-10-24,216.52,5.377682921928777,0.02071935994800711
2023-10-25,212.42,5.358565446893394,-0.01911747503538308
2023-10-26,205.76,5.326710441049254,-0.03185500584413958
2023-10-27,207.3,5.334167019441734,0.00745657839248004
2023-10-30,197.36,5.285029472221101,-0.04913754722063324
2023-10-31,200.84,5.302508571166505,0.01747909894540367
2023-11-01,205.66,5.326224319801044,0.023715748634539402
2023-11-02,218.51,5.386831780078776,0.06060746027773156
2023-11-03,219.96,5.393445711639614,0.0066139315608380045
2023-11-06,219.27,5.39030384716041,-0.0031418644792040595
2023-11-07,222.18,5.403487864153576,0.013184016993166736
2023-11-08,222.11,5.403172754650417,-0.00031510950315905006
2023-11-09,209.98,5.347012288086795,-0.05616046656362261
2023-11-10,214.65,5.369008794670569,0.02199650658377461
2023-11-13,223.71,5.410350570223813,0.04134177555324392
2023-11-14,237.41,5.469788604287577,0.05943803406376347
2023-11-15,242.84,5.492402790262234,0.02261418597465692
2023-11-16,233.59,5.4535674418185955,-0.03883534844363812
2023-11-17,234.3,5.45660234551375,0.0030349036951546893
2023-11-20,235.6,5.462135451777431,0.005533106263681198
2023-11-21,241.2,5.485626464853031,0.0234910130755992
2023-11-22,234.21,5.45621814880031,-0.029408316052720984
2023-11-24,235.45,5.461498576689563,0.005280427889253758
2023-11-27,236.08,5.464170730634684,0.0026721539451202148
2023-11-28,246.72,5.508254090374964,0.04408335974028077
2023-11-29,244.14,5.497741831241654,-0.010512259133310664
2023-11-30,240.08,5.480972201132111,-0.016769630109542355
2023-12-01,238.83,5.475752001768597,-0.005220199363514588
2023-12-04,235.58,5.462050558530638,-0.013701443237958522
2023-12-05,238.72,5.475291317015396,0.013240758484757364
2023-12-06,239.37,5.478010471988299,0.002719154972903759
2023-12-07,242.64,5.491578863380326,0.01356839139202659
2023-12-08,243.84,5.496512272498282,0.0049334091179558115
2023-12-11,239.74,5.4795550027789535,-0.016957269719328316
2023-12-12,237.01,5.468102334337813,-0.0114526684411409
2023-12-13,239.29,5.477676205491225,0.009573871153412128
2023-12-14,251.05,5.5256521224807145,0.047975916989489775
2023-12-15,253.5,5.535363823031238,0.009711700550523616
2023-12-18,252.08,5.529746497449019,-0.005617325582218946
2023-12-19,257.22,5.549931749837941,0.02018525238892188
2023-12-20,247.14,5.509954977676045,-0.039976772161896434
2023-12-21,254.5,5.539300835990577,0.029345858314532514
2023-12-22,252.54,5.531569652010535,-0.007731183980042466
2023-12-26,256.61,5.5475574225835205,0.015987770572985838
2023-12-27,261.44,5.566204811671638,0.018647389088117805
2023-12-28,253.18,5.5341006982086824,-0.03210411346295583
2023-12-29,248.48,5.515362359400377,-0.018738338808305777
2024-01-02,248.42,5.5151208621160475,-0.00024149728432920625
2024-01-03,238.45,5.474159644744233,-0.04096121737181413
2024-01-04,237.93,5.471976512763338,-0.0021831319808951477
2024-01-05,237.49,5.470125517325086,-0.0018509954382519567
2024-01-08,240.45,5.482512167723671,0.012386650398584997
2024-01-09,234.96,5.459415286890365,-0.02309688083330652
2024-01-10,233.94,5.455064672222561,-0.0043506146678033986
2024-01-11,227.22,5.425918711141758,-0.02914596108080314
2024-01-12,218.89,5.388569320525063,-0.03734939061669529
2024-01-16,219.91,5.393218371742757,0.004649051217693767
2024-01-17,215.55,5.373192901193144,-0.02002547054961301
2024-01-18,211.88,5.356020076676326,-0.017172824516817897
2024-01-19,212.19,5.357482099716008,0.0014620230396822365
2024-01-22,208.8,5.341376856008484,-0.016105243707523975
2024-01-23,209.14,5.343003884170443,0.001627028161959032
2024-01-24,207.83,5.336720437830982,-0.006283446339461207
2024-01-25,182.63,5.20746224820395,-0.1292581896270315
2024-01-26,183.25,5.2108513407667605,0.00338909256281017
2024-01-29,190.93,5.251906868725373,0.04105552795861289
2024-01-30,191.59,5.255357672107901,0.0034508033825275675
2024-01-31,187.29,5.232658217741762,-0.022699454366138738
2024-02-01,188.86,5.241005999834923,0.00834778209316056
2024-02-02,187.91,5.235963124801061,-0.0050428750338618045
2024-02-05,181.06,5.198828468047294,-0.037134656753766926
2024-02-06,185.1,5.220896219579452,0.02206775153215812
2024-02-07,187.58,5.234205421080793,0.013309201501340517
2024-02-08,189.56,5.244705597099387,0.010500176018594765
2024-02-09,193.57,5.265639204157455,0.02093360705806724
2024-02-12,188.13,5.237133213223039,-0.028505990934415415
2024-02-13,184.02,5.215044447354215,-0.022088765868824467
2024-02-14,188.71,5.2402114451410045,0.025166997786789658
2024-02-15,200.45,5.300564839088516,0.06035339394751116
2024-02-16,199.95,5.298067335292827,-0.0024975037956886936
2024-02-20,193.76,5.266620279804782,-0.03144705548804527
2024-02-21,194.77,5.271819375241808,0.0051990954370264575
2024-02-22,197.41,5.285282784277577,0.013463409035768592
2024-02-23,191.97,5.257339109819479,-0.027943674458097867
2024-02-26,199.4,5.295312857527738,0.0379737477082589
2024-02-27,199.73,5.29696645447708,0.0016535969493425284
2024-02-28,202.04,5.308465697599852,0.011499243122771396
2024-02-29,201.88,5.307673461472062,-0.0007922361277898915
2024-03-01,202.64,5.31143100569342,0.003757544221357989
2024-03-04,188.14,5.237186366543805,-0.07424463914961432
2024-03-05,180.74,5.1970595344738095,-0.0401268320699959
2024-03-06,176.54,5.173547479592087,-0.023512054881722477
2024-03-07,178.65,5.185428584469419,0.011881104877331516
2024-03-08,175.34,5.1667269461604395,-0.018701638308979085
2024-03-11,177.77,5.180490579934594,0.013763633774154904
2024-03-12,177.54,5.179195935640173,-0.0012946442944210546
2024-03-13,169.48,5.132734925758358,-0.04646100988181523
2024-03-14,162.5,5.090678001769792,-0.0420569239885662
2024-03-15,163.57,5.097241033270434,0.006563031500641969
2024-03-18,173.8,5.157905212831292,0.06066417956085779
2024-03-19,171.32,5.14353315274717,-0.014372060084121507
2024-03-20,175.66,5.168550308488971,0.025017155741800856
2024-03-21,172.82,5.152250590413253,-0.01629971807571806
2024-03-22,170.83,5.140668909958967,-0.011581680454286314
2024-03-25,172.63,5.151150575828457,0.01048166586949062
2024-03-26,177.67,5.179927897047815,0.02877732121935761
2024-03-27,179.83,5.192011960177106,0.01208406312929089
2024-03-28,175.79,5.1692901008118,-0.022721859365305797
2024-04-01,175.22,5.166042327238218,-0.00324777357358208
2024-04-02,166.63,5.115775785550532,-0.05026654168768552
2024-04-03,168.38,5.126223329909518,0.010447544358985539
2024-04-04,171.11,5.142306624543879,0.016083294634361422
2024-04-05,164.9,5.105339229565553,-0.03696739497832624
2024-04-08,172.98,5.153175980878366,0.047836751312813064
2024-04-09,176.88,5.175471536549191,0.02229555567082464
2024-04-10,171.76,5.1460981535705255,-0.02937338297866532
2024-04-11,174.6,5.162497643405501,0.016399489834975967
2024-04-12,171.05,5.141955911423614,-0.020541731981887246
2024-04-15,161.48,5.08438129598474,-0.05757461543887388
2024-04-16,157.11,5.056946196959506,-0.02743509902523389
2024-04-17,155.45,5.046324136504762,-0.010622060454744009
2024-04-18,149.93,5.010168518506812,-0.03615561799795053
2024-04-19,147.0101,4.990501291901478,-0.01966722660533371
2024-04-22,142.05,4.956179108300197,-0.03432218360128125
2024-04-23,144.68,4.974524407083897,0.01834529878370006
2024-04-24,162.13,5.088398482561978,0.1138740754780807
2024-04-25,170.18,5.136856700421411,0.048458217859433717
2024-04-26,168.29,5.125688681724982,-0.011168018696429804
2024-04-29,194.05,5.268115857814915,0.14242717608993338
2024-04-30,183.28,5.2110150381452405,-0.05710081966967451
2024-05-01,179.99,5.192901293791388,-0.018113744353852823
2024-05-02,180.01,5.193012404902613,0.00011111111122552586
2024-05-03,181.19,5.1995462044480165,0.00653379954540334
2024-05-06,184.76,5.2190576855624045,0.01951148111438794
2024-05-07,177.81,5.180715564467857,-0.03834212109454782
2024-05-08,174.72,5.16318469255654,-0.017530871911316304
2024-05-09,171.97,5.147320042996108,-0.015864649560432653
2024-05-10,168.47,5.126757692398113,-0.02056235059799505
2024-05-13,171.89,5.146854737340066,0.02009704494195308
2024-05-14,177.55,5.179252259389097,0.032397522049031124
2024-05-15,173.99,5.1589978262986245,-0.020254433090472368
2024-05-16,174.84,5.163871269995114,0.0048734436964892325
2024-05-17,177.46,5.178745231407191,0.014873961412077641
2024-05-20,174.95,5.164500218813697,-0.014245012593494089
2024-05-21,186.6,5.228967288413243,0.06446706959954618
2024-05-22,180.11,5.193567775348966,-0.035399513064277244
2024-05-23,173.74,5.157559928831774,-0.03600784651719202
2024-05-24,179.24,5.188725689917942,0.031165761086167976
2024-05-28,176.75,5.174736304776682,-0.013989385141259802
2024-05-29,176.19,5.1715629582025375,-0.0031733465741448086
2024-05-30,178.79,5.186211932763729,0.014648974561191075
2024-05-31,178.08,5.182232887527235,-0.003979045236493839
2024-06-03,176.29,5.172130366297652,-0.010102521229582884
2024-06-04,174.77,5.16347082377827,-0.008659542519382057
2024-06-05,175.0,5.1647859739235145,0.0013151501452446368
2024-06-06,177.94,5.181446414816621,0.01666044089310681
2024-06-07,177.48,5.178857926510709,-0.0025884883059124064
2024-06-10,173.79,5.157847673776643,-0.021010252734066093
2024-06-11,170.66,5.139673273108439,-0.01817440066820364
2024-06-12,177.29,5.177786809910289,0.038113536801850145
2024-06-13,182.47,5.206585775948444,0.02879896603815446
2024-06-14,178.01,5.181839728489342,-0.024746047459101916
2024-06-17,187.44,5.2334587941995405,0.0516190657101987
2024-06-18,184.86,5.219598781836631,-0.013860012362909124
2024-06-20,181.57,5.201641254282576,-0.017957527554055552
2024-06-21,183.01,5.2095407961571905,0.007899541874614613
2024-06-24,182.58,5.207188433136935,-0.0023523630202557655
2024-06-25,187.35,5.232978525239696,0.02579009210276162
2024-06-26,196.37,5.280000634762139,0.04702210952244279
2024-06-27,197.42,5.285333438989742,0.00533280422760285
2024-06-28,197.88,5.287660786359508,0.0023273473697660307
2024-07-01,209.86,5.346440641729765,0.05877985537025676
2024-07-02,231.26,5.443542618700816,0.09710197697105105
2024-07-03,246.39,5.506915646420211,0.06337302771939513
2024-07-05,251.52,5.527522509240842,0.020606862820630845
2024-07-08,252.94,5.53315230645183,0.005629797210988663
2024-07-09,262.33,5.56960325318826,0.03645094673643001
2024-07-10,263.26,5.573142136997261,0.0035388838090009145
2024-07-11,241.03,5.484921407071298,-0.08822072992596297
2024-07-12,248.23,5.5143557357322,0.029434328660901343
2024-07-15,252.64,5.531965550507332,0.017609814775132016
2024-07-16,256.56,5.5473625553848995,0.015397004877567788
2024-07-17,248.5,5.5154428455366835,-0.031919709848216016
2024-07-18,249.23,5.518376164900322,0.002933319363638276
2024-07-19,239.2,5.477300022076476,-0.04107614282384553
2024-07-22,251.51,5.527482750180741,0.050182728104264385
2024-07-23,246.38,5.506875059533828,-0.020607690646913035
2024-07-24,215.99,5.375232110316162,-0.13164294921766562
2024-07-25,220.25,5.394763264816289,0.0195311545001271
2024-07-26,219.8,5.392718041969521,-0.0020452228467684463
2024-07-29,232.1,5.447168313280391,0.05445027131087077
2024-07-30,222.62,5.405466282065079,-0.04170203121531202
2024-07-31,232.07,5.447039050294667,0.041572768229587886
2024-08-01,216.86,5.379251984044036,-0.06778706625063169
2024-08-02,207.67,5.335950281354887,-0.043301702689148236
2024-08-05,198.88,5.292701627762401,-0.043248653592486086
2024-08-06,200.64,5.301512257444556,0.008810629682154847
2024-08-07,191.76,5.256244590126129,-0.04526766731842713
2024-08-08,198.84,5.2925004812264715,0.03625589110034255
2024-08-09,200.0,5.298317366548036,0.005816885321564769
2024-08-12,197.49,5.285687950147895,-0.01262941640014148
2024-08-13,207.83,5.336720437830982,0.05103248768308699
2024-08-14,201.38,5.305193670487469,-0.031526767343512674
2024-08-15,214.14,5.366630006730124,0.061436336242654654
2024-08-16,216.12,5.375833808975865,0.009203802245741244
2024-08-19,222.72,5.405915377146055,0.03008156817019003
2024-08-20,221.1,5.3986150878634005,-0.007300289282654582
2024-08-21,223.27,5.4083818014103455,0.009766713546945027
2024-08-22,210.66,5.350245459408396,-0.058136342001949615
2024-08-23,220.32,5.395081034980345,0.04483557557194917
2024-08-26,213.21,5.362277595506914,-0.03280343947343134
2024-08-27,209.21,5.343338532195557,-0.01893906331135664
2024-08-28,205.75,5.326661839557179,-0.01667669263837812
2024-08-29,206.28,5.329234469182758,0.002572629625579026
2024-08-30,214.11,5.366489901651086,0.037255432468327854
2024-09-03,210.6,5.349960599699875,-0.01652930195121094
2024-09-04,219.41,5.390942125653859,0.040981525953983855
2024-09-05,230.17,5.4388181663356026,0.04787604068174378
2024-09-06,210.73,5.350577693209122,-0.08824047312648098
2024-09-09,216.27,5.376527627084597,0.025949933875475395
2024-09-10,226.17,5.42128692889172,0.044759301807123286
2024-09-11,228.13,5.429915641904784,0.00862871301306356
2024-09-12,229.81,5.437252880568814,0.007337238664030465
2024-09-13,230.29,5.439339384259925,0.0020865036911104085
2024-09-16,226.78,5.423980384543694,-0.01535899971623067
2024-09-17,227.87,5.428775290904015,0.004794906360320539
2024-09-18,227.2,5.4258306868469965,-0.0029446040570180188
2024-09-19,243.92,5.496840302679999,0.07100961583300247
2024-09-20,238.25,5.473320542534312,-0.02351976014568713
2024-09-23,250.0,5.521460917862246,0.04814037532793414
2024-09-24,254.27,5.538396694568449,0.01693577670620261
2024-09-25,257.02,5.549153902878995,0.010757208310546496
2024-09-26,254.22,5.538200033866523,-0.010953869012472417
2024-09-27,260.46,5.5624492985395575,0.024249264673034787
2024-09-30,261.63,5.566931291907004,0.0044819933674462575
2024-10-01,258.02,5.55303710129699,-0.013894190610013624
2024-10-02,249.02,5.517533214524266,-0.03550388677272398
2024-10-03,240.66,5.483385149010016,-0.03414806551425009
2024-10-04,250.08,5.521780866673167,0.03839571766315064
2024-10-07,240.83,5.484091290392243,-0.03768957628092373
2024-10-08,244.5,5.499215308914927,0.015124018522683969
2024-10-09,241.05,5.485004380851631,-0.014210928063295825
2024-10-10,238.77,5.475500745485868,-0.009503635365763152
2024-10-11,217.8,5.38357721049886,-0.091923534987008
2024-10-14,219.16,5.389802056670215,0.00622484617135477
2024-10-15,219.57,5.391671088281245,0.0018690316110303584
2024-10-16,221.33,5.399654800453954,0.007983712172708657
2024-10-17,220.89,5.397664840048735,-0.0019899604052184827
2024-10-18,220.7,5.396804313262691,-0.0008605267860444243
2024-10-21,218.85,5.388386563636904,-0.008417749625786897
2024-10-22,217.97,5.384357438640421,-0.004029124996482558
2024-10-23,213.65,5.364339162090034,-0.02001827655038735
2024-10-24,260.48,5.562526082814175,0.19818692072414112
2024-10-25,269.19,5.595417449978076,0.032891367163901286
2024-10-28,262.51,5.570289176544168,-0.025128273433908
2024-10-29,259.52,5.558833770927048,-0.011455405617120107
2024-10-30,257.55,5.5512138760115946,-0.007619894915453784
2024-10-31,249.85,5.520860737790214,-0.03035313822138086
2024-11-01,248.98,5.51737257195364,-0.0034881658365737422
2024-11-04,242.84,5.492402790262234,-0.02496978169140629
2024-11-05,251.44,5.527204392489312,0.03480160222707873
2024-11-06,288.53,5.664799066677153,0.13759467418784066
2024-11-07,296.91,5.693429062576709,0.02862999589955617
2024-11-08,321.22,5.772126246634751,0.07869718405804171
2024-11-11,350.0,5.857933154483459,0.08580690784870804
2024-11-12,328.49,5.794506396061012,-0.06342675842244727
2024-11-13,330.24,5.799819662853143,0.005313266792131621
2024-11-14,311.18,5.740371522886817,-0.05944813996632625
2024-11-15,320.72,5.770568468334251,0.03019694544743423
2024-11-18,338.74,5.825232851462975,0.054664383128724126
2024-11-19,346.0,5.846438775057725,0.021205923594749265
2024-11-20,342.03,5.834898452513738,-0.011540322543986292
2024-11-21,339.64,5.827886233131163,-0.0070122193825756796
2024-11-22,352.56,5.8652208205337315,0.037334587402568786
2024-11-25,338.59,5.824789935890205,-0.04043088464352618
2024-11-26,338.23,5.82372613743877,-0.0010637984514350052
2024-11-27,332.89,5.807812105079032,-0.015914032359738428
2024-11-29,345.16,5.844008077640106,0.03619597256107454
2024-12-02,357.09,5.877987850847898,0.03397977320779155
2024-12-03,351.42,5.861982089329746,-0.01600576151815236
2024-12-04,357.93,5.880337436555819,0.01835534722607335
2024-12-05,369.49,5.9121236764225715,0.03178623986675255
2024-12-06,389.22,5.964144736453019,0.05202106003044715
2024-12-09,389.79,5.965608132562755,0.0014633961097363368
2024-12-10,400.99,5.99393648933976,0.028328356777005403
2024-12-11,424.77,6.051547845964989,0.05761135662522854
2024-12-12,418.1,6.03572063836252,-0.01582720760246925
2024-12-13,436.23,6.078169627193504,0.04244898883098447
2024-12-16,463.02,6.137770249697566,0.05960062250406217
2024-12-17,479.86,6.173494394692275,0.03572414499470877
2024-12-18,440.13,6.087070137819662,-0.08642425687261301
2024-12-19,436.17,6.078032075611444,-0.009038062208218456
2024-12-20,421.06,6.042775341342409,-0.03525673426903442
2024-12-23,430.6,6.065179584930263,0.022404243587853756
2024-12-24,462.28,6.136170768107241,0.07099118317697783
2024-12-26,454.13,6.118383500665175,-0.017787267442066046
2024-12-27,431.66,6.067638241330824,-0.05074525933435048
2024-12-30,417.41,6.034068952190328,-0.033569289140496394
2024-12-31,403.84,6.001018759912793,-0.033050192277534585
2025-01-02,379.28,5.9382747185938625,-0.06274404131893085
2025-01-03,410.44,6.017229754994008,0.07895503640014567
2025-01-06,411.05,6.018714861598142,0.0014851066041341454
2025-01-07,394.36,5.977264197706841,-0.041450663891301254
2025-01-08,394.94,5.978733854629164,0.001469656922322926
2025-01-10,394.74,5.978227320325962,-0.000506534303202244
2025-01-13,403.31,5.99970549700956,0.021478176683598527
2025-01-14,396.36,5.982322889190699,-0.017382607818861473
2025-01-15,428.22,6.059637082211031,0.07731419302033249
2025-01-16,413.82,6.025431096671255,-0.03420598553977605
2025-01-17,426.5,6.055612366931734,0.030181270260478676
2025-01-21,424.07,6.04989853594501,-0.005713830986723956
2025-01-22,415.11,6.028543545349403,-0.02135499059560697
2025-01-23,412.38,6.021945254361569,-0.0065982909878341545
2025-01-24,406.58,6.007780711592918,-0.014164542768650534
2025-01-27,397.15,5.984314043079141,-0.023466668513777655
2025-01-28,398.09,5.986678110374021,0.0023640672948808117
2025-01-29,389.1,5.963836379990508,-0.022841730383513337
2025-01-30,400.28,5.992164302222255,0.02832792223174696
2025-01-31,404.6,6.002898924733645,0.010734622511390235
2025-02-03,383.68,5.949808871839149,-0.053090052894495976
2025-02-04,392.21,5.971797410632506,0.021988538793356938
2025-02-05,378.17,5.935343829968647,-0.036453580663859064
2025-02-06,374.32,5.92511104655796,-0.010232783410686785
2025-02-07,361.62,5.890593936723008,-0.03451710983495282
2025-02-10,350.73,5.860016696686837,-0.030577240036170572
2025-02-11,328.5,5.794536837924666,-0.06547985876217144
2025-02-12,336.51,5.818627866325242,0.02409102840057642
2025-02-13,355.94,5.8747621773218395,0.05613431099659749
2025-02-14,355.84,5.874481191622163,-0.0002809856996766058
2025-02-18,354.11,5.869607599329097,-0.004873592293066054
2025-02-19,360.56,5.887658378382393,0.018050779053296218
2025-02-20,354.4,5.870426218730926,-0.01723215965146707
2025-02-21,337.8,5.8224540043737,-0.04797221435722587
2025-02-24,330.4,5.800304041646823,-0.022149962726877526
2025-02-25,302.8,5.713072521563293,-0.08723152008352919
2025-02-26,290.8,5.672635745659364,-0.040436775903929245
2025-02-27,281.95,5.641729750253191,-0.030905995406173226
2025-02-28,292.98,5.680104347301624,0.038374597048433046
2025-03-03,284.65,5.651260355397091,-0.028843991904532906
2025-03-04,272.04,5.605949114307438,-0.04531124108965301
2025-03-05,279.1,5.6315701405422764,0.025621026234838418
2025-03-06,263.45,5.573863596655295,-0.057706543886981265
2025-03-07,262.67,5.570898491464577,-0.0029651051907180204
2025-03-10,222.15,5.403352829381918,-0.16754566208265942
2025-03-11,230.58,5.4405978738048075,0.037245044422889784
2025-03-12,248.09,5.51379158355734,0.07319370975253214
2025-03-13,240.68,5.483468250352151,-0.030323333205188874
2025-03-14,249.98,5.521380914662076,0.03791266430992479
2025-03-17,238.01,5.472312689595516,-0.04906822506655928
2025-03-18,225.31,5.417477231717294,-0.054835457878222194
2025-03-19,235.86,5.463238408661824,0.04576117694452986
2025-03-20,236.26,5.464932893520374,0.0016944848585502825
2025-03-21,248.71,5.516287559088249,0.05135466556787449
2025-03-24,278.39,5.629023008274912,0.11273544918666367
2025-03-25,288.14,5.663446473133327,0.0344234648584143
2025-03-26,272.06,5.606022630205284,-0.05742384292804292
2025-03-27,273.13,5.609947872318446,0.003925242113162142
2025-03-28,263.55,5.574243103301216,-0.0357047690172303
2025-03-31,259.16,5.557445631581756,-0.016797471719459445
2025-04-01,268.46,5.5927019270594895,0.035256295477733346
2025-04-02,282.76,5.644598481302753,0.05189655424326389
2025-04-03,267.28,5.588296798048501,-0.056301683254252666
2025-04-04,239.43,5.478261098556027,-0.1100356994924736
2025-04-07,233.29,5.452282314842547,-0.02597878371348017
2025-04-08,221.86,5.402046552310513,-0.05023576253203377
2025-04-09,272.2,5.6065370902173655,0.20449053790685223
2025-04-10,252.4,5.5310151306670585,-0.07552195955030694
2025-04-11,252.31,5.530658490216289,-0.000356640450769774
2025-04-14,252.35,5.5308170127862715,0.00015852256998272196
2025-04-15,254.11,5.537767244136556,0.006950231350284497
2025-04-16,241.55,5.4870764910004155,-0.050690753136140465
2025-04-17,241.37,5.486331025878508,-0.0007454651219074293
2025-04-21,227.5,5.427150238391005,-0.05918078748750322
2025-04-22,237.97,5.472144615306285,0.0449943769152803
2025-04-23,250.74,5.524416545687879,0.05227193038159417
2025-04-24,259.51,5.558795237508936,0.034378691821056684
2025-04-25,284.95,5.652313726281008,0.09351848877207214
2025-04-28,285.88,5.655572142351778,0.0032584160707695986
2025-04-29,292.03,5.676856536716945,0.021284394365166825
2025-04-30,282.16,5.642474285927797,-0.034382250789147584
2025-05-01,280.52,5.636645023668709,-0.005829262259087642
2025-05-02,287.21,5.660213655509408,0.023568631840698906
2025-05-05,280.26,5.635717743742072,-0.02449591176733623
2025-05-06,275.35,5.618043015708491,-0.01767472803358139
2025-05-07,276.22,5.621197649649782,0.0031546339412917845
2025-05-08,284.82,5.651857401791282,0.030659752141499297
2025-05-09,298.26,5.697965589334636,0.04610818754335444
2025-05-12,318.38,5.76324563792699,0.0652800485923537
2025-05-13,334.07,5.811350551856028,0.04810491392903771
2025-05-14,347.68,5.851282516508119,0.0399319646520917
2025-05-15,342.82,5.837205528078911,-0.014076988429208015
2025-05-16,349.98,5.857876009993602,0.020670481914690342
2025-05-19,342.09,5.835073860337377,-0.022802149656224735
2025-05-20,343.82,5.840118264613348,0.005044404275970749
2025-05-21,334.62,5.812995559629518,-0.02712270498382985
2025-05-22,341.04,5.831999772456955,0.01900421282743725
2025-05-23,339.34,5.827002554614793,-0.004997217842161561
2025-05-27,362.89,5.894099758038861,0.06709720342406733
2025-05-28,356.9,5.877455630496114,-0.016644127542746467
2025-05-29,358.43,5.88173338295482,0.004277752458706097
2025-05-30,346.46,5.847767371850795,-0.03396601110402564
2025-06-02,342.69,5.836826248413965,-0.010941123436829514
2025-06-03,344.27,5.84142623323418,0.004599984820214509
2025-06-04,332.05,5.805285559986722,-0.0361406732474574
2025-06-05,284.7,5.651435994283992,-0.15384956570273012
2025-06-06,295.14,5.687449820035304,0.0360138257513114
2025-06-09,308.58,5.73198112901488,0.044531308979576245
2025-06-10,326.09,5.78717341688503,0.05519228787014985
2025-06-11,326.43,5.788215530631031,0.0010421137460010499
2025-06-12,319.11,5.765535870931683,-0.02267965969934771
2025-06-13,325.31,5.784778573861411,0.01924270292972796
2025-06-16,329.13,5.796452809497509,0.011674235636098373
2025-06-17,316.35,5.756849195592894,-0.03960361390461564
2025-06-18,322.05,5.7747068129929,0.01785761740000602
2025-06-20,322.16,5.775048316543199,0.0003415035502989383
2025-06-23,348.68,5.854154596143375,0.07910627960017624
2025-06-24,340.47,5.830327015981157,-0.023827580162217643
2025-06-25,327.55,5.791640715177885,-0.03868630080327229
2025-06-26,325.78,5.786222306929459,-0.005418408248425877
2025-06-27,323.63,5.779600887933039,-0.00662141899641977
2025-06-30,317.66,5.760981628407009,-0.018619259526030163
2025-07-01,300.71,5.706146345178138,-0.05483528322887121
2025-07-02,315.65,5.754634004813634,0.04848765963549617
2025-07-03,315.35,5.753683133109661,-0.0009508717039734549
2025-07-07,293.94,5.683375664878539,-0.070307468231122
2025-07-08,297.81,5.69645569926974,0.013080034391201423
2025-07-09,295.88,5.689953966719667,-0.006501732550073136
2025-07-10,309.87,5.736152854686652,0.04619888796698479
2025-07-11,313.51,5.747831257490882,0.011678402804229826
2025-07-14,316.9,5.758586266696875,0.010755009205992927
2025-07-15,310.78,5.739085266358588,-0.019501000338286723
2025-07-16,321.67,5.773526175311485,0.034440908952896976
2025-07-17,319.41,5.766475543994624,-0.007050631316860567
2025-07-18,329.65,5.798031485559308,0.031555941564684
2025-07-21,328.49,5.794506396061012,-0.003525089498296552
2025-07-22,332.11,5.805466239341587,0.010959843280574866
2025-07-23,332.56,5.806820294944382,0.0013540556027953343
2025-07-24,305.3,5.721294899740832,-0.08552539520354951
2025-07-25,316.06,5.755932068980957,0.034637169240125054
2025-07-28,325.59,5.785638921126033,0.029706852145075402
2025-07-29,321.2,5.7720639820726065,-0.013574939053426327
2025-07-30,319.04,5.765316486773473,-0.006747495299133099
2025-07-31,308.27,5.7309760223403305,-0.03434046443314287
2025-08-01,302.63,5.712510937220041,-0.018465085120289437
2025-08-04,309.26,5.734182347047285,0.021671409827243693
2025-08-05,308.72,5.7324347172293635,-0.0017476298179213146
2025-08-06,319.91,5.768039706235574,0.03560498900621045
2025-08-07,322.27,5.775389703508636,0.007349997273061959
2025-08-08,329.65,5.798031485559308,0.022641782050672354
2025-08-11,339.03,5.826088599040169,0.028057113480860707
2025-08-12,340.84,5.831413158959755,0.005324559919586136
2025-08-13,339.38,5.82712042354468,-0.004292735415075022
2025-08-14,335.58,5.815860378061552,-0.011260045483128422
2025-08-15,330.56,5.800788185931274,-0.015072192130277884
2025-08-18,335.16,5.814608029745086,0.013819843813812405
2025-08-19,329.31,5.796999556367335,-0.017608473377751288
2025-08-20,323.9,5.7804348261772835,-0.016564730190051336
2025-08-21,320.11,5.768664686725277,-0.011770139452006667
2025-08-22,340.01,5.828975028942396,0.06031034221711895
2025-08-25,346.6,5.848171377281505,0.019196348339109548
2025-08-26,351.67,5.862693235870121,0.014521858588615544
2025-08-27,349.6,5.85678964378138,-0.0059035920887406945
2025-08-28,345.98,5.846380969918831,-0.010408673862548845
2025-08-29,333.87,5.810751695653443,-0.03562927426538831
2025-09-02,329.36,5.797151377461649,-0.01360031819179408
2025-09-03,334.09,5.811410417756429,0.014259040294779979
2025-09-04,338.53,5.824612714717719,0.013202296961289939
2025-09-05,350.84,5.860330279083181,0.03571756436546192
2025-09-08,346.4,5.84759417668828,-0.012736102394900861
2025-09-09,346.97,5.849238320877969,0.0016441441896892783
2025-09-10,347.79,5.851598849350419,0.002360528472450163
2025-09-11,368.81,5.910281606282297,0.0586827569318773
2025-09-12,395.94,5.981262684623386,0.07098107834108891
2025-09-15,410.04,6.016254715915201,0.03499203129181527
2025-09-16,421.62,6.044104434432161,0.027849718516960387
2025-09-17,425.86,6.0541106537582525,0.010006219326091248
2025-09-18,416.85,6.032726444856623,-0.02138420890162962
2025-09-19,426.07,6.054603652019268,0.021877207162645185
2025-09-22,434.21,6.07352828804034,0.018924636021071528
2025-09-23,425.85,6.05408717158709,-0.019441116453249307
2025-09-24,442.79,6.093095617020301,0.03900844543321025
2025-09-25,423.39,6.048293740094025,-0.04480187692627524
2025-09-26,440.4,6.087683404848525,0.03938966475449934
2025-09-29,443.21,6.094043698355424,0.006360293506899595
2025-09-30,444.72,6.097444870645214,0.0034011722897897556
2025-10-01,459.46,6.130051886864025,0.03260701621881079
2025-10-02,436.0,6.077642243349034,-0.052409643514990556
2025-10-03,429.83,6.063389781679444,-0.014252461669590488
2025-10-06,453.25,6.11644384963496,0.05305406795551626
2025-10-07,433.09,6.07094555859821,-0.04549829103674963
2025-10-08,438.69,6.083793013291897,0.012847454693686977
2025-10-09,435.54,6.076586640524805,-0.007206372767092795
2025-10-10,413.49,6.024633330374457,-0.05195331015034732
2025-10-13,435.9,6.077412859244347,0.05277952886988935
2025-10-14,429.24,6.062016203058927,-0.015396656185419744
2025-10-15,435.15,6.075690799235523,0.013674596176596054
2025-10-16,428.75,6.06087399848015,-0.014816800755372839
2025-10-17,439.31,6.0852053142100155,0.024331315729865466
2025-10-20,447.43,6.1035201008983035,0.01831478668828801
2025-10-21,442.6,6.092666427616949,-0.010853673281354226
2025-10-22,438.97,6.084431073610243,-0.008235354006706608
2025-10-23,448.98,6.106978343320322,0.022547269710079476
2025-10-24,433.72,6.072399164603981,-0.0345791787163412
2025-10-27,452.42,6.11461095192969,0.04221178732570863
2025-10-28,460.55,6.132421427434244,0.017810475504554724
2025-10-29,461.51,6.134503722180521,0.002082294746276858
2025-10-30,440.1,6.0870019738170456,-0.04750174836347565
2025-10-31,456.56,6.123720126228453,0.03671815241140752
2025-11-03,468.37,6.149258581850039,0.025538455621585854
2025-11-04,444.26,6.096409976629476,-0.05284860522056256
2025-11-05,462.07,6.135716394755993,0.03930641812651636
2025-11-06,445.91,6.1001171379349985,-0.035599256820994185
2025-11-07,429.52,6.062668306114314,-0.0374488318206847
2025-11-10,445.23,6.098591002575836,0.03592269646152246
2025-11-11,439.62,6.085910717399927,-0.012680285175909134
2025-11-12,430.6,6.065179584930263,-0.020731132469664182
2025-11-13,401.99,5.996427212687727,-0.06875237224253627
2025-11-14,404.35,6.0022808395418314,0.005853626854104732
2025-11-17,408.92,6.013519537888813,0.011238698346981657
2025-11-18,401.25,5.9945846744442255,-0.018934863444587613
2025-11-19,403.99,6.001390125179555,0.006805450735329899
2025-11-20,395.23,5.979467873923798,-0.02192225125575753
2025-11-21,391.09,5.968937712526371,-0.010530161397427129
2025-11-24,417.78,6.03495497818251,0.0660172656561393
2025-11-25,419.4,6.03882511846782,0.003870140285309631
2025-11-26,426.58,6.055799922612876,0.016974804145056588
2025-11-28,430.17,6.064180479395057,0.008380556782181081
2025-12-01,430.14,6.064110737092836,-6.974230222134281e-05
2025-12-02,429.24,6.062016203058927,-0.0020945340339091345
2025-12-03,446.74,6.101976769905411,0.03996056684648419
2025-12-04,454.53,6.119263918039854,0.017287148134442987
2025-12-05,455.0,6.12029741895095,0.001033500911096219
2025-12-08,439.58,6.085819725589127,-0.034477693361822936
2025-12-09,445.17,6.098456231686145,0.012636506097017275
2025-12-10,451.45,6.112464624753488,0.014008393067343583
2025-12-11,446.89,6.102312479318498,-0.01015214543498999
2025-12-12,458.96,6.128963060293615,0.026650580975116966
2025-12-15,475.31,6.163967222742213,0.0350041624485975
2025-12-16,489.88,6.194160463153087,0.03019324041087401
2025-12-17,467.26,6.1468858479258115,-0.04727461522727516
2025-12-18,483.37,6.1807824059380945,0.033896558012282973
2025-12-19,481.2,6.176282984100524,-0.004499421837570239
2025-12-22,488.73,6.191810189746188,0.015527205645663678
2025-12-23,485.56,6.185302864029603,-0.006507325716585299
2025-12-24,485.4,6.184973293292501,-0.0003295707371018253
2025-12-26,475.19,6.163714724055968,-0.02125856923653302
2025-12-29,459.64,6.1304435743894325,-0.033271149666535216
2025-12-30,454.43,6.119043886354404,-0.011399688035028888
2025-12-31,449.72,6.108625166881559,-0.010418719472844451
2026-01-02,438.07,6.082378714958612,-0.0262464519229475
2026-01-05,451.67,6.11295182469226,0.03057310973364835
2026-01-06,432.96,6.070645344982423,-0.04230647970983714
2026-01-07,431.41,6.067058914029465,-0.003586430952958075
2026-01-08,435.8,6.07718342251052,0.01012450848105484
2026-01-09,445.01,6.098096753823863,0.020913331313343164
2026-01-12,448.96,6.106933796914096,0.008837043090233365
2026-01-13,447.2,6.103005921840889,-0.003927875073206799
2026-01-14,439.2,6.084954890195321,-0.01805103164556865
2026-01-15,438.57,6.0835194341916345,-0.0014354560036862196
2026-01-16,437.5,6.081076705797669,-0.002442728393965865
2026-01-20,419.25,6.038467400703318,-0.04260930509435035
2026-01-21,431.44,6.067128451028972,0.02866105032565347
2026-01-22,449.36,6.107824348224177,0.04069589719520561
2026-01-23,449.06,6.107156509104055,-0.000667839120122693
2026-01-26,435.2,6.0758056955417326,-0.031350813562322166
2026-01-27,430.9,6.065876044621792,-0.009929650919940691
2026-01-28,431.46,6.067174806342457,0.0012987617206654534
2026-01-29,416.56,6.0320305088546435,-0.03514429748781378
2026-01-30,430.41,6.064738242778408,0.03270773392376469
2026-02-02,421.81,6.04455497568209,-0.020183267096317792
2026-02-03,421.96,6.044910522813608,0.00035554713151775275
2026-02-04,406.01,6.006377789840278,-0.03853273297333004
2026-02-05,397.21,5.984465108087737,-0.02191268175254102
2026-02-06,411.11,6.018860818589742,0.03439571050200474
2026-02-09,417.32,6.033853313599769,0.014992495010027085
2026-02-10,425.21,6.052583164535549,0.018729850935780057
2026-02-11,428.27,6.059753837806675,0.007170673271126304
2026-02-12,417.07,6.033254073418364,-0.026499764388311142
2026-02-13,417.44,6.0341408213884185,0.0008867479700542802
2026-02-17,410.63,6.017692565724863,-0.016448255663555678
2026-02-18,411.32,6.01937150036099,0.0016789346361267832
2026-02-19,411.71,6.0203192180120855,0.000947717651095914
2026-02-20,411.82,6.02058636068,0.00026714266791483254
2026-02-23,399.83,5.991039456769885,-0.029546903910115496
2026-02-24,409.38,6.014643820055388,0.02360436328550275
2026-02-25,417.4,6.0340449946431,0.01940117458771251
2026-02-26,408.58,6.012687733559507,-0.021357261083593038
2026-02-27,402.51,5.99771994127049,-0.014967792289017012
2026-03-02,403.32,5.999730291525014,0.00201035025452434
2026-03-03,392.355,5.972167042215998,-0.02756324930901677
2026-03-04,405.94,6.00620536542948,0.034038323213482435
2026-03-05,405.4013,6.004877440722181,-0.001327924707299033
2026-03-06,396.73,5.983255948558093,-0.02162149216408782
2026-03-09,398.6,5.987958407778694,0.004702459220601085
2026-03-10,399.25,5.989587787095122,0.0016293793164274817
2026-03-11,407.82,6.010825900586602,0.021238113491480526
2026-03-12,395.01,5.978911081036362,-0.03191481955024056
2026-03-13,391.2,5.969218938160663,-0.009692142875699084
2026-03-16,395.56,5.98030248240179,0.011083544241127008
2026-03-17,399.27,5.989637879766574,0.009335397364784725
2026-03-18,392.78,5.9732496586870765,-0.01638822107949789
2026-03-19,380.3,5.940960414934214,-0.032289243752862795
2026-03-20,367.96,5.907974236608957,-0.032986178325256965
2026-03-23,380.85,5.942405596818797,0.03443136020984028
2026-03-24,383.03,5.9481133150948144,0.005707718276017459
2026-03-25,385.95,5.955707827395863,0.007594512301048795
2026-03-26,372.11,5.919189509487567,-0.03651831790829618
2026-03-27,361.83,5.891174488263261,-0.02801502122430577
2026-03-30,355.28,5.872906210983847,-0.01826827727941449
2026-03-31,371.75,5.918221585340264,0.045315374356417415
2026-04-01,381.26,5.94348155708583,0.025259971745565934
2026-04-02,360.59,5.887741578826176,-0.05573997825965371
2026-04-06,352.82,5.86595801186826,-0.02178356695791628
2026-04-07,346.65,5.8483156253885,-0.017642386479760575
2026-04-08,343.25,5.83845904464808,-0.009856580740419396
2026-04-09,345.62,5.8453399056258455,0.006880860977765302
2026-04-10,348.95,5.85492864546316,0.009588739837314897
2026-04-13,352.42,5.864823646140585,0.009895000677424548
2026-04-14,364.2,5.897703167293508,0.03287952115292292
2026-04-15,391.95,5.971134280634731,0.07343111334122288
2026-04-16,388.9,5.963322241161702,-0.007812039473028776
2026-04-17,400.62,5.993013347097833,0.02969110593613067
2026-04-20,392.5,5.972536537222463,-0.020476809875369817
2026-04-21,386.42,5.9569248608332375,-0.015611676389225337
2026-04-22,387.51,5.959741654912034,0.0028167940787966472
2026-04-23,373.72,5.923506853924755,-0.03623480098727949
2026-04-24,376.3,5.930386697599392,0.006879843674637343
2026-04-27,378.67,5.936665113391144,0.0062784157917521455
2026-04-28,376.02,5.929642333464639,-0.007022779926504796
2026-04-29,372.8,5.921042082811436,-0.008600250653203467
2026-04-30,381.63,5.944451552836229,0.023409470024793322
2026-05-01,390.82,5.9682470959317975,0.023795543095568306
2026-05-04,392.51,5.972562014604918,0.004314918673120616
2026-05-05,389.37,5.964530048367777,-0.008031966237140864
2026-05-06,398.73,5.988284496101351,0.023754447733574047
2026-05-07,411.79,6.020513510666006,0.032229014564654435
2026-05-08,428.35,6.059940618410053,0.03942710774404734
2026-05-11,445.0,6.09807428216624,0.0381336637561871
2026-05-12,433.45,6.071776449314649,-0.02629783285159082
2026-05-13,445.27,6.098680839746026,0.026904390431377045
2026-05-14,443.3,6.094246741751008,-0.004434097995018149
2026-05-15,422.24,6.045573872755014,-0.0486728689959941
2026-05-18,409.99,6.016132769157005,-0.029441103598009555
2026-05-19,404.11,6.001687118128156,-0.014445651028848872
2026-05-20,417.26,6.033709528701728,0.032022410573572024
2026-05-21,417.85,6.035122516447445,0.001412987745717409
2026-05-22,426.01,6.05446282017226,0.019340303724814767
2026-05-26,433.59,6.07209938712886,0.01763656695660032
2026-05-27,440.36,6.087592574202202,0.015493187073341907
2026-05-28,442.1,6.091536100832197,0.003943526629995198
2026-05-29,435.79,6.0771604759416045,-0.014375624890592853
2026-06-01,415.88,6.030396757109769,-0.04676371883183528
2026-06-02,423.74,6.049120059596144,0.018723302486375104
2026-06-03,423.7,6.049025657632513,-9.440196363108555e-05
2026-06-04,418.45,6.036557408478883,-0.012468249153630317
2026-06-05,391.0,5.968707559985366,-0.06784984849351705
2026-06-08,408.95,6.013592899180983,0.04488533919561721
2026-06-09,396.68,5.983129910317924,-0.030462988863058982
2026-06-10,381.59,5.944346733780029,-0.03878317653789498
2026-06-11,399.15,5.989337286091808,0.04499055231177884
2026-06-12,406.43,6.007411712437429,0.018074426345621397
2026-06-15,411.15,6.018958111416905,0.011546398979475292
2026-06-16,404.66,6.003047208351049,-0.01591090306585574
2026-06-17,396.38,5.9823733470962015,-0.02067386125484738
2026-06-18,400.49,5.992688797407675,0.01031545031147374
2026-06-22,405.05,6.0040105162765,0.011321718868824604
2026-06-23,381.61,5.944399144681508,-0.059611371594991525
2026-06-24,375.53,5.928338361488242,-0.016060783193266204
2026-06-25,375.12,5.927245974781331,-0.0010923867069108084
2026-06-26,379.71,5.939407803472466,0.012161828691135135
2026-06-29,411.84,6.020634924407762,0.08122712093529572
2026-06-30,420.6,6.0416822632686,0.021047338860837428
2026-07-01,425.3,6.052794802259588,0.011112538990988519
2026-07-02,393.45,5.974953994980992,-0.0778408072785961
2026-07-06,419.77,6.039706942231721,0.06475294725072889
2026-07-07,402.9,5.998688392197302,-0.04101855003441912
2026-07-08,394.06,5.976503181967821,-0.02218521022948039
2026-07-09,406.55,6.007706922653846,0.03120374068602505
2026-07-10,407.76,6.010678766031786,0.0029718433779395426
2026-07-13,394.76,5.978277985303807,-0.03240078072797914
2026-07-14,396.18,5.981868653434535,0.0035906681307285027
2026-07-15,394.46,5.977517740975357,-0.004350912459178069
2026-07-16,391.06,5.968861000898129,-0.008656740077228164
2026-07-17,380.84,5.94237933941749,-0.026481661480638685
2026-07-20,369.57,5.912340167641992,-0.030039171775498197
2026-07-21,378.93,5.9373514914539935,0.02501132381200133
2026-07-22,374.01,5.924282535024993,-0.013068956429000522
2026-07-23,319.69,5.767351776252221,-0.15693075877277174
2026-07-24,313.03,5.746299032592525,-0.02105274365969656
2026-07-27,309.22,5.734052997674449,-0.012246034918075743
2026-07-28,307.44,5.728279946256588,-0.005773051417860664
2026-07-29,298.32,5.698166735870565,-0.030113210386023326
2026-07-30,308.85,5.732855722141908,0.03468898627134287
2026-07-31,311.21,5.740467925464054,0.007612203322145739
2026-08-03,322.08,5.774799961891481,0.034332036427427326
2026-08-04,327.35,5.7910299348871,0.016229972995619235
2026-08-05,321.55,5.773153052580872,-0.017876882306228303
2026-08-06,319.53,5.766851166123184,-0.006301886457688255
2026-08-07,328.58,5.794780339478191,0.02792917335500711
2026-08-10,330.88,5.80175577188001,0.006975432401818971
2026-08-11,332.81,5.807571756572542,0.0058159846925320835
2026-08-12,327.51,5.791518588960288,-0.01605316761225417
2026-08-13,339.96,5.828827963630426,0.03730937467013806
2026-08-14,342.27,5.835599899276388,0.006771935645962124
2026-08-17,339.3,5.826884671790184,-0.00871522748620368
2026-08-18,336.87,5.819697099252557,-0.0071875725376271404
2026-08-19,351.12,5.861128045379979,0.04143094612742182
2026-08-20,345.13,5.843921157649903,-0.017206887730075948
2026-08-21,362.86,5.894017084942017,0.050095927292113984
2026-08-24,348.95,5.85492864546316,-0.03908843947885643
2026-08-25,350.25,5.858647185217117,0.003718539753956307
