Date,Current_Close,Future_Date,Forecast_Steps,Actual_Future_Price,Predicted_Future_Price,Actual_Return,Predicted_Return
2022-03-25,141.161,2022-06-27,63,115.416,141.16099999999997,-0.18238040251910936,-2.220446049250313e-16
2022-03-28,140.945,2022-06-28,63,111.604,140.94499999999996,-0.20817340097201031,-2.220446049250313e-16
2022-03-29,141.991,2022-06-29,63,111.298,141.991,-0.21616158770626315,0.0
2022-03-30,141.425,2022-06-30,63,108.57,141.42499999999998,-0.23231394732190214,-2.220446049250313e-16
2022-03-31,138.566,2022-06-30,62,108.57,138.56600000000003,-0.21647445982419933,2.220446049250313e-16
2022-04-01,139.644,2022-07-01,62,108.345,139.64400000000006,-0.22413422703445907,4.440892098500626e-16
2022-04-04,142.456,2022-07-05,62,112.854,142.45599999999993,-0.20779749536699044,-4.440892098500626e-16
2022-04-05,140.083,2022-07-05,61,112.854,140.08300000000003,-0.19437761898303152,2.220446049250313e-16
2022-04-06,136.054,2022-07-06,61,114.158,136.05399999999995,-0.16093609890190663,-4.440892098500626e-16
2022-04-07,135.397,2022-07-07,61,118.354,135.397,-0.1258742808186296,0.0
2022-04-08,132.807,2022-07-08,61,118.923,132.80699999999993,-0.1045426822381349,-4.440892098500626e-16
2022-04-11,128.358,2022-07-11,61,115.258,128.35799999999998,-0.10205830567631158,-2.220446049250313e-16
2022-04-12,127.253,2022-07-12,61,113.608,127.25299999999996,-0.10722733452256528,-3.3306690738754696e-16
2022-04-13,129.425,2022-07-13,61,110.952,129.42499999999998,-0.14273131157040764,-2.220446049250313e-16
2022-04-14,126.272,2022-07-14,61,109.968,126.27199999999999,-0.12911809427268117,-1.1102230246251565e-16
2022-04-18,127.215,2022-07-18,62,108.636,127.21499999999995,-0.1460440985732815,-4.440892098500626e-16
2022-04-19,129.54,2022-07-19,62,113.399,129.54,-0.12460243940095717,0.0
2022-04-20,127.578,2022-07-20,62,113.488,127.57799999999999,-0.11044223925755225,-1.1102230246251565e-16
2022-04-21,124.363,2022-07-21,62,113.927,124.36300000000004,-0.08391563407122693,4.440892098500626e-16
2022-04-22,119.204,2022-07-22,62,107.51,119.20399999999995,-0.09810073487466853,-3.3306690738754696e-16
2022-04-25,122.629,2022-07-25,62,107.122,122.629,-0.12645459067594134,0.0
2022-04-26,118.222,2022-07-26,62,104.641,118.2220000000001,-0.11487709563363835,8.881784197001252e-16
2022-04-27,113.881,2022-07-27,62,112.651,113.88100000000004,-0.010800748149384032,4.440892098500626e-16
2022-04-28,118.094,2022-07-28,62,113.808,118.09400000000001,-0.036293122427896285,2.220446049250313e-16
2022-04-29,113.698,2022-07-29,62,115.9,113.69800000000001,0.019367095287516234,2.220446049250313e-16
2022-05-02,116.162,2022-08-02,63,114.715,116.16199999999999,-0.012456741447289144,-1.1102230246251565e-16
2022-05-03,116.91,2022-08-03,63,117.654,116.91000000000004,0.0063638696433154784,4.440892098500626e-16
2022-05-04,121.819,2022-08-04,63,117.764,121.81899999999999,-0.033287089862829355,-1.1102230246251565e-16
2022-05-05,116.085,2022-08-05,63,117.046,116.08499999999995,0.008278416677434786,-3.3306690738754696e-16
2022-05-06,115.328,2022-08-08,63,116.877,115.32799999999997,0.013431256936736968,-2.220446049250313e-16
2022-05-09,112.105,2022-08-09,63,116.209,112.10499999999998,0.03660853663975727,-2.220446049250313e-16
2022-05-10,113.982,2022-08-10,63,119.268,113.98199999999996,0.04637574353845353,-3.3306690738754696e-16
2022-05-11,113.192,2022-08-11,63,118.411,113.19199999999994,0.04610749876316356,-5.551115123125783e-16
2022-05-12,112.437,2022-08-12,63,121.241,112.43699999999995,0.07830162668872354,-3.3306690738754696e-16
2022-05-13,115.631,2022-08-15,63,121.639,115.63099999999999,0.051958384862190954,-1.1102230246251565e-16
2022-05-16,114.032,2022-08-16,63,121.26,114.03199999999995,0.06338571629016432,-3.3306690738754696e-16
2022-05-17,116.052,2022-08-17,63,119.118,116.05200000000004,0.026419191396959807,2.220446049250313e-16
2022-05-18,111.495,2022-08-18,63,119.736,111.49499999999996,0.0739136284138302,-3.3306690738754696e-16
2022-05-19,109.985,2022-08-19,63,116.787,109.98500000000003,0.06184479701777512,2.220446049250313e-16
2022-05-20,108.515,2022-08-22,63,113.828,108.51499999999996,0.04896097313735437,-4.440892098500626e-16
2022-05-23,111.085,2022-08-23,63,113.448,111.08499999999997,0.02127199891974607,-2.220446049250313e-16
2022-05-24,105.588,2022-08-24,63,113.28,105.588,0.07284918740766,0.0
2022-05-25,105.423,2022-08-25,63,116.229,105.42300000000002,0.10250135169744734,2.220446049250313e-16
2022-05-26,107.402,2022-08-26,63,109.942,107.40200000000002,0.02364946649038191,2.220446049250313e-16
2022-05-27,111.91,2022-08-29,63,109.025,111.91000000000001,-0.025779644357072584,2.220446049250313e-16
2022-05-31,113.351,2022-08-31,64,107.829,113.35100000000001,-0.04871593545711994,2.220446049250313e-16
2022-06-01,113.48,2022-09-01,64,109.344,113.47999999999996,-0.036446951004582395,-3.3306690738754696e-16
2022-06-02,117.197,2022-09-02,64,107.46,117.19699999999996,-0.08308233145899646,-3.3306690738754696e-16
2022-06-03,114.127,2022-09-06,64,106.425,114.127,-0.06748622149009431,0.0
2022-06-06,116.398,2022-09-06,63,106.425,116.39799999999995,-0.08568016632588193,-3.3306690738754696e-16
2022-06-07,116.726,2022-09-07,63,109.055,116.72600000000001,-0.06571800627109636,2.220446049250313e-16
2022-06-08,116.771,2022-09-08,63,107.989,116.77099999999997,-0.07520702914250965,-2.220446049250313e-16
2022-06-09,114.421,2022-09-09,63,110.251,114.421,-0.0364443589900455,0.0
2022-06-10,110.761,2022-09-12,63,110.459,110.76100000000011,-0.002726591489784269,1.1102230246251565e-15
2022-06-13,106.008,2022-09-13,63,103.943,106.00799999999997,-0.019479661912308432,-2.220446049250313e-16
2022-06-14,106.33,2022-09-14,63,104.621,106.33,-0.016072604156870174,0.0
2022-06-15,109.368,2022-09-15,63,102.538,109.36799999999997,-0.062449711067222524,-2.220446049250313e-16
2022-06-16,105.651,2022-09-16,63,102.429,105.65100000000004,-0.03049663514779788,4.440892098500626e-16
2022-06-17,106.756,2022-09-19,63,102.698,106.75600000000003,-0.03801191502116985,2.220446049250313e-16
2022-06-21,111.141,2022-09-21,64,98.9214,111.14100000000002,-0.10994682430426217,2.220446049250313e-16
2022-06-22,111.085,2022-09-22,64,99.778,111.08499999999997,-0.1017869199261825,-2.220446049250313e-16
2022-06-23,111.836,2022-09-23,64,98.3833,111.83599999999998,-0.12028953109910934,-1.1102230246251565e-16
2022-06-24,117.549,2022-09-26,64,97.8155,117.549,-0.16787467354039598,0.0
2022-06-27,115.416,2022-09-27,64,97.1478,115.41599999999998,-0.1582813474734872,-1.1102230246251565e-16
2022-06-28,111.604,2022-09-28,64,99.6887,111.60399999999997,-0.1067640944769005,-2.220446049250313e-16
2022-06-29,111.298,2022-09-29,64,97.0681,111.29800000000003,-0.1278540494887599,2.220446049250313e-16
2022-06-30,108.57,2022-09-30,64,95.3045,108.57,-0.12218384452427,0.0
2022-07-01,108.345,2022-10-03,64,98.2837,108.34500000000003,-0.09286353777285528,2.220446049250313e-16
2022-07-05,112.854,2022-10-05,65,101.064,112.85400000000003,-0.10447126375671223,2.220446049250313e-16
2022-07-06,114.158,2022-10-06,65,101.054,114.15800000000004,-0.1147882758983163,4.440892098500626e-16
2022-07-07,118.354,2022-10-07,65,98.3236,118.354,-0.16924142825760013,0.0
2022-07-08,118.923,2022-10-10,65,97.5066,118.92300000000006,-0.18008627431194968,4.440892098500626e-16
2022-07-11,115.258,2022-10-11,65,96.829,115.25799999999995,-0.15989345641951103,-3.3306690738754696e-16
2022-07-12,113.608,2022-10-12,65,97.2077,113.60799999999996,-0.14435867192451235,-3.3306690738754696e-16
2022-07-13,110.952,2022-10-13,65,98.7022,110.95199999999998,-0.11040630182421218,-1.1102230246251565e-16
2022-07-14,109.968,2022-10-14,65,96.2112,109.96799999999996,-0.12509821038847668,-3.3306690738754696e-16
2022-07-15,111.374,2022-10-17,65,99.6089,111.37400000000002,-0.10563596530608577,2.220446049250313e-16
2022-07-18,108.636,2022-10-18,65,100.406,108.63600000000008,-0.07575757575757569,8.881784197001252e-16
2022-07-19,113.399,2022-10-19,65,99.2701,113.39899999999996,-0.12459457314438405,-3.3306690738754696e-16
2022-07-20,113.488,2022-10-20,65,99.6089,113.48800000000003,-0.12229574933032561,2.220446049250313e-16
2022-07-21,113.927,2022-10-21,65,100.765,113.92700000000002,-0.1155301201646669,2.220446049250313e-16
2022-07-22,107.51,2022-10-24,65,102.149,107.50999999999999,-0.049865128825225646,-1.1102230246251565e-16
2022-07-25,107.122,2022-10-25,65,104.103,107.12200000000001,-0.028182819588880026,2.220446049250313e-16
2022-07-26,104.641,2022-10-26,65,94.5871,104.64099999999998,-0.09607993042879936,-2.220446049250313e-16
2022-07-27,112.651,2022-10-27,65,91.8869,112.65099999999997,-0.18432237618840486,-2.220446049250313e-16
2022-07-28,113.808,2022-10-28,65,95.9421,113.80800000000005,-0.15698281315900475,4.440892098500626e-16
2022-07-29,115.9,2022-10-31,65,94.1687,115.89999999999996,-0.18750043140638484,-3.3306690738754696e-16
2022-08-01,114.445,2022-11-01,65,90.1432,114.44500000000001,-0.21234479444274545,2.220446049250313e-16
2022-08-02,114.715,2022-11-02,65,86.6559,114.71499999999999,-0.24459835243865236,-1.1102230246251565e-16
2022-08-03,117.654,2022-11-03,65,83.1287,117.65399999999997,-0.2934477365835416,-2.220446049250313e-16
2022-08-04,117.764,2022-11-04,65,86.2672,117.76399999999998,-0.26745694779389284,-1.1102230246251565e-16
2022-08-05,117.046,2022-11-07,65,88.1705,117.04599999999996,-0.24670215129094542,-3.3306690738754696e-16
2022-08-08,116.877,2022-11-08,65,88.5789,116.87699999999995,-0.24211863754203133,-3.3306690738754696e-16
2022-08-09,116.209,2022-11-09,65,87.0046,116.20899999999997,-0.25130927897150823,-2.220446049250313e-16
2022-08-10,119.268,2022-11-10,65,93.6007,119.26800000000003,-0.21520692893315896,2.220446049250313e-16
2022-08-11,118.411,2022-11-11,65,96.0618,118.41099999999999,-0.18874259992737152,-1.1102230246251565e-16
2022-08-12,121.241,2022-11-14,65,95.3543,121.241,-0.21351440519296283,0.0
2022-08-15,121.639,2022-11-15,65,98.0844,121.63899999999995,-0.19364348605299286,-3.3306690738754696e-16
2022-08-16,121.26,2022-11-16,65,98.493,121.26000000000002,-0.1877535873330035,2.220446049250313e-16
2022-08-17,119.118,2022-11-17,65,98.0047,119.11799999999998,-0.1772469316140297,-1.1102230246251565e-16
2022-08-18,119.736,2022-11-18,65,97.078,119.73599999999995,-0.18923297922095272,-4.440892098500626e-16
2022-08-19,116.787,2022-11-21,65,95.2547,116.78699999999998,-0.18437240446282555,-2.220446049250313e-16
2022-08-22,113.828,2022-11-22,65,96.6994,113.828,-0.15047791404575328,0.0
2022-08-23,113.448,2022-11-23,65,98.1044,113.44799999999995,-0.13524786686411394,-3.3306690738754696e-16
2022-08-24,113.28,2022-11-25,65,97.108,113.27999999999997,-0.14276129943502824,-2.220446049250313e-16
2022-08-25,116.229,2022-11-25,64,97.108,116.22899999999998,-0.16451143862547213,-1.1102230246251565e-16
2022-08-26,109.942,2022-11-28,64,95.7031,109.94199999999996,-0.12951283403976632,-2.220446049250313e-16
2022-08-29,109.025,2022-11-29,64,94.8462,109.02499999999996,-0.13005090575556078,-4.440892098500626e-16
2022-08-30,108.547,2022-11-30,64,100.625,108.54699999999997,-0.07298221047104014,-2.220446049250313e-16
2022-08-31,107.829,2022-11-30,63,100.625,107.82899999999995,-0.06680948538890275,-4.440892098500626e-16
2022-09-01,109.344,2022-12-01,63,100.625,109.34399999999998,-0.07973917178811818,-1.1102230246251565e-16
2022-09-02,107.46,2022-12-02,63,100.077,107.45999999999995,-0.06870463428252371,-4.440892098500626e-16
2022-09-06,106.425,2022-12-06,64,96.6297,106.42499999999998,-0.09203946441155741,-1.1102230246251565e-16
2022-09-07,109.055,2022-12-07,64,94.5971,109.05500000000005,-0.1325743890697355,4.440892098500626e-16
2022-09-08,107.989,2022-12-08,64,93.3716,107.98899999999996,-0.13536008297141378,-4.440892098500626e-16
2022-09-09,110.251,2022-12-09,64,92.4947,110.25099999999996,-0.16105341448150134,-3.3306690738754696e-16
2022-09-12,110.459,2022-12-12,64,92.9729,110.459,-0.158303986094388,0.0
2022-09-13,103.943,2022-12-13,64,95.2846,103.94300000000001,-0.08329950068787706,2.220446049250313e-16
2022-09-14,104.621,2022-12-14,64,94.7266,104.621,-0.09457374714445466,0.0
2022-09-15,102.538,2022-12-15,64,90.5317,102.53800000000004,-0.11709122471669031,4.440892098500626e-16
2022-09-16,102.429,2022-12-16,64,89.9339,102.42899999999997,-0.12198791357916228,-2.220446049250313e-16
2022-09-19,102.698,2022-12-19,64,88.1205,102.69800000000001,-0.14194531539075728,2.220446049250313e-16
2022-09-20,100.775,2022-12-20,64,88.6984,100.77499999999999,-0.11983726122550231,-1.1102230246251565e-16
2022-09-21,98.9214,2022-12-21,64,89.2564,98.92140000000005,-0.09770383354865586,4.440892098500626e-16
2022-09-22,99.778,2022-12-22,64,87.443,99.77800000000005,-0.12362444627072111,4.440892098500626e-16
2022-09-23,98.3833,2022-12-23,64,88.9077,98.38330000000003,-0.09631309378725861,2.220446049250313e-16
2022-09-26,97.8155,2022-12-27,64,87.0743,97.8155,-0.1098108173040061,0.0
2022-09-27,97.1478,2022-12-27,63,87.0743,97.14779999999998,-0.103692517998349,-3.3306690738754696e-16
2022-09-28,99.6887,2022-12-28,63,85.7093,99.68870000000001,-0.14023053766374727,2.220446049250313e-16
2022-09-29,97.0681,2022-12-29,63,88.1305,97.06810000000004,-0.09207556344463319,4.440892098500626e-16
2022-09-30,95.3045,2022-12-30,63,87.9113,95.30450000000002,-0.07757451117208536,2.220446049250313e-16
2022-10-03,98.2837,2023-01-03,63,88.798,98.28370000000001,-0.0965134605229554,2.220446049250313e-16
2022-10-04,101.272,2023-01-04,63,87.7618,101.27200000000002,-0.13340508728967548,2.220446049250313e-16
2022-10-05,101.064,2023-01-05,63,85.8887,101.06399999999996,-0.1501553471067838,-3.3306690738754696e-16
2022-10-06,101.054,2023-01-06,63,87.0246,101.05399999999999,-0.13883072416727682,-1.1102230246251565e-16
2022-10-07,98.3236,2023-01-09,63,87.7021,98.32359999999997,-0.10802594697509038,-3.3306690738754696e-16
2022-10-10,97.5066,2023-01-10,63,88.1006,97.50660000000003,-0.09646526491540064,2.220446049250313e-16
2022-10-11,96.829,2023-01-11,63,91.1895,96.82899999999995,-0.05824184903283103,-4.440892098500626e-16
2022-10-12,97.2077,2023-01-12,63,90.8008,97.20770000000003,-0.06590938783656031,2.220446049250313e-16
2022-10-13,98.7022,2023-01-13,63,91.7873,98.70219999999998,-0.07005821552103197,-3.3306690738754696e-16
2022-10-14,96.2112,2023-01-17,63,90.9603,96.21119999999998,-0.0545768060267412,-3.3306690738754696e-16
2022-10-17,99.6089,2023-01-17,62,90.9603,99.60890000000005,-0.08682557482313324,4.440892098500626e-16
2022-10-18,100.406,2023-01-18,62,90.7908,100.40600000000013,-0.09576320140230665,1.3322676295501878e-15
2022-10-19,99.2701,2023-01-19,62,92.7138,99.27010000000003,-0.06604506291421075,2.220446049250313e-16
2022-10-20,99.6089,2023-01-20,62,97.666,99.60890000000005,-0.019505285170301145,4.440892098500626e-16
2022-10-21,100.765,2023-01-23,62,99.4295,100.76499999999999,-0.013253609884384399,-1.1102230246251565e-16
2022-10-24,102.149,2023-01-24,62,97.3471,102.149,-0.04700878129007624,0.0
2022-10-25,104.103,2023-01-25,62,94.8761,104.10300000000004,-0.08863241213029405,4.440892098500626e-16
2022-10-26,94.5871,2023-01-26,62,97.1677,94.58710000000004,0.027282790147916458,2.220446049250313e-16
2022-10-27,91.8869,2023-01-27,62,99.0111,91.88689999999997,0.07753227065011448,-3.3306690738754696e-16
2022-10-28,95.9421,2023-01-30,62,96.5899,95.94209999999998,0.006751988960008282,-1.1102230246251565e-16
2022-10-31,94.1687,2023-01-31,62,98.483,94.1687,0.04581458595053345,0.0
2022-11-01,90.1432,2023-02-01,62,100.067,90.14320000000002,0.1100892801675557,2.220446049250313e-16
2022-11-02,86.6559,2023-02-02,62,107.35,86.65589999999996,0.23880774419283624,-4.440892098500626e-16
2022-11-03,83.1287,2023-02-03,62,104.401,83.12869999999998,0.2558959781639796,-2.220446049250313e-16
2022-11-04,86.2672,2023-02-06,62,102.528,86.26720000000002,0.18849342507928868,2.220446049250313e-16
2022-11-07,88.1705,2023-02-07,62,107.252,88.17050000000005,0.21641592142496635,4.440892098500626e-16
2022-11-08,88.5789,2023-02-08,62,99.0111,88.57889999999999,0.1177729685060438,-1.1102230246251565e-16
2022-11-09,87.0046,2023-02-09,62,94.6668,87.00460000000001,0.08806660797245192,2.220446049250313e-16
2022-11-10,93.6007,2023-02-10,62,94.2284,93.60069999999999,0.006706146428391957,-1.1102230246251565e-16
2022-11-11,96.0618,2023-02-13,62,94.2683,96.06180000000002,-0.018670272678629862,2.220446049250313e-16
2022-11-14,95.3543,2023-02-14,62,94.3381,95.35429999999995,-0.010657096743408534,-4.440892098500626e-16
2022-11-15,98.0844,2023-02-15,62,96.5899,98.08439999999997,-0.015236877627838874,-3.3306690738754696e-16
2022-11-16,98.493,2023-02-16,62,95.165,98.49300000000001,-0.033789203293634995,2.220446049250313e-16
2022-11-17,98.0047,2023-02-17,62,94.0092,98.00469999999997,-0.04076845294154252,-3.3306690738754696e-16
2022-11-18,97.078,2023-02-21,62,91.4585,97.07800000000005,-0.0578864418302808,4.440892098500626e-16
2022-11-21,95.2547,2023-02-21,61,91.4585,95.25469999999996,-0.039853151603018055,-4.440892098500626e-16
2022-11-22,96.6994,2023-02-22,61,91.3189,96.69939999999998,-0.05564150346330998,-1.1102230246251565e-16
2022-11-23,98.1044,2023-02-23,61,90.5617,98.1044,-0.07688442108610827,0.0
2022-11-25,97.108,2023-02-27,62,89.5454,97.108,-0.07787823866210819,0.0
2022-11-30,100.625,2023-02-28,60,89.7348,100.625,-0.10822559006211174,0.0
2022-11-29,94.8462,2023-02-28,61,89.7348,100.625,-0.05389145796036099,0.06092811309256474
2022-11-28,95.7031,2023-02-28,62,89.7348,100.625,-0.062362661188613555,0.051428846087535174
2022-12-01,100.625,2023-03-01,60,90.0336,100.625,-0.10525614906832292,0.0
2022-12-02,100.077,2023-03-02,60,91.6676,100.07700000000001,-0.08402929744097054,2.220446049250313e-16
2022-12-05,99.1207,2023-03-06,61,94.7864,99.12070000000004,-0.0437274958711954,4.440892098500626e-16
2022-12-06,96.6297,2023-03-06,60,94.7864,96.62969999999997,-0.019075915582890124,-3.3306690738754696e-16
2022-12-07,94.5971,2023-03-07,60,93.521,94.5971,-0.011375612994478645,0.0
2022-12-08,93.3716,2023-03-08,60,93.9096,93.37159999999999,0.005761923325722229,-1.1102230246251565e-16
2022-12-09,92.4947,2023-03-09,60,91.9866,92.4947,-0.005493287723512763,0.0
2022-12-12,92.9729,2023-03-13,61,90.781,92.97289999999997,-0.023575687108824073,-3.3306690738754696e-16
2022-12-13,95.2846,2023-03-13,60,90.781,95.28459999999995,-0.047264720636912894,-4.440892098500626e-16
2022-12-14,94.7266,2023-03-14,60,93.6306,94.72660000000003,-0.01157013974955301,2.220446049250313e-16
2022-12-15,90.5317,2023-03-15,60,95.7628,90.53169999999997,0.05778197029327847,-3.3306690738754696e-16
2022-12-16,89.9339,2023-03-16,60,99.9574,89.93390000000007,0.11145407905139226,8.881784197001252e-16
2022-12-19,88.1205,2023-03-20,61,100.854,88.12050000000006,0.14450099579552989,6.661338147750939e-16
2022-12-20,88.6984,2023-03-20,60,100.854,88.6984,0.13704418568993337,0.0
2022-12-21,89.2564,2023-03-21,60,104.541,89.25640000000003,0.17124374274561815,2.220446049250313e-16
2022-12-22,87.443,2023-03-22,60,102.996,87.44299999999997,0.17786443740493807,-3.3306690738754696e-16
2022-12-23,88.9077,2023-03-23,60,105.218,88.90769999999999,0.18345205195950398,-1.1102230246251565e-16
2022-12-27,87.0743,2023-03-27,61,102.09,87.07429999999998,0.1724469791890375,-1.1102230246251565e-16
2022-12-28,85.7093,2023-03-28,61,100.665,85.7093,0.174493316361235,0.0
2022-12-29,88.1305,2023-03-29,61,101.024,88.1305,0.14630008907245506,0.0
2022-12-30,87.9113,2023-03-30,61,100.525,87.91130000000004,0.1434821234585315,4.440892098500626e-16
2023-01-03,88.798,2023-04-03,62,103.983,88.79800000000003,0.17100610374107528,2.220446049250313e-16
2023-01-04,87.7618,2023-04-04,62,104.341,87.76180000000001,0.18891134867334092,2.220446049250313e-16
2023-01-05,85.8887,2023-04-05,62,104.093,85.88869999999999,0.2119522125727833,-1.1102230246251565e-16
2023-01-06,87.0246,2023-04-06,62,108.028,87.02459999999999,0.24135014696993728,-1.1102230246251565e-16
2023-01-09,87.7021,2023-04-10,62,106.055,87.70210000000002,0.20926408831715548,2.220446049250313e-16
2023-01-10,88.1006,2023-04-10,61,106.055,88.10060000000003,0.20379429879024658,2.220446049250313e-16
2023-01-11,91.1895,2023-04-11,61,104.97,91.18950000000001,0.15111937229615258,2.220446049250313e-16
2023-01-12,90.8008,2023-04-12,61,104.262,90.8008,0.1482497951559898,0.0
2023-01-13,91.7873,2023-04-13,61,107.042,91.78730000000004,0.16619619489842274,4.440892098500626e-16
2023-01-17,90.9603,2023-04-17,62,105.588,90.96029999999998,0.16081411340991614,-3.3306690738754696e-16
2023-01-18,90.7908,2023-04-18,62,104.123,90.79080000000002,0.14684527507192358,2.220446049250313e-16
2023-01-19,92.7138,2023-04-19,62,103.804,92.71380000000002,0.11961757580856358,2.220446049250313e-16
2023-01-20,97.666,2023-04-20,62,104.91,97.66600000000001,0.0741711547519095,2.220446049250313e-16
2023-01-23,99.4295,2023-04-24,63,105.588,99.42949999999998,0.06193835833429695,-3.3306690738754696e-16
2023-01-24,97.3471,2023-04-24,62,105.588,97.34709999999995,0.08465480738511988,-4.440892098500626e-16
2023-01-25,94.8761,2023-04-25,62,103.475,94.87610000000001,0.09063294127815125,2.220446049250313e-16
2023-01-26,97.1677,2023-04-26,62,103.336,97.16769999999995,0.06348097155742094,-4.440892098500626e-16
2023-01-27,99.0111,2023-04-27,62,107.202,99.0111,0.08272708817496222,0.0
2023-01-30,96.5899,2023-05-01,63,106.813,96.58989999999999,0.10584025866058466,-1.1102230246251565e-16
2023-01-31,98.483,2023-05-01,62,106.813,98.48299999999999,0.08458312602175,-1.1102230246251565e-16
2023-02-01,100.067,2023-05-01,61,106.813,100.06700000000004,0.0674148320625183,4.440892098500626e-16
2023-02-02,107.35,2023-05-02,61,104.94,107.34999999999997,-0.022449930135072127,-2.220446049250313e-16
2023-02-03,104.401,2023-05-03,61,105.029,104.40099999999995,0.00601526805298791,-4.440892098500626e-16
2023-02-06,102.528,2023-05-08,63,107.38,102.52800000000003,0.04732365792759041,2.220446049250313e-16
2023-02-07,107.252,2023-05-08,62,107.38,107.25199999999998,0.0011934509379778468,-1.1102230246251565e-16
2023-02-08,99.0111,2023-05-08,61,107.38,99.0111,0.0845248664038678,0.0
2023-02-09,94.6668,2023-05-09,61,106.962,94.6668,0.12987869031170396,0.0
2023-02-10,94.2284,2023-05-10,61,111.346,94.22840000000002,0.1816607307351077,2.220446049250313e-16
2023-02-13,94.2683,2023-05-15,63,116.089,94.26829999999998,0.23147441929047208,-1.1102230246251565e-16
2023-02-14,94.3381,2023-05-15,62,116.089,94.33809999999995,0.23056326129103732,-4.440892098500626e-16
2023-02-15,96.5899,2023-05-15,61,116.089,96.58989999999999,0.20187514429562503,-1.1102230246251565e-16
2023-02-16,95.165,2023-05-16,61,119.079,95.16499999999996,0.2512898649713653,-4.440892098500626e-16
2023-02-17,94.0092,2023-05-17,61,120.403,94.00920000000002,0.28075762797683623,2.220446049250313e-16
2023-02-21,91.4585,2023-05-22,63,124.598,91.45849999999997,0.36234466998693393,-3.3306690738754696e-16
2023-02-22,91.3189,2023-05-22,62,124.598,91.31890000000003,0.36442729818252295,2.220446049250313e-16
2023-02-23,90.5617,2023-05-23,62,122.117,90.56170000000002,0.348439792980918,2.220446049250313e-16
2023-02-24,88.808,2023-05-24,62,120.463,88.80799999999996,0.3564431132330419,-4.440892098500626e-16
2023-02-27,89.5454,2023-05-30,64,123.223,89.54540000000003,0.3760952544742666,2.220446049250313e-16
2023-02-28,89.7348,2023-05-30,63,123.223,89.73479999999998,0.37319077994267547,-3.3306690738754696e-16
2023-03-01,90.0336,2023-06-01,64,123.273,90.03360000000002,0.3691888361678306,2.220446049250313e-16
2023-03-02,91.6676,2023-06-02,64,124.22,91.6676,0.35511347520825254,0.0
2023-03-03,93.3117,2023-06-05,64,125.555,93.3117,0.34554402073909274,0.0
2023-03-06,94.7864,2023-06-06,64,126.85,94.78640000000003,0.338272157187107,2.220446049250313e-16
2023-03-07,93.521,2023-06-07,64,122.058,93.521,0.3051400220271383,0.0
2023-03-08,93.9096,2023-06-08,64,121.699,93.90960000000003,0.29591649841975687,2.220446049250313e-16
2023-03-09,91.9866,2023-06-09,64,121.788,91.98660000000011,0.323975448597948,1.3322676295501878e-15
2023-03-10,90.3026,2023-06-12,64,123.193,90.30260000000001,0.3642242859009597,2.220446049250313e-16
2023-03-13,90.781,2023-06-13,64,123.383,90.78099999999999,0.3591280113680173,-1.1102230246251565e-16
2023-03-14,93.6306,2023-06-14,64,123.223,93.63059999999999,0.3160547940523717,-1.1102230246251565e-16
2023-03-15,95.7628,2023-06-15,64,124.638,95.76280000000003,0.3015283596553151,2.220446049250313e-16
2023-03-16,99.9574,2023-06-16,64,123.083,99.95740000000004,0.2313545570412996,2.220446049250313e-16
2023-03-17,101.253,2023-06-20,64,122.655,101.253,0.2113715149180766,0.0
2023-03-20,100.854,2023-06-20,63,122.655,100.85400000000001,0.21616395978344927,2.220446049250313e-16
2023-03-21,104.541,2023-06-21,63,120.114,104.541,0.14896547765948287,0.0
2023-03-22,102.996,2023-06-22,63,122.705,102.996,0.19135694590081176,0.0
2023-03-23,105.218,2023-06-23,63,121.898,105.21799999999998,0.15852800851565307,-2.220446049250313e-16
2023-03-24,105.059,2023-06-26,63,117.912,105.059,0.12234077994269899,0.0
2023-03-27,102.09,2023-06-27,63,117.902,102.09000000000003,0.15488294641982558,2.220446049250313e-16
2023-03-28,100.665,2023-06-28,63,119.746,100.66500000000005,0.1895494958525803,4.440892098500626e-16
2023-03-29,101.024,2023-06-29,63,118.669,101.02400000000002,0.17466146658219817,2.220446049250313e-16
2023-03-30,100.525,2023-06-30,63,119.268,100.52500000000005,0.1864511315593136,4.440892098500626e-16
2023-03-31,103.356,2023-06-30,62,119.268,103.35599999999997,0.15395332636711956,-2.220446049250313e-16
2023-04-03,103.983,2023-07-03,62,119.467,103.98299999999999,0.1489089562716983,-1.1102230246251565e-16
2023-04-04,104.341,2023-07-05,62,121.31,104.34099999999997,0.16263022206035993,-2.220446049250313e-16
2023-04-05,104.093,2023-07-05,61,121.31,104.09299999999998,0.16540017100093185,-2.220446049250313e-16
2023-04-06,108.028,2023-07-06,61,119.676,108.02800000000002,0.10782389750805343,2.220446049250313e-16
2023-04-10,106.055,2023-07-10,62,116.03,106.05500000000008,0.09405497147706376,6.661338147750939e-16
2023-04-11,104.97,2023-07-11,62,116.717,104.97000000000004,0.11190816423740113,4.440892098500626e-16
2023-04-12,104.262,2023-07-12,62,118.501,104.26199999999999,0.1365694116744356,-1.1102230246251565e-16
2023-04-13,107.042,2023-07-13,62,124.09,107.04199999999997,0.15926458773191832,-2.220446049250313e-16
2023-04-14,108.477,2023-07-14,62,124.967,108.477,0.15201379094185863,0.0
2023-04-17,105.588,2023-07-17,62,124.2,105.588,0.17627003068530533,0.0
2023-04-18,104.123,2023-07-18,62,123.313,104.12299999999996,0.18430125908780948,-4.440892098500626e-16
2023-04-19,103.804,2023-07-19,62,121.589,103.80400000000004,0.17133251127124183,4.440892098500626e-16
2023-04-20,104.91,2023-07-20,62,118.769,104.90999999999994,0.13210370794013926,-5.551115123125783e-16
2023-04-21,105.029,2023-07-21,62,119.586,105.029,0.13859981528911058,0.0
2023-04-24,105.588,2023-07-24,62,121.091,105.588,0.14682539682539675,0.0
2023-04-25,103.475,2023-07-25,62,121.768,103.47499999999998,0.1767866634452766,-1.1102230246251565e-16
2023-04-26,103.336,2023-07-26,62,128.803,103.336,0.2464484787489356,0.0
2023-04-27,107.202,2023-07-27,62,128.933,107.20200000000001,0.20271077032144924,2.220446049250313e-16
2023-04-28,106.952,2023-07-28,62,132.102,106.95200000000003,0.23515221781733864,2.220446049250313e-16
2023-05-01,106.813,2023-08-01,63,131.075,106.81300000000003,0.2271446359525524,2.220446049250313e-16
2023-05-02,104.94,2023-08-02,63,127.916,104.94000000000001,0.21894415856680016,2.220446049250313e-16
2023-05-03,105.029,2023-08-03,63,127.986,105.029,0.2185777261518249,0.0
2023-05-04,104.311,2023-08-04,63,127.647,104.31099999999998,0.22371561963743036,-2.220446049250313e-16
2023-05-05,105.188,2023-08-07,63,131.055,105.18800000000003,0.2459120812259954,2.220446049250313e-16
2023-05-08,107.38,2023-08-08,63,130.925,107.37999999999995,0.21926802011547797,-4.440892098500626e-16
2023-05-09,106.962,2023-08-09,63,129.191,106.96200000000009,0.20782146930685652,8.881784197001252e-16
2023-05-10,111.346,2023-08-10,63,129.221,111.34600000000003,0.16053562768307805,2.220446049250313e-16
2023-05-11,116.149,2023-08-11,63,129.092,116.14900000000003,0.11143445057641488,2.220446049250313e-16
2023-05-12,117.085,2023-08-14,63,130.855,117.08500000000004,0.1176068668061665,4.440892098500626e-16
2023-05-15,116.089,2023-08-15,63,129.311,116.08899999999998,0.1138953733773227,-1.1102230246251565e-16
2023-05-16,119.079,2023-08-16,63,128.235,119.07899999999998,0.0768901317612678,-1.1102230246251565e-16
2023-05-17,120.403,2023-08-17,63,129.451,120.40299999999998,0.07514762921189666,-2.220446049250313e-16
2023-05-18,122.386,2023-08-18,63,126.999,122.386,0.037692219698331586,0.0
2023-05-19,122.317,2023-08-21,63,127.906,122.31699999999998,0.04569274916814514,-1.1102230246251565e-16
2023-05-22,124.598,2023-08-22,63,128.614,124.59799999999996,0.032231657008940706,-3.3306690738754696e-16
2023-05-23,122.117,2023-08-23,63,131.892,122.11699999999996,0.08004618521581763,-3.3306690738754696e-16
2023-05-24,120.463,2023-08-24,63,129.311,120.46299999999995,0.07344993898541463,-3.3306690738754696e-16
2023-05-25,123.034,2023-08-25,63,129.411,123.03399999999998,0.05183120113139461,-2.220446049250313e-16
2023-05-26,124.16,2023-08-28,63,130.537,124.16000000000003,0.051361146907216604,2.220446049250313e-16
2023-05-30,123.223,2023-08-30,64,135.389,123.22300000000001,0.09873156797026539,2.220446049250313e-16
2023-05-31,122.426,2023-08-31,64,135.679,122.42600000000004,0.1082531488409324,4.440892098500626e-16
2023-06-01,123.273,2023-09-01,64,135.169,123.27299999999997,0.09650126142788773,-2.220446049250313e-16
2023-06-02,124.22,2023-09-05,64,135.279,124.22000000000004,0.08902753179842215,4.440892098500626e-16
2023-06-05,125.555,2023-09-05,63,135.279,125.55500000000006,0.07744813030146136,4.440892098500626e-16
2023-06-06,126.85,2023-09-06,63,133.974,126.85000000000005,0.056160819865983314,4.440892098500626e-16
2023-06-07,122.058,2023-09-07,63,134.772,122.05799999999996,0.10416359435678113,-3.3306690738754696e-16
2023-06-08,121.699,2023-09-08,63,135.887,121.69900000000005,0.11658271637400475,4.440892098500626e-16
2023-06-09,121.788,2023-09-11,63,136.426,121.78800000000001,0.12019246559595365,2.220446049250313e-16
2023-06-12,123.193,2023-09-12,63,134.851,123.193,0.09463200019481621,0.0
2023-06-13,123.383,2023-09-13,63,136.216,123.38299999999998,0.10400946645810216,-1.1102230246251565e-16
2023-06-14,123.223,2023-09-14,63,137.601,123.22300000000001,0.11668276214667705,2.220446049250313e-16
2023-06-15,124.638,2023-09-15,63,136.903,124.63799999999996,0.09840498082446758,-3.3306690738754696e-16
2023-06-16,123.083,2023-09-18,63,137.711,123.08300000000003,0.11884663194754763,2.220446049250313e-16
2023-06-20,122.655,2023-09-20,64,133.257,122.65499999999997,0.0864375687905099,-2.220446049250313e-16
2023-06-21,120.114,2023-09-21,64,129.968,120.11399999999995,0.08203872987328698,-4.440892098500626e-16
2023-06-22,122.705,2023-09-22,64,129.78,122.70499999999996,0.057658612118495656,-3.3306690738754696e-16
2023-06-23,121.898,2023-09-25,64,130.636,121.89799999999997,0.07168288240988363,-2.220446049250313e-16
2023-06-26,117.912,2023-09-26,64,128.101,117.91200000000002,0.08641190040029856,2.220446049250313e-16
2023-06-27,117.902,2023-09-27,64,130.068,117.90200000000004,0.10318739291954349,4.440892098500626e-16
2023-06-28,119.746,2023-09-28,64,131.832,119.74599999999998,0.10093030247356904,-1.1102230246251565e-16
2023-06-29,118.669,2023-09-29,64,130.388,118.66900000000001,0.09875367619176045,2.220446049250313e-16
2023-06-30,119.268,2023-10-02,64,133.685,119.26800000000003,0.12087902874199274,2.220446049250313e-16
2023-07-03,119.467,2023-10-03,64,131.952,119.46700000000004,0.10450584680288277,4.440892098500626e-16
2023-07-05,121.31,2023-10-05,65,134.582,121.31000000000004,0.10940565493364107,4.440892098500626e-16
2023-07-06,119.676,2023-10-06,65,137.083,119.67599999999997,0.14545105117149637,-2.220446049250313e-16
2023-07-07,119.049,2023-10-09,65,137.92,119.04899999999998,0.15851456123108965,-2.220446049250313e-16
2023-07-10,116.03,2023-10-10,65,137.561,116.02999999999997,0.1855640782556236,-2.220446049250313e-16
2023-07-11,116.717,2023-10-11,65,140.043,116.71700000000004,0.19985092145959893,4.440892098500626e-16
2023-07-12,118.501,2023-10-12,65,138.468,118.501,0.16849646838423293,0.0
2023-07-13,124.09,2023-10-13,65,136.864,124.08999999999997,0.10294141349020869,-2.220446049250313e-16
2023-07-14,124.967,2023-10-16,65,138.593,124.96699999999996,0.10903678571142783,-3.3306690738754696e-16
2023-07-17,124.2,2023-10-17,65,139.215,124.19999999999999,0.12089371980676322,-1.1102230246251565e-16
2023-07-18,123.313,2023-10-18,65,137.461,123.31300000000005,0.11473242885989321,4.440892098500626e-16
2023-07-19,121.589,2023-10-19,65,137.253,121.58900000000004,0.12882744327200646,4.440892098500626e-16
2023-07-20,118.769,2023-10-20,65,135.111,118.76899999999998,0.13759482693295366,-2.220446049250313e-16
2023-07-21,119.586,2023-10-23,65,136.007,119.58600000000004,0.13731540481327253,4.440892098500626e-16
2023-07-24,121.091,2023-10-24,65,138.308,121.09100000000001,0.14218232568894473,2.220446049250313e-16
2023-07-25,121.768,2023-10-25,65,125.157,121.76800000000004,0.02783161421719993,4.440892098500626e-16
2023-07-26,128.803,2023-10-26,65,121.838,128.80300000000005,-0.05407482744967118,4.440892098500626e-16
2023-07-27,128.933,2023-10-27,65,121.728,128.93299999999996,-0.055881737026207357,-2.220446049250313e-16
2023-07-28,132.102,2023-10-30,65,124.01,132.102,-0.06125569635584627,0.0
2023-07-31,132.24,2023-10-31,65,123.632,132.24000000000007,-0.06509376890502117,4.440892098500626e-16
2023-08-01,131.075,2023-11-01,65,125.994,131.07499999999993,-0.038764066374213146,-4.440892098500626e-16
2023-08-02,127.916,2023-11-02,65,127.029,127.91599999999998,-0.0069342380937490455,-1.1102230246251565e-16
2023-08-03,127.986,2023-11-03,65,128.634,127.98600000000005,0.005063053771506176,4.440892098500626e-16
2023-08-04,127.647,2023-11-06,65,129.78,127.64700000000002,0.01671014594937592,2.220446049250313e-16
2023-08-07,131.055,2023-11-07,65,130.497,131.0550000000001,-0.004257754377932854,6.661338147750939e-16
2023-08-08,130.925,2023-11-08,65,131.363,130.92500000000013,0.0033454267710519847,8.881784197001252e-16
2023-08-09,129.191,2023-11-09,65,129.77,129.19099999999995,0.004481736343862952,-4.440892098500626e-16
2023-08-10,129.221,2023-11-10,65,132.111,129.22100000000003,0.022364785909410934,2.220446049250313e-16
2023-08-11,129.092,2023-11-13,65,131.613,129.09199999999996,0.019528708208099488,-4.440892098500626e-16
2023-08-14,130.855,2023-11-14,65,133.137,130.85499999999996,0.01743915020442488,-2.220446049250313e-16
2023-08-15,129.311,2023-11-15,65,134.134,129.31099999999998,0.03729767769176617,-2.220446049250313e-16
2023-08-16,128.235,2023-11-16,65,136.436,128.23500000000004,0.06395289897453882,2.220446049250313e-16
2023-08-17,129.451,2023-11-17,65,134.821,129.45099999999994,0.04148287769117265,-4.440892098500626e-16
2023-08-18,126.999,2023-11-20,65,135.758,126.99900000000002,0.0689690470003701,2.220446049250313e-16
2023-08-21,127.906,2023-11-21,65,136.476,127.90600000000013,0.0670023298359732,1.1102230246251565e-15
2023-08-22,128.614,2023-11-22,65,137.99,128.61399999999998,0.07290030634301092,-2.220446049250313e-16
2023-08-23,131.892,2023-11-24,65,136.196,131.89200000000005,0.03263276013708194,4.440892098500626e-16
2023-08-24,129.311,2023-11-24,64,136.196,129.31099999999998,0.05324373023176676,-2.220446049250313e-16
2023-08-25,129.411,2023-11-27,64,135.917,129.41100000000006,0.05027393343687936,4.440892098500626e-16
2023-08-28,130.537,2023-11-28,64,136.704,130.53699999999995,0.047243310325808086,-4.440892098500626e-16
2023-08-29,134.084,2023-11-29,64,134.502,134.08399999999995,0.003117448763461761,-4.440892098500626e-16
2023-08-30,135.389,2023-11-30,64,132.052,135.38900000000015,-0.0246474972117382,1.1102230246251565e-15
2023-08-31,135.679,2023-11-30,63,132.052,135.67900000000006,-0.026732213533413485,4.440892098500626e-16
2023-09-01,135.169,2023-12-01,63,131.383,135.169,-0.02800938084915916,0.0
2023-09-05,135.279,2023-12-05,64,130.517,135.279,-0.03520132466975656,0.0
2023-09-06,133.974,2023-12-06,64,129.551,133.97399999999996,-0.03301386836251807,-2.220446049250313e-16
2023-09-07,134.772,2023-12-07,64,136.436,134.77199999999996,0.012346778262547264,-2.220446049250313e-16
2023-09-08,135.887,2023-12-08,64,134.502,135.88700000000003,-0.010192292125074442,2.220446049250313e-16
2023-09-11,136.426,2023-12-11,64,132.809,136.426,-0.026512541597642603,0.0
2023-09-12,134.851,2023-12-12,64,132.042,134.85099999999994,-0.02083039799482389,-4.440892098500626e-16
2023-09-13,136.216,2023-12-13,64,132.092,136.2160000000001,-0.030275444881658453,6.661338147750939e-16
2023-09-14,137.601,2023-12-14,64,131.463,137.60100000000006,-0.044607233959055526,4.440892098500626e-16
2023-09-15,136.903,2023-12-15,64,132.121,136.90300000000002,-0.03492984083621242,2.220446049250313e-16
2023-09-18,137.711,2023-12-18,64,135.309,137.71100000000007,-0.017442324868746972,4.440892098500626e-16
2023-09-19,137.541,2023-12-19,64,136.156,137.541,-0.010069724663918311,0.0
2023-09-20,133.257,2023-12-20,64,137.84,133.257,0.03439218952850509,0.0
2023-09-21,129.968,2023-12-21,64,139.913,129.96799999999996,0.07651883540563853,-2.220446049250313e-16
2023-09-22,129.78,2023-12-22,64,140.979,129.77999999999994,0.08629218677762385,-4.440892098500626e-16
2023-09-25,130.636,2023-12-26,64,141.009,130.636,0.07940383967665876,0.0
2023-09-26,128.101,2023-12-26,63,141.009,128.10100000000003,0.10076424071630963,2.220446049250313e-16
2023-09-27,130.068,2023-12-27,63,139.863,130.06800000000004,0.0753067626164774,2.220446049250313e-16
2023-09-28,131.832,2023-12-28,63,139.723,131.832,0.05985648400995225,0.0
2023-09-29,130.388,2023-12-29,63,139.185,130.38800000000003,0.06746786514096392,2.220446049250313e-16
2023-10-02,133.685,2024-01-02,63,137.671,133.68500000000006,0.0298163593522085,4.440892098500626e-16
2023-10-03,131.952,2024-01-03,63,138.418,131.95199999999997,0.049002667636716346,-2.220446049250313e-16
2023-10-04,134.752,2024-01-04,63,135.897,134.75200000000007,0.008497090952267694,4.440892098500626e-16
2023-10-05,134.582,2024-01-05,63,135.239,134.58199999999997,0.004881782110534916,-2.220446049250313e-16
2023-10-06,137.083,2024-01-08,63,138.338,137.08299999999994,0.009155037459057658,-4.440892098500626e-16
2023-10-09,137.92,2024-01-09,63,140.44,137.91999999999996,0.018271461716937498,-2.220446049250313e-16
2023-10-10,137.561,2024-01-10,63,141.767,137.561,0.030575526493700877,0.0
2023-10-11,140.043,2024-01-11,63,141.567,140.0430000000001,0.010882371842934058,6.661338147750939e-16
2023-10-12,138.468,2024-01-12,63,142.134,138.468,0.02647543114654649,0.0
2023-10-13,136.864,2024-01-16,63,141.975,136.86400000000003,0.03734364040215099,2.220446049250313e-16
2023-10-16,138.593,2024-01-16,62,141.975,138.59300000000002,0.024402386844934565,2.220446049250313e-16
2023-10-17,139.215,2024-01-17,62,140.959,139.21499999999995,0.0125273856983803,-4.440892098500626e-16
2023-10-18,137.461,2024-01-18,62,142.962,137.46100000000004,0.04001862346410956,2.220446049250313e-16
2023-10-19,137.253,2024-01-19,62,145.851,137.25300000000004,0.0626434394876616,4.440892098500626e-16
2023-10-20,135.111,2024-01-22,62,145.463,135.111,0.07661848406125338,0.0
2023-10-23,136.007,2024-01-23,62,146.508,136.007,0.07720926128802197,0.0
2023-10-24,138.308,2024-01-24,62,148.163,138.30800000000005,0.07125401278306409,4.440892098500626e-16
2023-10-25,125.157,2024-01-25,62,151.322,125.15699999999998,0.2090574238756122,-1.1102230246251565e-16
2023-10-26,121.838,2024-01-26,62,151.636,121.83800000000002,0.24457065940018707,2.220446049250313e-16
2023-10-27,121.728,2024-01-29,62,152.956,121.728,0.2565391692954784,0.0
2023-10-30,124.01,2024-01-30,62,150.913,124.01000000000003,0.21694218208209026,2.220446049250313e-16
2023-10-31,123.632,2024-01-31,62,139.594,123.63200000000005,0.12910896855183118,4.440892098500626e-16
2023-11-01,125.994,2024-02-01,62,140.65,125.99400000000003,0.11632299950791314,2.220446049250313e-16
2023-11-02,127.029,2024-02-02,62,141.866,127.029,0.11680010076439262,0.0
2023-11-03,128.634,2024-02-05,62,143.161,128.63399999999996,0.11293281714010295,-2.220446049250313e-16
2023-11-06,129.78,2024-02-06,62,143.579,129.77999999999994,0.10632609030667295,-4.440892098500626e-16
2023-11-07,130.497,2024-02-07,62,145.014,130.49699999999999,0.11124393664222154,-2.220446049250313e-16
2023-11-08,131.363,2024-02-08,62,145.383,131.363,0.10672716061600296,0.0
2023-11-09,129.77,2024-02-09,62,148.462,129.77000000000015,0.14403945441935706,1.1102230246251565e-15
2023-11-10,132.111,2024-02-12,62,146.998,132.11100000000005,0.11268554473132442,4.440892098500626e-16
2023-11-13,131.613,2024-02-13,62,144.616,131.61299999999997,0.09879723127654572,-2.220446049250313e-16
2023-11-14,133.137,2024-02-14,62,145.413,133.13699999999994,0.09220577300074373,-4.440892098500626e-16
2023-11-15,134.134,2024-02-15,62,142.254,134.134,0.06053647844692622,0.0
2023-11-16,136.436,2024-02-16,62,140.013,136.43600000000012,0.02621742062212329,8.881784197001252e-16
2023-11-17,134.821,2024-02-20,62,140.61,134.82099999999997,0.0429384146386691,-2.220446049250313e-16
2023-11-20,135.758,2024-02-20,61,140.61,135.758,0.03574006688371956,0.0
2023-11-21,136.476,2024-02-21,61,142.035,136.47600000000006,0.0407324364723467,4.440892098500626e-16
2023-11-22,137.99,2024-02-22,61,143.569,137.99000000000004,0.04043046597579525,2.220446049250313e-16
2023-11-24,136.196,2024-02-26,62,137.073,136.196,0.006439249317160556,0.0
2023-11-27,135.917,2024-02-27,62,138.378,135.91700000000003,0.01810663861032835,2.220446049250313e-16
2023-11-28,136.704,2024-02-28,62,135.887,136.70400000000004,-0.005976416198501977,2.220446049250313e-16
2023-11-29,134.502,2024-02-29,62,137.96,134.50199999999998,0.025709654875020416,-2.220446049250313e-16
2023-11-30,132.052,2024-02-29,61,137.96,132.05199999999994,0.04473995092842231,-4.440892098500626e-16
2023-12-01,131.383,2024-03-01,61,136.644,131.38299999999998,0.04004323238166263,-2.220446049250313e-16
2023-12-04,128.803,2024-03-04,61,132.868,128.80300000000005,0.03155982391714485,4.440892098500626e-16
2023-12-05,130.517,2024-03-05,61,132.191,130.51700000000002,0.012825915397994159,2.220446049250313e-16
2023-12-06,129.551,2024-03-06,61,130.925,129.55099999999993,0.010605861784162451,-4.440892098500626e-16
2023-12-07,136.436,2024-03-07,61,133.895,136.43600000000012,-0.018624116802017032,8.881784197001252e-16
2023-12-08,134.502,2024-03-08,61,134.921,134.50199999999998,0.0031151953130807986,-2.220446049250313e-16
2023-12-11,132.809,2024-03-11,61,137.173,132.80899999999997,0.032859218878238616,-2.220446049250313e-16
2023-12-12,132.042,2024-03-12,61,138.0,132.04200000000006,0.04512200663425281,4.440892098500626e-16
2023-12-13,132.092,2024-03-13,61,139.285,132.09200000000007,0.054454471126184734,4.440892098500626e-16
2023-12-14,131.463,2024-03-14,61,142.584,131.46299999999994,0.08459414436001023,-4.440892098500626e-16
2023-12-15,132.121,2024-03-15,61,140.67,132.12099999999998,0.06470583783047346,-2.220446049250313e-16
2023-12-18,135.309,2024-03-18,61,147.147,135.30899999999997,0.08748863711948207,-2.220446049250313e-16
2023-12-19,136.156,2024-03-19,61,146.498,136.15599999999995,0.07595699051088456,-4.440892098500626e-16
2023-12-20,137.84,2024-03-20,61,148.202,137.83999999999997,0.07517411491584447,-2.220446049250313e-16
2023-12-21,139.913,2024-03-21,61,147.067,139.913,0.051131774745734715,0.0
2023-12-22,140.979,2024-03-22,61,150.225,140.97900000000004,0.06558423595003493,2.220446049250313e-16
2023-12-26,141.009,2024-03-26,62,150.126,141.00900000000001,0.06465544752462615,2.220446049250313e-16
2023-12-27,139.863,2024-03-27,62,150.325,139.86300000000006,0.07480177030379731,4.440892098500626e-16
2023-12-28,139.723,2024-03-28,62,150.385,139.72300000000004,0.07630812393092024,2.220446049250313e-16
2023-12-29,139.185,2024-04-01,62,154.928,139.18499999999997,0.11310845277867587,-2.220446049250313e-16
2024-01-02,137.671,2024-04-02,62,154.002,137.67099999999994,0.11862338473607381,-4.440892098500626e-16
2024-01-03,138.418,2024-04-03,62,154.36,138.41800000000006,0.11517288213960608,4.440892098500626e-16
2024-01-04,135.897,2024-04-04,62,149.986,135.89699999999996,0.10367410612449124,-2.220446049250313e-16
2024-01-05,135.239,2024-04-05,62,151.949,135.239,0.12355903252759926,0.0
2024-01-08,138.338,2024-04-08,62,154.29,138.33799999999997,0.11531177261489978,-2.220446049250313e-16
2024-01-09,140.44,2024-04-09,62,156.034,140.43999999999997,0.1110367416690401,-2.220446049250313e-16
2024-01-10,141.767,2024-04-10,62,155.576,141.76699999999994,0.09740630753278268,-4.440892098500626e-16
2024-01-11,141.567,2024-04-11,62,158.834,141.56699999999995,0.12197051572753526,-4.440892098500626e-16
2024-01-12,142.134,2024-04-12,62,157.16,142.13400000000001,0.10571714016350775,2.220446049250313e-16
2024-01-16,141.975,2024-04-16,63,153.843,141.97499999999997,0.08359218172213412,-2.220446049250313e-16
2024-01-17,140.959,2024-04-17,63,154.908,140.95899999999997,0.09895785299271398,-2.220446049250313e-16
2024-01-18,142.962,2024-04-18,63,155.446,142.96200000000007,0.0873239042542775,6.661338147750939e-16
2024-01-19,145.851,2024-04-19,63,153.553,145.851,0.05280731705644803,0.0
2024-01-22,145.463,2024-04-22,63,155.716,145.463,0.07048527804321392,0.0
2024-01-23,146.508,2024-04-23,63,157.689,146.508,0.07631665165042167,0.0
2024-01-24,148.163,2024-04-24,63,158.555,148.163,0.07013896856840107,0.0
2024-01-25,151.322,2024-04-25,63,155.437,151.32200000000003,0.027193666486036383,2.220446049250313e-16
2024-01-26,151.636,2024-04-26,63,171.329,151.63600000000014,0.12987021551610445,8.881784197001252e-16
2024-01-29,152.956,2024-04-29,63,165.55,152.95600000000002,0.08233740422082181,2.220446049250313e-16
2024-01-30,150.913,2024-04-30,63,162.192,150.91299999999998,0.07473842545042508,-2.220446049250313e-16
2024-01-31,139.594,2024-04-30,62,162.192,139.59399999999997,0.16188374858518295,-2.220446049250313e-16
2024-02-01,140.65,2024-05-01,62,163.268,140.65000000000003,0.1608105225737646,2.220446049250313e-16
2024-02-02,141.866,2024-05-02,62,166.018,141.86600000000004,0.1702451609265081,2.220446049250313e-16
2024-02-05,143.161,2024-05-06,63,167.492,143.16099999999994,0.16995550464162723,-4.440892098500626e-16
2024-02-06,143.579,2024-05-06,62,167.492,143.579,0.16654942575167664,0.0
2024-02-07,145.014,2024-05-07,62,170.631,145.01399999999995,0.17665190947080966,-4.440892098500626e-16
2024-02-08,145.383,2024-05-08,62,168.769,145.38300000000004,0.16085787196577317,2.220446049250313e-16
2024-02-09,148.462,2024-05-09,62,169.346,148.46200000000005,0.1406689927388829,4.440892098500626e-16
2024-02-12,146.998,2024-05-13,63,168.529,146.99799999999996,0.1464713805630009,-2.220446049250313e-16
2024-02-13,144.616,2024-05-13,62,168.529,144.616,0.16535514742490443,0.0
2024-02-14,145.413,2024-05-14,62,169.725,145.41300000000007,0.1671927544304841,4.440892098500626e-16
2024-02-15,142.254,2024-05-15,62,171.887,142.254,0.20831048687558873,0.0
2024-02-16,140.013,2024-05-16,62,173.55,140.01299999999998,0.23952775813674454,-2.220446049250313e-16
2024-02-20,140.61,2024-05-20,63,176.281,140.61,0.2536875044449185,0.0
2024-02-21,142.035,2024-05-21,63,177.208,142.03500000000003,0.24763614602034711,2.220446049250313e-16
2024-02-22,143.569,2024-05-22,63,175.744,143.56899999999993,0.2241082684980742,-4.440892098500626e-16
2024-02-23,143.44,2024-05-23,63,172.923,143.44,0.20554238706079198,0.0
2024-02-26,137.073,2024-05-28,64,175.764,137.073,0.28226565406754056,0.0
2024-02-27,138.378,2024-05-28,63,175.764,138.37799999999996,0.27017300437930913,-2.220446049250313e-16
2024-02-28,135.887,2024-05-28,62,175.764,135.88700000000003,0.29345706358960033,2.220446049250313e-16
2024-02-29,137.96,2024-05-29,62,175.264,137.96000000000004,0.2703972165845172,2.220446049250313e-16
2024-03-01,136.644,2024-06-03,64,172.544,136.644,0.26272650098065053,0.0
2024-03-04,132.868,2024-06-04,64,173.163,132.868,0.3032709154950779,0.0
2024-03-05,132.191,2024-06-05,64,174.777,132.191,0.3221550635065926,0.0
2024-03-06,130.925,2024-06-06,64,176.091,130.92500000000013,0.3449761313729234,8.881784197001252e-16
2024-03-07,133.895,2024-06-07,64,173.83,133.89499999999995,0.29825609619477955,-4.440892098500626e-16
2024-03-08,134.921,2024-06-10,64,174.578,134.92099999999994,0.29392755760778533,-4.440892098500626e-16
2024-03-11,137.173,2024-06-11,64,176.184,137.17300000000006,0.28439270118755156,4.440892098500626e-16
2024-03-12,138.0,2024-06-12,64,177.351,138.00000000000006,0.28515217391304337,4.440892098500626e-16
2024-03-13,139.285,2024-06-13,64,174.728,139.285,0.25446386904548235,0.0
2024-03-14,142.584,2024-06-14,64,176.354,142.58399999999997,0.23684284351680418,-2.220446049250313e-16
2024-03-15,140.67,2024-06-17,64,176.802,140.66999999999993,0.2568564725954361,-4.440892098500626e-16
2024-03-18,147.147,2024-06-18,64,174.658,147.14699999999996,0.18696269716677882,-2.220446049250313e-16
2024-03-19,146.498,2024-06-20,64,175.864,146.49799999999996,0.2004532485085122,-2.220446049250313e-16
2024-03-20,148.202,2024-06-20,63,175.864,148.20199999999997,0.18665065248782065,-2.220446049250313e-16
2024-03-21,147.067,2024-06-21,63,179.187,147.06699999999995,0.21840385674556506,-3.3306690738754696e-16
2024-03-22,150.225,2024-06-24,63,178.777,150.2250000000001,0.19006157430520876,6.661338147750939e-16
2024-03-25,149.528,2024-06-25,63,183.576,149.528,0.22770317264993856,0.0
2024-03-26,150.126,2024-06-26,63,183.426,150.12600000000003,0.22181367651173,2.220446049250313e-16
2024-03-27,150.325,2024-06-27,63,184.952,150.32500000000005,0.23034758024280744,4.440892098500626e-16
2024-03-28,150.385,2024-06-28,63,181.701,150.38500000000005,0.20823885360907002,4.440892098500626e-16
2024-04-01,154.928,2024-07-01,63,182.539,154.92800000000005,0.17821826913146754,4.440892098500626e-16
2024-04-02,154.002,2024-07-02,63,184.783,154.00199999999998,0.1998740276100308,-2.220446049250313e-16
2024-04-03,154.36,2024-07-03,63,185.362,154.36,0.20084218709510226,0.0
2024-04-04,149.986,2024-07-05,63,190.129,149.98599999999996,0.26764498019815175,-2.220446049250313e-16
2024-04-05,151.949,2024-07-05,62,190.129,151.94899999999998,0.2512685177263423,-2.220446049250313e-16
2024-04-08,154.29,2024-07-08,62,188.563,154.29000000000013,0.22213364443580264,8.881784197001252e-16
2024-04-09,156.034,2024-07-09,62,188.514,156.03400000000005,0.20815976005229642,4.440892098500626e-16
2024-04-10,155.576,2024-07-10,62,190.708,155.576,0.2258188923741451,0.0
2024-04-11,158.834,2024-07-11,62,185.112,158.834,0.1654431670800962,0.0
2024-04-12,157.16,2024-07-12,62,184.613,157.16000000000003,0.1746818528887757,2.220446049250313e-16
2024-04-15,154.3,2024-07-15,62,186.07,154.29999999999995,0.20589760207388186,-3.3306690738754696e-16
2024-04-16,153.843,2024-07-16,62,183.466,153.84299999999993,0.1925534473456707,-3.3306690738754696e-16
2024-04-17,154.908,2024-07-17,62,180.573,154.90799999999996,0.1656789836548147,-2.220446049250313e-16
2024-04-18,155.446,2024-07-18,62,177.252,155.44599999999997,0.14028022593054823,-2.220446049250313e-16
2024-04-19,153.553,2024-07-19,62,177.222,153.55299999999994,0.15414221799639227,-3.3306690738754696e-16
2024-04-22,155.716,2024-07-22,62,181.221,155.71599999999995,0.16379177476945195,-3.3306690738754696e-16
2024-04-23,157.689,2024-07-23,62,181.341,157.68899999999994,0.14999143884481492,-3.3306690738754696e-16
2024-04-24,158.555,2024-07-24,62,172.204,158.55499999999995,0.08608369335561794,-3.3306690738754696e-16
2024-04-25,155.437,2024-07-25,62,166.867,155.43699999999995,0.07353461531038286,-3.3306690738754696e-16
2024-04-26,171.329,2024-07-26,62,166.588,171.32899999999998,-0.027671906098792443,-1.1102230246251565e-16
2024-04-29,165.55,2024-07-29,62,169.111,165.55000000000007,0.021510117789187433,4.440892098500626e-16
2024-04-30,162.192,2024-07-30,62,169.869,162.19199999999998,0.04733279076649888,-2.220446049250313e-16
2024-05-01,163.268,2024-08-01,63,170.339,163.26800000000003,0.04330916039885335,2.220446049250313e-16
2024-05-02,166.018,2024-08-02,63,166.248,166.01799999999997,0.0013853919454516195,-2.220446049250313e-16
2024-05-03,166.636,2024-08-05,63,158.857,166.63600000000002,-0.046682589596485746,2.220446049250313e-16
2024-05-06,167.492,2024-08-06,63,157.899,167.49200000000008,-0.057274377283691114,4.440892098500626e-16
2024-05-07,170.631,2024-08-07,63,158.547,170.63099999999997,-0.07081948766636781,-2.220446049250313e-16
2024-05-08,168.769,2024-08-08,63,161.63,168.76899999999995,-0.04230042247095145,-3.3306690738754696e-16
2024-05-09,169.346,2024-08-09,63,163.266,169.34600000000003,-0.03590282616654672,2.220446049250313e-16
2024-05-10,168.041,2024-08-12,63,161.889,168.04100000000005,-0.03661011300813488,4.440892098500626e-16
2024-05-13,168.529,2024-08-13,63,163.754,168.52899999999997,-0.028333402559796883,-2.220446049250313e-16
2024-05-14,169.725,2024-08-14,63,159.974,169.7250000000001,-0.057451760200324054,6.661338147750939e-16
2024-05-15,171.887,2024-08-15,63,160.902,171.88700000000006,-0.06390826531383997,2.220446049250313e-16
2024-05-16,173.55,2024-08-16,63,162.558,173.5500000000002,-0.0633362143474504,1.1102230246251565e-15
2024-05-17,175.424,2024-08-19,63,166.258,175.424,-0.0522505472455308,0.0
2024-05-20,176.281,2024-08-20,63,166.767,176.2810000000001,-0.05397064913405303,4.440892098500626e-16
2024-05-21,177.208,2024-08-21,63,165.44,177.20799999999994,-0.06640783711796305,-3.3306690738754696e-16
2024-05-22,175.744,2024-08-22,63,163.396,175.74399999999997,-0.07026128914785146,-1.1102230246251565e-16
2024-05-23,172.923,2024-08-23,63,165.212,172.923,-0.044592101686877994,0.0
2024-05-24,174.357,2024-08-26,63,165.75,174.357,-0.0493642354479602,0.0
2024-05-28,175.764,2024-08-28,64,162.448,175.76399999999995,-0.07576067909241935,-3.3306690738754696e-16
2024-05-29,175.264,2024-08-29,64,161.381,175.26399999999995,-0.0792119317144423,-3.3306690738754696e-16
2024-05-30,171.488,2024-08-30,64,162.976,171.48800000000006,-0.04963612614293711,2.220446049250313e-16
2024-05-31,171.877,2024-09-03,64,156.971,171.87699999999995,-0.08672480902040414,-3.3306690738754696e-16
2024-06-03,172.544,2024-09-03,63,156.971,172.544,-0.09025523924332346,0.0
2024-06-04,173.163,2024-09-04,63,156.064,173.163,-0.09874511298603061,0.0
2024-06-05,174.777,2024-09-05,63,156.852,174.77699999999996,-0.10255926123002446,-1.1102230246251565e-16
2024-06-06,176.091,2024-09-06,63,150.547,176.09099999999995,-0.14506136031938033,-3.3306690738754696e-16
2024-06-07,173.83,2024-09-09,63,148.54,173.82999999999996,-0.14548697002818856,-3.3306690738754696e-16
2024-06-10,174.578,2024-09-10,63,148.49,174.57800000000003,-0.14943463666670487,2.220446049250313e-16
2024-06-11,176.184,2024-09-11,63,150.987,176.184,-0.14301525677700588,0.0
2024-06-12,177.351,2024-09-12,63,154.513,177.35100000000003,-0.12877288540803267,2.220446049250313e-16
2024-06-13,174.728,2024-09-13,63,157.28,174.72799999999992,-0.09985806510690909,-4.440892098500626e-16
2024-06-14,176.354,2024-09-16,63,157.879,176.35400000000016,-0.10476087868718609,8.881784197001252e-16
2024-06-17,176.802,2024-09-17,63,159.138,176.80200000000002,-0.0999083720772389,2.220446049250313e-16
2024-06-18,174.658,2024-09-18,63,159.627,174.65799999999996,-0.08605961364495174,-1.1102230246251565e-16
2024-06-20,175.864,2024-09-20,64,163.403,175.86399999999995,-0.07085588864122283,-3.3306690738754696e-16
2024-06-21,179.187,2024-09-23,64,161.665,179.18699999999995,-0.09778611171569374,-3.3306690738754696e-16
2024-06-24,178.777,2024-09-24,64,162.104,178.77700000000002,-0.09326143743322668,2.220446049250313e-16
2024-06-25,183.576,2024-09-25,64,161.305,183.57599999999994,-0.12131760142938064,-3.3306690738754696e-16
2024-06-26,183.426,2024-09-26,64,162.544,183.426,-0.1138442750755072,0.0
2024-06-27,184.952,2024-09-27,64,163.762,184.95199999999994,-0.11457026688005534,-3.3306690738754696e-16
2024-06-28,181.701,2024-09-30,64,165.66,181.70100000000005,-0.08828239800551452,2.220446049250313e-16
2024-07-01,182.539,2024-10-01,64,166.799,182.53899999999993,-0.08622814850525085,-3.3306690738754696e-16
2024-07-02,184.783,2024-10-02,64,165.67,184.783,-0.1034348397850452,0.0
2024-07-03,185.362,2024-10-03,64,165.67,185.3620000000002,-0.10623536647209253,1.1102230246251565e-15
2024-07-05,190.129,2024-10-07,65,162.793,190.12900000000022,-0.14377606782763275,1.1102230246251565e-15
2024-07-08,188.563,2024-10-08,65,164.192,188.56300000000007,-0.1292459284164973,4.440892098500626e-16
2024-07-09,188.514,2024-10-09,65,161.675,188.514,-0.14237138886236567,0.0
2024-07-10,190.708,2024-10-10,65,161.894,190.70799999999994,-0.15108962392768,-3.3306690738754696e-16
2024-07-11,185.112,2024-10-11,65,163.053,185.11199999999997,-0.11916569428238044,-1.1102230246251565e-16
2024-07-12,184.613,2024-10-14,65,164.771,184.61299999999997,-0.10747888826897356,-1.1102230246251565e-16
2024-07-15,186.07,2024-10-15,65,165.271,186.07,-0.11178051271027034,0.0
2024-07-16,183.466,2024-10-16,65,164.971,183.46599999999992,-0.10080886921827481,-4.440892098500626e-16
2024-07-17,180.573,2024-10-17,65,162.743,180.57300000000006,-0.09874122930892226,2.220446049250313e-16
2024-07-18,177.252,2024-10-18,65,163.233,177.25199999999995,-0.07909078599959385,-3.3306690738754696e-16
2024-07-19,177.222,2024-10-21,65,163.882,177.22200000000007,-0.07527282165871052,2.220446049250313e-16
2024-07-22,181.221,2024-10-22,65,164.951,181.22099999999998,-0.08977988202250298,-1.1102230246251565e-16
2024-07-23,181.341,2024-10-23,65,162.594,181.341,-0.10337982033847837,0.0
2024-07-24,172.204,2024-10-24,65,162.534,172.20400000000004,-0.05615432858702474,2.220446049250313e-16
2024-07-25,166.867,2024-10-25,65,165.081,166.86699999999993,-0.010703134831932082,-3.3306690738754696e-16
2024-07-26,166.588,2024-10-28,65,166.529,166.58799999999997,-0.0003541671669027302,-2.220446049250313e-16
2024-07-29,169.111,2024-10-29,65,169.486,169.111,0.002217478460892597,0.0
2024-07-30,169.869,2024-10-30,65,174.26,169.86899999999997,0.02584933095503006,-2.220446049250313e-16
2024-07-31,171.117,2024-10-31,65,170.914,171.11700000000005,-0.0011863228083709432,2.220446049250313e-16
2024-08-01,170.339,2024-11-01,65,171.094,170.33900000000003,0.004432337867429137,2.220446049250313e-16
2024-08-02,166.248,2024-11-04,65,169.046,166.24799999999993,0.01683027765747558,-3.3306690738754696e-16
2024-08-05,158.857,2024-11-05,65,169.546,158.85700000000006,0.0672869310134272,4.440892098500626e-16
2024-08-06,157.899,2024-11-06,65,176.308,157.89899999999994,0.11658718547932523,-3.3306690738754696e-16
2024-08-07,158.547,2024-11-07,65,180.543,158.54700000000005,0.13873488618516916,4.440892098500626e-16
2024-08-08,161.63,2024-11-08,65,178.146,161.63,0.10218400049495746,0.0
2024-08-09,163.266,2024-11-11,65,180.144,163.266,0.10337731064642974,0.0
2024-08-12,161.889,2024-11-12,65,181.412,161.88899999999995,0.12059497556968046,-3.3306690738754696e-16
2024-08-13,163.754,2024-11-13,65,178.675,163.75399999999993,0.09111838489441482,-3.3306690738754696e-16
2024-08-14,159.974,2024-11-14,65,175.379,159.97400000000005,0.09629689824596488,4.440892098500626e-16
2024-08-15,160.902,2024-11-15,65,172.293,160.90200000000004,0.07079464518775413,4.440892098500626e-16
2024-08-16,162.558,2024-11-18,65,175.099,162.55799999999996,0.07714784876782432,-2.220446049250313e-16
2024-08-19,166.258,2024-11-19,65,177.916,166.25799999999992,0.07011993407836004,-5.551115123125783e-16
2024-08-20,166.767,2024-11-20,65,175.779,166.76699999999997,0.054039468240119515,-2.220446049250313e-16
2024-08-21,165.44,2024-11-21,65,167.438,165.44,0.01207688588007727,0.0
2024-08-22,163.396,2024-11-22,65,164.571,163.39599999999993,0.007191118509633165,-3.3306690738754696e-16
2024-08-23,165.212,2024-11-25,65,167.458,165.21199999999996,0.013594654141345641,-2.220446049250313e-16
2024-08-26,165.75,2024-11-26,65,168.926,165.74999999999997,0.019161387631975835,-2.220446049250313e-16
2024-08-27,164.274,2024-11-27,65,169.036,164.27400000000003,0.02898815393793286,2.220446049250313e-16
2024-08-28,162.448,2024-11-29,65,168.757,162.44800000000004,0.03883704323845172,2.220446049250313e-16
2024-08-29,161.381,2024-11-29,64,168.757,161.38100000000003,0.04570550436544574,2.220446049250313e-16
2024-08-30,162.976,2024-12-02,64,171.294,162.976,0.051038189672099055,0.0
2024-09-03,156.971,2024-12-03,64,171.144,156.97099999999995,0.09029056322505435,-3.3306690738754696e-16
2024-09-04,156.064,2024-12-04,64,174.17,156.06400000000002,0.11601650604880054,2.220446049250313e-16
2024-09-05,156.852,2024-12-05,64,172.442,156.85199999999998,0.09939305842450219,-2.220446049250313e-16
2024-09-06,150.547,2024-12-06,64,174.51,150.54700000000003,0.15917288288707176,2.220446049250313e-16
2024-09-09,148.54,2024-12-09,64,175.37,148.53999999999994,0.1806247475427496,-3.3306690738754696e-16
2024-09-10,148.49,2024-12-10,64,185.17,148.49000000000004,0.24702000134689195,2.220446049250313e-16
2024-09-11,150.987,2024-12-11,64,195.4,150.98699999999997,0.2941511520859412,-2.220446049250313e-16
2024-09-12,154.513,2024-12-12,64,191.96,154.51299999999995,0.24235501219962075,-3.3306690738754696e-16
2024-09-13,157.28,2024-12-13,64,189.82,157.27999999999997,0.20689216683621559,-2.220446049250313e-16
2024-09-16,157.879,2024-12-16,64,196.66,157.87900000000005,0.24563748186902634,4.440892098500626e-16
2024-09-17,159.138,2024-12-17,64,195.42,159.13800000000003,0.2279908004373561,2.220446049250313e-16
2024-09-18,159.627,2024-12-18,64,188.4,159.62700000000004,0.18025146121896674,2.220446049250313e-16
2024-09-19,161.954,2024-12-19,64,188.51,161.95399999999998,0.16397248601454728,-2.220446049250313e-16
2024-09-20,163.403,2024-12-20,64,191.41,163.40299999999993,0.17139832194023374,-3.3306690738754696e-16
2024-09-23,161.665,2024-12-23,64,194.63,161.66499999999996,0.20390931865276962,-2.220446049250313e-16
2024-09-24,162.104,2024-12-24,64,196.11,162.10399999999998,0.20977890736810934,-2.220446049250313e-16
2024-09-25,161.305,2024-12-26,64,195.6,161.30499999999998,0.21260965252162034,-2.220446049250313e-16
2024-09-26,162.544,2024-12-26,63,195.6,162.54400000000007,0.20336647307805866,4.440892098500626e-16
2024-09-27,163.762,2024-12-27,63,192.76,163.762,0.1770740464820899,0.0
2024-09-30,165.66,2024-12-30,63,191.24,165.65999999999994,0.15441265242062063,-3.3306690738754696e-16
2024-10-01,166.799,2025-01-02,64,189.43,166.7990000000002,0.1356782714524667,1.1102230246251565e-15
2024-10-02,165.67,2025-01-02,63,189.43,165.66999999999993,0.14341763747208325,-3.3306690738754696e-16
2024-10-03,165.67,2025-01-03,63,191.79,165.66999999999993,0.1576628236856401,-3.3306690738754696e-16
2024-10-04,166.869,2025-01-06,63,196.87,166.86900000000006,0.17978773768644873,4.440892098500626e-16
2024-10-07,162.793,2025-01-07,63,195.49,162.79300000000003,0.20085015940488837,2.220446049250313e-16
2024-10-08,164.192,2025-01-08,63,193.95,164.19199999999995,0.18123903722471235,-3.3306690738754696e-16
2024-10-09,161.675,2025-01-10,63,192.04,161.67500000000004,0.18781506107932566,2.220446049250313e-16
2024-10-10,161.894,2025-01-10,62,192.04,161.894,0.18620825972549926,0.0
2024-10-11,163.053,2025-01-13,62,191.01,163.05300000000005,0.17145958676013318,4.440892098500626e-16
2024-10-14,164.771,2025-01-14,62,189.66,164.77100000000004,0.15105206620097,4.440892098500626e-16
2024-10-15,165.271,2025-01-15,62,195.55,165.27099999999996,0.18320818534407146,-2.220446049250313e-16
2024-10-16,164.971,2025-01-16,62,192.91,164.97100000000003,0.16935703850979866,2.220446049250313e-16
2024-10-17,162.743,2025-01-17,62,196.0,162.74300000000002,0.20435287539249014,2.220446049250313e-16
2024-10-18,163.233,2025-01-21,62,198.05,163.233,0.21329633101149903,0.0
2024-10-21,163.882,2025-01-21,61,198.05,163.882,0.20849147557388847,0.0
2024-10-22,164.951,2025-01-22,61,198.37,164.95100000000002,0.20259955986929468,2.220446049250313e-16
2024-10-23,162.594,2025-01-23,61,197.98,162.59399999999994,0.21763410703962016,-3.3306690738754696e-16
2024-10-24,162.534,2025-01-24,61,200.21,162.534,0.2318038072034161,0.0
2024-10-25,165.081,2025-01-27,61,191.81,165.08099999999996,0.1619144541164641,-2.220446049250313e-16
2024-10-28,166.529,2025-01-28,61,195.3,166.52899999999997,0.17276870695194235,-2.220446049250313e-16
2024-10-29,169.486,2025-01-29,61,195.41,169.4859999999999,0.1529565863847162,-5.551115123125783e-16
2024-10-30,174.26,2025-01-30,61,200.87,174.26,0.15270285779869175,0.0
2024-10-31,170.914,2025-01-31,61,204.02,170.91399999999996,0.1936997554325568,-1.1102230246251565e-16
2024-11-01,171.094,2025-02-03,61,201.23,171.09400000000002,0.17613709422890333,2.220446049250313e-16
2024-11-04,169.046,2025-02-04,61,206.38,169.04599999999996,0.2208511292784212,-2.220446049250313e-16
2024-11-05,169.546,2025-02-05,61,191.33,169.5460000000002,0.12848430514432674,1.1102230246251565e-15
2024-11-06,176.308,2025-02-06,61,191.6,176.30800000000005,0.08673457812464558,2.220446049250313e-16
2024-11-07,180.543,2025-02-07,61,185.34,180.543,0.026569847626327192,0.0
2024-11-08,178.146,2025-02-10,61,186.47,178.146,0.04672571935378844,0.0
2024-11-11,180.144,2025-02-11,61,185.32,180.14400000000012,0.028732569499955618,6.661338147750939e-16
2024-11-12,181.412,2025-02-12,61,183.61,181.41199999999992,0.012116067294335675,-4.440892098500626e-16
2024-11-13,178.675,2025-02-13,61,186.14,178.67500000000007,0.04177976773471381,2.220446049250313e-16
2024-11-14,175.379,2025-02-14,61,185.23,175.37900000000005,0.05616978087456315,2.220446049250313e-16
2024-11-15,172.293,2025-02-18,61,183.77,172.293,0.06661326925644118,0.0
2024-11-18,175.099,2025-02-18,60,183.77,175.09900000000002,0.04952055694207291,2.220446049250313e-16
2024-11-19,177.916,2025-02-19,60,185.27,177.91599999999997,0.041334112727354544,-1.1102230246251565e-16
2024-11-20,175.779,2025-02-20,60,184.56,175.77899999999997,0.049954772754424726,-1.1102230246251565e-16
2024-11-21,167.438,2025-02-21,60,179.66,167.43799999999996,0.07299418292143955,-2.220446049250313e-16
2024-11-22,164.571,2025-02-24,60,179.32,164.57100000000005,0.08962089310996468,4.440892098500626e-16
2024-11-25,167.458,2025-02-25,60,175.42,167.45799999999997,0.04754625040308613,-2.220446049250313e-16
2024-11-26,168.926,2025-02-26,60,172.73,168.92600000000004,0.022518736014586205,4.440892098500626e-16
2024-11-27,169.036,2025-02-27,60,168.5,169.03600000000003,-0.00317092217042525,2.220446049250313e-16
2024-11-29,168.757,2025-02-28,60,170.28,168.75700000000003,0.009024810822662044,2.220446049250313e-16
2024-12-02,171.294,2025-03-03,60,167.01,171.29399999999995,-0.025009632561560968,-3.3306690738754696e-16
2024-12-03,171.144,2025-03-03,59,167.01,171.14399999999995,-0.02415509746178668,-3.3306690738754696e-16
2024-12-04,174.17,2025-03-04,59,170.92,174.17000000000002,-0.018659929953493748,2.220446049250313e-16
2024-12-05,172.442,2025-03-05,59,173.02,172.4420000000001,0.0033518516370723006,4.440892098500626e-16
2024-12-06,174.51,2025-03-06,59,172.35,174.51000000000008,-0.012377514182568272,4.440892098500626e-16
2024-12-09,175.37,2025-03-10,60,165.87,175.36999999999998,-0.054171180931744334,-1.1102230246251565e-16
2024-12-10,185.17,2025-03-10,59,165.87,185.17000000000004,-0.1042285467408327,2.220446049250313e-16
2024-12-11,195.4,2025-03-11,59,164.04,195.40000000000023,-0.16049129989764588,1.1102230246251565e-15
2024-12-12,191.96,2025-03-12,59,167.11,191.96,-0.1294540529276932,0.0
2024-12-13,189.82,2025-03-13,59,162.76,189.81999999999994,-0.14255610578442734,-3.3306690738754696e-16
2024-12-16,196.66,2025-03-17,60,164.29,196.65999999999997,-0.1645987999593207,-1.1102230246251565e-16
2024-12-17,195.42,2025-03-17,59,164.29,195.42000000000002,-0.15929792242349805,2.220446049250313e-16
2024-12-18,188.4,2025-03-18,59,160.67,188.39999999999998,-0.14718683651804676,-1.1102230246251565e-16
2024-12-19,188.51,2025-03-19,59,163.89,188.51000000000008,-0.1306031510264708,4.440892098500626e-16
2024-12-20,191.41,2025-03-20,59,162.8,191.40999999999997,-0.1494697246747818,-1.1102230246251565e-16
2024-12-23,194.63,2025-03-24,60,167.68,194.63000000000005,-0.13846786209731277,2.220446049250313e-16
2024-12-24,196.11,2025-03-24,59,167.68,196.1100000000001,-0.14496965988475863,4.440892098500626e-16
2024-12-26,195.6,2025-03-26,60,165.06,195.60000000000005,-0.15613496932515336,2.220446049250313e-16
2024-12-27,192.76,2025-03-27,60,162.24,192.75999999999996,-0.1583316040672338,-1.1102230246251565e-16
2024-12-30,191.24,2025-03-31,61,154.64,191.23999999999998,-0.19138255595063802,-1.1102230246251565e-16
2024-12-31,189.3,2025-03-31,60,154.64,189.29999999999993,-0.183095615425251,-4.440892098500626e-16
2025-01-02,189.43,2025-04-02,61,157.04,189.43000000000004,-0.17098664414295528,2.220446049250313e-16
2025-01-03,191.79,2025-04-03,61,150.72,191.79000000000002,-0.21414046613483495,2.220446049250313e-16
2025-01-06,196.87,2025-04-07,62,146.75,196.87000000000006,-0.2545842434093565,2.220446049250313e-16
2025-01-07,195.49,2025-04-07,61,146.75,195.49000000000004,-0.24932221597012638,2.220446049250313e-16
2025-01-08,193.95,2025-04-08,61,144.7,193.95,-0.25393142562516113,0.0
2025-01-10,192.04,2025-04-10,62,152.82,192.04000000000008,-0.20422828577379715,4.440892098500626e-16
2025-01-13,191.01,2025-04-14,63,159.07,191.01000000000005,-0.16721637610596307,2.220446049250313e-16
2025-01-14,189.66,2025-04-14,62,159.07,189.66000000000005,-0.1612886217441738,2.220446049250313e-16
2025-01-15,195.55,2025-04-15,62,156.31,195.55000000000007,-0.20066479161339812,2.220446049250313e-16
2025-01-16,192.91,2025-04-16,62,153.33,192.90999999999997,-0.2051733969208438,-1.1102230246251565e-16
2025-01-17,196.0,2025-04-17,62,151.16,195.99999999999991,-0.2287755102040816,-4.440892098500626e-16
2025-01-21,198.05,2025-04-21,62,147.67,198.05000000000004,-0.2543802070184298,2.220446049250313e-16
2025-01-22,198.37,2025-04-22,62,151.47,198.37000000000006,-0.23642687906437465,2.220446049250313e-16
2025-01-23,197.98,2025-04-23,62,155.35,197.98000000000008,-0.21532478028083646,4.440892098500626e-16
2025-01-24,200.21,2025-04-24,62,159.28,200.20999999999995,-0.20443534288996557,-3.3306690738754696e-16
2025-01-27,191.81,2025-04-28,63,160.61,191.81,-0.16266096658151286,0.0
2025-01-28,195.3,2025-04-28,62,160.61,195.29999999999995,-0.17762416794674862,-3.3306690738754696e-16
2025-01-29,195.41,2025-04-29,62,160.16,195.41,-0.1803899493372908,0.0
2025-01-30,200.87,2025-04-30,62,158.8,200.87,-0.20943894060835366,0.0
2025-01-31,204.02,2025-04-30,61,158.8,204.02,-0.2216449367709048,0.0
2025-02-03,201.23,2025-05-05,63,164.21,201.2299999999999,-0.18396859315211445,-4.440892098500626e-16
2025-02-04,206.38,2025-05-05,62,164.21,206.37999999999997,-0.20433181509836218,-1.1102230246251565e-16
2025-02-05,191.33,2025-05-05,61,164.21,191.32999999999996,-0.14174462969738155,-3.3306690738754696e-16
2025-02-06,191.6,2025-05-06,61,163.23,191.59999999999994,-0.14806889352818375,-3.3306690738754696e-16
2025-02-07,185.34,2025-05-07,61,151.38,185.34000000000003,-0.18323081903528649,2.220446049250313e-16
2025-02-10,186.47,2025-05-12,63,158.46,186.46999999999997,-0.1502118303212312,-1.1102230246251565e-16
2025-02-11,185.32,2025-05-12,62,158.46,185.32000000000002,-0.1449384847830778,2.220446049250313e-16
2025-02-12,183.61,2025-05-12,61,158.46,183.61000000000004,-0.1369751102881107,2.220446049250313e-16
2025-02-13,186.14,2025-05-13,61,159.53,186.14000000000001,-0.14295691415063927,2.220446049250313e-16
2025-02-14,185.23,2025-05-14,61,165.37,185.23,-0.107218053231118,0.0
2025-02-18,183.77,2025-05-19,63,166.54,183.77000000000007,-0.0937585024759211,2.220446049250313e-16
2025-02-19,185.27,2025-05-19,62,166.54,185.2700000000001,-0.10109569817023811,4.440892098500626e-16
2025-02-20,184.56,2025-05-20,62,163.98,184.55999999999995,-0.1115084525357608,-3.3306690738754696e-16
2025-02-21,179.66,2025-05-21,62,168.56,179.6599999999999,-0.061783368585105136,-4.440892098500626e-16
2025-02-24,179.32,2025-05-27,64,172.9,179.3199999999999,-0.0358019183582422,-4.440892098500626e-16
2025-02-25,175.42,2025-05-27,63,172.9,175.42,-0.014365522745410919,0.0
2025-02-26,172.73,2025-05-27,62,172.9,172.73000000000002,0.000984194986395126,2.220446049250313e-16
2025-02-27,168.5,2025-05-27,61,172.9,168.49999999999997,0.026112759643917016,-2.220446049250313e-16
2025-02-28,170.28,2025-05-28,61,172.36,170.28,0.01221517500587277,0.0
2025-03-03,167.01,2025-06-03,64,166.18,167.01000000000002,-0.004969762289683155,2.220446049250313e-16
2025-03-04,170.92,2025-06-04,64,168.05,170.92000000000002,-0.016791481394804464,2.220446049250313e-16
2025-03-05,173.02,2025-06-05,64,168.21,173.01999999999998,-0.02780025430586064,-1.1102230246251565e-16
2025-03-06,172.35,2025-06-06,64,173.68,172.35,0.007716855236437503,0.0
2025-03-07,173.86,2025-06-09,64,176.09,173.86,0.012826412055676917,0.0
2025-03-10,165.87,2025-06-10,64,178.6,165.87,0.07674684994272618,0.0
2025-03-11,164.04,2025-06-11,64,177.35,164.03999999999994,0.08113874664715914,-3.3306690738754696e-16
2025-03-12,167.11,2025-06-12,64,175.7,167.11000000000007,0.051403267308957945,4.440892098500626e-16
2025-03-13,162.76,2025-06-13,64,174.67,162.76,0.07317522732858195,0.0
2025-03-14,165.49,2025-06-16,64,176.77,165.49000000000007,0.06816121820049559,4.440892098500626e-16
2025-03-17,164.29,2025-06-17,64,175.95,164.28999999999996,0.07097206159839309,-2.220446049250313e-16
2025-03-18,160.67,2025-06-18,64,173.32,160.66999999999993,0.0787328063733117,-3.3306690738754696e-16
2025-03-19,163.89,2025-06-20,64,166.64,163.88999999999996,0.01677954725730668,-2.220446049250313e-16
2025-03-20,162.8,2025-06-20,63,166.64,162.80000000000007,0.023587223587223427,4.440892098500626e-16
2025-03-21,163.99,2025-06-23,63,165.19,163.99000000000007,0.0073175193609364975,4.440892098500626e-16
2025-03-24,167.68,2025-06-24,63,166.77,167.67999999999998,-0.005427003816793841,-2.220446049250313e-16
2025-03-25,170.56,2025-06-25,63,170.68,170.55999999999995,0.0007035647279549639,-3.3306690738754696e-16
2025-03-26,165.06,2025-06-26,63,173.54,165.06,0.05137525748212757,0.0
2025-03-27,162.24,2025-06-27,63,178.53,162.24000000000007,0.10040680473372765,4.440892098500626e-16
2025-03-28,154.33,2025-06-30,63,176.23,154.32999999999996,0.14190371282317105,-3.3306690738754696e-16
2025-03-31,154.64,2025-06-30,62,176.23,154.64,0.13961458872219357,0.0
2025-04-01,157.07,2025-07-01,62,175.84,157.06999999999994,0.11950085948939959,-3.3306690738754696e-16
2025-04-02,157.04,2025-07-02,62,178.64,157.04000000000005,0.13754457463066738,4.440892098500626e-16
2025-04-03,150.72,2025-07-03,62,179.53,150.72,0.1911491507430998,0.0
2025-04-04,145.6,2025-07-07,62,176.79,145.59999999999997,0.21421703296703298,-2.220446049250313e-16
2025-04-07,146.75,2025-07-07,61,176.79,146.75000000000003,0.20470187393526396,2.220446049250313e-16
2025-04-08,144.7,2025-07-08,61,174.36,144.69999999999996,0.20497581202487924,-2.220446049250313e-16
2025-04-09,158.71,2025-07-09,61,176.62,158.70999999999995,0.11284733161111449,-3.3306690738754696e-16
2025-04-10,152.82,2025-07-10,61,177.62,152.81999999999996,0.1622824237665228,-2.220446049250313e-16
2025-04-11,157.14,2025-07-11,61,180.19,157.14000000000013,0.1466844851724578,8.881784197001252e-16
2025-04-14,159.07,2025-07-14,61,181.56,159.07000000000005,0.14138429622178927,4.440892098500626e-16
2025-04-15,156.31,2025-07-15,61,182.0,156.3100000000001,0.16435288849081942,4.440892098500626e-16
2025-04-16,153.33,2025-07-16,61,182.97,153.32999999999996,0.19330855018587356,-3.3306690738754696e-16
2025-04-17,151.16,2025-07-17,61,183.58,151.16000000000005,0.21447472876422347,4.440892098500626e-16
2025-04-21,147.67,2025-07-21,62,190.1,147.67000000000002,0.28732985711383496,2.220446049250313e-16
2025-04-22,151.47,2025-07-22,62,191.34,151.47000000000003,0.26322043969102804,2.220446049250313e-16
2025-04-23,155.35,2025-07-23,62,190.23,155.34999999999994,0.22452526552944962,-3.3306690738754696e-16
2025-04-24,159.28,2025-07-24,62,192.17,159.28000000000006,0.20649171270718214,4.440892098500626e-16
2025-04-25,161.96,2025-07-25,62,193.18,161.95999999999987,0.1927636453445294,-8.881784197001252e-16
2025-04-28,160.61,2025-07-28,62,192.58,160.60999999999996,0.19905360811904615,-3.3306690738754696e-16
2025-04-29,160.16,2025-07-29,62,195.75,160.15999999999997,0.22221528471528473,-2.220446049250313e-16
2025-04-30,158.8,2025-07-30,62,196.53,158.80000000000004,0.23759445843828697,2.220446049250313e-16
2025-05-01,161.3,2025-08-01,63,189.13,161.3,0.17253564786112818,0.0
2025-05-02,164.03,2025-08-04,63,195.04,164.03000000000003,0.18905078339328174,2.220446049250313e-16
2025-05-05,164.21,2025-08-05,63,194.67,164.21000000000004,0.18549418427623143,2.220446049250313e-16
2025-05-06,163.23,2025-08-06,63,196.09,163.23000000000002,0.20131103351099688,2.220446049250313e-16
2025-05-07,151.38,2025-08-07,63,196.52,151.37999999999994,0.2981899854670367,-3.3306690738754696e-16
2025-05-08,154.28,2025-08-08,63,201.42,154.28000000000003,0.3055483536427275,2.220446049250313e-16
2025-05-09,152.75,2025-08-11,63,201.0,152.75000000000003,0.31587561374795414,2.220446049250313e-16
2025-05-12,158.46,2025-08-12,63,203.34,158.46000000000006,0.2832260507383566,4.440892098500626e-16
2025-05-13,159.53,2025-08-13,63,201.96,159.52999999999997,0.26596878330094653,-2.220446049250313e-16
2025-05-14,165.37,2025-08-14,63,202.94,165.36999999999998,0.22718751889701871,-2.220446049250313e-16
2025-05-15,163.96,2025-08-15,63,203.9,163.95999999999998,0.2435959990241523,-2.220446049250313e-16
2025-05-16,166.19,2025-08-18,63,203.5,166.19,0.2245020759371803,0.0
2025-05-19,166.54,2025-08-19,63,201.57,166.54000000000005,0.21033985829230217,4.440892098500626e-16
2025-05-20,163.98,2025-08-20,63,199.32,163.98000000000002,0.21551408708379083,2.220446049250313e-16
2025-05-21,168.56,2025-08-21,63,199.75,168.55999999999995,0.18503796867584232,-3.3306690738754696e-16
2025-05-22,170.87,2025-08-22,63,206.09,170.87,0.2061216129221044,0.0
2025-05-23,168.47,2025-08-25,63,208.49,168.47,0.2375497121149166,0.0
2025-05-27,172.9,2025-08-27,64,207.48,172.90000000000003,0.19999999999999996,2.220446049250313e-16
2025-05-28,172.36,2025-08-28,64,211.64,172.36000000000007,0.22789510327222073,2.220446049250313e-16
2025-05-29,171.86,2025-08-29,64,212.91,171.85999999999996,0.23885720935645272,-3.3306690738754696e-16
2025-05-30,171.74,2025-09-02,64,211.35,171.73999999999995,0.23063933853499474,-3.3306690738754696e-16
2025-06-02,169.03,2025-09-02,63,211.35,169.02999999999997,0.25036975684789686,-2.220446049250313e-16
2025-06-03,166.18,2025-09-03,63,230.66,166.18,0.38801299795402566,0.0
2025-06-04,168.05,2025-09-04,63,232.3,168.05000000000004,0.38232668848556983,2.220446049250313e-16
2025-06-05,168.21,2025-09-05,63,235.0,168.21000000000006,0.3970631948160037,4.440892098500626e-16
2025-06-06,173.68,2025-09-08,63,234.04,173.67999999999995,0.34753569783509897,-3.3306690738754696e-16
2025-06-09,176.09,2025-09-09,63,239.63,176.09000000000012,0.360838207734681,6.661338147750939e-16
2025-06-10,178.6,2025-09-10,63,239.17,178.60000000000008,0.33913773796192603,4.440892098500626e-16
2025-06-11,177.35,2025-09-11,63,240.37,177.35000000000002,0.3553425429940795,2.220446049250313e-16
2025-06-12,175.7,2025-09-12,63,240.8,175.6999999999999,0.3705179282868527,-4.440892098500626e-16
2025-06-13,174.67,2025-09-15,63,251.61,174.6699999999999,0.44048777695082175,-4.440892098500626e-16
2025-06-16,176.77,2025-09-16,63,251.16,176.77000000000007,0.4208293262431406,2.220446049250313e-16
2025-06-17,175.95,2025-09-17,63,249.53,175.9499999999999,0.4181869849389033,-4.440892098500626e-16
2025-06-18,173.32,2025-09-18,63,252.03,173.32,0.4541310870066928,0.0
2025-06-20,166.64,2025-09-22,64,252.53,166.64000000000004,0.5154224675948154,4.440892098500626e-16
2025-06-23,165.19,2025-09-23,64,251.66,165.19,0.5234578364307767,0.0
2025-06-24,166.77,2025-09-24,64,247.14,166.77,0.4819212088505125,0.0
2025-06-25,170.68,2025-09-25,64,245.79,170.6800000000002,0.4400632763065384,1.1102230246251565e-15
2025-06-26,173.54,2025-09-26,64,246.54,173.53999999999994,0.42065229918174496,-3.3306690738754696e-16
2025-06-27,178.53,2025-09-29,64,244.05,178.52999999999992,0.3669971433372543,-4.440892098500626e-16
2025-06-30,176.23,2025-09-30,64,243.1,176.2299999999999,0.3794473131702889,-4.440892098500626e-16
2025-07-01,175.84,2025-10-01,64,244.9,175.83999999999995,0.3927434030937216,-3.3306690738754696e-16
2025-07-02,178.64,2025-10-02,64,245.69,178.63999999999996,0.37533587102552635,-1.1102230246251565e-16
2025-07-03,179.53,2025-10-03,64,245.35,179.53000000000006,0.36662396256893004,2.220446049250313e-16
2025-07-07,176.79,2025-10-07,65,245.76,176.79000000000005,0.39012387578482954,2.220446049250313e-16
2025-07-08,174.36,2025-10-08,65,244.62,174.3600000000001,0.40295939435650374,4.440892098500626e-16
2025-07-09,176.62,2025-10-09,65,241.53,176.62000000000003,0.36751217302683714,2.220446049250313e-16
2025-07-10,177.62,2025-10-10,65,236.57,177.61999999999992,0.3318883008670195,-4.440892098500626e-16
2025-07-11,180.19,2025-10-13,65,244.15,180.18999999999997,0.3549586547533159,-1.1102230246251565e-16
2025-07-14,181.56,2025-10-14,65,245.45,181.56,0.35189469046045385,0.0
2025-07-15,182.0,2025-10-15,65,251.03,181.99999999999997,0.3792857142857142,-1.1102230246251565e-16
2025-07-16,182.97,2025-10-16,65,251.46,182.9699999999999,0.37432365961633063,-4.440892098500626e-16
2025-07-17,183.58,2025-10-17,65,253.3,183.58000000000007,0.3797799324545157,2.220446049250313e-16
2025-07-18,185.06,2025-10-20,65,256.55,185.06000000000003,0.38630714362909324,2.220446049250313e-16
2025-07-21,190.1,2025-10-21,65,250.46,190.10000000000005,0.3175170962651237,2.220446049250313e-16
2025-07-22,191.34,2025-10-22,65,251.69,191.34000000000003,0.3154071286714748,2.220446049250313e-16
2025-07-23,190.23,2025-10-23,65,253.08,190.23000000000008,0.3303895284655418,4.440892098500626e-16
2025-07-24,192.17,2025-10-24,65,259.92,192.17000000000004,0.35255242753811755,2.220446049250313e-16
2025-07-25,193.18,2025-10-27,65,269.27,193.18000000000004,0.39388135417745085,2.220446049250313e-16
2025-07-28,192.58,2025-10-28,65,267.47,192.57999999999998,0.38887734967286325,-1.1102230246251565e-16
2025-07-29,195.75,2025-10-29,65,274.57,195.75000000000009,0.4026564495530012,4.440892098500626e-16
2025-07-30,196.53,2025-10-30,65,281.48,196.53000000000014,0.4322495293339441,6.661338147750939e-16
2025-07-31,191.9,2025-10-31,65,281.19,191.89999999999998,0.46529442417926004,-1.1102230246251565e-16
2025-08-01,189.13,2025-11-03,65,283.72,189.13000000000005,0.500132184211918,2.220446049250313e-16
2025-08-04,195.04,2025-11-04,65,277.54,195.0399999999999,0.4229901558654636,-4.440892098500626e-16
2025-08-05,194.67,2025-11-05,65,284.31,194.66999999999996,0.4604715672676838,-1.1102230246251565e-16
2025-08-06,196.09,2025-11-06,65,284.75,196.08999999999992,0.45213932377989696,-4.440892098500626e-16
2025-08-07,196.52,2025-11-07,65,278.83,196.52000000000018,0.418837777325463,8.881784197001252e-16
2025-08-08,201.42,2025-11-10,65,290.1,201.42000000000002,0.44027405421507315,2.220446049250313e-16
2025-08-11,201.0,2025-11-11,65,291.31,201.0,0.44930348258706476,0.0
2025-08-12,203.34,2025-11-12,65,286.71,203.33999999999992,0.41000295072292703,-4.440892098500626e-16
2025-08-13,201.96,2025-11-13,65,278.57,201.96,0.3793325410972468,0.0
2025-08-14,202.94,2025-11-14,65,276.41,202.94000000000003,0.36202818567064177,2.220446049250313e-16
2025-08-15,203.9,2025-11-17,65,285.02,203.90000000000003,0.39784207945071093,2.220446049250313e-16
2025-08-18,203.5,2025-11-18,65,284.28,203.50000000000009,0.3969533169533168,4.440892098500626e-16
2025-08-19,201.57,2025-11-19,65,292.81,201.56999999999994,0.45264672322270183,-3.3306690738754696e-16
2025-08-20,199.32,2025-11-20,65,289.45,199.32000000000002,0.45218743728677513,2.220446049250313e-16
2025-08-21,199.75,2025-11-21,65,299.66,199.74999999999994,0.5001752190237798,-3.3306690738754696e-16
2025-08-22,206.09,2025-11-24,65,318.58,206.09000000000003,0.5458294919695277,2.220446049250313e-16
2025-08-25,208.49,2025-11-25,65,323.44,208.49000000000007,0.5513453882680224,2.220446049250313e-16
2025-08-26,207.14,2025-11-26,65,319.95,207.14000000000007,0.5446075118277494,4.440892098500626e-16
2025-08-27,207.48,2025-11-28,65,320.18,207.4799999999999,0.5431848852901486,-4.440892098500626e-16
2025-08-28,211.64,2025-11-28,64,320.18,211.63999999999996,0.5128520128520129,-1.1102230246251565e-16
2025-08-29,212.91,2025-12-01,64,314.89,212.90999999999994,0.4789817293692169,-2.220446049250313e-16
2025-09-02,211.35,2025-12-02,64,315.81,211.3500000000001,0.494251242015614,4.440892098500626e-16
2025-09-03,230.66,2025-12-03,64,319.63,230.65999999999988,0.38571924044047523,-4.440892098500626e-16
2025-09-04,232.3,2025-12-04,64,317.62,232.3000000000002,0.3672836848902281,8.881784197001252e-16
2025-09-05,235.0,2025-12-05,64,321.27,235.0,0.36710638297872333,0.0
2025-09-08,234.04,2025-12-08,64,313.72,234.0399999999999,0.34045462314134345,-3.3306690738754696e-16
2025-09-09,239.63,2025-12-09,64,317.08,239.63,0.32320661019071073,0.0
2025-09-10,239.17,2025-12-10,64,320.21,239.16999999999987,0.33883848308734366,-4.440892098500626e-16
2025-09-11,240.37,2025-12-11,64,312.43,240.36999999999998,0.2997878270998877,-1.1102230246251565e-16
2025-09-12,240.8,2025-12-12,64,309.29,240.79999999999993,0.28442691029900335,-3.3306690738754696e-16
2025-09-15,251.61,2025-12-15,64,308.22,251.61000000000004,0.22499105758912608,2.220446049250313e-16
2025-09-16,251.16,2025-12-16,64,306.57,251.15999999999994,0.2206163401815575,-2.220446049250313e-16
2025-09-17,249.53,2025-12-17,64,296.72,249.52999999999994,0.1891155372099549,-2.220446049250313e-16
2025-09-18,252.03,2025-12-18,64,302.46,252.03,0.20009522675871905,0.0
2025-09-19,254.72,2025-12-19,64,307.16,254.72,0.20587311557788945,0.0
2025-09-22,252.53,2025-12-22,64,309.78,252.53000000000003,0.22670573793212667,2.220446049250313e-16
2025-09-23,251.66,2025-12-23,64,314.35,251.66000000000003,0.2491059365811017,2.220446049250313e-16
2025-09-24,247.14,2025-12-24,64,314.09,247.14000000000004,0.2708990855385611,2.220446049250313e-16
2025-09-25,245.79,2025-12-26,64,313.51,245.7899999999999,0.2755197526343627,-3.3306690738754696e-16
2025-09-26,246.54,2025-12-26,63,313.51,246.53999999999988,0.271639490549201,-4.440892098500626e-16
2025-09-29,244.05,2025-12-29,63,313.56,244.05,0.284818684695759,0.0
2025-09-30,243.1,2025-12-30,63,313.85,243.09999999999988,0.2910324969148499,-4.440892098500626e-16
2025-10-01,244.9,2026-01-02,64,315.15,244.89999999999995,0.28685177623519786,-2.220446049250313e-16
2025-10-02,245.69,2026-01-02,63,315.15,245.69000000000005,0.28271398917334856,2.220446049250313e-16
2025-10-03,245.35,2026-01-05,63,316.54,245.34999999999997,0.2901569186875892,-1.1102230246251565e-16
2025-10-06,250.43,2026-01-06,63,314.34,250.43000000000004,0.2552010541867986,2.220446049250313e-16
2025-10-07,245.76,2026-01-07,63,321.98,245.76000000000025,0.3101399739583335,1.1102230246251565e-15
2025-10-08,244.62,2026-01-08,63,325.44,244.62,0.33038999264164826,0.0
2025-10-09,241.53,2026-01-09,63,328.57,241.53000000000006,0.3603693123007494,2.220446049250313e-16
2025-10-10,236.57,2026-01-12,63,331.86,236.57,0.4027983260768484,0.0
2025-10-13,244.15,2026-01-13,63,335.97,244.14999999999995,0.37608027851730497,-2.220446049250313e-16
2025-10-14,245.45,2026-01-14,63,335.84,245.45000000000005,0.36826237522917094,2.220446049250313e-16
2025-10-15,251.03,2026-01-15,63,332.78,251.03000000000003,0.3256582878540413,2.220446049250313e-16
2025-10-16,251.46,2026-01-16,63,330.0,251.4600000000003,0.3123359580052494,1.1102230246251565e-15
2025-10-17,253.3,2026-01-20,63,322.0,253.29999999999998,0.27121989735491514,-1.1102230246251565e-16
2025-10-20,256.55,2026-01-20,62,322.0,256.5499999999999,0.2551159618008185,-4.440892098500626e-16
2025-10-21,250.46,2026-01-21,62,328.38,250.4600000000001,0.3111075620857622,4.440892098500626e-16
2025-10-22,251.69,2026-01-22,62,330.54,251.6899999999999,0.31328221224522235,-3.3306690738754696e-16
2025-10-23,253.08,2026-01-23,62,327.93,253.0799999999999,0.29575628259838793,-4.440892098500626e-16
2025-10-24,259.92,2026-01-26,62,333.26,259.92,0.2821637426900583,0.0
2025-10-27,269.27,2026-01-27,62,334.55,269.27,0.24243324544137868,0.0
2025-10-28,267.47,2026-01-28,62,336.01,267.46999999999997,0.25625303772385677,-2.220446049250313e-16
2025-10-29,274.57,2026-01-29,62,338.25,274.5700000000001,0.23192628473613297,4.440892098500626e-16
2025-10-30,281.48,2026-01-30,62,338.0,281.48,0.2007957936620719,0.0
2025-10-31,281.19,2026-02-02,62,343.69,281.1899999999999,0.22226963974536784,-4.440892098500626e-16
2025-11-03,283.72,2026-02-03,62,339.71,283.7200000000001,0.1973424503031156,2.220446049250313e-16
2025-11-04,277.54,2026-02-04,62,333.04,277.54,0.1999711753260791,0.0
2025-11-05,284.31,2026-02-05,62,331.25,284.3100000000001,0.16510147374344908,4.440892098500626e-16
2025-11-06,284.75,2026-02-06,62,322.86,284.7499999999999,0.1338366988586479,-4.440892098500626e-16
2025-11-07,278.83,2026-02-09,62,324.32,278.8299999999999,0.16314600294086,-2.220446049250313e-16
2025-11-10,290.1,2026-02-10,62,318.58,290.09999999999997,0.09817304377800751,-2.220446049250313e-16
2025-11-11,291.31,2026-02-11,62,310.96,291.3100000000001,0.06745391507328957,4.440892098500626e-16
2025-11-12,286.71,2026-02-12,62,309.0,286.7099999999999,0.07774406194412475,-2.220446049250313e-16
2025-11-13,278.57,2026-02-13,62,305.72,278.57,0.09746203826686295,0.0
2025-11-14,276.41,2026-02-17,62,302.02,276.4100000000001,0.09265221952896052,2.220446049250313e-16
2025-11-17,285.02,2026-02-17,61,302.02,285.02000000000004,0.059644937197389725,2.220446049250313e-16
2025-11-18,284.28,2026-02-18,61,303.33,284.2800000000003,0.0670113972140145,1.1102230246251565e-15
2025-11-19,292.81,2026-02-19,61,302.85,292.81000000000006,0.03428844643284057,2.220446049250313e-16
2025-11-20,289.45,2026-02-20,61,314.98,289.44999999999993,0.08820176196234253,-2.220446049250313e-16
2025-11-21,299.66,2026-02-23,61,311.49,299.66,0.039478075151838654,0.0
2025-11-24,318.58,2026-02-24,61,310.9,318.57999999999987,-0.024106974700232264,-3.3306690738754696e-16
2025-11-25,323.44,2026-02-25,61,312.9,323.4400000000003,-0.032587187731882294,8.881784197001252e-16
2025-11-26,319.95,2026-02-26,61,307.38,319.95000000000005,-0.03928738865447723,2.220446049250313e-16
2025-11-28,320.18,2026-03-02,62,306.52,320.18000000000006,-0.04266350178024869,2.220446049250313e-16
2025-12-01,314.89,2026-03-02,61,306.52,314.89000000000004,-0.026580710724379952,2.220446049250313e-16
2025-12-02,315.81,2026-03-02,60,306.52,315.81000000000006,-0.02941642126595112,2.220446049250313e-16
2025-12-03,319.63,2026-03-03,60,303.53,319.6299999999999,-0.05037074116947726,-3.3306690738754696e-16
2025-12-04,317.62,2026-03-04,60,303.03,317.62000000000006,-0.04593539449656836,2.220446049250313e-16
2025-12-05,321.27,2026-03-05,60,300.845,321.2699999999999,-0.0635758085099759,-2.220446049250313e-16
2025-12-08,313.72,2026-03-09,61,306.34,313.71999999999997,-0.023524161672829447,-2.220446049250313e-16
2025-12-09,317.08,2026-03-09,60,306.34,317.08000000000004,-0.03387157815062447,2.220446049250313e-16
2025-12-10,320.21,2026-03-10,60,307.04,320.21,-0.041129258923831125,0.0
2025-12-11,312.43,2026-03-11,60,308.7,312.43,-0.011938674263034965,0.0
2025-12-12,309.29,2026-03-12,60,303.55,309.29,-0.018558634291441667,0.0
2025-12-15,308.22,2026-03-16,61,305.56,308.2200000000001,-0.008630199208357725,2.220446049250313e-16
2025-12-16,306.57,2026-03-16,60,305.56,306.5699999999999,-0.0032945167498450445,-3.3306690738754696e-16
2025-12-17,296.72,2026-03-17,60,310.92,296.7199999999999,0.04785656511188985,-3.3306690738754696e-16
2025-12-18,302.46,2026-03-18,60,307.69,302.46000000000004,0.017291542683329997,2.220446049250313e-16
2025-12-19,307.16,2026-03-19,60,307.13,307.16000000000014,-9.766896731355779e-05,4.440892098500626e-16
2025-12-22,309.78,2026-03-23,61,302.06,309.7800000000001,-0.02492091161469423,4.440892098500626e-16
2025-12-23,314.35,2026-03-23,60,302.06,314.35,-0.039096548433275036,0.0
2025-12-24,314.09,2026-03-24,60,290.44,314.0899999999999,-0.0752968894265974,-2.220446049250313e-16
2025-12-26,313.51,2026-03-26,61,280.92,313.5099999999999,-0.10395202704857887,-3.3306690738754696e-16
2025-12-29,313.56,2026-03-30,62,273.5,313.5599999999999,-0.12775864268401582,-3.3306690738754696e-16
2025-12-30,313.85,2026-03-30,61,273.5,313.85,-0.12856460092400834,0.0
2025-12-31,313.0,2026-03-31,61,287.56,312.9999999999999,-0.08127795527156545,-3.3306690738754696e-16
2026-01-02,315.15,2026-04-02,62,295.77,315.15000000000003,-0.0614945264159924,2.220446049250313e-16
2026-01-05,316.54,2026-04-06,62,299.99,316.53999999999996,-0.05228407152334624,-2.220446049250313e-16
2026-01-06,314.34,2026-04-06,61,299.99,314.34,-0.045651205700833364,0.0
2026-01-07,321.98,2026-04-07,61,305.46,321.9799999999999,-0.051307534629480234,-3.3306690738754696e-16
2026-01-08,325.44,2026-04-08,61,317.32,325.44,-0.02495083579154378,0.0
2026-01-09,328.57,2026-04-09,61,318.49,328.5700000000001,-0.030678394253887964,4.440892098500626e-16
2026-01-12,331.86,2026-04-13,62,321.31,331.8600000000001,-0.03179051407219913,4.440892098500626e-16
2026-01-13,335.97,2026-04-13,61,321.31,335.9700000000001,-0.04363484834955511,2.220446049250313e-16
2026-01-14,335.84,2026-04-14,61,332.91,335.84000000000003,-0.008724392567889372,2.220446049250313e-16
2026-01-15,332.78,2026-04-15,61,337.12,332.78000000000003,0.013041649137568445,2.220446049250313e-16
2026-01-16,330.0,2026-04-16,61,336.02,329.99999999999994,0.01824242424242417,-2.220446049250313e-16
2026-01-20,322.0,2026-04-20,62,337.42,322.00000000000006,0.047888198757763956,2.220446049250313e-16
2026-01-21,328.38,2026-04-21,62,332.29,328.38000000000005,0.01190693708508439,2.220446049250313e-16
2026-01-22,330.54,2026-04-22,62,339.32,330.54,0.026562594542264062,0.0
2026-01-23,327.93,2026-04-23,62,338.89,327.9299999999999,0.033421766840484146,-3.3306690738754696e-16
2026-01-26,333.26,2026-04-27,63,350.34,333.2600000000001,0.051251275280561615,4.440892098500626e-16
2026-01-27,334.55,2026-04-27,62,350.34,334.55,0.047197728291735075,0.0
2026-01-28,336.01,2026-04-28,62,349.78,336.00999999999993,0.0409809231868099,-2.220446049250313e-16
2026-01-29,338.25,2026-04-29,62,349.94,338.2500000000001,0.03456023651145612,4.440892098500626e-16
2026-01-30,338.0,2026-04-30,62,384.8,338.00000000000006,0.1384615384615384,2.220446049250313e-16
2026-02-02,343.69,2026-05-04,63,383.25,343.6900000000001,0.11510372719601958,2.220446049250313e-16
2026-02-03,339.71,2026-05-04,62,383.25,339.7099999999999,0.12816814341644345,-2.220446049250313e-16
2026-02-04,333.04,2026-05-04,61,383.25,333.04,0.15076267115061248,0.0
2026-02-05,331.25,2026-05-05,61,388.43,331.24999999999994,0.1726188679245284,-2.220446049250313e-16
2026-02-06,322.86,2026-05-06,61,398.04,322.8599999999999,0.2328563464040141,-3.3306690738754696e-16
2026-02-09,324.32,2026-05-11,63,388.64,324.3199999999999,0.19832264430192392,-3.3306690738754696e-16
2026-02-10,318.58,2026-05-11,62,388.64,318.57999999999987,0.219913365559671,-3.3306690738754696e-16
2026-02-11,310.96,2026-05-11,61,388.64,310.9600000000002,0.24980704913815277,6.661338147750939e-16
2026-02-12,309.0,2026-05-12,61,387.35,309.0000000000001,0.2535598705501618,4.440892098500626e-16
2026-02-13,305.72,2026-05-13,61,402.62,305.7200000000001,0.31695669239827273,2.220446049250313e-16
2026-02-17,302.02,2026-05-18,63,396.94,302.01999999999987,0.3142838222634263,-3.3306690738754696e-16
2026-02-18,303.33,2026-05-18,62,396.94,303.3299999999999,0.3086077868987571,-2.220446049250313e-16
2026-02-19,302.85,2026-05-19,62,387.66,302.85000000000014,0.28003962357602763,4.440892098500626e-16
2026-02-20,314.98,2026-05-20,62,388.91,314.9799999999999,0.23471331513111937,-3.3306690738754696e-16
2026-02-23,311.49,2026-05-26,64,388.88,311.48999999999995,0.24845099361135192,-2.220446049250313e-16
2026-02-24,310.9,2026-05-26,63,388.88,310.8999999999999,0.2508201994210357,-2.220446049250313e-16
2026-02-25,312.9,2026-05-26,62,388.88,312.9000000000001,0.24282518376478124,4.440892098500626e-16
2026-02-26,307.38,2026-05-26,61,388.88,307.3799999999999,0.2651441212831023,-3.3306690738754696e-16
2026-02-27,311.76,2026-05-27,61,388.83,311.7600000000001,0.24720939183987678,4.440892098500626e-16
2026-03-02,306.52,2026-06-02,64,361.85,306.5199999999999,0.18051024402975346,-2.220446049250313e-16
2026-03-03,303.53,2026-06-03,64,358.99,303.53,0.18271670016143404,0.0
2026-03-04,303.03,2026-06-04,64,372.19,303.0300000000001,0.2282282282282284,4.440892098500626e-16
2026-03-05,300.845,2026-06-05,64,368.53,300.84500000000014,0.22498296464957024,4.440892098500626e-16
2026-03-06,298.48,2026-06-08,64,363.31,298.4799999999999,0.21720048244438472,-3.3306690738754696e-16
2026-03-09,306.34,2026-06-09,64,364.26,306.34000000000015,0.1890709668995234,6.661338147750939e-16
2026-03-10,307.04,2026-06-10,64,356.38,307.03999999999996,0.16069567483064096,-2.220446049250313e-16
2026-03-11,308.7,2026-06-11,64,357.77,308.7,0.15895691609977325,0.0
2026-03-12,303.55,2026-06-12,64,359.68,303.55000000000007,0.18491187613243287,2.220446049250313e-16
2026-03-13,302.28,2026-06-15,64,369.35,302.27999999999986,0.221880375810507,-3.3306690738754696e-16
2026-03-16,305.56,2026-06-16,64,373.25,305.5599999999999,0.22152768687000912,-3.3306690738754696e-16
2026-03-17,310.92,2026-06-17,64,363.79,310.92,0.1700437411552811,0.0
2026-03-18,307.69,2026-06-18,64,368.03,307.68999999999994,0.19610647079853094,-2.220446049250313e-16
2026-03-19,307.13,2026-06-22,64,349.68,307.1300000000001,0.1385406830983622,4.440892098500626e-16
2026-03-20,301.0,2026-06-22,63,349.68,300.9999999999999,0.16172757475083066,-3.3306690738754696e-16
2026-03-23,302.06,2026-06-23,63,346.13,302.0599999999999,0.1458981659272991,-3.3306690738754696e-16
2026-03-24,290.44,2026-06-24,63,345.29,290.4399999999999,0.18885139787908,-4.440892098500626e-16
2026-03-25,290.93,2026-06-25,63,343.71,290.9300000000001,0.1814182105661155,4.440892098500626e-16
2026-03-26,280.92,2026-06-26,63,337.39,280.9199999999999,0.20101808344012517,-4.440892098500626e-16
2026-03-27,274.34,2026-06-29,63,353.65,274.34,0.28909382518043314,0.0
2026-03-30,273.5,2026-06-30,63,357.37,273.49999999999994,0.306654478976234,-2.220446049250313e-16
2026-03-31,287.56,2026-06-30,62,357.37,287.5600000000001,0.2427667269439422,4.440892098500626e-16
2026-04-01,297.39,2026-07-01,62,361.21,297.3900000000001,0.21460035643431175,4.440892098500626e-16
2026-04-02,295.77,2026-07-02,62,359.91,295.7699999999999,0.21685769347804063,-2.220446049250313e-16
2026-04-06,299.99,2026-07-06,62,366.46,299.9900000000001,0.22157405246841555,4.440892098500626e-16
2026-04-07,305.46,2026-07-07,62,367.03,305.4599999999999,0.20156485300857718,-2.220446049250313e-16
2026-04-08,317.32,2026-07-08,62,361.92,317.3199999999999,0.14055212403882522,-3.3306690738754696e-16
2026-04-09,318.49,2026-07-09,62,358.89,318.4899999999999,0.1268485666739929,-3.3306690738754696e-16
2026-04-10,317.24,2026-07-10,62,357.18,317.24,0.12589837347118893,0.0
2026-04-13,321.31,2026-07-13,62,352.51,321.3099999999999,0.09710248669509203,-3.3306690738754696e-16
2026-04-14,332.91,2026-07-14,62,359.51,332.91000000000014,0.07990147487308863,4.440892098500626e-16
2026-04-15,337.12,2026-07-15,62,370.92,337.1199999999999,0.10026103464641678,-3.3306690738754696e-16
2026-04-16,336.02,2026-07-16,62,354.46,336.02,0.054877685852032565,0.0
2026-04-17,341.68,2026-07-17,62,346.77,341.67999999999995,0.01489697963006309,-1.1102230246251565e-16
2026-04-20,337.42,2026-07-20,62,351.99,337.42000000000013,0.04318060577322025,4.440892098500626e-16
2026-04-21,332.29,2026-07-21,62,347.15,332.2899999999999,0.044719973517108436,-3.3306690738754696e-16
2026-04-22,339.32,2026-07-22,62,342.09,339.32,0.008163385594718742,0.0
2026-04-23,338.89,2026-07-23,62,317.69,338.89,-0.06255717194369848,0.0
2026-04-24,344.4,2026-07-24,62,319.74,344.39999999999986,-0.07160278745644588,-3.3306690738754696e-16
2026-04-27,350.34,2026-07-27,62,326.56,350.3400000000001,-0.06787691956385222,2.220446049250313e-16
2026-04-28,349.78,2026-07-28,62,333.71,349.7800000000001,-0.04594316427468692,2.220446049250313e-16
2026-04-29,349.94,2026-07-29,62,336.71,349.94000000000017,-0.037806481111047674,4.440892098500626e-16
2026-04-30,384.8,2026-07-30,62,333.66,384.79999999999995,-0.13290020790020785,-1.1102230246251565e-16
2026-05-01,385.69,2026-08-03,63,373.51,385.6899999999999,-0.03157976613342328,-3.3306690738754696e-16
2026-05-04,383.25,2026-08-04,63,377.65,383.25000000000006,-0.01461187214611881,2.220446049250313e-16
2026-05-05,388.43,2026-08-05,63,362.43,388.4299999999999,-0.06693612748757816,-3.3306690738754696e-16
2026-05-06,398.04,2026-08-06,63,357.75,398.03999999999985,-0.1012209828157975,-4.440892098500626e-16
2026-05-07,397.99,2026-08-07,63,354.3,397.98999999999984,-0.10977662755345607,-4.440892098500626e-16
2026-05-08,400.8,2026-08-10,63,357.52,400.7999999999999,-0.10798403193612782,-3.3306690738754696e-16
2026-05-11,388.64,2026-08-11,63,343.8,388.6400000000004,-0.11537669822972407,1.1102230246251565e-15
2026-05-12,387.35,2026-08-12,63,343.54,387.3499999999999,-0.11310184587582295,-3.3306690738754696e-16
2026-05-13,402.62,2026-08-13,63,346.36,402.61999999999983,-0.1397347374695742,-4.440892098500626e-16
2026-05-14,401.07,2026-08-14,63,345.9,401.0699999999998,-0.13755703493155813,-4.440892098500626e-16
2026-05-15,396.78,2026-08-17,63,344.0,396.77999999999986,-0.13302081758153128,-3.3306690738754696e-16
2026-05-18,396.94,2026-08-18,63,344.2,396.94000000000017,-0.13286642817554295,4.440892098500626e-16
2026-05-19,387.66,2026-08-19,63,344.72,387.6599999999999,-0.1107671671051953,-3.3306690738754696e-16
2026-05-20,388.91,2026-08-20,63,340.67,388.90999999999997,-0.12403898074104547,-1.1102230246251565e-16
2026-05-21,387.66,2026-08-21,63,344.82,387.6599999999999,-0.11050920910075845,-3.3306690738754696e-16
2026-05-22,382.97,2026-08-24,63,348.06,382.96999999999997,-0.09115596521920788,-1.1102230246251565e-16
