Date,Current_Close,Future_Date,Forecast_Steps,Actual_Future_Price,Predicted_Future_Price,Actual_Return,Predicted_Return
2022-03-25,141.161,2022-04-25,20,122.629,141.16099999999997,-0.1312827197313705,-2.220446049250313e-16
2022-03-28,140.945,2022-04-27,21,113.881,140.94499999999996,-0.19201816311327113,-2.220446049250313e-16
2022-03-29,141.991,2022-04-28,21,118.094,141.991,-0.16829939925769954,0.0
2022-03-30,141.425,2022-04-29,21,113.698,141.42499999999998,-0.19605444581933895,-2.220446049250313e-16
2022-03-31,138.566,2022-05-02,21,116.162,138.56600000000003,-0.16168468455465268,2.220446049250313e-16
2022-04-01,139.644,2022-05-02,20,116.162,139.64400000000006,-0.16815616854286608,4.440892098500626e-16
2022-04-04,142.456,2022-05-04,21,121.819,142.45599999999993,-0.14486578311899811,-4.440892098500626e-16
2022-04-05,140.083,2022-05-05,21,116.085,140.08300000000003,-0.17131272174353784,2.220446049250313e-16
2022-04-06,136.054,2022-05-06,21,115.328,136.05399999999995,-0.15233657224337394,-4.440892098500626e-16
2022-04-07,135.397,2022-05-09,21,112.105,135.397,-0.17202744521665903,0.0
2022-04-08,132.807,2022-05-09,20,112.105,132.80699999999993,-0.1558803376328054,-4.440892098500626e-16
2022-04-11,128.358,2022-05-11,21,113.192,128.35799999999998,-0.11815391327381242,-2.220446049250313e-16
2022-04-12,127.253,2022-05-12,21,112.437,127.25299999999996,-0.11642947514007529,-3.3306690738754696e-16
2022-04-13,129.425,2022-05-13,21,115.631,129.42499999999998,-0.10657909986478664,-2.220446049250313e-16
2022-04-14,126.272,2022-05-16,21,114.032,126.27199999999999,-0.09693360364926518,-1.1102230246251565e-16
2022-04-18,127.215,2022-05-18,22,111.495,127.21499999999995,-0.12357033368706516,-4.440892098500626e-16
2022-04-19,129.54,2022-05-19,22,109.985,129.54,-0.1509572332870155,0.0
2022-04-20,127.578,2022-05-20,22,108.515,127.57799999999999,-0.14942231419210206,-1.1102230246251565e-16
2022-04-21,124.363,2022-05-23,22,111.085,124.36300000000004,-0.10676809018759603,4.440892098500626e-16
2022-04-22,119.204,2022-05-23,21,111.085,119.20399999999995,-0.06811013053253245,-3.3306690738754696e-16
2022-04-25,122.629,2022-05-25,22,105.423,122.629,-0.14030938848070196,0.0
2022-04-26,118.222,2022-05-26,22,107.402,118.2220000000001,-0.09152272842618114,8.881784197001252e-16
2022-04-27,113.881,2022-05-27,22,111.91,113.88100000000004,-0.017307540327183624,4.440892098500626e-16
2022-04-28,118.094,2022-05-31,22,113.351,118.09400000000001,-0.040162921062882107,2.220446049250313e-16
2022-04-29,113.698,2022-05-31,21,113.351,113.69800000000001,-0.00305194462523517,2.220446049250313e-16
2022-05-02,116.162,2022-06-01,21,113.48,116.16199999999999,-0.023088445446875938,-1.1102230246251565e-16
2022-05-03,116.91,2022-06-02,21,117.197,116.91000000000004,0.002454879822085365,4.440892098500626e-16
2022-05-04,121.819,2022-06-03,21,114.127,121.81899999999999,-0.06314285948825726,-1.1102230246251565e-16
2022-05-05,116.085,2022-06-06,21,116.398,116.08499999999995,0.002696300124908513,-3.3306690738754696e-16
2022-05-06,115.328,2022-06-06,20,116.398,115.32799999999997,0.009277885682574816,-2.220446049250313e-16
2022-05-09,112.105,2022-06-08,21,116.771,112.10499999999998,0.04162169394763837,-2.220446049250313e-16
2022-05-10,113.982,2022-06-09,21,114.421,113.98199999999996,0.003851485322243997,-3.3306690738754696e-16
2022-05-11,113.192,2022-06-10,21,110.761,113.19199999999994,-0.021476782811506112,-5.551115123125783e-16
2022-05-12,112.437,2022-06-13,21,106.008,112.43699999999995,-0.05717868673123616,-3.3306690738754696e-16
2022-05-13,115.631,2022-06-13,20,106.008,115.63099999999999,-0.0832216274182529,-1.1102230246251565e-16
2022-05-16,114.032,2022-06-15,21,109.368,114.03199999999995,-0.04090079977550165,-3.3306690738754696e-16
2022-05-17,116.052,2022-06-16,21,105.651,116.05200000000004,-0.08962361699927623,2.220446049250313e-16
2022-05-18,111.495,2022-06-17,21,106.756,111.49499999999996,-0.04250414816807935,-3.3306690738754696e-16
2022-05-19,109.985,2022-06-21,21,111.141,109.98500000000003,0.010510524162385737,2.220446049250313e-16
2022-05-20,108.515,2022-06-21,20,111.141,108.51499999999996,0.024199419435101177,-4.440892098500626e-16
2022-05-23,111.085,2022-06-22,20,111.085,111.08499999999997,0.0,-2.220446049250313e-16
2022-05-24,105.588,2022-06-23,20,111.836,105.588,0.05917339091563445,0.0
2022-05-25,105.423,2022-06-24,20,117.549,105.42300000000002,0.11502233857886801,2.220446049250313e-16
2022-05-26,107.402,2022-06-27,20,115.416,107.40200000000002,0.07461686002122869,2.220446049250313e-16
2022-05-27,111.91,2022-06-27,19,115.416,111.91000000000001,0.0313287463140024,2.220446049250313e-16
2022-05-31,113.351,2022-06-30,21,108.57,113.35100000000001,-0.04217871919965421,2.220446049250313e-16
2022-06-01,113.48,2022-07-01,21,108.345,113.47999999999996,-0.04525026436376456,-3.3306690738754696e-16
2022-06-02,117.197,2022-07-05,21,112.854,117.19699999999996,-0.037057262557915305,-3.3306690738754696e-16
2022-06-03,114.127,2022-07-05,20,112.854,114.127,-0.011154240451426878,0.0
2022-06-06,116.398,2022-07-06,20,114.158,116.39799999999995,-0.019244316912661708,-3.3306690738754696e-16
2022-06-07,116.726,2022-07-07,20,118.354,116.72600000000001,0.013947192570635591,2.220446049250313e-16
2022-06-08,116.771,2022-07-08,20,118.923,116.77099999999997,0.018429233285661706,-2.220446049250313e-16
2022-06-09,114.421,2022-07-11,20,115.258,114.421,0.007315090761311094,0.0
2022-06-10,110.761,2022-07-11,19,115.258,110.76100000000011,0.04060093354158956,1.1102230246251565e-15
2022-06-13,106.008,2022-07-13,20,110.952,106.00799999999997,0.04663798958569165,-2.220446049250313e-16
2022-06-14,106.33,2022-07-14,20,109.968,106.33,0.03421423869086815,0.0
2022-06-15,109.368,2022-07-15,20,111.374,109.36799999999997,0.01834174530027055,-2.220446049250313e-16
2022-06-16,105.651,2022-07-18,20,108.636,105.65100000000004,0.02825340034642365,4.440892098500626e-16
2022-06-17,106.756,2022-07-18,19,108.636,106.75600000000003,0.01761025141444028,2.220446049250313e-16
2022-06-21,111.141,2022-07-21,21,113.927,111.14100000000002,0.0250672569078918,2.220446049250313e-16
2022-06-22,111.085,2022-07-22,21,107.51,111.08499999999997,-0.03218256290228194,-2.220446049250313e-16
2022-06-23,111.836,2022-07-25,21,107.122,111.83599999999998,-0.04215100683143169,-1.1102230246251565e-16
2022-06-24,117.549,2022-07-25,20,107.122,117.549,-0.0887034343124995,0.0
2022-06-27,115.416,2022-07-27,21,112.651,115.41599999999998,-0.02395681707908781,-1.1102230246251565e-16
2022-06-28,111.604,2022-07-28,21,113.808,111.60399999999997,0.019748396114834588,-2.220446049250313e-16
2022-06-29,111.298,2022-07-29,21,115.9,111.29800000000003,0.041348451903897576,2.220446049250313e-16
2022-06-30,108.57,2022-08-01,21,114.445,108.57,0.05411255411255422,0.0
2022-07-01,108.345,2022-08-01,20,114.445,108.34500000000003,0.056301629055332425,2.220446049250313e-16
2022-07-05,112.854,2022-08-04,22,117.764,112.85400000000003,0.04350754071632368,2.220446049250313e-16
2022-07-06,114.158,2022-08-05,22,117.046,114.15800000000004,0.0252982708176388,4.440892098500626e-16
2022-07-07,118.354,2022-08-08,22,116.877,118.354,-0.012479510620680312,0.0
2022-07-08,118.923,2022-08-08,21,116.877,118.92300000000006,-0.017204409575944157,4.440892098500626e-16
2022-07-11,115.258,2022-08-10,22,119.268,115.25799999999995,0.03479151121831037,-3.3306690738754696e-16
2022-07-12,113.608,2022-08-11,22,118.411,113.60799999999996,0.042276952327300776,-3.3306690738754696e-16
2022-07-13,110.952,2022-08-12,22,121.241,110.95199999999998,0.09273379479414534,-1.1102230246251565e-16
2022-07-14,109.968,2022-08-15,22,121.639,109.96799999999996,0.10613087443619951,-3.3306690738754696e-16
2022-07-15,111.374,2022-08-15,21,121.639,111.37400000000002,0.09216693303643586,2.220446049250313e-16
2022-07-18,108.636,2022-08-17,22,119.118,108.63600000000008,0.0964873522589198,8.881784197001252e-16
2022-07-19,113.399,2022-08-18,22,119.736,113.39899999999996,0.05588232700464735,-3.3306690738754696e-16
2022-07-20,113.488,2022-08-19,22,116.787,113.48800000000003,0.029069152685746502,2.220446049250313e-16
2022-07-21,113.927,2022-08-22,22,113.828,113.92700000000002,-0.0008689775031379687,2.220446049250313e-16
2022-07-22,107.51,2022-08-22,21,113.828,107.50999999999999,0.05876662636033858,-1.1102230246251565e-16
2022-07-25,107.122,2022-08-24,22,113.28,107.12200000000001,0.05748585724687749,2.220446049250313e-16
2022-07-26,104.641,2022-08-25,22,116.229,104.64099999999998,0.110740531913877,-2.220446049250313e-16
2022-07-27,112.651,2022-08-26,22,109.942,112.65099999999997,-0.024047722612315914,-2.220446049250313e-16
2022-07-28,113.808,2022-08-29,22,109.025,113.80800000000005,-0.04202692253620133,4.440892098500626e-16
2022-07-29,115.9,2022-08-29,21,109.025,115.89999999999996,-0.059318377911993125,-3.3306690738754696e-16
2022-08-01,114.445,2022-08-31,22,107.829,114.44500000000001,-0.057809428109572236,2.220446049250313e-16
2022-08-02,114.715,2022-09-01,22,109.344,114.71499999999999,-0.04682038094407892,-1.1102230246251565e-16
2022-08-03,117.654,2022-09-02,22,107.46,117.65399999999997,-0.0866438880106074,-2.220446049250313e-16
2022-08-04,117.764,2022-09-06,22,106.425,117.76399999999998,-0.09628579192282871,-1.1102230246251565e-16
2022-08-05,117.046,2022-09-06,21,106.425,117.04599999999996,-0.09074210139603245,-3.3306690738754696e-16
2022-08-08,116.877,2022-09-07,21,109.055,116.87699999999995,-0.06692505796692239,-3.3306690738754696e-16
2022-08-09,116.209,2022-09-08,21,107.989,116.20899999999997,-0.07073462468483505,-2.220446049250313e-16
2022-08-10,119.268,2022-09-09,21,110.251,119.26800000000003,-0.07560284401515915,2.220446049250313e-16
2022-08-11,118.411,2022-09-12,21,110.459,118.41099999999999,-0.06715592301390916,-1.1102230246251565e-16
2022-08-12,121.241,2022-09-12,20,110.459,121.241,-0.0889303123530818,0.0
2022-08-15,121.639,2022-09-14,21,104.621,121.63899999999995,-0.13990578679535348,-3.3306690738754696e-16
2022-08-16,121.26,2022-09-15,21,102.538,121.26000000000002,-0.15439551377206007,2.220446049250313e-16
2022-08-17,119.118,2022-09-16,21,102.429,119.11799999999998,-0.1401047700599405,-1.1102230246251565e-16
2022-08-18,119.736,2022-09-19,21,102.698,119.73599999999995,-0.14229638538117195,-4.440892098500626e-16
2022-08-19,116.787,2022-09-19,20,102.698,116.78699999999998,-0.12063842722220808,-2.220446049250313e-16
2022-08-22,113.828,2022-09-21,21,98.9214,113.828,-0.13095723372105283,0.0
2022-08-23,113.448,2022-09-22,21,99.778,113.44799999999995,-0.12049573372822786,-3.3306690738754696e-16
2022-08-24,113.28,2022-09-23,21,98.3833,113.27999999999997,-0.13150335451977402,-2.220446049250313e-16
2022-08-25,116.229,2022-09-26,21,97.8155,116.22899999999998,-0.1584243175111203,-1.1102230246251565e-16
2022-08-26,109.942,2022-09-26,20,97.8155,109.94199999999996,-0.11029906678066614,-2.220446049250313e-16
2022-08-29,109.025,2022-09-28,21,99.6887,109.02499999999996,-0.0856344875028664,-4.440892098500626e-16
2022-08-30,108.547,2022-09-29,21,97.0681,108.54699999999997,-0.10575050438980349,-2.220446049250313e-16
2022-08-31,107.829,2022-09-30,21,95.3045,107.82899999999995,-0.11615149913288625,-4.440892098500626e-16
2022-09-01,109.344,2022-10-03,21,98.2837,109.34399999999998,-0.10115141205736022,-1.1102230246251565e-16
2022-09-02,107.46,2022-10-03,20,98.2837,107.45999999999995,-0.08539270426205103,-4.440892098500626e-16
2022-09-06,106.425,2022-10-06,22,101.054,106.42499999999998,-0.05046746535118629,-1.1102230246251565e-16
2022-09-07,109.055,2022-10-07,22,98.3236,109.05500000000005,-0.09840355783778831,4.440892098500626e-16
2022-09-08,107.989,2022-10-10,22,97.5066,107.98899999999996,-0.09706914593153004,-4.440892098500626e-16
2022-09-09,110.251,2022-10-10,21,97.5066,110.25099999999996,-0.11559441637717571,-3.3306690738754696e-16
2022-09-12,110.459,2022-10-12,22,97.2077,110.459,-0.11996577915787754,0.0
2022-09-13,103.943,2022-10-13,22,98.7022,103.94300000000001,-0.050419941698815585,2.220446049250313e-16
2022-09-14,104.621,2022-10-14,22,96.2112,104.621,-0.0803834794161783,0.0
2022-09-15,102.538,2022-10-17,22,99.6089,102.53800000000004,-0.02856599504573909,4.440892098500626e-16
2022-09-16,102.429,2022-10-17,21,99.6089,102.42899999999997,-0.027532241845571015,-2.220446049250313e-16
2022-09-19,102.698,2022-10-19,22,99.2701,102.69800000000001,-0.03337844943426349,2.220446049250313e-16
2022-09-20,100.775,2022-10-20,22,99.6089,100.77499999999999,-0.01157132225254276,-1.1102230246251565e-16
2022-09-21,98.9214,2022-10-21,22,100.765,98.92140000000005,0.018637018885701018,4.440892098500626e-16
2022-09-22,99.778,2022-10-24,22,102.149,99.77800000000005,0.023762753312353446,4.440892098500626e-16
2022-09-23,98.3833,2022-10-24,21,102.149,98.38330000000003,0.03827580493843974,2.220446049250313e-16
2022-09-26,97.8155,2022-10-26,22,94.5871,97.8155,-0.03300499409602764,0.0
2022-09-27,97.1478,2022-10-27,22,91.8869,97.14779999999998,-0.0541535680684484,-3.3306690738754696e-16
2022-09-28,99.6887,2022-10-28,22,95.9421,99.68870000000001,-0.03758299586613123,2.220446049250313e-16
2022-09-29,97.0681,2022-10-31,22,94.1687,97.06810000000004,-0.02986975123650304,4.440892098500626e-16
2022-09-30,95.3045,2022-10-31,21,94.1687,95.30450000000002,-0.011917590460051808,2.220446049250313e-16
2022-10-03,98.2837,2022-11-02,22,86.6559,98.28370000000001,-0.11830852928817281,2.220446049250313e-16
2022-10-04,101.272,2022-11-03,22,83.1287,101.27200000000002,-0.17915415909629517,2.220446049250313e-16
2022-10-05,101.064,2022-11-04,22,86.2672,101.06399999999996,-0.1464101955196706,-3.3306690738754696e-16
2022-10-06,101.054,2022-11-07,22,88.1705,101.05399999999999,-0.12749124230609377,-1.1102230246251565e-16
2022-10-07,98.3236,2022-11-07,21,88.1705,98.32359999999997,-0.1032620856030495,-3.3306690738754696e-16
2022-10-10,97.5066,2022-11-09,22,87.0046,97.50660000000003,-0.10770552967696556,2.220446049250313e-16
2022-10-11,96.829,2022-11-10,22,93.6007,96.82899999999995,-0.03334021832302292,-4.440892098500626e-16
2022-10-12,97.2077,2022-11-11,22,96.0618,97.20770000000003,-0.011788160814421023,2.220446049250313e-16
2022-10-13,98.7022,2022-11-14,22,95.3543,98.70219999999998,-0.033919203422010935,-3.3306690738754696e-16
2022-10-14,96.2112,2022-11-14,21,95.3543,96.21119999999998,-0.008906447482205926,-3.3306690738754696e-16
2022-10-17,99.6089,2022-11-16,22,98.493,99.60890000000005,-0.011202814206361156,4.440892098500626e-16
2022-10-18,100.406,2022-11-17,22,98.0047,100.40600000000013,-0.023915901440152987,1.3322676295501878e-15
2022-10-19,99.2701,2022-11-18,22,97.078,99.27010000000003,-0.022082177815878068,2.220446049250313e-16
2022-10-20,99.6089,2022-11-21,22,95.2547,99.60890000000005,-0.0437129613920042,4.440892098500626e-16
2022-10-21,100.765,2022-11-21,21,95.2547,100.76499999999999,-0.05468466233315139,-1.1102230246251565e-16
2022-10-24,102.149,2022-11-23,22,98.1044,102.149,-0.03959510127362975,0.0
2022-10-25,104.103,2022-11-25,22,97.108,104.10300000000004,-0.06719306840340811,4.440892098500626e-16
2022-10-26,94.5871,2022-11-25,21,97.108,94.58710000000004,0.02665162585595704,2.220446049250313e-16
2022-10-27,91.8869,2022-11-28,21,95.7031,91.88689999999997,0.04153149143131407,-3.3306690738754696e-16
2022-10-28,95.9421,2022-11-28,20,95.7031,95.94209999999998,-0.0024910857694379063,-1.1102230246251565e-16
2022-10-31,94.1687,2022-11-30,21,100.625,94.1687,0.06856099744394895,0.0
2022-11-01,90.1432,2022-12-01,21,100.625,90.14320000000002,0.11627943094986648,2.220446049250313e-16
2022-11-02,86.6559,2022-12-02,21,100.077,86.65589999999996,0.15487808677770354,-4.440892098500626e-16
2022-11-03,83.1287,2022-12-05,21,99.1207,83.12869999999998,0.19237639948657925,-2.220446049250313e-16
2022-11-04,86.2672,2022-12-05,20,99.1207,86.26720000000002,0.14899637405641997,2.220446049250313e-16
2022-11-07,88.1705,2022-12-07,21,94.5971,88.17050000000005,0.07288832432616354,4.440892098500626e-16
2022-11-08,88.5789,2022-12-08,21,93.3716,88.57889999999999,0.05410656488170429,-1.1102230246251565e-16
2022-11-09,87.0046,2022-12-09,21,92.4947,87.00460000000001,0.06310126131262028,2.220446049250313e-16
2022-11-10,93.6007,2022-12-12,21,92.9729,93.60069999999999,-0.006707214796470629,-1.1102230246251565e-16
2022-11-11,96.0618,2022-12-12,20,92.9729,96.06180000000002,-0.03215534166546963,2.220446049250313e-16
2022-11-14,95.3543,2022-12-14,21,94.7266,95.35429999999995,-0.006582817974648103,-4.440892098500626e-16
2022-11-15,98.0844,2022-12-15,21,90.5317,98.08439999999997,-0.07700205129459936,-3.3306690738754696e-16
2022-11-16,98.493,2022-12-16,21,89.9339,98.49300000000001,-0.08690059192023802,2.220446049250313e-16
2022-11-17,98.0047,2022-12-19,21,88.1205,98.00469999999997,-0.10085434678132776,-3.3306690738754696e-16
2022-11-18,97.078,2022-12-19,20,88.1205,97.07800000000005,-0.0922711633943839,4.440892098500626e-16
2022-11-21,95.2547,2022-12-21,21,89.2564,95.25469999999996,-0.06297117097634031,-4.440892098500626e-16
2022-11-22,96.6994,2022-12-22,21,87.443,96.69939999999998,-0.09572344812894396,-1.1102230246251565e-16
2022-11-23,98.1044,2022-12-23,21,88.9077,98.1044,-0.09374401148164602,0.0
2022-11-25,97.108,2022-12-27,21,87.0743,97.108,-0.10332516373522271,0.0
2022-11-28,95.7031,2022-12-28,21,85.7093,95.70310000000002,-0.10442503952327575,2.220446049250313e-16
2022-11-29,94.8462,2022-12-29,21,88.1305,94.84620000000002,-0.07080621047548552,2.220446049250313e-16
2022-11-30,100.625,2022-12-30,21,87.9113,100.625,-0.12634732919254665,0.0
2022-12-01,100.625,2023-01-03,21,88.798,100.625,-0.11753540372670801,0.0
2022-12-02,100.077,2023-01-03,20,88.798,100.07700000000001,-0.11270321852173826,2.220446049250313e-16
2022-12-05,99.1207,2023-01-04,20,87.7618,99.12070000000004,-0.11459664832875482,4.440892098500626e-16
2022-12-06,96.6297,2023-01-05,20,85.8887,96.62969999999997,-0.11115630080606687,-3.3306690738754696e-16
2022-12-07,94.5971,2023-01-06,20,87.0246,94.5971,-0.08005002267511363,0.0
2022-12-08,93.3716,2023-01-09,20,87.7021,93.37159999999999,-0.060719747760560994,-1.1102230246251565e-16
2022-12-09,92.4947,2023-01-09,19,87.7021,92.4947,-0.05181486074337227,0.0
2022-12-12,92.9729,2023-01-11,20,91.1895,92.97289999999997,-0.01918193366023868,-3.3306690738754696e-16
2022-12-13,95.2846,2023-01-12,20,90.8008,95.28459999999995,-0.04705692210493617,-4.440892098500626e-16
2022-12-14,94.7266,2023-01-13,20,91.7873,94.72660000000003,-0.031029299056442472,2.220446049250313e-16
2022-12-15,90.5317,2023-01-17,20,90.9603,90.53169999999997,0.004734253305748171,-3.3306690738754696e-16
2022-12-16,89.9339,2023-01-17,19,90.9603,89.93390000000007,0.01141282653148612,8.881784197001252e-16
2022-12-19,88.1205,2023-01-18,19,90.7908,88.12050000000006,0.0303028239739902,6.661338147750939e-16
2022-12-20,88.6984,2023-01-19,19,92.7138,88.6984,0.04527026417612934,0.0
2022-12-21,89.2564,2023-01-20,19,97.666,89.25640000000003,0.0942184538027524,2.220446049250313e-16
2022-12-22,87.443,2023-01-23,19,99.4295,87.44299999999997,0.1370778678682114,-3.3306690738754696e-16
2022-12-23,88.9077,2023-01-23,18,99.4295,88.90769999999999,0.11834520519595038,-1.1102230246251565e-16
2022-12-27,87.0743,2023-01-26,20,97.1677,87.07429999999998,0.11591709608920198,-1.1102230246251565e-16
2022-12-28,85.7093,2023-01-27,20,99.0111,85.7093,0.15519669394103097,0.0
2022-12-29,88.1305,2023-01-30,20,96.5899,88.1305,0.0959872007988154,0.0
2022-12-30,87.9113,2023-01-30,19,96.5899,87.91130000000004,0.09871995977763959,4.440892098500626e-16
2023-01-03,88.798,2023-02-02,21,107.35,88.79800000000003,0.2089236244059549,2.220446049250313e-16
2023-01-04,87.7618,2023-02-03,21,104.401,87.76180000000001,0.18959501742215856,2.220446049250313e-16
2023-01-05,85.8887,2023-02-06,21,102.528,85.88869999999999,0.19373095645876592,-1.1102230246251565e-16
2023-01-06,87.0246,2023-02-06,20,102.528,87.02459999999999,0.17814962665728995,-1.1102230246251565e-16
2023-01-09,87.7021,2023-02-08,21,99.0111,87.70210000000002,0.12894788152165115,2.220446049250313e-16
2023-01-10,88.1006,2023-02-09,21,94.6668,88.10060000000003,0.07453070694183683,2.220446049250313e-16
2023-01-11,91.1895,2023-02-10,21,94.2284,91.18950000000001,0.03332510870220795,2.220446049250313e-16
2023-01-12,90.8008,2023-02-13,21,94.2683,90.8008,0.03818798953313185,0.0
2023-01-13,91.7873,2023-02-13,20,94.2683,91.78730000000004,0.027029883219138018,4.440892098500626e-16
2023-01-17,90.9603,2023-02-16,22,95.165,90.96029999999998,0.046225661085110836,-3.3306690738754696e-16
2023-01-18,90.7908,2023-02-17,22,94.0092,90.79080000000002,0.03544852562153866,2.220446049250313e-16
2023-01-19,92.7138,2023-02-21,22,91.4585,92.71380000000002,-0.013539516231672155,2.220446049250313e-16
2023-01-20,97.666,2023-02-21,21,91.4585,97.66600000000001,-0.06355845432392027,2.220446049250313e-16
2023-01-23,99.4295,2023-02-22,21,91.3189,99.42949999999998,-0.08157136463524417,-3.3306690738754696e-16
2023-01-24,97.3471,2023-02-23,21,90.5617,97.34709999999995,-0.06970315499896762,-4.440892098500626e-16
2023-01-25,94.8761,2023-02-24,21,88.808,94.87610000000001,-0.06395815173684405,2.220446049250313e-16
2023-01-26,97.1677,2023-02-27,21,89.5454,97.16769999999995,-0.07844479183926345,-4.440892098500626e-16
2023-01-27,99.0111,2023-02-27,20,89.5454,99.0111,-0.0956024122547876,0.0
2023-01-30,96.5899,2023-03-01,21,90.0336,96.58989999999999,-0.0678776973575912,-1.1102230246251565e-16
2023-01-31,98.483,2023-03-02,21,91.6676,98.48299999999999,-0.06920382197942798,-1.1102230246251565e-16
2023-02-01,100.067,2023-03-03,21,93.3117,100.06700000000004,-0.06750776979423778,4.440892098500626e-16
2023-02-02,107.35,2023-03-06,21,94.7864,107.34999999999997,-0.11703400093153227,-2.220446049250313e-16
2023-02-03,104.401,2023-03-06,20,94.7864,104.40099999999995,-0.09209298761506113,-4.440892098500626e-16
2023-02-06,102.528,2023-03-08,21,93.9096,102.52800000000003,-0.08405898876404505,2.220446049250313e-16
2023-02-07,107.252,2023-03-09,21,91.9866,107.25199999999998,-0.14233207772349232,-1.1102230246251565e-16
2023-02-08,99.0111,2023-03-10,21,90.3026,99.0111,-0.08795478486755526,0.0
2023-02-09,94.6668,2023-03-13,21,90.781,94.6668,-0.04104712528573895,0.0
2023-02-10,94.2284,2023-03-13,20,90.781,94.22840000000002,-0.036585572927058,2.220446049250313e-16
2023-02-13,94.2683,2023-03-15,21,95.7628,94.26829999999998,0.01585368570346546,-1.1102230246251565e-16
2023-02-14,94.3381,2023-03-16,21,99.9574,94.33809999999995,0.059565541387838206,-4.440892098500626e-16
2023-02-15,96.5899,2023-03-17,21,101.253,96.58989999999999,0.048277304355838435,-1.1102230246251565e-16
2023-02-16,95.165,2023-03-20,21,100.854,95.16499999999996,0.059780381442757324,-4.440892098500626e-16
2023-02-17,94.0092,2023-03-20,20,100.854,94.00920000000002,0.07280989520174619,2.220446049250313e-16
2023-02-21,91.4585,2023-03-23,22,105.218,91.45849999999997,0.15044528392658973,-3.3306690738754696e-16
2023-02-22,91.3189,2023-03-24,22,105.059,91.31890000000003,0.15046282861488702,2.220446049250313e-16
2023-02-23,90.5617,2023-03-27,22,102.09,90.56170000000002,0.12729774286480922,2.220446049250313e-16
2023-02-24,88.808,2023-03-27,21,102.09,88.80799999999996,0.14955859832447516,-4.440892098500626e-16
2023-02-27,89.5454,2023-03-29,22,101.024,89.54540000000003,0.12818748925126244,2.220446049250313e-16
2023-02-28,89.7348,2023-03-30,22,100.525,89.73479999999998,0.12024543432425316,-3.3306690738754696e-16
2023-03-01,90.0336,2023-03-31,22,103.356,90.03360000000002,0.14797142400170582,2.220446049250313e-16
2023-03-02,91.6676,2023-04-03,22,103.983,91.6676,0.13434845027032472,0.0
2023-03-03,93.3117,2023-04-03,21,103.983,93.3117,0.11436186458932807,0.0
2023-03-06,94.7864,2023-04-05,22,104.093,94.78640000000003,0.09818497168370155,2.220446049250313e-16
2023-03-07,93.521,2023-04-06,22,108.028,93.521,0.15512024037381988,0.0
2023-03-08,93.9096,2023-04-10,22,106.055,93.90960000000003,0.12933076064640892,2.220446049250313e-16
2023-03-09,91.9866,2023-04-10,21,106.055,91.98660000000011,0.1529396672993677,1.3322676295501878e-15
2023-03-10,90.3026,2023-04-10,20,106.055,90.30260000000001,0.17444016008398444,2.220446049250313e-16
2023-03-13,90.781,2023-04-12,21,104.262,90.78099999999999,0.1485002368336985,-1.1102230246251565e-16
2023-03-14,93.6306,2023-04-13,21,107.042,93.63059999999999,0.1432373604355841,-1.1102230246251565e-16
2023-03-15,95.7628,2023-04-14,21,108.477,95.76280000000003,0.13276763001917247,2.220446049250313e-16
2023-03-16,99.9574,2023-04-17,21,105.588,99.95740000000004,0.05632999657854243,2.220446049250313e-16
2023-03-17,101.253,2023-04-17,20,105.588,101.253,0.042813546265295876,0.0
2023-03-20,100.854,2023-04-19,21,103.804,100.85400000000001,0.02925020326412442,2.220446049250313e-16
2023-03-21,104.541,2023-04-20,21,104.91,104.541,0.0035297156139695307,0.0
2023-03-22,102.996,2023-04-21,21,105.029,102.996,0.019738630626431997,0.0
2023-03-23,105.218,2023-04-24,21,105.588,105.21799999999998,0.0035165085821815545,-2.220446049250313e-16
2023-03-24,105.059,2023-04-24,20,105.588,105.059,0.005035265898209573,0.0
2023-03-27,102.09,2023-04-26,21,103.336,102.09000000000003,0.012204917229895251,2.220446049250313e-16
2023-03-28,100.665,2023-04-27,21,107.202,100.66500000000005,0.0649381612278348,4.440892098500626e-16
2023-03-29,101.024,2023-04-28,21,106.952,101.02400000000002,0.0586791257522965,2.220446049250313e-16
2023-03-30,100.525,2023-05-01,21,106.813,100.52500000000005,0.0625516040785874,4.440892098500626e-16
2023-03-31,103.356,2023-05-01,20,106.813,103.35599999999997,0.03344750183830647,-2.220446049250313e-16
2023-04-03,103.983,2023-05-03,21,105.029,103.98299999999999,0.010059336622332493,-1.1102230246251565e-16
2023-04-04,104.341,2023-05-04,21,104.311,104.34099999999997,-0.0002875188085219582,-2.220446049250313e-16
2023-04-05,104.093,2023-05-05,21,105.188,104.09299999999998,0.010519439347506543,-2.220446049250313e-16
2023-04-06,108.028,2023-05-08,21,107.38,108.02800000000002,-0.005998444847632234,2.220446049250313e-16
2023-04-10,106.055,2023-05-10,22,111.346,106.05500000000008,0.04988920842958833,6.661338147750939e-16
2023-04-11,104.97,2023-05-11,22,116.149,104.97000000000004,0.10649709440792599,4.440892098500626e-16
2023-04-12,104.262,2023-05-12,22,117.085,104.26199999999999,0.12298824116168872,-1.1102230246251565e-16
2023-04-13,107.042,2023-05-15,22,116.089,107.04199999999997,0.08451822649053642,-2.220446049250313e-16
2023-04-14,108.477,2023-05-15,21,116.089,108.477,0.07017155710427092,0.0
2023-04-17,105.588,2023-05-17,22,120.403,105.588,0.14030950486797744,0.0
2023-04-18,104.123,2023-05-18,22,122.386,104.12299999999996,0.17539832697866942,-4.440892098500626e-16
2023-04-19,103.804,2023-05-19,22,122.317,103.80400000000004,0.17834572848830477,4.440892098500626e-16
2023-04-20,104.91,2023-05-22,22,124.598,104.90999999999994,0.1876656181488896,-5.551115123125783e-16
2023-04-21,105.029,2023-05-22,21,124.598,105.029,0.18631996877053014,0.0
2023-04-24,105.588,2023-05-24,22,120.463,105.588,0.14087775125961288,0.0
2023-04-25,103.475,2023-05-25,22,123.034,103.47499999999998,0.18902150277844898,-1.1102230246251565e-16
2023-04-26,103.336,2023-05-26,22,124.16,103.336,0.20151738019664012,0.0
2023-04-27,107.202,2023-05-30,22,123.223,107.20200000000001,0.14944683867838293,2.220446049250313e-16
2023-04-28,106.952,2023-05-30,21,123.223,106.95200000000003,0.152133667439599,2.220446049250313e-16
2023-05-01,106.813,2023-05-31,21,122.426,106.81300000000003,0.14617134618445315,2.220446049250313e-16
2023-05-02,104.94,2023-06-01,21,123.273,104.94000000000001,0.17469982847341337,2.220446049250313e-16
2023-05-03,105.029,2023-06-02,21,124.22,105.029,0.1827209627817079,0.0
2023-05-04,104.311,2023-06-05,21,125.555,104.31099999999998,0.20366020841521992,-2.220446049250313e-16
2023-05-05,105.188,2023-06-05,20,125.555,105.18800000000003,0.1936247480701221,2.220446049250313e-16
2023-05-08,107.38,2023-06-07,21,122.058,107.37999999999995,0.13669212143788423,-4.440892098500626e-16
2023-05-09,106.962,2023-06-08,21,121.699,106.96200000000009,0.13777790243263954,8.881784197001252e-16
2023-05-10,111.346,2023-06-09,21,121.788,111.34600000000003,0.09377974960932578,2.220446049250313e-16
2023-05-11,116.149,2023-06-12,21,123.193,116.14900000000003,0.060646238882814396,2.220446049250313e-16
2023-05-12,117.085,2023-06-12,20,123.193,117.08500000000004,0.052167228936242926,4.440892098500626e-16
2023-05-15,116.089,2023-06-14,21,123.223,116.08899999999998,0.061452850829966765,-1.1102230246251565e-16
2023-05-16,119.079,2023-06-15,21,124.638,119.07899999999998,0.04668329428362683,-1.1102230246251565e-16
2023-05-17,120.403,2023-06-16,21,123.083,120.40299999999998,0.02225858159680394,-2.220446049250313e-16
2023-05-18,122.386,2023-06-20,21,122.655,122.386,0.002197963819391191,0.0
2023-05-19,122.317,2023-06-20,20,122.655,122.31699999999998,0.00276331172281874,-1.1102230246251565e-16
2023-05-22,124.598,2023-06-21,20,120.114,124.59799999999996,-0.03598773656077947,-3.3306690738754696e-16
2023-05-23,122.117,2023-06-22,20,122.705,122.11699999999996,0.004815054415028053,-3.3306690738754696e-16
2023-05-24,120.463,2023-06-23,20,121.898,120.46299999999995,0.011912371433552282,-3.3306690738754696e-16
2023-05-25,123.034,2023-06-26,20,117.912,123.03399999999998,-0.04163076873059479,-2.220446049250313e-16
2023-05-26,124.16,2023-06-26,19,117.912,124.16000000000003,-0.05032216494845354,2.220446049250313e-16
2023-05-30,123.223,2023-06-29,21,118.669,123.22300000000001,-0.0369573862022512,2.220446049250313e-16
2023-05-31,122.426,2023-06-30,21,119.268,122.42600000000004,-0.025795174227696727,4.440892098500626e-16
2023-06-01,123.273,2023-07-03,21,119.467,123.27299999999997,-0.03087456296188129,-2.220446049250313e-16
2023-06-02,124.22,2023-07-03,20,119.467,124.22000000000004,-0.03826275962002901,4.440892098500626e-16
2023-06-05,125.555,2023-07-05,20,121.31,125.55500000000006,-0.03380988411453156,4.440892098500626e-16
2023-06-06,126.85,2023-07-06,20,119.676,126.85000000000005,-0.05655498620417809,4.440892098500626e-16
2023-06-07,122.058,2023-07-07,20,119.049,122.05799999999996,-0.024652214520965443,-3.3306690738754696e-16
2023-06-08,121.699,2023-07-10,20,116.03,121.69900000000005,-0.04658214118439752,4.440892098500626e-16
2023-06-09,121.788,2023-07-10,19,116.03,121.78800000000001,-0.047278878050382556,2.220446049250313e-16
2023-06-12,123.193,2023-07-12,20,118.501,123.193,-0.03808657959461981,0.0
2023-06-13,123.383,2023-07-13,20,124.09,123.38299999999998,0.005730124895650279,-1.1102230246251565e-16
2023-06-14,123.223,2023-07-14,20,124.967,123.22300000000001,0.014153201918472913,2.220446049250313e-16
2023-06-15,124.638,2023-07-17,20,124.2,124.63799999999996,-0.0035141770567563846,-3.3306690738754696e-16
2023-06-16,123.083,2023-07-17,19,124.2,123.08300000000003,0.00907517691313986,2.220446049250313e-16
2023-06-20,122.655,2023-07-20,21,118.769,122.65499999999997,-0.03168236109412581,-2.220446049250313e-16
2023-06-21,120.114,2023-07-21,21,119.586,120.11399999999995,-0.004395823967231149,-4.440892098500626e-16
2023-06-22,122.705,2023-07-24,21,121.091,122.70499999999996,-0.01315349822745615,-3.3306690738754696e-16
2023-06-23,121.898,2023-07-24,20,121.091,121.89799999999997,-0.006620289094160681,-2.220446049250313e-16
2023-06-26,117.912,2023-07-26,21,128.803,117.91200000000002,0.09236549290996665,2.220446049250313e-16
2023-06-27,117.902,2023-07-27,21,128.933,117.90200000000004,0.09356075384641471,4.440892098500626e-16
2023-06-28,119.746,2023-07-28,21,132.102,119.74599999999998,0.10318507507557673,-1.1102230246251565e-16
2023-06-29,118.669,2023-07-31,21,132.24,118.66900000000001,0.11436011089669607,2.220446049250313e-16
2023-06-30,119.268,2023-07-31,20,132.24,119.26800000000003,0.10876345708823831,2.220446049250313e-16
2023-07-03,119.467,2023-08-02,21,127.916,119.46700000000004,0.07072245892171058,4.440892098500626e-16
2023-07-05,121.31,2023-08-04,22,127.647,121.31000000000004,0.05223806776028361,4.440892098500626e-16
2023-07-06,119.676,2023-08-07,22,131.055,119.67599999999997,0.0950817206457435,-2.220446049250313e-16
2023-07-07,119.049,2023-08-07,21,131.055,119.04899999999998,0.10084923014893032,-2.220446049250313e-16
2023-07-10,116.03,2023-08-09,22,129.191,116.02999999999997,0.11342756183745584,-2.220446049250313e-16
2023-07-11,116.717,2023-08-10,22,129.221,116.71700000000004,0.10713092351585463,4.440892098500626e-16
2023-07-12,118.501,2023-08-11,22,129.092,118.501,0.08937477320866494,0.0
2023-07-13,124.09,2023-08-14,22,130.855,124.08999999999997,0.054516882907567066,-2.220446049250313e-16
2023-07-14,124.967,2023-08-14,21,130.855,124.96699999999996,0.04711643873982729,-3.3306690738754696e-16
2023-07-17,124.2,2023-08-16,22,128.235,124.19999999999999,0.03248792270531409,-1.1102230246251565e-16
2023-07-18,123.313,2023-08-17,22,129.451,123.31300000000005,0.049775773843795834,4.440892098500626e-16
2023-07-19,121.589,2023-08-18,22,126.999,121.58900000000004,0.044494156543766206,4.440892098500626e-16
2023-07-20,118.769,2023-08-21,22,127.906,118.76899999999998,0.07693084895890334,-2.220446049250313e-16
2023-07-21,119.586,2023-08-21,21,127.906,119.58600000000004,0.06957336143026782,4.440892098500626e-16
2023-07-24,121.091,2023-08-23,22,131.892,121.09100000000001,0.08919738048244708,2.220446049250313e-16
2023-07-25,121.768,2023-08-24,22,129.311,121.76800000000004,0.06194566717035688,4.440892098500626e-16
2023-07-26,128.803,2023-08-25,22,129.411,128.80300000000005,0.004720386947508981,4.440892098500626e-16
2023-07-27,128.933,2023-08-28,22,130.537,128.93299999999996,0.012440569908402033,-2.220446049250313e-16
2023-07-28,132.102,2023-08-28,21,130.537,132.102,-0.011846906178558991,0.0
2023-07-31,132.24,2023-08-30,22,135.389,132.24000000000007,0.02381276467029636,4.440892098500626e-16
2023-08-01,131.075,2023-08-31,22,135.679,131.07499999999993,0.03512492847606352,-4.440892098500626e-16
2023-08-02,127.916,2023-09-01,22,135.169,127.91599999999998,0.0567012727102163,-1.1102230246251565e-16
2023-08-03,127.986,2023-09-05,22,135.279,127.98600000000005,0.056982794993202246,4.440892098500626e-16
2023-08-04,127.647,2023-09-05,21,135.279,127.64700000000002,0.059789889304096455,2.220446049250313e-16
2023-08-07,131.055,2023-09-06,21,133.974,131.0550000000001,0.022273091450154325,6.661338147750939e-16
2023-08-08,130.925,2023-09-07,21,134.772,130.92500000000013,0.029383234676341186,8.881784197001252e-16
2023-08-09,129.191,2023-09-08,21,135.887,129.19099999999995,0.05183023585234259,-4.440892098500626e-16
2023-08-10,129.221,2023-09-11,21,136.426,129.22100000000003,0.05575719116861788,2.220446049250313e-16
2023-08-11,129.092,2023-09-11,20,136.426,129.09199999999996,0.05681219595327347,-4.440892098500626e-16
2023-08-14,130.855,2023-09-13,21,136.216,130.85499999999996,0.040969011501280184,-2.220446049250313e-16
2023-08-15,129.311,2023-09-14,21,137.601,129.31099999999998,0.06410900851435675,-2.220446049250313e-16
2023-08-16,128.235,2023-09-15,21,136.903,128.23500000000004,0.06759465044644575,2.220446049250313e-16
2023-08-17,129.451,2023-09-18,21,137.711,129.45099999999994,0.06380792732385232,-4.440892098500626e-16
2023-08-18,126.999,2023-09-18,20,137.711,126.99900000000002,0.0843471208434714,2.220446049250313e-16
2023-08-21,127.906,2023-09-20,21,133.257,127.90600000000013,0.04183541037949734,1.1102230246251565e-15
2023-08-22,128.614,2023-09-21,21,129.968,128.61399999999998,0.010527625297401366,-2.220446049250313e-16
2023-08-23,131.892,2023-09-22,21,129.78,131.89200000000005,-0.016013101628605142,4.440892098500626e-16
2023-08-24,129.311,2023-09-25,21,130.636,129.31099999999998,0.010246614750485161,-2.220446049250313e-16
2023-08-25,129.411,2023-09-25,20,130.636,129.41100000000006,0.00946596502615682,4.440892098500626e-16
2023-08-28,130.537,2023-09-27,21,130.068,130.53699999999995,-0.0035928510690454996,-4.440892098500626e-16
2023-08-29,134.084,2023-09-28,21,131.832,134.08399999999995,-0.01679544166343494,-4.440892098500626e-16
2023-08-30,135.389,2023-09-29,21,130.388,135.38900000000015,-0.036938008257687116,1.1102230246251565e-15
2023-08-31,135.679,2023-10-02,21,133.685,135.67900000000006,-0.014696452656638104,4.440892098500626e-16
2023-09-01,135.169,2023-10-02,20,133.685,135.169,-0.010978848700515687,0.0
2023-09-05,135.279,2023-10-05,22,134.582,135.279,-0.005152314845615402,0.0
2023-09-06,133.974,2023-10-06,22,137.083,133.97399999999996,0.023205995193097184,-2.220446049250313e-16
2023-09-07,134.772,2023-10-09,22,137.92,134.77199999999996,0.023357967530347468,-2.220446049250313e-16
2023-09-08,135.887,2023-10-09,21,137.92,135.88700000000003,0.014960960209585705,2.220446049250313e-16
2023-09-11,136.426,2023-10-11,22,140.043,136.426,0.026512541597642825,0.0
2023-09-12,134.851,2023-10-12,22,138.468,134.85099999999994,0.026822196350045457,-4.440892098500626e-16
2023-09-13,136.216,2023-10-13,22,136.864,136.2160000000001,0.004757150408175148,6.661338147750939e-16
2023-09-14,137.601,2023-10-16,22,138.593,137.60100000000006,0.007209249932776496,4.440892098500626e-16
2023-09-15,136.903,2023-10-16,21,138.593,136.90300000000002,0.012344506694520918,2.220446049250313e-16
2023-09-18,137.711,2023-10-18,22,137.461,137.71100000000007,-0.001815396010485748,4.440892098500626e-16
2023-09-19,137.541,2023-10-19,22,137.253,137.541,-0.0020939210853492263,0.0
2023-09-20,133.257,2023-10-20,22,135.111,133.257,0.013912965172561131,0.0
2023-09-21,129.968,2023-10-23,22,136.007,129.96799999999996,0.04646528376215686,-2.220446049250313e-16
2023-09-22,129.78,2023-10-23,21,136.007,129.77999999999994,0.04798119895207287,-4.440892098500626e-16
2023-09-25,130.636,2023-10-25,22,125.157,130.636,-0.04194096573685657,0.0
2023-09-26,128.101,2023-10-26,22,121.838,128.10100000000003,-0.04889110935902141,2.220446049250313e-16
2023-09-27,130.068,2023-10-27,22,121.728,130.06800000000004,-0.06412030630131949,2.220446049250313e-16
2023-09-28,131.832,2023-10-30,22,124.01,131.832,-0.05933309060015768,0.0
2023-09-29,130.388,2023-10-30,21,124.01,130.38800000000003,-0.048915544375249254,2.220446049250313e-16
2023-10-02,133.685,2023-11-01,22,125.994,133.68500000000006,-0.05753076261360668,4.440892098500626e-16
2023-10-03,131.952,2023-11-02,22,127.029,131.95199999999997,-0.037309021462349934,-2.220446049250313e-16
2023-10-04,134.752,2023-11-03,22,128.634,134.75200000000007,-0.04540192353360262,4.440892098500626e-16
2023-10-05,134.582,2023-11-06,22,129.78,134.58199999999997,-0.035680848850514923,-2.220446049250313e-16
2023-10-06,137.083,2023-11-06,21,129.78,137.08299999999994,-0.05327429367609404,-4.440892098500626e-16
2023-10-09,137.92,2023-11-08,22,131.363,137.91999999999996,-0.04754205336426909,-2.220446049250313e-16
2023-10-10,137.561,2023-11-09,22,129.77,137.561,-0.056636692085692886,0.0
2023-10-11,140.043,2023-11-10,22,132.111,140.0430000000001,-0.056639746363617016,6.661338147750939e-16
2023-10-12,138.468,2023-11-13,22,131.613,138.468,-0.049506023052257486,0.0
2023-10-13,136.864,2023-11-13,21,131.613,136.86400000000003,-0.038366553659106906,2.220446049250313e-16
2023-10-16,138.593,2023-11-15,22,134.134,138.59300000000002,-0.03217334208798428,2.220446049250313e-16
2023-10-17,139.215,2023-11-16,22,136.436,139.21499999999995,-0.019961929389792687,-4.440892098500626e-16
2023-10-18,137.461,2023-11-17,22,134.821,137.46100000000004,-0.019205447363252248,2.220446049250313e-16
2023-10-19,137.253,2023-11-20,22,135.758,137.25300000000004,-0.01089229379321377,4.440892098500626e-16
2023-10-20,135.111,2023-11-20,21,135.758,135.111,0.004788655253828544,0.0
2023-10-23,136.007,2023-11-22,22,137.99,136.007,0.014580131904975424,0.0
2023-10-24,138.308,2023-11-24,22,136.196,138.30800000000005,-0.015270266362032547,4.440892098500626e-16
2023-10-25,125.157,2023-11-24,21,136.196,125.15699999999998,0.08820121926859859,-1.1102230246251565e-16
2023-10-26,121.838,2023-11-27,21,135.917,121.83800000000002,0.11555508133751391,2.220446049250313e-16
2023-10-27,121.728,2023-11-27,20,135.917,121.728,0.11656315720294441,0.0
2023-10-30,124.01,2023-11-29,21,134.502,124.01000000000003,0.08460608015482629,2.220446049250313e-16
2023-10-31,123.632,2023-11-30,21,132.052,123.63200000000005,0.06810534489452569,4.440892098500626e-16
2023-11-01,125.994,2023-12-01,21,131.383,125.99400000000003,0.04277187802593785,2.220446049250313e-16
2023-11-02,127.029,2023-12-04,21,128.803,127.029,0.013965315006809531,0.0
2023-11-03,128.634,2023-12-04,20,128.803,128.63399999999996,0.0013138050593155537,-2.220446049250313e-16
2023-11-06,129.78,2023-12-06,21,129.551,129.77999999999994,-0.0017645245800587128,-4.440892098500626e-16
2023-11-07,130.497,2023-12-07,21,136.436,130.49699999999999,0.04551062476532031,-2.220446049250313e-16
2023-11-08,131.363,2023-12-08,21,134.502,131.363,0.02389561748742053,0.0
2023-11-09,129.77,2023-12-11,21,132.809,129.77000000000015,0.023418355552130565,1.1102230246251565e-15
2023-11-10,132.111,2023-12-11,20,132.809,132.11100000000005,0.005283435898600475,4.440892098500626e-16
2023-11-13,131.613,2023-12-13,21,132.092,131.61299999999997,0.003639458108241733,-2.220446049250313e-16
2023-11-14,133.137,2023-12-14,21,131.463,133.13699999999994,-0.012573514500101468,-4.440892098500626e-16
2023-11-15,134.134,2023-12-15,21,132.121,134.134,-0.015007380679022297,0.0
2023-11-16,136.436,2023-12-18,21,135.309,136.43600000000012,-0.008260283209710062,8.881784197001252e-16
2023-11-17,134.821,2023-12-18,20,135.309,134.82099999999997,0.003619614155064843,-2.220446049250313e-16
2023-11-20,135.758,2023-12-20,21,137.84,135.758,0.015336112788933098,0.0
2023-11-21,136.476,2023-12-21,21,139.913,136.47600000000006,0.02518391512060747,4.440892098500626e-16
2023-11-22,137.99,2023-12-22,21,140.979,137.99000000000004,0.021660989926806318,2.220446049250313e-16
2023-11-24,136.196,2023-12-26,21,141.009,136.196,0.035338776469206135,0.0
2023-11-27,135.917,2023-12-27,21,139.863,135.91700000000003,0.029032424200063245,2.220446049250313e-16
2023-11-28,136.704,2023-12-28,21,139.723,136.70400000000004,0.022084211142322063,2.220446049250313e-16
2023-11-29,134.502,2023-12-29,21,139.185,134.50199999999998,0.034817326136414195,-2.220446049250313e-16
2023-11-30,132.052,2024-01-02,21,137.671,132.05199999999994,0.04255141913791527,-4.440892098500626e-16
2023-12-01,131.383,2024-01-02,20,137.671,131.38299999999998,0.04786007322104058,-2.220446049250313e-16
2023-12-04,128.803,2024-01-03,20,138.418,128.80300000000005,0.07464888240180745,4.440892098500626e-16
2023-12-05,130.517,2024-01-04,20,135.897,130.51700000000002,0.04122068389558442,2.220446049250313e-16
2023-12-06,129.551,2024-01-05,20,135.239,129.55099999999993,0.0439054889580166,-4.440892098500626e-16
2023-12-07,136.436,2024-01-08,20,138.338,136.43600000000012,0.013940602187106022,8.881784197001252e-16
2023-12-08,134.502,2024-01-08,19,138.338,134.50199999999998,0.02852002200710757,-2.220446049250313e-16
2023-12-11,132.809,2024-01-10,20,141.767,132.80899999999997,0.06745024810065581,-2.220446049250313e-16
2023-12-12,132.042,2024-01-11,20,141.567,132.04200000000006,0.0721361385013859,4.440892098500626e-16
2023-12-13,132.092,2024-01-12,20,142.134,132.09200000000007,0.0760227720073885,4.440892098500626e-16
2023-12-14,131.463,2024-01-16,20,141.975,131.46299999999994,0.07996166221674539,-4.440892098500626e-16
2023-12-15,132.121,2024-01-16,19,141.975,132.12099999999998,0.07458314726652082,-2.220446049250313e-16
2023-12-18,135.309,2024-01-17,19,140.959,135.30899999999997,0.04175627637481627,-2.220446049250313e-16
2023-12-19,136.156,2024-01-18,19,142.962,136.15599999999995,0.04998677987014877,-4.440892098500626e-16
2023-12-20,137.84,2024-01-19,19,145.851,137.83999999999997,0.05811810795124783,-2.220446049250313e-16
2023-12-21,139.913,2024-01-22,19,145.463,139.913,0.039667507665477775,0.0
2023-12-22,140.979,2024-01-22,18,145.463,140.97900000000004,0.03180615552670951,2.220446049250313e-16
2023-12-26,141.009,2024-01-25,20,151.322,141.00900000000001,0.07313717564127131,2.220446049250313e-16
2023-12-27,139.863,2024-01-26,20,151.636,139.86300000000006,0.08417522861657467,4.440892098500626e-16
2023-12-28,139.723,2024-01-29,20,152.956,139.72300000000004,0.09470881673024456,2.220446049250313e-16
2023-12-29,139.185,2024-01-29,19,152.956,139.18499999999997,0.09894025936702944,-2.220446049250313e-16
2024-01-02,137.671,2024-02-01,21,140.65,137.67099999999994,0.02163854406519894,-4.440892098500626e-16
2024-01-03,138.418,2024-02-02,21,141.866,138.41800000000006,0.02491005505064381,4.440892098500626e-16
2024-01-04,135.897,2024-02-05,21,143.161,135.89699999999996,0.05345224692230155,-2.220446049250313e-16
2024-01-05,135.239,2024-02-05,20,143.161,135.239,0.05857777712050516,0.0
2024-01-08,138.338,2024-02-07,21,145.014,138.33799999999997,0.048258612962454484,-2.220446049250313e-16
2024-01-09,140.44,2024-02-08,21,145.383,140.43999999999997,0.035196525206493856,-2.220446049250313e-16
2024-01-10,141.767,2024-02-09,21,148.462,141.76699999999994,0.04722537685074801,-4.440892098500626e-16
2024-01-11,141.567,2024-02-12,21,146.998,141.56699999999995,0.03836346041097127,-4.440892098500626e-16
2024-01-12,142.134,2024-02-12,20,146.998,142.13400000000001,0.03422122785540416,2.220446049250313e-16
2024-01-16,141.975,2024-02-15,22,142.254,141.97499999999997,0.0019651347068145864,-2.220446049250313e-16
2024-01-17,140.959,2024-02-16,22,140.013,140.95899999999997,-0.006711171333508292,-2.220446049250313e-16
2024-01-18,142.962,2024-02-20,22,140.61,142.96200000000007,-0.016451924287572806,6.661338147750939e-16
2024-01-19,145.851,2024-02-20,21,140.61,145.851,-0.035933932575025085,0.0
2024-01-22,145.463,2024-02-21,21,142.035,145.463,-0.023566130218681036,0.0
2024-01-23,146.508,2024-02-22,21,143.569,146.508,-0.02006033800202056,0.0
2024-01-24,148.163,2024-02-23,21,143.44,148.163,-0.031877054325303966,0.0
2024-01-25,151.322,2024-02-26,21,137.073,151.32200000000003,-0.09416343955274176,2.220446049250313e-16
2024-01-26,151.636,2024-02-26,20,137.073,151.63600000000014,-0.09603919913476999,8.881784197001252e-16
2024-01-29,152.956,2024-02-28,21,135.887,152.95600000000002,-0.11159418394832499,2.220446049250313e-16
2024-01-30,150.913,2024-02-29,21,137.96,150.91299999999998,-0.08583090919934,-2.220446049250313e-16
2024-01-31,139.594,2024-03-01,21,136.644,139.59399999999997,-0.02113271344040568,-2.220446049250313e-16
2024-02-01,140.65,2024-03-04,21,132.868,140.65000000000003,-0.0553288304301458,2.220446049250313e-16
2024-02-02,141.866,2024-03-04,20,132.868,141.86600000000004,-0.06342604993444534,2.220446049250313e-16
2024-02-05,143.161,2024-03-06,21,130.925,143.16099999999994,-0.0854702048742324,-4.440892098500626e-16
2024-02-06,143.579,2024-03-07,21,133.895,143.579,-0.06744718935220329,0.0
2024-02-07,145.014,2024-03-08,21,134.921,145.01399999999995,-0.06960017653467954,-4.440892098500626e-16
2024-02-08,145.383,2024-03-11,21,137.173,145.38300000000004,-0.056471526932309835,2.220446049250313e-16
2024-02-09,148.462,2024-03-11,20,137.173,148.46200000000005,-0.07603965998033158,4.440892098500626e-16
2024-02-12,146.998,2024-03-13,21,139.285,146.99799999999996,-0.05247010163403576,-2.220446049250313e-16
2024-02-13,144.616,2024-03-14,21,142.584,144.616,-0.014051004038280746,0.0
2024-02-14,145.413,2024-03-15,21,140.67,145.41300000000007,-0.03261744135668765,4.440892098500626e-16
2024-02-15,142.254,2024-03-18,21,147.147,142.254,0.03439622084440508,0.0
2024-02-16,140.013,2024-03-18,20,147.147,140.01299999999998,0.05095241156178343,-2.220446049250313e-16
2024-02-20,140.61,2024-03-21,22,147.067,140.61,0.045921342721001235,0.0
2024-02-21,142.035,2024-03-22,22,150.225,142.03500000000003,0.05766184391171181,2.220446049250313e-16
2024-02-22,143.569,2024-03-25,22,149.528,143.56899999999993,0.041506174731313905,-4.440892098500626e-16
2024-02-23,143.44,2024-03-25,21,149.528,143.44,0.04244283324037923,0.0
2024-02-26,137.073,2024-03-27,22,150.325,137.073,0.09667841223289764,0.0
2024-02-27,138.378,2024-03-28,22,150.385,138.37799999999996,0.08676957319805179,-2.220446049250313e-16
2024-02-28,135.887,2024-04-01,22,154.928,135.88700000000003,0.1401237793166381,2.220446049250313e-16
2024-02-29,137.96,2024-04-01,21,154.928,137.96000000000004,0.1229921716439546,2.220446049250313e-16
2024-03-01,136.644,2024-04-01,20,154.928,136.644,0.13380755832674684,0.0
2024-03-04,132.868,2024-04-03,21,154.36,132.868,0.16175452328626916,0.0
2024-03-05,132.191,2024-04-04,21,149.986,132.191,0.13461582104681846,0.0
2024-03-06,130.925,2024-04-05,21,151.949,130.92500000000013,0.16058048501050215,8.881784197001252e-16
2024-03-07,133.895,2024-04-08,21,154.29,133.89499999999995,0.15232084842600524,-4.440892098500626e-16
2024-03-08,134.921,2024-04-08,20,154.29,134.92099999999994,0.1435580821369542,-4.440892098500626e-16
2024-03-11,137.173,2024-04-10,21,155.576,137.17300000000006,0.1341590546244522,4.440892098500626e-16
2024-03-12,138.0,2024-04-11,21,158.834,138.00000000000006,0.15097101449275363,4.440892098500626e-16
2024-03-13,139.285,2024-04-12,21,157.16,139.285,0.12833399145636637,0.0
2024-03-14,142.584,2024-04-15,21,154.3,142.58399999999997,0.08216910733322114,-2.220446049250313e-16
2024-03-15,140.67,2024-04-15,20,154.3,140.66999999999993,0.09689343854411048,-4.440892098500626e-16
2024-03-18,147.147,2024-04-17,21,154.908,147.14699999999996,0.05274317519215477,-2.220446049250313e-16
2024-03-19,146.498,2024-04-18,21,155.446,146.49799999999996,0.06107933214105321,-2.220446049250313e-16
2024-03-20,148.202,2024-04-19,21,153.553,148.20199999999997,0.03610612542340852,-2.220446049250313e-16
2024-03-21,147.067,2024-04-22,21,155.716,147.06699999999995,0.05880993016788261,-3.3306690738754696e-16
2024-03-22,150.225,2024-04-22,20,155.716,150.2250000000001,0.03655183890830438,6.661338147750939e-16
2024-03-25,149.528,2024-04-24,21,158.555,149.528,0.06036996415387086,0.0
2024-03-26,150.126,2024-04-25,21,155.437,150.12600000000003,0.03537695002864272,2.220446049250313e-16
2024-03-27,150.325,2024-04-26,21,171.329,150.32500000000005,0.13972393148178952,4.440892098500626e-16
2024-03-28,150.385,2024-04-29,21,165.55,150.38500000000005,0.10084117431924744,4.440892098500626e-16
2024-04-01,154.928,2024-05-01,22,163.268,154.92800000000005,0.05383145719301874,4.440892098500626e-16
2024-04-02,154.002,2024-05-02,22,166.018,154.00199999999998,0.07802496071479581,-2.220446049250313e-16
2024-04-03,154.36,2024-05-03,22,166.636,154.36,0.07952837522674261,0.0
2024-04-04,149.986,2024-05-06,22,167.492,149.98599999999996,0.11671756030562852,-2.220446049250313e-16
2024-04-05,151.949,2024-05-06,21,167.492,151.94899999999998,0.1022909002362633,-2.220446049250313e-16
2024-04-08,154.29,2024-05-08,22,168.769,154.29000000000013,0.09384276362693633,8.881784197001252e-16
2024-04-09,156.034,2024-05-09,22,169.346,156.03400000000005,0.0853147390953255,4.440892098500626e-16
2024-04-10,155.576,2024-05-10,22,168.041,155.576,0.08012161258805994,0.0
2024-04-11,158.834,2024-05-13,22,168.529,158.834,0.061038568568442475,0.0
2024-04-12,157.16,2024-05-13,21,168.529,157.16000000000003,0.07234029015016552,2.220446049250313e-16
2024-04-15,154.3,2024-05-15,22,171.887,154.29999999999995,0.11397926117952029,-3.3306690738754696e-16
2024-04-16,153.843,2024-05-16,22,173.55,153.84299999999993,0.12809812601158344,-3.3306690738754696e-16
2024-04-17,154.908,2024-05-17,22,175.424,154.90799999999996,0.13243989981150106,-2.220446049250313e-16
2024-04-18,155.446,2024-05-20,22,176.281,155.44599999999997,0.13403368372296498,-2.220446049250313e-16
2024-04-19,153.553,2024-05-20,21,176.281,153.55299999999994,0.14801404075465796,-3.3306690738754696e-16
2024-04-22,155.716,2024-05-22,22,175.744,155.71599999999995,0.12861876749980738,-3.3306690738754696e-16
2024-04-23,157.689,2024-05-23,22,172.923,157.68899999999994,0.09660788006772836,-3.3306690738754696e-16
2024-04-24,158.555,2024-05-24,22,174.357,158.55499999999995,0.09966257765444153,-3.3306690738754696e-16
2024-04-25,155.437,2024-05-28,22,175.764,155.43699999999995,0.13077323931882368,-3.3306690738754696e-16
2024-04-26,171.329,2024-05-28,21,175.764,171.32899999999998,0.025885868708741766,-1.1102230246251565e-16
2024-04-29,165.55,2024-05-29,21,175.264,165.55000000000007,0.05867713681667164,4.440892098500626e-16
2024-04-30,162.192,2024-05-30,21,171.488,162.19199999999998,0.05731478741244933,-2.220446049250313e-16
2024-05-01,163.268,2024-05-31,21,171.877,163.26800000000003,0.05272925496729308,2.220446049250313e-16
2024-05-02,166.018,2024-06-03,21,172.544,166.01799999999997,0.03930899059138171,-2.220446049250313e-16
2024-05-03,166.636,2024-06-03,20,172.544,166.63600000000002,0.03545452363234847,2.220446049250313e-16
2024-05-06,167.492,2024-06-05,21,174.777,167.49200000000008,0.04349461466816318,4.440892098500626e-16
2024-05-07,170.631,2024-06-06,21,176.091,170.63099999999997,0.03199887476484342,-2.220446049250313e-16
2024-05-08,168.769,2024-06-07,21,173.83,168.76899999999995,0.029987734714313596,-3.3306690738754696e-16
2024-05-09,169.346,2024-06-10,21,174.578,169.34600000000003,0.03089532672752826,2.220446049250313e-16
2024-05-10,168.041,2024-06-10,20,174.578,168.04100000000005,0.03890122053546463,4.440892098500626e-16
2024-05-13,168.529,2024-06-12,21,177.351,168.52899999999997,0.0523470737973879,-2.220446049250313e-16
2024-05-14,169.725,2024-06-13,21,174.728,169.7250000000001,0.029477095301222667,6.661338147750939e-16
2024-05-15,171.887,2024-06-14,21,176.354,171.88700000000006,0.02598800374664756,2.220446049250313e-16
2024-05-16,173.55,2024-06-17,21,176.802,173.5500000000002,0.01873811581676743,1.1102230246251565e-15
2024-05-17,175.424,2024-06-17,20,176.802,175.424,0.007855253557095931,0.0
2024-05-20,176.281,2024-06-20,21,175.864,176.2810000000001,-0.0023655413799559266,4.440892098500626e-16
2024-05-21,177.208,2024-06-20,20,175.864,177.20799999999994,-0.007584307706198334,-3.3306690738754696e-16
2024-05-22,175.744,2024-06-21,20,179.187,175.74399999999997,0.019590995994173355,-1.1102230246251565e-16
2024-05-23,172.923,2024-06-24,20,178.777,172.923,0.03385321790623563,0.0
2024-05-24,174.357,2024-06-24,19,178.777,174.357,0.025350287054721088,0.0
2024-05-28,175.764,2024-06-27,21,184.952,175.76399999999995,0.05227464099588075,-3.3306690738754696e-16
2024-05-29,175.264,2024-06-28,21,181.701,175.26399999999995,0.0367274511593938,-3.3306690738754696e-16
2024-05-30,171.488,2024-07-01,21,182.539,171.48800000000006,0.06444182683336441,2.220446049250313e-16
2024-05-31,171.877,2024-07-01,20,182.539,171.87699999999995,0.06203273271001919,-3.3306690738754696e-16
2024-06-03,172.544,2024-07-03,21,185.362,172.544,0.07428829747774479,0.0
2024-06-04,173.163,2024-07-05,21,190.129,173.163,0.09797705052465,0.0
2024-06-05,174.777,2024-07-05,20,190.129,174.77699999999996,0.0878376445413298,-1.1102230246251565e-16
2024-06-06,176.091,2024-07-08,20,188.563,176.09099999999995,0.07082701557717308,-3.3306690738754696e-16
2024-06-07,173.83,2024-07-08,19,188.563,173.82999999999996,0.0847552206178448,-3.3306690738754696e-16
2024-06-10,174.578,2024-07-10,20,190.708,174.57800000000003,0.09239423065907504,2.220446049250313e-16
2024-06-11,176.184,2024-07-11,20,185.112,176.184,0.050674295055169516,0.0
2024-06-12,177.351,2024-07-12,20,184.613,177.35100000000003,0.0409470485083252,2.220446049250313e-16
2024-06-13,174.728,2024-07-15,20,186.07,174.72799999999992,0.06491232086442911,-4.440892098500626e-16
2024-06-14,176.354,2024-07-15,19,186.07,176.35400000000016,0.055093731925558664,8.881784197001252e-16
2024-06-17,176.802,2024-07-17,20,180.573,176.80200000000002,0.021328944242712256,2.220446049250313e-16
2024-06-18,174.658,2024-07-18,20,177.252,174.65799999999996,0.014851881963608982,-1.1102230246251565e-16
2024-06-20,175.864,2024-07-22,21,181.221,175.86399999999995,0.03046103807487599,-3.3306690738754696e-16
2024-06-21,179.187,2024-07-22,20,181.221,179.18699999999995,0.011351269902392325,-3.3306690738754696e-16
2024-06-24,178.777,2024-07-24,21,172.204,178.77700000000002,-0.03676647443463077,2.220446049250313e-16
2024-06-25,183.576,2024-07-25,21,166.867,183.57599999999994,-0.09101952324922646,-3.3306690738754696e-16
2024-06-26,183.426,2024-07-26,21,166.588,183.426,-0.09179723703291787,0.0
2024-06-27,184.952,2024-07-29,21,169.111,184.95199999999994,-0.08564924953501452,-3.3306690738754696e-16
2024-06-28,181.701,2024-07-29,20,169.111,181.70100000000005,-0.06928965718405511,2.220446049250313e-16
2024-07-01,182.539,2024-07-31,21,171.117,182.53899999999993,-0.06257292962051941,-3.3306690738754696e-16
2024-07-02,184.783,2024-08-01,21,170.339,184.783,-0.07816736388087642,0.0
2024-07-03,185.362,2024-08-02,21,166.248,185.3620000000002,-0.10311714375114645,1.1102230246251565e-15
2024-07-05,190.129,2024-08-05,21,158.857,190.12900000000022,-0.16447780191343764,1.1102230246251565e-15
2024-07-08,188.563,2024-08-07,22,158.547,188.56300000000007,-0.15918287256778896,4.440892098500626e-16
2024-07-09,188.514,2024-08-08,22,161.63,188.514,-0.14261009792376167,0.0
2024-07-10,190.708,2024-08-09,22,163.266,190.70799999999994,-0.1438953793233635,-3.3306690738754696e-16
2024-07-11,185.112,2024-08-12,22,161.889,185.11199999999997,-0.12545377933359259,-1.1102230246251565e-16
2024-07-12,184.613,2024-08-12,21,161.889,184.61299999999997,-0.1230899232448418,-1.1102230246251565e-16
2024-07-15,186.07,2024-08-14,22,159.974,186.07,-0.14024829365292635,0.0
2024-07-16,183.466,2024-08-15,22,160.902,183.46599999999992,-0.12298736550641542,-4.440892098500626e-16
2024-07-17,180.573,2024-08-16,22,162.558,180.57300000000006,-0.09976574570949148,2.220446049250313e-16
2024-07-18,177.252,2024-08-19,22,166.258,177.25199999999995,-0.062024688014803764,-3.3306690738754696e-16
2024-07-19,177.222,2024-08-19,21,166.258,177.22200000000007,-0.061865908295809735,2.220446049250313e-16
2024-07-22,181.221,2024-08-21,22,165.44,181.22099999999998,-0.08708151924997654,-1.1102230246251565e-16
2024-07-23,181.341,2024-08-22,22,163.396,181.341,-0.09895721320605944,0.0
2024-07-24,172.204,2024-08-23,22,165.212,172.20400000000004,-0.040603005737381404,2.220446049250313e-16
2024-07-25,166.867,2024-08-26,22,165.75,166.86699999999993,-0.006693953867451308,-3.3306690738754696e-16
2024-07-26,166.588,2024-08-26,21,165.75,166.58799999999997,-0.005030374336686849,-2.220446049250313e-16
2024-07-29,169.111,2024-08-28,22,162.448,169.111,-0.03940015729313873,0.0
2024-07-30,169.869,2024-08-29,22,161.381,169.86899999999997,-0.049967916453266925,-2.220446049250313e-16
2024-07-31,171.117,2024-08-30,22,162.976,171.11700000000005,-0.04757563538397702,2.220446049250313e-16
2024-08-01,170.339,2024-09-03,22,156.971,170.33900000000003,-0.07847879816131353,2.220446049250313e-16
2024-08-02,166.248,2024-09-03,21,156.971,166.24799999999993,-0.05580217506376006,-3.3306690738754696e-16
2024-08-05,158.857,2024-09-04,21,156.064,158.85700000000006,-0.01758185034339066,4.440892098500626e-16
2024-08-06,157.899,2024-09-05,21,156.852,157.89899999999994,-0.00663082096783385,-3.3306690738754696e-16
2024-08-07,158.547,2024-09-06,21,150.547,158.54700000000005,-0.050458223744378694,4.440892098500626e-16
2024-08-08,161.63,2024-09-09,21,148.54,161.63,-0.08098744045041151,0.0
2024-08-09,163.266,2024-09-09,20,148.54,163.266,-0.09019636666544162,0.0
2024-08-12,161.889,2024-09-11,21,150.987,161.88899999999995,-0.0673424383373794,-3.3306690738754696e-16
2024-08-13,163.754,2024-09-12,21,154.513,163.75399999999993,-0.056432209289543955,-3.3306690738754696e-16
2024-08-14,159.974,2024-09-13,21,157.28,159.97400000000005,-0.01684023653843747,4.440892098500626e-16
2024-08-15,160.902,2024-09-16,21,157.879,160.90200000000004,-0.01878783358814684,4.440892098500626e-16
2024-08-16,162.558,2024-09-16,20,157.879,162.55799999999996,-0.02878357263253728,-2.220446049250313e-16
2024-08-19,166.258,2024-09-18,21,159.627,166.25799999999992,-0.03988379506550066,-5.551115123125783e-16
2024-08-20,166.767,2024-09-19,21,161.954,166.76699999999997,-0.02886062590320615,-2.220446049250313e-16
2024-08-21,165.44,2024-09-20,21,163.403,165.44,-0.012312620889748604,0.0
2024-08-22,163.396,2024-09-23,21,161.665,163.39599999999993,-0.010593894587382802,-3.3306690738754696e-16
2024-08-23,165.212,2024-09-23,20,161.665,165.21199999999996,-0.021469384790451018,-2.220446049250313e-16
2024-08-26,165.75,2024-09-25,21,161.305,165.74999999999997,-0.026817496229260884,-2.220446049250313e-16
2024-08-27,164.274,2024-09-26,21,162.544,164.27400000000003,-0.010531185701936896,2.220446049250313e-16
2024-08-28,162.448,2024-09-27,21,163.762,162.44800000000004,0.008088742243671732,2.220446049250313e-16
2024-08-29,161.381,2024-09-30,21,165.66,161.38100000000003,0.026514893326971656,2.220446049250313e-16
2024-08-30,162.976,2024-09-30,20,165.66,162.976,0.016468682505399457,0.0
2024-09-03,156.971,2024-10-03,22,165.67,156.97099999999995,0.05541787973574719,-3.3306690738754696e-16
2024-09-04,156.064,2024-10-04,22,166.869,156.06400000000002,0.06923441664957974,2.220446049250313e-16
2024-09-05,156.852,2024-10-07,22,162.793,156.85199999999998,0.03787646953816348,-2.220446049250313e-16
2024-09-06,150.547,2024-10-07,21,162.793,150.54700000000003,0.08134336785190022,2.220446049250313e-16
2024-09-09,148.54,2024-10-09,22,161.675,148.53999999999994,0.0884273596337688,-3.3306690738754696e-16
2024-09-10,148.49,2024-10-10,22,161.894,148.49000000000004,0.09026870496329709,2.220446049250313e-16
2024-09-11,150.987,2024-10-11,22,163.053,150.98699999999997,0.07991416479564473,-2.220446049250313e-16
2024-09-12,154.513,2024-10-14,22,164.771,154.51299999999995,0.06638923585717693,-3.3306690738754696e-16
2024-09-13,157.28,2024-10-14,21,164.771,157.27999999999997,0.047628433367242984,-2.220446049250313e-16
2024-09-16,157.879,2024-10-16,22,164.971,157.87900000000005,0.04492047707421509,4.440892098500626e-16
2024-09-17,159.138,2024-10-17,22,162.743,159.13800000000003,0.022653294624791043,2.220446049250313e-16
2024-09-18,159.627,2024-10-18,22,163.233,159.62700000000004,0.022590163318235712,2.220446049250313e-16
2024-09-19,161.954,2024-10-21,22,163.882,161.95399999999998,0.011904614890647869,-2.220446049250313e-16
2024-09-20,163.403,2024-10-21,21,163.882,163.40299999999993,0.0029314027282241195,-3.3306690738754696e-16
2024-09-23,161.665,2024-10-23,22,162.594,161.66499999999996,0.005746450994340124,-2.220446049250313e-16
2024-09-24,162.104,2024-10-24,22,162.534,162.10399999999998,0.0026526180723485115,-2.220446049250313e-16
2024-09-25,161.305,2024-10-25,22,165.081,161.30499999999998,0.023409069774650293,-2.220446049250313e-16
2024-09-26,162.544,2024-10-28,22,166.529,162.54400000000007,0.024516438625848957,4.440892098500626e-16
2024-09-27,163.762,2024-10-28,21,166.529,163.762,0.016896471708943483,0.0
2024-09-30,165.66,2024-10-30,22,174.26,165.65999999999994,0.05191355788965346,-3.3306690738754696e-16
2024-10-01,166.799,2024-10-31,22,170.914,166.7990000000002,0.024670411693115568,1.1102230246251565e-15
2024-10-02,165.67,2024-11-01,22,171.094,165.66999999999993,0.03273978390776855,-3.3306690738754696e-16
2024-10-03,165.67,2024-11-04,22,169.046,165.66999999999993,0.020377859600410497,-3.3306690738754696e-16
2024-10-04,166.869,2024-11-04,21,169.046,166.86900000000006,0.013046161959381353,4.440892098500626e-16
2024-10-07,162.793,2024-11-06,22,176.308,162.79300000000003,0.0830195401522178,2.220446049250313e-16
2024-10-08,164.192,2024-11-07,22,180.543,164.19199999999995,0.09958463262521922,-3.3306690738754696e-16
2024-10-09,161.675,2024-11-08,22,178.146,161.67500000000004,0.1018772228235656,2.220446049250313e-16
2024-10-10,161.894,2024-11-11,22,180.144,161.894,0.11272808133717116,0.0
2024-10-11,163.053,2024-11-11,21,180.144,163.05300000000005,0.10481867858917049,4.440892098500626e-16
2024-10-14,164.771,2024-11-13,22,178.675,164.77100000000004,0.08438378112653333,4.440892098500626e-16
2024-10-15,165.271,2024-11-14,22,175.379,165.27099999999996,0.0611601551391352,-2.220446049250313e-16
2024-10-16,164.971,2024-11-15,22,172.293,164.97100000000003,0.04438355832237173,2.220446049250313e-16
2024-10-17,162.743,2024-11-18,22,175.099,162.74300000000002,0.07592338840994683,2.220446049250313e-16
2024-10-18,163.233,2024-11-18,21,175.099,163.233,0.07269363425287767,0.0
2024-10-21,163.882,2024-11-20,22,175.779,163.882,0.07259491585409017,0.0
2024-10-22,164.951,2024-11-21,22,167.438,164.95100000000002,0.015077204745651773,2.220446049250313e-16
2024-10-23,162.594,2024-11-22,22,164.571,162.59399999999994,0.012159120262740242,-3.3306690738754696e-16
2024-10-24,162.534,2024-11-25,22,167.458,162.534,0.030295199773585857,0.0
2024-10-25,165.081,2024-11-25,21,167.458,165.08099999999996,0.014398992009982958,-2.220446049250313e-16
2024-10-28,166.529,2024-11-27,22,169.036,166.52899999999997,0.01505443496327974,-2.220446049250313e-16
2024-10-29,169.486,2024-11-29,22,168.757,169.4859999999999,-0.004301240220431102,-5.551115123125783e-16
2024-10-30,174.26,2024-11-29,21,168.757,174.26,-0.03157924939745205,0.0
2024-10-31,170.914,2024-12-02,21,171.294,170.91399999999996,0.0022233403934144302,-1.1102230246251565e-16
2024-11-01,171.094,2024-12-02,20,171.294,171.09400000000002,0.0011689480636376537,2.220446049250313e-16
2024-11-04,169.046,2024-12-04,21,174.17,169.04599999999996,0.030311276220673644,-2.220446049250313e-16
2024-11-05,169.546,2024-12-05,21,172.442,169.5460000000002,0.017080910195463206,1.1102230246251565e-15
2024-11-06,176.308,2024-12-06,21,174.51,176.30800000000005,-0.010198062481566406,2.220446049250313e-16
2024-11-07,180.543,2024-12-09,21,175.37,180.543,-0.028652453986031,0.0
2024-11-08,178.146,2024-12-09,20,175.37,178.146,-0.015582724282330096,0.0
2024-11-11,180.144,2024-12-11,21,195.4,180.14400000000012,0.08468780531130649,6.661338147750939e-16
2024-11-12,181.412,2024-12-12,21,191.96,181.41199999999992,0.05814389345798521,-4.440892098500626e-16
2024-11-13,178.675,2024-12-13,21,189.82,178.67500000000007,0.062375822023226446,2.220446049250313e-16
2024-11-14,175.379,2024-12-16,21,196.66,175.37900000000005,0.12134292018998849,2.220446049250313e-16
2024-11-15,172.293,2024-12-16,20,196.66,172.293,0.14142768423557528,0.0
2024-11-18,175.099,2024-12-18,21,188.4,175.09900000000002,0.07596274107790468,2.220446049250313e-16
2024-11-19,177.916,2024-12-19,21,188.51,177.91599999999997,0.05954495379842162,-1.1102230246251565e-16
2024-11-20,175.779,2024-12-20,21,191.41,175.77899999999997,0.08892416045147611,-1.1102230246251565e-16
2024-11-21,167.438,2024-12-23,21,194.63,167.43799999999996,0.16240041089836232,-2.220446049250313e-16
2024-11-22,164.571,2024-12-23,20,194.63,164.57100000000005,0.18265064926384356,4.440892098500626e-16
2024-11-25,167.458,2024-12-26,21,195.6,167.45799999999997,0.16805407923180726,-2.220446049250313e-16
2024-11-26,168.926,2024-12-26,20,195.6,168.92600000000004,0.15790346068692807,4.440892098500626e-16
2024-11-27,169.036,2024-12-27,20,192.76,169.03600000000003,0.14034880143874662,2.220446049250313e-16
2024-11-29,168.757,2024-12-30,20,191.24,168.75700000000003,0.1332270661365158,2.220446049250313e-16
2024-12-02,171.294,2025-01-02,21,189.43,171.29399999999995,0.10587644634371318,-3.3306690738754696e-16
2024-12-03,171.144,2025-01-02,20,189.43,171.14399999999995,0.10684569719066994,-3.3306690738754696e-16
2024-12-04,174.17,2025-01-03,20,191.79,174.17000000000002,0.1011655279324799,2.220446049250313e-16
2024-12-05,172.442,2025-01-06,20,196.87,172.4420000000001,0.14165922455086344,4.440892098500626e-16
2024-12-06,174.51,2025-01-06,19,196.87,174.51000000000008,0.12813019311214258,4.440892098500626e-16
2024-12-09,175.37,2025-01-08,20,193.95,175.36999999999998,0.10594742544334834,-1.1102230246251565e-16
2024-12-10,185.17,2025-01-10,20,192.04,185.17000000000004,0.0371010422854674,2.220446049250313e-16
2024-12-11,195.4,2025-01-10,19,192.04,195.40000000000023,-0.017195496417604983,1.1102230246251565e-15
2024-12-12,191.96,2025-01-13,19,191.01,191.96,-0.004948947697437034,0.0
2024-12-13,189.82,2025-01-13,18,191.01,189.81999999999994,0.006269097039300453,-3.3306690738754696e-16
2024-12-16,196.66,2025-01-15,19,195.55,196.65999999999997,-0.005644259127427942,-1.1102230246251565e-16
2024-12-17,195.42,2025-01-16,19,192.91,195.42000000000002,-0.012844130590522918,2.220446049250313e-16
2024-12-18,188.4,2025-01-17,19,196.0,188.39999999999998,0.04033970276008492,-1.1102230246251565e-16
2024-12-19,188.51,2025-01-21,19,198.05,188.51000000000008,0.050607394833165564,4.440892098500626e-16
2024-12-20,191.41,2025-01-21,18,198.05,191.40999999999997,0.034689932605401985,-1.1102230246251565e-16
2024-12-23,194.63,2025-01-22,18,198.37,194.63000000000005,0.01921594820942296,2.220446049250313e-16
2024-12-24,196.11,2025-01-23,18,197.98,196.1100000000001,0.009535464790168646,4.440892098500626e-16
2024-12-26,195.6,2025-01-27,19,191.81,195.60000000000005,-0.019376278118609314,2.220446049250313e-16
2024-12-27,192.76,2025-01-27,18,191.81,192.75999999999996,-0.004928408383481964,-1.1102230246251565e-16
2024-12-30,191.24,2025-01-29,19,195.41,191.23999999999998,0.02180506170257268,-1.1102230246251565e-16
2024-12-31,189.3,2025-01-30,19,200.87,189.29999999999993,0.06111991547807705,-4.440892098500626e-16
2025-01-02,189.43,2025-02-03,20,201.23,189.43000000000004,0.062292139576624495,2.220446049250313e-16
2025-01-03,191.79,2025-02-03,19,201.23,191.79000000000002,0.04922050159028113,2.220446049250313e-16
2025-01-06,196.87,2025-02-05,20,191.33,196.87000000000006,-0.02814039721643724,2.220446049250313e-16
2025-01-07,195.49,2025-02-06,20,191.6,195.49000000000004,-0.019898716046856668,2.220446049250313e-16
2025-01-08,193.95,2025-02-07,20,185.34,193.95,-0.044392884764114404,0.0
2025-01-10,192.04,2025-02-10,20,186.47,192.04000000000008,-0.029004374088731466,4.440892098500626e-16
2025-01-13,191.01,2025-02-12,21,183.61,191.01000000000005,-0.038741427150410845,2.220446049250313e-16
2025-01-14,189.66,2025-02-13,21,186.14,189.66000000000005,-0.018559527575661816,2.220446049250313e-16
2025-01-15,195.55,2025-02-14,21,185.23,195.55000000000007,-0.05277422654052688,2.220446049250313e-16
2025-01-16,192.91,2025-02-18,21,183.77,192.90999999999997,-0.047379607070654695,-1.1102230246251565e-16
2025-01-17,196.0,2025-02-18,20,183.77,195.99999999999991,-0.06239795918367341,-4.440892098500626e-16
2025-01-21,198.05,2025-02-20,21,184.56,198.05000000000004,-0.06811411259782885,2.220446049250313e-16
2025-01-22,198.37,2025-02-21,21,179.66,198.37000000000006,-0.09431869738367704,2.220446049250313e-16
2025-01-23,197.98,2025-02-24,21,179.32,197.98000000000008,-0.09425194464087283,4.440892098500626e-16
2025-01-24,200.21,2025-02-24,20,179.32,200.20999999999995,-0.10434044253533792,-3.3306690738754696e-16
2025-01-27,191.81,2025-02-26,21,172.73,191.81,-0.09947343725561764,0.0
2025-01-28,195.3,2025-02-27,21,168.5,195.29999999999995,-0.13722478238607272,-3.3306690738754696e-16
2025-01-29,195.41,2025-02-28,21,170.28,195.41,-0.1286014021800317,0.0
2025-01-30,200.87,2025-03-03,21,167.01,200.87,-0.1685667347040375,0.0
2025-01-31,204.02,2025-03-03,20,167.01,204.02,-0.1814037839427508,0.0
2025-02-03,201.23,2025-03-05,21,173.02,201.2299999999999,-0.1401878447547581,-4.440892098500626e-16
2025-02-04,206.38,2025-03-06,21,172.35,206.37999999999997,-0.1648900087217754,-1.1102230246251565e-16
2025-02-05,191.33,2025-03-07,21,173.86,191.32999999999996,-0.09130821094444153,-3.3306690738754696e-16
2025-02-06,191.6,2025-03-10,21,165.87,191.59999999999994,-0.13429018789144043,-3.3306690738754696e-16
2025-02-07,185.34,2025-03-10,20,165.87,185.34000000000003,-0.10505017805114925,2.220446049250313e-16
2025-02-10,186.47,2025-03-12,21,167.11,186.46999999999997,-0.10382367136804838,-1.1102230246251565e-16
2025-02-11,185.32,2025-03-13,21,162.76,185.32000000000002,-0.12173537664580192,2.220446049250313e-16
2025-02-12,183.61,2025-03-14,21,165.49,183.61000000000004,-0.09868743532487334,2.220446049250313e-16
2025-02-13,186.14,2025-03-17,21,164.29,186.14000000000001,-0.11738476415601162,2.220446049250313e-16
2025-02-14,185.23,2025-03-17,20,164.29,185.23,-0.11304864222858069,0.0
2025-02-18,183.77,2025-03-20,22,162.8,183.77000000000007,-0.11411002884039834,2.220446049250313e-16
2025-02-19,185.27,2025-03-21,22,163.99,185.2700000000001,-0.11485939439736603,4.440892098500626e-16
2025-02-20,184.56,2025-03-24,22,167.68,184.55999999999995,-0.0914607715648027,-3.3306690738754696e-16
2025-02-21,179.66,2025-03-24,21,167.68,179.6599999999999,-0.06668150951797835,-4.440892098500626e-16
2025-02-24,179.32,2025-03-26,22,165.06,179.3199999999999,-0.07952264108855667,-4.440892098500626e-16
2025-02-25,175.42,2025-03-27,22,162.24,175.42,-0.07513396420020513,0.0
2025-02-26,172.73,2025-03-28,22,154.33,172.73000000000002,-0.10652463382157107,2.220446049250313e-16
2025-02-27,168.5,2025-03-31,22,154.64,168.49999999999997,-0.08225519287833838,-2.220446049250313e-16
2025-02-28,170.28,2025-03-31,21,154.64,170.28,-0.09184871975569664,0.0
2025-03-03,167.01,2025-04-02,22,157.04,167.01000000000002,-0.05969702413029154,2.220446049250313e-16
2025-03-04,170.92,2025-04-03,22,150.72,170.92000000000002,-0.11818394570559321,2.220446049250313e-16
2025-03-05,173.02,2025-04-04,22,145.6,173.01999999999998,-0.15847878857935505,-1.1102230246251565e-16
2025-03-06,172.35,2025-04-07,22,146.75,172.35,-0.14853495793443572,0.0
2025-03-07,173.86,2025-04-07,21,146.75,173.86,-0.15593005866789378,0.0
2025-03-10,165.87,2025-04-09,22,158.71,165.87,-0.04316633508169043,0.0
2025-03-11,164.04,2025-04-10,22,152.82,164.03999999999994,-0.06839795171909291,-3.3306690738754696e-16
2025-03-12,167.11,2025-04-11,22,157.14,167.11000000000007,-0.05966130093950106,4.440892098500626e-16
2025-03-13,162.76,2025-04-14,22,159.07,162.76,-0.022671418038830216,0.0
2025-03-14,165.49,2025-04-14,21,159.07,165.49000000000007,-0.038793884826877845,4.440892098500626e-16
2025-03-17,164.29,2025-04-16,22,153.33,164.28999999999996,-0.06671130318339513,-2.220446049250313e-16
2025-03-18,160.67,2025-04-17,22,151.16,160.66999999999993,-0.05918964336839483,-3.3306690738754696e-16
2025-03-19,163.89,2025-04-21,22,147.67,163.88999999999996,-0.09896882055036915,-2.220446049250313e-16
2025-03-20,162.8,2025-04-21,21,147.67,162.80000000000007,-0.09293611793611811,4.440892098500626e-16
2025-03-21,163.99,2025-04-21,20,147.67,163.99000000000007,-0.09951826330873847,4.440892098500626e-16
2025-03-24,167.68,2025-04-23,21,155.35,167.67999999999998,-0.07353291984732835,-2.220446049250313e-16
2025-03-25,170.56,2025-04-24,21,159.28,170.55999999999995,-0.06613508442776739,-3.3306690738754696e-16
2025-03-26,165.06,2025-04-25,21,161.96,165.06,-0.018781049315400478,0.0
2025-03-27,162.24,2025-04-28,21,160.61,162.24000000000007,-0.010046844181459513,4.440892098500626e-16
2025-03-28,154.33,2025-04-28,20,160.61,154.32999999999996,0.04069202358582258,-3.3306690738754696e-16
2025-03-31,154.64,2025-04-30,21,158.8,154.64,0.026901189860320862,0.0
2025-04-01,157.07,2025-05-01,21,161.3,157.06999999999994,0.02693066785509668,-3.3306690738754696e-16
2025-04-02,157.04,2025-05-02,21,164.03,157.04000000000005,0.04451095262353544,4.440892098500626e-16
2025-04-03,150.72,2025-05-05,21,164.21,150.72,0.08950371549893843,0.0
2025-04-04,145.6,2025-05-05,20,164.21,145.59999999999997,0.12781593406593417,-2.220446049250313e-16
2025-04-07,146.75,2025-05-07,21,151.38,146.75000000000003,0.03155025553662694,2.220446049250313e-16
2025-04-08,144.7,2025-05-08,21,154.28,144.69999999999996,0.0662059433310298,-2.220446049250313e-16
2025-04-09,158.71,2025-05-09,21,152.75,158.70999999999995,-0.03755276920168871,-3.3306690738754696e-16
2025-04-10,152.82,2025-05-12,21,158.46,152.81999999999996,0.03690616411464487,-2.220446049250313e-16
2025-04-11,157.14,2025-05-12,20,158.46,157.14000000000013,0.008400152730049681,8.881784197001252e-16
2025-04-14,159.07,2025-05-14,21,165.37,159.07000000000005,0.039605205255548004,4.440892098500626e-16
2025-04-15,156.31,2025-05-15,21,163.96,156.3100000000001,0.048941206576674556,4.440892098500626e-16
2025-04-16,153.33,2025-05-16,21,166.19,153.32999999999996,0.08387138850844567,-3.3306690738754696e-16
2025-04-17,151.16,2025-05-19,21,166.54,151.16000000000005,0.10174649378142364,4.440892098500626e-16
2025-04-21,147.67,2025-05-21,22,168.56,147.67000000000002,0.14146407530304073,2.220446049250313e-16
2025-04-22,151.47,2025-05-22,22,170.87,151.47000000000003,0.12807816729385357,2.220446049250313e-16
2025-04-23,155.35,2025-05-23,22,168.47,155.34999999999994,0.08445445767621496,-3.3306690738754696e-16
2025-04-24,159.28,2025-05-27,22,172.9,159.28000000000006,0.08550979407333004,4.440892098500626e-16
2025-04-25,161.96,2025-05-27,21,172.9,161.95999999999987,0.0675475426031118,-8.881784197001252e-16
2025-04-28,160.61,2025-05-28,21,172.36,160.60999999999996,0.07315858290268351,-3.3306690738754696e-16
2025-04-29,160.16,2025-05-29,21,171.86,160.15999999999997,0.07305194805194826,-2.220446049250313e-16
2025-04-30,158.8,2025-05-30,21,171.74,158.80000000000004,0.08148614609571792,2.220446049250313e-16
2025-05-01,161.3,2025-06-02,21,169.03,161.3,0.04792312461252313,0.0
2025-05-02,164.03,2025-06-02,20,169.03,164.03000000000003,0.03048222886057439,2.220446049250313e-16
2025-05-05,164.21,2025-06-04,21,168.05,164.21000000000004,0.02338469033554591,2.220446049250313e-16
2025-05-06,163.23,2025-06-05,21,168.21,163.23000000000002,0.03050909759235454,2.220446049250313e-16
2025-05-07,151.38,2025-06-06,21,173.68,151.37999999999994,0.14731140177037916,-3.3306690738754696e-16
2025-05-08,154.28,2025-06-09,21,176.09,154.28000000000003,0.14136634690173722,2.220446049250313e-16
2025-05-09,152.75,2025-06-09,20,176.09,152.75000000000003,0.15279869067103102,2.220446049250313e-16
2025-05-12,158.46,2025-06-11,21,177.35,158.46000000000006,0.11920989524170134,4.440892098500626e-16
2025-05-13,159.53,2025-06-12,21,175.7,159.52999999999997,0.10136024572180768,-2.220446049250313e-16
2025-05-14,165.37,2025-06-13,21,174.67,165.36999999999998,0.05623752796758774,-2.220446049250313e-16
2025-05-15,163.96,2025-06-16,21,176.77,163.95999999999998,0.07812881190534271,-2.220446049250313e-16
2025-05-16,166.19,2025-06-16,20,176.77,166.19,0.06366207353029663,0.0
2025-05-19,166.54,2025-06-18,21,173.32,166.54000000000005,0.040710940314639066,4.440892098500626e-16
2025-05-20,163.98,2025-06-20,21,166.64,163.98000000000002,0.016221490425661678,2.220446049250313e-16
2025-05-21,168.56,2025-06-20,20,166.64,168.55999999999995,-0.011390602752729073,-3.3306690738754696e-16
2025-05-22,170.87,2025-06-23,20,165.19,170.87,-0.0332416456955581,0.0
2025-05-23,168.47,2025-06-23,19,165.19,168.47,-0.019469341722561873,0.0
2025-05-27,172.9,2025-06-26,21,173.54,172.90000000000003,0.0037015615962983084,2.220446049250313e-16
2025-05-28,172.36,2025-06-27,21,178.53,172.36000000000007,0.03579716871663963,2.220446049250313e-16
2025-05-29,171.86,2025-06-30,21,176.23,171.85999999999996,0.025427673687885344,-3.3306690738754696e-16
2025-05-30,171.74,2025-06-30,20,176.23,171.73999999999995,0.02614417142191683,-3.3306690738754696e-16
2025-06-02,169.03,2025-07-02,21,178.64,169.02999999999997,0.05685381293261549,-2.220446049250313e-16
2025-06-03,166.18,2025-07-03,21,179.53,166.18,0.080334576964737,0.0
2025-06-04,168.05,2025-07-07,21,176.79,168.05000000000004,0.05200833085391232,2.220446049250313e-16
2025-06-05,168.21,2025-07-07,20,176.79,168.21000000000006,0.05100766898519704,4.440892098500626e-16
2025-06-06,173.68,2025-07-07,19,176.79,173.67999999999995,0.017906494702901732,-3.3306690738754696e-16
2025-06-09,176.09,2025-07-09,20,176.62,176.09000000000012,0.0030098245215515185,6.661338147750939e-16
2025-06-10,178.6,2025-07-10,20,177.62,178.60000000000008,-0.005487122060470306,4.440892098500626e-16
2025-06-11,177.35,2025-07-11,20,180.19,177.35000000000002,0.016013532562729083,2.220446049250313e-16
2025-06-12,175.7,2025-07-14,20,181.56,175.6999999999999,0.0333523050654525,-4.440892098500626e-16
2025-06-13,174.67,2025-07-14,19,181.56,174.6699999999999,0.0394458121028225,-4.440892098500626e-16
2025-06-16,176.77,2025-07-16,20,182.97,176.77000000000007,0.035073824744017656,2.220446049250313e-16
2025-06-17,175.95,2025-07-17,20,183.58,175.9499999999999,0.04336459221369715,-4.440892098500626e-16
2025-06-18,173.32,2025-07-18,20,185.06,173.32,0.06773597969074552,0.0
2025-06-20,166.64,2025-07-21,20,190.1,166.64000000000004,0.14078252520403267,4.440892098500626e-16
2025-06-23,165.19,2025-07-23,21,190.23,165.19,0.15158302560687686,0.0
2025-06-24,166.77,2025-07-24,21,192.17,166.77,0.15230557054626126,0.0
2025-06-25,170.68,2025-07-25,21,193.18,170.6800000000002,0.1318256386219827,1.1102230246251565e-15
2025-06-26,173.54,2025-07-28,21,192.58,173.53999999999994,0.1097153394030197,-3.3306690738754696e-16
2025-06-27,178.53,2025-07-28,20,192.58,178.52999999999992,0.07869825799585506,-4.440892098500626e-16
2025-06-30,176.23,2025-07-30,21,196.53,176.2299999999999,0.11519037621290362,-4.440892098500626e-16
2025-07-01,175.84,2025-07-31,21,191.9,175.83999999999995,0.09133303002729765,-3.3306690738754696e-16
2025-07-02,178.64,2025-08-01,21,189.13,178.63999999999996,0.058721450962830435,-1.1102230246251565e-16
2025-07-03,179.53,2025-08-04,21,195.04,179.53000000000006,0.0863922464212108,2.220446049250313e-16
2025-07-07,176.79,2025-08-06,22,196.09,176.79000000000005,0.10916907064879244,2.220446049250313e-16
2025-07-08,174.36,2025-08-07,22,196.52,174.3600000000001,0.1270933700389998,4.440892098500626e-16
2025-07-09,176.62,2025-08-08,22,201.42,176.62000000000003,0.14041444909976208,2.220446049250313e-16
2025-07-10,177.62,2025-08-11,22,201.0,177.61999999999992,0.13162932102240732,-4.440892098500626e-16
2025-07-11,180.19,2025-08-11,21,201.0,180.18999999999997,0.11548920583828193,-1.1102230246251565e-16
2025-07-14,181.56,2025-08-13,22,201.96,181.56,0.1123595505617978,0.0
2025-07-15,182.0,2025-08-14,22,202.94,181.99999999999997,0.11505494505494496,-1.1102230246251565e-16
2025-07-16,182.97,2025-08-15,22,203.9,182.9699999999999,0.11439033721375091,-4.440892098500626e-16
2025-07-17,183.58,2025-08-18,22,203.5,183.58000000000007,0.10850855212986166,2.220446049250313e-16
2025-07-18,185.06,2025-08-18,21,203.5,185.06000000000003,0.09964335891062359,2.220446049250313e-16
2025-07-21,190.1,2025-08-20,22,199.32,190.10000000000005,0.04850078905839039,2.220446049250313e-16
2025-07-22,191.34,2025-08-21,22,199.75,191.34000000000003,0.04395317236333218,2.220446049250313e-16
2025-07-23,190.23,2025-08-22,22,206.09,190.23000000000008,0.08337275929138421,4.440892098500626e-16
2025-07-24,192.17,2025-08-25,22,208.49,192.17000000000004,0.08492480616121156,2.220446049250313e-16
2025-07-25,193.18,2025-08-25,21,208.49,193.18000000000004,0.07925251061186467,2.220446049250313e-16
2025-07-28,192.58,2025-08-27,22,207.48,192.57999999999998,0.07737044345207167,-1.1102230246251565e-16
2025-07-29,195.75,2025-08-28,22,211.64,195.75000000000009,0.0811749680715197,4.440892098500626e-16
2025-07-30,196.53,2025-08-29,22,212.91,196.53000000000014,0.08334605403755146,6.661338147750939e-16
2025-07-31,191.9,2025-09-02,22,211.35,191.89999999999998,0.10135487232933804,-1.1102230246251565e-16
2025-08-01,189.13,2025-09-02,21,211.35,189.13000000000005,0.1174853275524772,2.220446049250313e-16
2025-08-04,195.04,2025-09-03,21,230.66,195.0399999999999,0.18262920426579177,-4.440892098500626e-16
2025-08-05,194.67,2025-09-04,21,232.3,194.66999999999996,0.19330148456362073,-1.1102230246251565e-16
2025-08-06,196.09,2025-09-05,21,235.0,196.08999999999992,0.19842929267173237,-4.440892098500626e-16
2025-08-07,196.52,2025-09-08,21,234.04,196.52000000000018,0.19092204355790754,8.881784197001252e-16
2025-08-08,201.42,2025-09-08,20,234.04,201.42000000000002,0.16195015390725853,2.220446049250313e-16
2025-08-11,201.0,2025-09-10,21,239.17,201.0,0.18990049751243765,0.0
2025-08-12,203.34,2025-09-11,21,240.37,203.33999999999992,0.18210878331857971,-4.440892098500626e-16
2025-08-13,201.96,2025-09-12,21,240.8,201.96,0.1923153099623689,0.0
2025-08-14,202.94,2025-09-15,21,251.61,202.94000000000003,0.23982457869320983,2.220446049250313e-16
2025-08-15,203.9,2025-09-15,20,251.61,203.90000000000003,0.23398724865129972,2.220446049250313e-16
2025-08-18,203.5,2025-09-17,21,249.53,203.50000000000009,0.22619164619164622,4.440892098500626e-16
2025-08-19,201.57,2025-09-18,21,252.03,201.56999999999994,0.2503348712606044,-3.3306690738754696e-16
2025-08-20,199.32,2025-09-19,21,254.72,199.32000000000002,0.2779450130443508,2.220446049250313e-16
2025-08-21,199.75,2025-09-22,21,252.53,199.74999999999994,0.26423028785982483,-3.3306690738754696e-16
2025-08-22,206.09,2025-09-22,20,252.53,206.09000000000003,0.225338444368965,2.220446049250313e-16
2025-08-25,208.49,2025-09-24,21,247.14,208.49000000000007,0.18538059379346716,2.220446049250313e-16
2025-08-26,207.14,2025-09-25,21,245.79,207.14000000000007,0.18658878053490402,4.440892098500626e-16
2025-08-27,207.48,2025-09-26,21,246.54,207.4799999999999,0.18825910931174095,-4.440892098500626e-16
2025-08-28,211.64,2025-09-29,21,244.05,211.63999999999996,0.15313740313740332,-1.1102230246251565e-16
2025-08-29,212.91,2025-09-29,20,244.05,212.90999999999994,0.14625898266873327,-2.220446049250313e-16
2025-09-02,211.35,2025-10-02,22,245.69,211.3500000000001,0.16247929973976816,4.440892098500626e-16
2025-09-03,230.66,2025-10-03,22,245.35,230.65999999999988,0.0636868117575653,-4.440892098500626e-16
2025-09-04,232.3,2025-10-06,22,250.43,232.3000000000002,0.07804563065002146,8.881784197001252e-16
2025-09-05,235.0,2025-10-06,21,250.43,235.0,0.06565957446808524,0.0
2025-09-08,234.04,2025-10-08,22,244.62,234.0399999999999,0.04520594770124764,-3.3306690738754696e-16
2025-09-09,239.63,2025-10-09,22,241.53,239.63,0.007928890372657982,0.0
2025-09-10,239.17,2025-10-10,22,236.57,239.16999999999987,-0.010870928628172405,-4.440892098500626e-16
2025-09-11,240.37,2025-10-13,22,244.15,240.36999999999998,0.01572575612597249,-1.1102230246251565e-16
2025-09-12,240.8,2025-10-13,21,244.15,240.79999999999993,0.01391196013289031,-3.3306690738754696e-16
2025-09-15,251.61,2025-10-15,22,251.03,251.61000000000004,-0.0023051548030682545,2.220446049250313e-16
2025-09-16,251.16,2025-10-16,22,251.46,251.15999999999994,0.0011944577161968617,-2.220446049250313e-16
2025-09-17,249.53,2025-10-17,22,253.3,249.52999999999994,0.015108403799142467,-2.220446049250313e-16
2025-09-18,252.03,2025-10-20,22,256.55,252.03,0.01793437289211597,0.0
2025-09-19,254.72,2025-10-20,21,256.55,254.72,0.007184359296482423,0.0
2025-09-22,252.53,2025-10-22,22,251.69,252.53000000000003,-0.0033263374648556665,2.220446049250313e-16
2025-09-23,251.66,2025-10-23,22,253.08,251.66000000000003,0.00564253357704847,2.220446049250313e-16
2025-09-24,247.14,2025-10-24,22,259.92,247.14000000000004,0.05171158048069935,2.220446049250313e-16
2025-09-25,245.79,2025-10-27,22,269.27,245.7899999999999,0.0955287033646608,-3.3306690738754696e-16
2025-09-26,246.54,2025-10-27,21,269.27,246.53999999999988,0.09219599253670796,-4.440892098500626e-16
2025-09-29,244.05,2025-10-29,22,274.57,244.05,0.12505634091374707,0.0
2025-09-30,243.1,2025-10-30,22,281.48,243.09999999999988,0.15787741670094624,-4.440892098500626e-16
2025-10-01,244.9,2025-10-31,22,281.19,244.89999999999995,0.14818293180890163,-2.220446049250313e-16
2025-10-02,245.69,2025-11-03,22,283.72,245.69000000000005,0.15478855468273034,2.220446049250313e-16
2025-10-03,245.35,2025-11-03,21,283.72,245.34999999999997,0.1563888322804159,-1.1102230246251565e-16
2025-10-06,250.43,2025-11-05,22,284.31,250.43000000000004,0.13528730583396564,2.220446049250313e-16
2025-10-07,245.76,2025-11-06,22,284.75,245.76000000000025,0.15865071614583348,1.1102230246251565e-15
2025-10-08,244.62,2025-11-07,22,278.83,244.62,0.13984956258686942,0.0
2025-10-09,241.53,2025-11-10,22,290.1,241.53000000000006,0.20109303192150052,2.220446049250313e-16
2025-10-10,236.57,2025-11-10,21,290.1,236.57,0.22627552098744563,0.0
2025-10-13,244.15,2025-11-12,22,286.71,244.14999999999995,0.17431906614785975,-2.220446049250313e-16
2025-10-14,245.45,2025-11-13,22,278.57,245.45000000000005,0.1349358321450398,2.220446049250313e-16
2025-10-15,251.03,2025-11-14,22,276.41,251.03000000000003,0.10110345377046581,2.220446049250313e-16
2025-10-16,251.46,2025-11-17,22,285.02,251.4600000000003,0.13346059015350353,1.1102230246251565e-15
2025-10-17,253.3,2025-11-17,21,285.02,253.29999999999998,0.1252270035530989,-1.1102230246251565e-16
2025-10-20,256.55,2025-11-19,22,292.81,256.5499999999999,0.14133697135061385,-4.440892098500626e-16
2025-10-21,250.46,2025-11-20,22,289.45,250.4600000000001,0.15567356064840676,4.440892098500626e-16
2025-10-22,251.69,2025-11-21,22,299.66,251.6899999999999,0.19059160077873583,-3.3306690738754696e-16
2025-10-23,253.08,2025-11-24,22,318.58,253.0799999999999,0.25881144302196923,-4.440892098500626e-16
2025-10-24,259.92,2025-11-24,21,318.58,259.92,0.22568482610033835,0.0
2025-10-27,269.27,2025-11-26,22,319.95,269.27,0.18821257473910946,0.0
2025-10-28,267.47,2025-11-28,22,320.18,267.46999999999997,0.19706883014917542,-2.220446049250313e-16
2025-10-29,274.57,2025-11-28,21,320.18,274.5700000000001,0.166114287795462,4.440892098500626e-16
2025-10-30,281.48,2025-12-01,21,314.89,281.48,0.11869404575813536,0.0
2025-10-31,281.19,2025-12-01,20,314.89,281.1899999999999,0.11984778975070243,-4.440892098500626e-16
2025-11-03,283.72,2025-12-03,21,319.63,283.7200000000001,0.12656844776540233,2.220446049250313e-16
2025-11-04,277.54,2025-12-04,21,317.62,277.54,0.14441161634359,0.0
2025-11-05,284.31,2025-12-05,21,321.27,284.3100000000001,0.1299989448137595,4.440892098500626e-16
2025-11-06,284.75,2025-12-08,21,313.72,284.7499999999999,0.10173836698858651,-4.440892098500626e-16
2025-11-07,278.83,2025-12-08,20,313.72,278.8299999999999,0.12513000753147097,-2.220446049250313e-16
2025-11-10,290.1,2025-12-10,21,320.21,290.09999999999997,0.10379179593243704,-2.220446049250313e-16
2025-11-11,291.31,2025-12-11,21,312.43,291.3100000000001,0.0725000858192304,4.440892098500626e-16
2025-11-12,286.71,2025-12-12,21,309.29,286.7099999999999,0.07875553695371651,-2.220446049250313e-16
2025-11-13,278.57,2025-12-15,21,308.22,278.57,0.10643644326381163,0.0
2025-11-14,276.41,2025-12-15,20,308.22,276.4100000000001,0.11508266705256687,2.220446049250313e-16
2025-11-17,285.02,2025-12-17,21,296.72,285.02000000000004,0.04104975089467433,2.220446049250313e-16
2025-11-18,284.28,2025-12-18,21,302.46,284.2800000000003,0.06395103419164205,1.1102230246251565e-15
2025-11-19,292.81,2025-12-19,21,307.16,292.81000000000006,0.04900788907482667,2.220446049250313e-16
2025-11-20,289.45,2025-12-22,21,309.78,289.44999999999993,0.0702366557263776,-2.220446049250313e-16
2025-11-21,299.66,2025-12-22,20,309.78,299.66,0.033771607822198346,0.0
2025-11-24,318.58,2025-12-24,21,314.09,318.57999999999987,-0.014093791198443117,-3.3306690738754696e-16
2025-11-25,323.44,2025-12-26,21,313.51,323.4400000000003,-0.030701211971308484,8.881784197001252e-16
2025-11-26,319.95,2025-12-26,20,313.51,319.95000000000005,-0.020128145022659805,2.220446049250313e-16
2025-11-28,320.18,2025-12-29,20,313.56,320.18000000000006,-0.020675869823224446,2.220446049250313e-16
2025-12-01,314.89,2025-12-31,21,313.0,314.89000000000004,-0.006002095970021215,2.220446049250313e-16
2025-12-02,315.81,2026-01-02,21,315.15,315.81000000000006,-0.002089864158829724,2.220446049250313e-16
2025-12-03,319.63,2026-01-02,20,315.15,319.6299999999999,-0.014016206238463336,-3.3306690738754696e-16
2025-12-04,317.62,2026-01-05,20,316.54,317.62000000000006,-0.003400289654303834,2.220446049250313e-16
2025-12-05,321.27,2026-01-05,19,316.54,321.2699999999999,-0.014722818812836436,-2.220446049250313e-16
2025-12-08,313.72,2026-01-07,20,321.98,313.71999999999997,0.026329210761188326,-2.220446049250313e-16
2025-12-09,317.08,2026-01-08,20,325.44,317.08000000000004,0.026365585971994454,2.220446049250313e-16
2025-12-10,320.21,2026-01-09,20,328.57,320.21,0.026107866712469896,0.0
2025-12-11,312.43,2026-01-12,20,331.86,312.43,0.062189930544441996,0.0
2025-12-12,309.29,2026-01-12,19,331.86,309.29,0.07297358466164439,0.0
2025-12-15,308.22,2026-01-14,20,335.84,308.2200000000001,0.08961131659204447,2.220446049250313e-16
2025-12-16,306.57,2026-01-15,20,332.78,306.5699999999999,0.08549434060736538,-3.3306690738754696e-16
2025-12-17,296.72,2026-01-16,20,330.0,296.7199999999999,0.11215961175518996,-3.3306690738754696e-16
2025-12-18,302.46,2026-01-20,20,322.0,302.46000000000004,0.06460358394498456,2.220446049250313e-16
2025-12-19,307.16,2026-01-20,19,322.0,307.16000000000014,0.048313582497721,4.440892098500626e-16
2025-12-22,309.78,2026-01-21,19,328.38,309.7800000000001,0.0600426108851444,4.440892098500626e-16
2025-12-23,314.35,2026-01-22,19,330.54,314.35,0.051503101638301185,0.0
2025-12-24,314.09,2026-01-23,19,327.93,314.0899999999999,0.044063803368461274,-2.220446049250313e-16
2025-12-26,313.51,2026-01-26,19,333.26,313.5099999999999,0.06299639564926163,-3.3306690738754696e-16
2025-12-29,313.56,2026-01-28,20,336.01,313.5599999999999,0.07159714249266491,-3.3306690738754696e-16
2025-12-30,313.85,2026-01-29,20,338.25,313.85,0.07774414529233709,0.0
2025-12-31,313.0,2026-01-30,20,338.0,312.9999999999999,0.07987220447284349,-3.3306690738754696e-16
2026-01-02,315.15,2026-02-02,20,343.69,315.15000000000003,0.09056005076947482,2.220446049250313e-16
2026-01-05,316.54,2026-02-04,21,333.04,316.53999999999996,0.052126113603335966,-2.220446049250313e-16
2026-01-06,314.34,2026-02-05,21,331.25,314.34,0.053795253547114674,0.0
2026-01-07,321.98,2026-02-06,21,322.86,321.9799999999999,0.002733089011739853,-3.3306690738754696e-16
2026-01-08,325.44,2026-02-09,21,324.32,325.44,-0.0034414945919371,0.0
2026-01-09,328.57,2026-02-09,20,324.32,328.5700000000001,-0.01293483884712543,4.440892098500626e-16
2026-01-12,331.86,2026-02-11,21,310.96,331.8600000000001,-0.06297836437051774,4.440892098500626e-16
2026-01-13,335.97,2026-02-12,21,309.0,335.9700000000001,-0.08027502455576396,2.220446049250313e-16
2026-01-14,335.84,2026-02-13,21,305.72,335.84000000000003,-0.08968556455454968,2.220446049250313e-16
2026-01-15,332.78,2026-02-17,21,302.02,332.78000000000003,-0.09243343950958594,2.220446049250313e-16
2026-01-16,330.0,2026-02-17,20,302.02,329.99999999999994,-0.08478787878787886,-2.220446049250313e-16
2026-01-20,322.0,2026-02-19,21,302.85,322.00000000000006,-0.059472049689440976,2.220446049250313e-16
2026-01-21,328.38,2026-02-20,21,314.98,328.38000000000005,-0.04080638284913818,2.220446049250313e-16
2026-01-22,330.54,2026-02-23,21,311.49,330.54,-0.05763296424033404,0.0
2026-01-23,327.93,2026-02-23,20,311.49,327.9299999999999,-0.05013265026072633,-3.3306690738754696e-16
2026-01-26,333.26,2026-02-25,21,312.9,333.2600000000001,-0.06109344055692256,4.440892098500626e-16
2026-01-27,334.55,2026-02-26,21,307.38,334.55,-0.08121357046779265,0.0
2026-01-28,336.01,2026-02-27,21,311.76,336.00999999999993,-0.07217047111693109,-2.220446049250313e-16
2026-01-29,338.25,2026-03-02,21,306.52,338.2500000000001,-0.0938063562453807,4.440892098500626e-16
2026-01-30,338.0,2026-03-02,20,306.52,338.00000000000006,-0.0931360946745563,2.220446049250313e-16
2026-02-02,343.69,2026-03-04,21,303.03,343.6900000000001,-0.11830428583898289,2.220446049250313e-16
2026-02-03,339.71,2026-03-05,21,300.845,339.7099999999999,-0.11440640546348346,-2.220446049250313e-16
2026-02-04,333.04,2026-03-06,21,298.48,333.04,-0.10377131876050927,0.0
2026-02-05,331.25,2026-03-09,21,306.34,331.24999999999994,-0.07520000000000004,-2.220446049250313e-16
2026-02-06,322.86,2026-03-09,20,306.34,322.8599999999999,-0.05116768878151534,-3.3306690738754696e-16
2026-02-09,324.32,2026-03-11,21,308.7,324.3199999999999,-0.04816230883078443,-3.3306690738754696e-16
2026-02-10,318.58,2026-03-12,21,303.55,318.57999999999987,-0.04717810283131385,-3.3306690738754696e-16
2026-02-11,310.96,2026-03-13,21,302.28,310.9600000000002,-0.027913558013892503,6.661338147750939e-16
2026-02-12,309.0,2026-03-16,21,305.56,309.0000000000001,-0.011132686084142418,4.440892098500626e-16
2026-02-13,305.72,2026-03-16,20,305.56,305.7200000000001,-0.0005233547036505026,2.220446049250313e-16
2026-02-17,302.02,2026-03-19,22,307.13,302.01999999999987,0.01691940931064173,-3.3306690738754696e-16
2026-02-18,303.33,2026-03-20,22,301.0,303.3299999999999,-0.007681403092341665,-2.220446049250313e-16
2026-02-19,302.85,2026-03-23,22,302.06,302.85000000000014,-0.002608552088492755,4.440892098500626e-16
2026-02-20,314.98,2026-03-23,21,302.06,314.9799999999999,-0.04101847736364217,-3.3306690738754696e-16
2026-02-23,311.49,2026-03-25,22,290.93,311.48999999999995,-0.06600532922405211,-2.220446049250313e-16
2026-02-24,310.9,2026-03-26,22,280.92,310.8999999999999,-0.09642972016725626,-2.220446049250313e-16
2026-02-25,312.9,2026-03-27,22,274.34,312.9000000000001,-0.12323426014701189,4.440892098500626e-16
2026-02-26,307.38,2026-03-30,22,273.5,307.3799999999999,-0.11022187520333138,-3.3306690738754696e-16
2026-02-27,311.76,2026-03-30,21,273.5,311.7600000000001,-0.12272260713369254,4.440892098500626e-16
2026-03-02,306.52,2026-04-01,22,297.39,306.5199999999999,-0.029785984601331084,-2.220446049250313e-16
2026-03-03,303.53,2026-04-02,22,295.77,303.53,-0.02556584192666289,0.0
2026-03-04,303.03,2026-04-06,22,299.99,303.0300000000001,-0.01003201003200993,4.440892098500626e-16
2026-03-05,300.845,2026-04-06,21,299.99,300.84500000000014,-0.002841995047283552,4.440892098500626e-16
2026-03-06,298.48,2026-04-06,20,299.99,298.4799999999999,0.005058965424818984,-3.3306690738754696e-16
2026-03-09,306.34,2026-04-08,21,317.32,306.34000000000015,0.03584252791016529,6.661338147750939e-16
2026-03-10,307.04,2026-04-09,21,318.49,307.03999999999996,0.037291558103178746,-2.220446049250313e-16
2026-03-11,308.7,2026-04-10,21,317.24,308.7,0.027664399092970582,0.0
2026-03-12,303.55,2026-04-13,21,321.31,303.55000000000007,0.058507659364190445,2.220446049250313e-16
2026-03-13,302.28,2026-04-13,20,321.31,302.27999999999986,0.06295487627365359,-3.3306690738754696e-16
2026-03-16,305.56,2026-04-15,21,337.12,305.5599999999999,0.10328577038879438,-3.3306690738754696e-16
2026-03-17,310.92,2026-04-16,21,336.02,310.92,0.08072816158497353,0.0
2026-03-18,307.69,2026-04-17,21,341.68,307.68999999999994,0.11046832851246391,-2.220446049250313e-16
2026-03-19,307.13,2026-04-20,21,337.42,307.1300000000001,0.0986227330446392,4.440892098500626e-16
2026-03-20,301.0,2026-04-20,20,337.42,300.9999999999999,0.12099667774086376,-3.3306690738754696e-16
2026-03-23,302.06,2026-04-22,21,339.32,302.0599999999999,0.12335297622988817,-3.3306690738754696e-16
2026-03-24,290.44,2026-04-23,21,338.89,290.4399999999999,0.166815865583253,-4.440892098500626e-16
2026-03-25,290.93,2026-04-24,21,344.4,290.9300000000001,0.1837899150998521,4.440892098500626e-16
2026-03-26,280.92,2026-04-27,21,350.34,280.9199999999999,0.2471166168304142,-4.440892098500626e-16
2026-03-27,274.34,2026-04-27,20,350.34,274.34,0.27702850477509666,0.0
2026-03-30,273.5,2026-04-29,21,349.94,273.49999999999994,0.2794881170018282,-2.220446049250313e-16
2026-03-31,287.56,2026-04-30,21,384.8,287.5600000000001,0.3381555153707052,4.440892098500626e-16
2026-04-01,297.39,2026-05-01,21,385.69,297.3900000000001,0.29691650694374405,4.440892098500626e-16
2026-04-02,295.77,2026-05-04,21,383.25,295.7699999999999,0.2957703621056904,-2.220446049250313e-16
2026-04-06,299.99,2026-05-06,22,398.04,299.9900000000001,0.32684422814093805,4.440892098500626e-16
2026-04-07,305.46,2026-05-07,22,397.99,305.4599999999999,0.30292018594906045,-2.220446049250313e-16
2026-04-08,317.32,2026-05-08,22,400.8,317.3199999999999,0.26307828060002536,-3.3306690738754696e-16
2026-04-09,318.49,2026-05-11,22,388.64,318.4899999999999,0.22025809287575737,-3.3306690738754696e-16
2026-04-10,317.24,2026-05-11,21,388.64,317.24,0.22506619593998223,0.0
2026-04-13,321.31,2026-05-13,22,402.62,321.3099999999999,0.2530577946531387,-3.3306690738754696e-16
2026-04-14,332.91,2026-05-14,22,401.07,332.91000000000014,0.20474001982517787,4.440892098500626e-16
2026-04-15,337.12,2026-05-15,22,396.78,337.1199999999999,0.176969625059326,-3.3306690738754696e-16
2026-04-16,336.02,2026-05-18,22,396.94,336.02,0.18129873221832038,0.0
2026-04-17,341.68,2026-05-18,21,396.94,341.67999999999995,0.16173027394052908,-1.1102230246251565e-16
2026-04-20,337.42,2026-05-20,22,388.91,337.42000000000013,0.15259913460968533,4.440892098500626e-16
2026-04-21,332.29,2026-05-21,22,387.66,332.2899999999999,0.16663155677269859,-3.3306690738754696e-16
2026-04-22,339.32,2026-05-22,22,382.97,339.32,0.12863963220558783,0.0
2026-04-23,338.89,2026-05-26,22,388.88,338.89,0.14751099176724014,0.0
2026-04-24,344.4,2026-05-26,21,388.88,344.39999999999986,0.12915214866434388,-3.3306690738754696e-16
2026-04-27,350.34,2026-05-27,21,388.83,350.3400000000001,0.10986470286007877,2.220446049250313e-16
2026-04-28,349.78,2026-05-28,21,390.13,349.7800000000001,0.11535822517010708,2.220446049250313e-16
2026-04-29,349.94,2026-05-29,21,380.34,349.94000000000017,0.08687203520603526,4.440892098500626e-16
2026-04-30,384.8,2026-06-01,21,376.37,384.79999999999995,-0.021907484407484468,-1.1102230246251565e-16
2026-05-01,385.69,2026-06-01,20,376.37,385.6899999999999,-0.02416448443050112,-3.3306690738754696e-16
2026-05-04,383.25,2026-06-03,21,358.99,383.25000000000006,-0.06330071754729283,2.220446049250313e-16
2026-05-05,388.43,2026-06-04,21,372.19,388.4299999999999,-0.04180933501531814,-3.3306690738754696e-16
2026-05-06,398.04,2026-06-05,21,368.53,398.03999999999985,-0.07413827756004432,-4.440892098500626e-16
2026-05-07,397.99,2026-06-08,21,363.31,397.98999999999984,-0.08713786778562282,-4.440892098500626e-16
2026-05-08,400.8,2026-06-08,20,363.31,400.7999999999999,-0.0935379241516966,-3.3306690738754696e-16
2026-05-11,388.64,2026-06-10,21,356.38,388.6400000000004,-0.08300741045697813,1.1102230246251565e-15
2026-05-12,387.35,2026-06-11,21,357.77,387.3499999999999,-0.0763650445333679,-3.3306690738754696e-16
2026-05-13,402.62,2026-06-12,21,359.68,402.61999999999983,-0.1066514331131091,-4.440892098500626e-16
2026-05-14,401.07,2026-06-15,21,369.35,401.0699999999998,-0.07908843842720714,-4.440892098500626e-16
2026-05-15,396.78,2026-06-15,20,369.35,396.77999999999986,-0.06913150864458883,-3.3306690738754696e-16
2026-05-18,396.94,2026-06-17,21,363.79,396.94000000000017,-0.08351388119111192,4.440892098500626e-16
2026-05-19,387.66,2026-06-18,21,368.03,387.6599999999999,-0.050637156270959216,-3.3306690738754696e-16
2026-05-20,388.91,2026-06-22,21,349.68,388.90999999999997,-0.1008716669666504,-1.1102230246251565e-16
2026-05-21,387.66,2026-06-22,20,349.68,387.6599999999999,-0.09797245008512623,-3.3306690738754696e-16
2026-05-22,382.97,2026-06-22,19,349.68,382.96999999999997,-0.08692586886701315,-1.1102230246251565e-16
2026-05-26,388.88,2026-06-25,21,343.71,388.87999999999994,-0.11615408352190915,-1.1102230246251565e-16
2026-05-27,388.83,2026-06-26,21,337.39,388.8300000000001,-0.1322943188539979,2.220446049250313e-16
2026-05-28,390.13,2026-06-29,21,353.65,390.12999999999994,-0.09350729244098122,-1.1102230246251565e-16
2026-05-29,380.34,2026-06-29,20,353.65,380.34,-0.07017405479307992,0.0
2026-06-01,376.37,2026-07-01,21,361.21,376.36999999999995,-0.04027951218216119,-1.1102230246251565e-16
2026-06-02,361.85,2026-07-02,21,359.91,361.8500000000001,-0.005361337570816582,2.220446049250313e-16
2026-06-03,358.99,2026-07-06,21,366.46,358.98999999999995,0.02080837906348365,-1.1102230246251565e-16
2026-06-04,372.19,2026-07-06,20,366.46,372.1899999999999,-0.015395362583626726,-3.3306690738754696e-16
2026-06-05,368.53,2026-07-06,19,366.46,368.52999999999986,-0.005616910427916344,-3.3306690738754696e-16
2026-06-08,363.31,2026-07-08,20,361.92,363.30999999999995,-0.003825933775563506,-1.1102230246251565e-16
2026-06-09,364.26,2026-07-09,20,358.89,364.2599999999999,-0.014742217097677535,-3.3306690738754696e-16
2026-06-10,356.38,2026-07-10,20,357.18,356.38000000000005,0.0022447948818677954,2.220446049250313e-16
2026-06-11,357.77,2026-07-13,20,352.51,357.77000000000015,-0.014702182966710442,4.440892098500626e-16
2026-06-12,359.68,2026-07-13,19,352.51,359.67999999999995,-0.019934386120996517,-1.1102230246251565e-16
2026-06-15,369.35,2026-07-15,20,370.92,369.34999999999997,0.004250710708000538,-1.1102230246251565e-16
2026-06-16,373.25,2026-07-16,20,354.46,373.2500000000002,-0.05034159410582728,6.661338147750939e-16
2026-06-17,363.79,2026-07-17,20,346.77,363.7900000000001,-0.04678523323895667,2.220446049250313e-16
2026-06-18,368.03,2026-07-20,20,351.99,368.03,-0.04358340352688628,0.0
2026-06-22,349.68,2026-07-22,21,342.09,349.68,-0.021705559368565663,0.0
2026-06-23,346.13,2026-07-23,21,317.69,346.12999999999994,-0.082165660301043,-1.1102230246251565e-16
2026-06-24,345.29,2026-07-24,21,319.74,345.28999999999996,-0.07399577167019034,-1.1102230246251565e-16
2026-06-25,343.71,2026-07-27,21,326.56,343.71,-0.049896715254138635,0.0
2026-06-26,337.39,2026-07-27,20,326.56,337.38999999999993,-0.032099350899552404,-2.220446049250313e-16
2026-06-29,353.65,2026-07-29,21,336.71,353.65000000000015,-0.047900466562985966,4.440892098500626e-16
2026-06-30,357.37,2026-07-30,21,333.66,357.3699999999999,-0.06634580406861235,-3.3306690738754696e-16
2026-07-01,361.21,2026-07-31,21,356.13,361.21000000000004,-0.014063840978931874,2.220446049250313e-16
2026-07-02,359.91,2026-08-03,21,373.51,359.91,0.037787224583923695,0.0
2026-07-06,366.46,2026-08-05,22,362.43,366.46,-0.01099710746056859,0.0
2026-07-07,367.03,2026-08-06,22,357.75,367.02999999999986,-0.025284036727242887,-3.3306690738754696e-16
2026-07-08,361.92,2026-08-07,22,354.3,361.92000000000013,-0.021054376657824947,2.220446049250313e-16
2026-07-09,358.89,2026-08-10,22,357.52,358.88999999999993,-0.003817325642954672,-1.1102230246251565e-16
2026-07-10,357.18,2026-08-10,21,357.52,357.17999999999984,0.0009519010022955854,-4.440892098500626e-16
2026-07-13,352.51,2026-08-12,22,343.54,352.51000000000005,-0.025446086635840026,2.220446049250313e-16
2026-07-14,359.51,2026-08-13,22,346.36,359.50999999999993,-0.03657756390642808,-1.1102230246251565e-16
2026-07-15,370.92,2026-08-14,22,345.9,370.91999999999996,-0.06745389841475258,-1.1102230246251565e-16
2026-07-16,354.46,2026-08-17,22,344.0,354.45999999999987,-0.029509676691304998,-3.3306690738754696e-16
2026-07-17,346.77,2026-08-17,21,344.0,346.7700000000001,-0.007988003575857161,2.220446049250313e-16
2026-07-20,351.99,2026-08-19,22,344.72,351.98999999999995,-0.020653995852154883,-1.1102230246251565e-16
2026-07-21,347.15,2026-08-20,22,340.67,347.15,-0.018666282586777938,0.0
2026-07-22,342.09,2026-08-21,22,344.82,342.09000000000003,0.00798035604665448,2.220446049250313e-16
2026-07-23,317.69,2026-08-24,22,348.06,317.6899999999999,0.09559633605086715,-3.3306690738754696e-16
2026-07-24,319.74,2026-08-24,21,348.06,319.7399999999999,0.0885719647213361,-3.3306690738754696e-16
